6.542947497243039000e+15 1.457382618673797400e+16 3.266820105906409600e+16 7.348399820893212800e+16 1.656096649322152640e+17 3.736096562216522880e+17 8.432683974092610560e+17 1.903604707573402880e+18 4.296358501947715072e+18 9.689526486961989632e+18 2.181279916445893837e+19 4.889886930560913408e+19 1.085896302999056384e+20 2.361527308592402924e+20 4.908564573440783811e+20 9.297583534766240563e+20 1.482122467444668760e+21 1.806654646986631545e+21 1.595102616991869436e+21 1.056595170147355460e+21 5.759756059006529700e+20 2.817108378327737303e+20 1.306514934846510203e+20 5.928811467120356557e+19 2.704706896019582566e+19 1.328244301978813440e+19 8.732347863497113600e+18 1.027516918372638515e+19 1.897137011235600384e+19 4.073955391564949914e+19 8.992661152678731776e+19 1.965080924665084314e+20 4.141304084528009052e+20 8.069862248787819889e+20 1.352848472759086612e+21 1.772858218051887694e+21 1.692144177432485691e+21 1.192213182515629523e+21 6.750587461169480991e+20 3.367619897508123116e+20 1.575670564505908675e+20 7.154648811586543616e+19 3.207606935937572045e+19 1.434918956403752960e+19 6.506287214395002880e+18 3.152101959675316736e+18 1.945645891664100096e+18 2.032405293414467840e+18 3.459075172886917632e+18 7.206693881653264384e+18 1.586458058078292173e+19 3.536404203770627277e+19 7.870362268300438733e+19 1.728909400293467750e+20 3.677466107056664740e+20 7.295628575699203523e+20 1.262333510916054974e+21 1.732868217670079611e+21 1.742163474228413989e+21 1.280755739958418604e+21 7.446296366041392742e+20 3.766252066485278474e+20 1.775331217474191360e+20 8.120967823346715853e+19 3.701563465757952410e+19 1.736509759119954125e+19 9.014243922457526272e+18 6.054943458056573952e+18 6.221068231695147008e+18 9.374994215026847744e+18 1.740372814584165990e+19 3.546452179090432000e+19 7.523182226784021709e+19 1.612886179346569626e+20 3.399921628790137160e+20 6.772135091294424269e+20 1.193511290449070129e+21 1.694225713475428286e+21 1.776584669496944624e+21 1.357010815496449163e+21 8.112474615819630019e+20 4.193370717258503946e+20 2.033542622310839419e+20 9.874453339648447283e+19 5.170500877532331213e+19 3.216026127398600294e+19 2.549863833478517965e+19 2.506087656879195750e+19 2.794811312519831552e+19 3.299036216223685427e+19
7.331777004688901000e+15 1.610075591827654200e+16 3.580494388825376000e+16 8.018661766380016000e+16 1.802803618401809280e+17 4.061706489567533440e+17 9.160965869196030720e+17 2.067153943958846464e+18 4.664236306818708480e+18 1.051665399985837261e+19 2.366653928710930432e+19 5.301849041538313421e+19 1.175666243913098199e+20 2.548663840229733171e+20 5.262138452195113042e+20 9.836308913699936010e+20 1.532685492531473678e+21 1.810670144602255655e+21 1.548321225674336764e+21 1.001166340993184563e+21 5.379860924177999462e+20 2.612074614168642519e+20 1.207398707148373524e+20 5.474667194811006976e+19 2.505260329231125709e+19 1.250528523296816538e+19 8.636001442903753728e+18 1.078634783751352730e+19 2.043261876723748864e+19 4.412492068232931738e+19 9.739561516612924211e+19 2.123069552431160689e+20 4.449172581558362440e+20 8.571848791090585928e+20 1.408055485459388170e+21 1.791077631557818909e+21 1.654414534848426279e+21 1.135178197096145093e+21 6.322319007247559557e+20 3.126743210750862950e+20 1.457095068158714348e+20 6.606866431919370240e+19 2.963808483282716672e+19 1.331011253315237478e+19 6.110159291000610816e+18 3.065593708112415744e+18 2.035775100296731648e+18 2.272991887565874432e+18 3.909140849840129536e+18 8.046840528070626304e+18 1.751456676915564339e+19 3.875108573720093491e+19 8.580549970489070387e+19 1.876324279772199322e+20 3.966011042990122598e+20 7.781700239310752317e+20 1.320525114017507181e+21 1.760554153287191101e+21 1.711473315809025065e+21 1.223072842198500508e+21 6.984351881198840054e+20 3.501796738082871706e+20 1.647820950178454569e+20 7.584268143916462899e+19 3.531746318904138957e+19 1.751760519025055539e+19 1.021890967869680026e+19 8.021686208971689984e+18 8.934251338245191680e+18 1.302679569827881370e+19 2.245445183536709632e+19 4.285949494237215949e+19 8.686835039957925888e+19 1.808028478973025976e+20 3.733512838425940460e+20 7.300146806538515251e+20 1.257776999872468615e+21 1.732490192826323436e+21 1.756219134824022802e+21 1.304428053662981423e+21 7.682486314803867156e+20 3.977752780997965906e+20 1.981199669241347768e+20 1.035709000809016033e+20 6.298323831069395354e+19 4.840790071524443750e+19 4.645504961652771226e+19 5.114179589456066970e+19 5.998811817090012774e+19 7.214205547736416256e+19
8.472277842246207000e+15 1.810650250985199600e+16 3.963658777492287200e+16 8.798507853870238400e+16 1.968456756857358720e+17 4.422991816469684480e+17 9.961080728226903040e+17 2.245843216634088448e+18 5.064913963215020032e+18 1.141580895154383872e+19 2.567869488266790093e+19 5.748194957800599552e+19 1.272608389158296945e+20 2.749361095616503153e+20 5.635705006998547333e+20 1.038728882257670046e+21 1.580471691299823550e+21 1.808606307028662223e+21 1.498599512062215062e+21 9.468863157923685335e+20 5.020050928256655032e+20 2.420856808099548692e+20 1.115652982500502733e+20 5.056419123960986829e+19 2.323211572161260339e+19 1.182226100933693440e+19 8.610603534329676800e+18 1.138563526797494272e+19 2.204874650379778458e+19 4.782025935215487386e+19 1.054957063658934927e+20 2.293161146529240187e+20 4.776291007180904202e+20 9.090857359063171727e+20 1.461708372748657492e+21 1.803490136528998629e+21 1.612581252944938926e+21 1.078621164229139366e+21 5.914625921206412902e+20 2.901861679049656893e+20 1.347638093760361103e+20 6.107169490147026534e+19 2.746866893785296486e+19 1.245019856470835610e+19 5.865885009287535616e+18 3.135600445629928960e+18 2.306180285076232192e+18 2.733059702681713152e+18 4.635789424245663744e+18 9.247727646748999680e+18 1.965685804910002176e+19 4.285048186860301517e+19 9.400213076974116864e+19 2.041039218440688108e+20 4.279912846005899100e+20 8.293531520162752102e+20 1.378360839110337233e+21 1.782985275382133424e+21 1.676170184825852133e+21 1.165755178128213672e+21 6.549080969711908291e+20 3.262324276349203251e+20 1.539617836671874171e+20 7.212017351066556826e+19 3.526463243477069005e+19 1.951208544723774259e+19 1.360172557194868122e+19 1.262313641141941453e+19 1.486358453452448154e+19 2.062113483863005594e+19 3.235162324486598656e+19 5.622528190318999142e+19 1.058605594162470748e+20 2.092872124435979305e+20 4.171611089634384282e+20 7.932497525652889272e+20 1.328445157087511052e+21 1.770310490402364850e+21 1.734869904932002333e+21 1.257049457377966031e+21 7.348716221057600061e+20 3.876009185281325793e+20 2.056973310619216118e+20 1.232672187944933458e+20 9.197616637454884864e+19 8.601123083828949811e+19 9.325157970375969997e+19 1.084865158865975050e+20 1.297832891220232765e+20 1.567533676967580467e+20
1.034635441109505600e+16 2.106312935403463200e+16 4.475082293083220800e+16 9.762038550265816000e+16 2.162607226019284480e+17 4.832719196931012480e+17 1.085106796465065728e+18 2.442421540006751744e+18 5.502963724445740032e+18 1.239524981265414144e+19 2.786507102394752205e+19 6.231992438120666726e+19 1.377282592813860454e+20 2.964421037441571226e+20 6.029552558652383560e+20 1.094805963568419570e+21 1.624977264312614912e+21 1.800493101865733980e+21 1.446449199116659720e+21 8.939830788391368131e+20 4.680040710291670303e+20 2.242764212915853066e+20 1.030851174404347822e+20 4.672377052905123021e+19 2.158460078645350400e+19 1.124203493108721664e+19 8.672100785706305536e+18 1.209668256555867955e+19 2.385422570431807078e+19 5.187751077558167962e+19 1.143065984070705316e+20 2.476473238551845929e+20 5.123588497320277443e+20 9.625639140985141985e+20 1.513337854790557499e+21 1.809952014719685755e+21 1.567148114415081751e+21 1.022891348550719373e+21 5.527951211723223859e+20 2.692715550538392863e+20 1.247343521743129641e+20 5.660011287927527014e+19 2.564531773797493965e+19 1.187576447602027315e+19 5.909028539178033152e+18 3.530664338368028160e+18 2.964556270120898560e+18 3.667816416389142528e+18 5.952440025007561728e+18 1.119444127687361741e+19 2.276492104895093555e+19 4.824394155008443187e+19 1.040027655510996582e+20 2.231421747340468879e+20 4.627966731519731302e+20 8.837440049113734840e+20 1.435910587679797674e+21 1.800278673640607973e+21 1.637154055720544764e+21 1.109794932543279071e+21 6.148501018766504100e+20 3.056544715206773965e+20 1.461732913070564147e+20 7.143409190483301990e+19 3.858689747571304858e+19 2.547737760906061005e+19 2.177108407911476429e+19 2.304807493399625318e+19 2.790073528505838387e+19 3.689732142486690202e+19 5.284554462560498483e+19 8.248795205237453619e+19 1.404223176969680650e+20 2.561583907090074829e+20 4.814466689558000435e+20 8.760721675718821151e+20 1.412036031101949182e+21 1.812278755000841142e+21 1.718189858306571370e+21 1.222398613066588357e+21 7.203406145888883835e+20 4.000693857683239076e+20 2.398000784147955384e+20 1.744355634021404836e+20 1.586529859306439639e+20 1.688419197721950618e+20 1.942355522674501878e+20 2.304929548340820050e+20 2.763012370849428275e+20 3.317365237138392351e+20
1.380407221679100800e+16 2.601671344209270400e+16 5.243950169562024000e+16 1.106981591573673280e+17 2.405440448772474880e+17 5.316775027987556480e+17 1.186524236733507072e+18 2.661676446628674560e+18 5.985552615095208960e+18 1.346662023430751846e+19 3.024602525791124685e+19 6.756930841464384717e+19 1.490327323582074716e+20 3.194704214179060122e+20 6.443868172528409641e+20 1.151581116610265874e+21 1.665713556981572960e+21 1.786443997291510497e+21 1.392381040106740384e+21 8.426521220502046638e+20 4.359489590604388762e+20 2.077193256226134753e+20 9.526847845473484800e+19 4.322130231620533453e+19 2.012344558253527450e+19 1.079023844328936243e+19 8.856950682711780352e+18 1.296821944779792998e+19 2.591433390433937818e+19 5.638637044531294208e+19 1.239532664342587802e+20 2.674618800753799987e+20 5.492383991239705231e+20 1.017500674876874424e+21 1.562493726758893519e+21 1.810422855787344036e+21 1.518668529908923761e+21 9.683383914373518459e+20 5.163064729824654131e+20 2.499662793632459981e+20 1.157044703255611965e+20 5.279368755947713331e+19 2.436075053382369690e+19 1.183345653428765491e+19 6.546642264093296640e+18 4.629167808934310912e+18 4.475451309614745088e+18 5.646804422472473600e+18 8.556907919541734400e+18 1.474135084933394637e+19 2.788300249237609267e+19 5.620159089278402560e+19 1.173312002534801080e+20 2.465065674468021699e+20 5.028455736091313439e+20 9.427846309156488479e+20 1.493828942814284612e+21 1.813097401026289336e+21 1.595918997114371178e+21 1.056883599529558409e+21 5.799807734655565824e+20 2.904781336980574700e+20 1.439450941706326835e+20 7.691799522035807027e+19 4.913591040988237005e+19 4.012495308764162458e+19 4.047428118846377165e+19 4.629249115323106099e+19 5.654186094226657280e+19 7.213962310733238272e+19 9.631843407320806195e+19 1.364110929004360172e+20 2.078227221213475635e+20 3.408358988810942546e+20 5.863328183603825869e+20 9.962661554470128189e+20 1.521024773998313472e+21 1.867522711764409516e+21 1.717443226624255066e+21 1.215725107731691471e+21 7.437914963503719383e+20 4.584753896426843668e+20 3.283508333507407380e+20 2.901313758219470438e+20 3.016798636719350088e+20 3.415339135694223442e+20 4.001085483527427850e+20 4.735866208866159165e+20 5.606579056804461937e+20 6.608650703433338716e+20
2.074277133276578800e+16 3.529699313382167600e+16 6.556825531677912000e+16 1.307543462342250240e+17 2.740837398288443200e+17 5.930175065512901120e+17 1.307382086449777408e+18 2.912840578014541824e+18 6.525393464098541568e+18 1.464856482620882739e+19 3.285087989295634842e+19 7.327851195904222822e+19 1.612519982073779323e+20 3.441187533390200832e+20 6.878774126837244887e+20 1.208743576536080187e+21 1.702221254447674425e+21 1.766656340843215192e+21 1.336900688326692700e+21 7.930642365535555420e+20 4.058096516898437857e+20 1.923722373491380060e+20 8.810734329915318272e+19 4.007893760556872499e+19 1.889299098214182502e+19 1.052979673105641062e+19 9.247014787754950656e+18 1.410445944493697229e+19 2.836210739490766438e+19 6.151869989442059469e+19 1.346579311268688364e+20 2.890278342333345956e+20 5.884939430572219433e+20 1.073829253825362133e+21 1.608787137748793295e+21 1.804997360714267230e+21 1.467772539148887392e+21 9.153620332157573530e+20 4.821710280307543245e+20 2.324452042586156564e+20 1.079303134154598646e+20 5.000231392121485722e+19 2.406364848707244851e+19 1.288258271040453427e+19 8.468187040105440256e+18 7.277363437320763392e+18 7.875749447031761920e+18 9.939304402735527936e+18 1.400156372377194086e+19 2.178417069376169984e+19 3.731857904365153485e+19 6.951111401372578611e+19 1.372958345802495263e+20 2.779590578226366054e+20 5.520008678396474163e+20 1.009639416720768500e+21 1.553998710822528614e+21 1.823187022431597887e+21 1.555214894808696619e+21 1.010308342165074084e+21 5.540720806749622108e+20 2.852865762352067707e+20 1.529204728713561375e+20 9.548783270265230131e+19 7.534359921023316787e+19 7.369695012491721114e+19 8.211306592865843610e+19 9.732214602582150349e+19 1.187701725114184827e+20 1.478309649121066680e+20 1.882098912793782845e+20 2.476897742056047247e+20 3.418454272712013251e+20 4.999172665691271987e+20 7.678405546932341309e+20 1.183530999870856102e+21 1.674927265146020561e+21 1.951076435991295951e+21 1.753117002624853606e+21 1.265816598668686655e+21 8.415040536411458765e+20 6.060233251019438162e+20 5.211424176980726252e+20 5.261849653497576161e+20 5.817998120185187533e+20 6.676853525247218156e+20 7.739488453181054648e+20 8.952449362409260319e+20 1.027618383015077609e+21 1.166910486350673740e+21
3.540295571049761200e+16 5.410530934801156000e+16 9.052233484641811200e+16 1.656396319837959040e+17 3.265593066443669120e+17 6.792868561968058880e+17 1.462679400684223744e+18 3.214966125815626752e+18 7.147324242974039040e+18 1.597476736798688256e+19 3.572768711973441126e+19 7.951913642609442816e+19 1.744910276555872993e+20 3.705099161715159204e+20 7.334436209077515715e+20 1.265964237134003962e+21 1.734088723260272280e+21 1.741413877310391583e+21 1.280511422912438731e+21 7.453810473185036206e+20 3.775783816172238275e+20 1.782317602991155773e+20 8.164117331941577523e+19 3.737533568576137626e+19 1.800564767228943770e+19 1.060640863581129933e+19 1.002519622780623462e+19 1.573298592334835712e+19 3.148072370311922483e+19 6.762729152938751590e+19 1.468552332168397619e+20 3.128462578031031091e+20 6.305680905266002657e+20 1.131634405432962056e+21 1.651970810229995864e+21 1.793970552469916484e+21 1.415241522262001582e+21 8.645239614725828116e+20 4.508017143672938824e+20 2.171936503343880274e+20 1.020500783673745572e+20 4.904202164977653350e+19 2.577184577794780774e+19 1.627802817657169306e+19 1.321337662096707379e+19 1.336052731616236544e+19 1.547122622263125811e+19 1.936260114994129715e+19 2.572408424793937510e+19 3.650786947675203584e+19 5.614310968693876326e+19 9.425909359819843174e+19 1.710480142842358333e+20 3.255133543360569672e+20 6.183569473828146381e+20 1.090965330079633637e+21 1.620742944523791630e+21 1.834452987528624996e+21 1.520466750715734262e+21 9.768620099275335926e+20 5.453424169747320013e+20 3.001190478645779497e+20 1.853382171459594813e+20 1.419745719055892644e+20 1.350824666245842371e+20 1.476169079942955336e+20 1.722169123463915110e+20 2.063428060240136438e+20 2.499990345565374710e+20 3.049858742839750820e+20 3.752115098310786417e+20 4.681203436989004513e+20 5.975776696123589919e+20 7.877946031595859476e+20 1.072727125097952575e+21 1.469029478446944223e+21 1.889152443482704970e+21 2.077557964571433501e+21 1.853977803961515639e+21 1.416638326069198062e+21 1.067925305803781571e+21 9.030147632545566556e+20 8.796517601622341714e+20 9.395372510060890030e+20 1.044007664129199571e+21 1.170931775875806659e+21 1.306744500198630752e+21 1.441362794885144379e+21 1.565850925017276875e+21 1.671773349794230567e+21
6.726811619125016000e+16 9.406788308522316800e+16 1.415605554468619520e+17 2.328544122712539840e+17 4.194785010602499200e+17 8.169826987401209600e+17 1.685203136144815104e+18 3.608936815095950848e+18 7.902998997349888000e+18 1.751186910700794675e+19 3.896493747403688346e+19 8.641183917318001459e+19 1.889115769879943578e+20 3.988224093188592763e+20 7.811328444900657070e+20 1.322919796311282418e+21 1.760978692338266145e+21 1.711096979453077094e+21 1.223730961266436997e+21 6.997872377173029683e+20 3.513082181769345106e+20 1.653787117423888957e+20 7.601221698187470438e+19 3.531340440174644429e+19 1.772489978156461261e+19 1.135014971632701235e+19 1.159962273743341363e+19 1.835610644198414336e+19 3.588686738724560486e+19 7.546508085586077286e+19 1.614466631101619241e+20 3.399281527724545147e+20 6.763850190796787548e+20 1.191363415217456808e+21 1.692097659757109445e+21 1.777979699159421682e+21 1.362189141815477666e+21 8.167968423895957504e+20 4.231609692480797409e+20 2.053872881070755021e+20 9.954810029509930189e+19 5.176179695582154752e+19 3.176398317816468685e+19 2.481326448281964544e+19 2.419827218989457408e+19 2.704982107281184358e+19 3.234845185239377510e+19 4.011007520043384832e+19 5.124907558739916390e+19 6.802228267384981914e+19 9.531626165876985037e+19 1.434697927633793352e+20 2.336795624179629097e+20 4.057500689417638380e+20 7.182286475443611894e+20 1.199885726602099687e+21 1.702770797696417268e+21 1.854910757544003371e+21 1.502576340256972603e+21 9.706248773719297884e+20 5.711291115139701801e+20 3.560043340932247060e+20 2.664257307053214925e+20 2.463419531270818365e+20 2.635883254466508554e+20 3.028551414801759601e+20 3.577701599969458913e+20 4.262909722520376443e+20 5.084892015546546913e+20 6.056847778934001500e+20 7.204289368426250240e+20 8.572444134816310886e+20 1.024151934771514573e+21 1.234255064131296559e+21 1.502949891242027647e+21 1.826697664294696255e+21 2.127930996170293772e+21 2.230295805813898609e+21 2.033222072654000030e+21 1.700211602039479206e+21 1.457017180659005260e+21 1.369393713399419634e+21 1.394919523951039218e+21 1.478027462646704112e+21 1.579835807279101247e+21 1.676385319968497205e+21 1.752727670647667818e+21 1.799420670003601998e+21 1.811136023651466871e+21 1.786211870728603828e+21
1.375532728236669920e+17 1.811862344156643840e+17 2.505568058068550080e+17 3.714845276079491840e+17 6.008006530615010560e+17 1.065018254131105664e+18 2.047466960383681792e+18 4.184319451206815744e+18 8.903705975505332224e+18 1.939944918465042432e+19 4.273989927749249434e+19 9.418375554621190963e+19 2.047976383215542927e+20 4.293584447635182715e+20 8.310834328711008092e+20 1.379342561372640903e+21 1.782672812662997385e+21 1.676212903337090875e+21 1.167138387954464063e+21 6.565596397669108941e+20 3.271967799172196598e+20 1.540792505888768983e+20 7.158906211028061389e+19 3.437158601833970483e+19 1.865046872958268621e+19 1.350187302214568960e+19 1.488000878920775066e+19 2.308711679233585971e+19 4.293711499421158605e+19 8.666909841800755610e+19 1.803586653161304556e+20 3.723954157120806584e+20 7.279162368565683159e+20 1.254263970220813058e+21 1.729840560638818517e+21 1.758317026917113397e+21 1.310476387720828027e+21 7.741145041040457073e+20 4.014442809101711442e+20 1.997274746142765875e+20 1.037726087734941123e+20 6.228115152129472102e+19 4.708112664606142464e+19 4.463779254835644826e+19 4.890829344029245440e+19 5.743846659170652979e+19 6.952842599533155942e+19 8.550020428554484122e+19 1.066071927417701663e+20 1.355090242201606390e+20 1.775729978697890529e+20 2.436431028436383171e+20 3.551147415456283361e+20 5.504019738672437658e+20 8.813593009986098954e+20 1.358981322712967283e+21 1.814824633259183833e+21 1.899225689798353093e+21 1.522421801895097795e+21 1.019158384419901800e+21 6.652508196684101059e+20 4.930118905451196580e+20 4.425656298664869888e+20 4.611351053064479703e+20 5.189481437582637138e+20 6.016546255007628657e+20 7.026745884428635996e+20 8.187336841939752059e+20 9.476072520351501517e+20 1.087094031754479141e+21 1.234747934123948507e+21 1.388255079020408603e+21 1.546491409430014591e+21 1.711029945340009906e+21 1.886327997975330554e+21 2.072435545125032559e+21 2.241001060966791643e+21 2.314290092063993889e+21 2.229702093119504515e+21 2.052090685634473624e+21 1.907471840997676417e+21 1.843339347576399856e+21 1.833554108528941072e+21 1.838506810114060583e+21 1.831027654396709700e+21 1.797605833910201876e+21 1.734169425084720611e+21 1.642520153555034440e+21 1.527890498088337932e+21 1.397189467568407577e+21
2.937214078992116480e+17 3.736230757185683840e+17 4.887910197323813760e+17 6.688977672911728640e+17 9.776400217805216000e+17 1.554777600599448576e+18 2.710752644174936576e+18 5.139362889811132416e+18 1.039365106934629581e+19 2.193920325648803840e+19 4.742623684439861658e+19 1.032959310164570112e+20 2.227000334461595484e+20 4.626936601202281021e+20 8.836564871124054180e+20 1.435122648289512522e+21 1.799155278986777461e+21 1.637473317418866835e+21 1.111486924077580550e+21 6.162182661427451658e+20 3.057708948493563986e+20 1.450099242642753454e+20 6.924180427990591078e+19 3.564036244911340749e+19 2.212948378154446029e+19 1.871496103889630003e+19 2.188864279602908774e+19 3.239136793191658291e+19 5.561965513327432499e+19 1.048157036479606948e+20 2.077477111389319987e+20 4.147581719009648968e+20 7.893536003780560814e+20 1.323262674921077342e+21 1.767131756497887298e+21 1.737608872842056434e+21 1.263630830066872091e+21 7.405686243445334344e+20 3.905592021143590011e+20 2.062399593251350118e+20 1.221102672515063808e+20 8.960697038655836979e+19 8.266026564249065882e+19 8.898700753581388595e+19 1.033050694158976778e+20 1.236992299809959936e+20 1.499281678228897137e+20 1.827541902852260823e+20 2.238653891082825236e+20 2.763130271083437752e+20 3.456774391134890885e+20 4.424518569359248589e+20 5.860928077874561679e+20 8.090557835951678423e+20 1.149053914161097605e+21 1.594762648139362468e+21 1.972726632234240705e+21 1.987920300608263291e+21 1.613855601467796488e+21 1.168176648760311939e+21 8.820872456456931901e+20 7.713687916394387866e+20 7.766562780174163640e+20 8.476304230405242880e+20 9.548555043048323809e+20 1.082143880521157050e+21 1.219419269435629765e+21 1.358739015458655306e+21 1.492569451906215707e+21 1.613433420606326178e+21 1.714465157500125839e+21 1.790695877855649464e+21 1.841112269974165258e+21 1.871718071381763555e+21 1.899481093968580837e+21 1.953918699609756795e+21 2.063567653836578619e+21 2.211725308849196630e+21 2.307057671263382929e+21 2.273068488350896488e+21 2.143653244861291168e+21 1.990694107007718785e+21 1.844565487252345979e+21 1.704085489546887954e+21 1.562681519536846143e+21 1.417794780244569752e+21 1.270863904808898920e+21 1.125325674722808955e+21 9.849928250225274388e+20 8.531250963824687186e+20
6.419494184003863040e+17 8.014748944451621120e+17 1.015669530143837952e+18 1.320419309553263360e+18 1.789348852211266304e+18 2.579596346662930944e+18 4.034616783252525568e+18 6.914889152348070912e+18 1.291334663229060710e+19 2.579349411878220186e+19 5.383306654775021568e+19 1.147252895953307075e+20 2.437542973669063721e+20 5.000030794615736893e+20 9.397184144371819479e+20 1.490517236730409779e+21 1.810781618464822133e+21 1.595979214511149679e+21 1.057961688806115508e+21 5.798589055610218742e+20 2.882948046112318751e+20 1.397562084106153329e+20 7.095071485373905306e+19 4.156459192981764506e+19 3.116046756860090368e+19 3.065386736901704499e+19 3.709111874981330125e+19 5.168957695458797158e+19 8.046670841588336230e+19 1.376567247074886451e+20 2.525102363606559293e+20 4.765066056783267758e+20 8.693976332049521050e+20 1.404602253349797233e+21 1.808374353587085246e+21 1.721227080612245668e+21 1.228793879128724472e+21 7.249177541009615094e+20 4.011963428313917686e+20 2.379581759737556828e+20 1.703529986968494408e+20 1.527546483845195694e+20 1.612639276994467267e+20 1.849372908932451205e+20 2.193568881006512046e+20 2.632294315985606410e+20 3.167871942323189187e+20 3.811146022186410967e+20 4.579839850397913580e+20 5.500932922373039718e+20 6.618167260982402089e+20 8.007180966182137364e+20 9.798377117231128248e+20 1.218783285988476584e+21 1.534259477279278367e+21 1.897675246334929535e+21 2.164214413406420599e+21 2.129378284932210622e+21 1.809352244839903920e+21 1.463524195200542704e+21 1.268308154041814221e+21 1.226687080158012637e+21 1.281147381473208697e+21 1.382274671902184964e+21 1.498682417739586339e+21 1.610844187185643258e+21 1.705622504817288282e+21 1.773701107944042267e+21 1.808913078018068972e+21 1.808426281521520050e+21 1.773188533312926777e+21 1.708497569262421934e+21 1.625068564210793841e+21 1.541503349786328957e+21 1.489042650590274388e+21 1.516088997774728364e+21 1.675959486324821983e+21 1.961836515692186960e+21 2.217837529699584311e+21 2.238097865675589026e+21 2.020092440750189445e+21 1.719857804882338906e+21 1.444771545035266589e+21 1.219101987219183763e+21 1.034506336222626316e+21 8.795899018061284639e+20 7.467978729895338967e+20 6.318664712756731576e+20 5.323215258821279744e+20 4.464700282104813978e+20
1.419683540635498752e+18 1.755629020071329280e+18 2.187531401541233920e+18 2.762541579232909312e+18 3.570561735580884992e+18 4.794243685409644544e+18 6.820793699423058944e+18 1.049215316524848742e+19 1.766251346372431462e+19 3.242535760472483840e+19 6.373292789814127821e+19 1.305839913403240776e+20 2.703726217203667108e+20 5.437601891508377354e+20 1.001232997005481476e+21 1.546574789065852060e+21 1.818630050763405525e+21 1.553643662591887671e+21 1.008754708066587378e+21 5.498830289593125437e+20 2.776656335447644897e+20 1.419037082210038252e+20 8.113245259110635930e+19 5.755120811752078541e+19 5.233631931362529280e+19 5.733297433666198733e+19 7.019593353021392486e+19 9.268007867291852800e+19 1.314401717381713101e+20 2.015453672511754076e+20 3.330728171538530959e+20 5.768010593164744458e+20 9.850832719448246845e+20 1.510342271457003307e+21 1.862386590791415103e+21 1.719923624605725753e+21 1.220488396021860139e+21 7.453970573586886820e+20 4.555781473921182597e+20 3.215609330059532042e+20 2.801495570580128727e+20 2.888450729234683986e+20 3.258919277788238971e+20 3.815550469576454963e+20 4.519937245475087974e+20 5.359980958861395886e+20 6.333700542583300424e+20 7.441192024334485422e+20 8.680790723519044649e+20 1.004824046849402077e+21 1.153937712290058076e+21 1.315769335909033968e+21 1.492669710969821463e+21 1.689679105619735609e+21 1.910125159560002142e+21 2.135643535102694916e+21 2.291864514386179391e+21 2.272053693640403321e+21 2.081067555639130063e+21 1.869868265791427707e+21 1.753265238891207328e+21 1.732359592268996805e+21 1.761115461478789677e+21 1.798656127381491941e+21 1.820036624404300169e+21 1.812741456887275586e+21 1.772430433396365722e+21 1.700190984669650747e+21 1.600775120002056716e+21 1.481326066746384450e+21 1.350530645248843973e+21 1.218485773042924126e+21 1.097890506519979491e+21 1.007542049005766312e+21 9.789987359112942060e+20 1.063437643776307757e+21 1.318518290328284037e+21 1.725992005221350900e+21 2.066543334024546091e+21 2.053897446712760861e+21 1.714323177481416475e+21 1.304314848155216642e+21 9.770875723152414474e+20 7.483374409942634332e+20 5.896137091377917460e+20 4.746487517511742915e+20 3.870949063499081318e+20 3.177971956252111667e+20 2.616246402246877839e+20 2.155149824949654323e+20
3.157514014738641920e+18 3.885871408632761344e+18 4.800027850529630208e+18 5.969356274448153600e+18 7.513552138060709888e+18 9.657554227107409920e+18 1.285331967165355008e+19 1.805080461681284506e+19 2.729913806780170650e+19 4.506318678204232499e+19 8.101242772457439232e+19 1.554573565103948431e+20 3.077180412655516385e+20 5.991938411079156367e+20 1.072455972368999907e+21 1.605968419058702090e+21 1.825228393318368412e+21 1.514123490562673213e+21 9.683165572376714281e+20 5.315713399077583585e+20 2.803340017349791580e+20 1.593601026215146947e+20 1.094310872629059748e+20 9.530476871780433920e+19 9.980319168685414810e+19 1.157736625976607212e+20 1.415669475395400499e+20 1.795201548440090706e+20 2.368021068096136151e+20 3.287321357978743603e+20 4.845224367131164017e+20 7.504060991606764339e+20 1.165390423227934835e+21 1.659808185434889781e+21 1.943961485415552647e+21 1.753446077438486643e+21 1.266356298682526597e+21 8.368882925165504102e+20 5.953609000329233039e+20 5.052550849837210665e+20 5.058617144099586048e+20 5.574911369075982336e+20 6.396571402163000443e+20 7.424834787868783411e+20 8.608118525302369157e+20 9.910196813741479690e+20 1.129415211610727121e+21 1.271492853573345083e+21 1.411741902431388697e+21 1.543938129343949308e+21 1.661970044701443883e+21 1.761329709976641339e+21 1.841462709353874981e+21 1.909023194552920179e+21 1.980601557008533946e+21 2.077942221354357752e+21 2.201644042462280286e+21 2.295579697210728120e+21 2.286043555393752531e+21 2.183635722698136486e+21 2.058646965877511291e+21 1.947576567614336926e+21 1.846045901663660933e+21 1.740487390344045134e+21 1.623192211259946172e+21 1.493331109502203986e+21 1.354318980960248136e+21 1.211397895888203940e+21 1.070107998988557615e+21 9.355829939650594079e+20 8.125990142107447460e+20 7.064934075129291080e+20 6.254134180195602268e+20 5.848379399281885839e+20 6.152566692667319910e+20 7.694795246468948296e+20 1.105805335687028670e+21 1.589148874688606503e+21 1.948820570739988759e+21 1.867413987141934907e+21 1.433033608153859359e+21 9.724624505328238592e+20 6.445232263817650504e+20 4.425302250639250555e+20 3.204028218400673628e+20 2.430532432548410163e+20 1.905040525223211500e+20 1.523598324658434212e+20 1.232646995914342728e+20 1.003511739802283213e+20
7.038957884149151744e+18 8.640518278316715008e+18 1.062497403084132557e+19 1.310758837917706854e+19 1.626662688737397760e+19 2.040421307816042906e+19 2.607910572409094963e+19 3.439906468549428838e+19 4.766419617095375258e+19 7.076420333818048512e+19 1.141040692522994074e+20 1.991846675058371789e+20 3.666944548479076270e+20 6.771359283116433736e+20 1.162152821752611078e+21 1.674499041733090738e+21 1.835978969786390938e+21 1.484763825689023218e+21 9.459597764474589676e+20 5.363229924567843471e+20 3.102024880822085878e+20 2.089724309215152701e+20 1.761159012868585882e+20 1.790461383483489649e+20 2.022929326614571581e+20 2.397585014028292260e+20 2.904670658964532429e+20 3.571063684584165868e+20 4.466495370832936960e+20 5.729264860989712630e+20 7.605199611435243274e+20 1.044347484777432613e+21 1.442815835870736417e+21 1.870070793219362259e+21 2.068511645255671480e+21 1.850253439619956474e+21 1.409531701111032381e+21 1.053017872649657254e+21 8.804875110827404820e+20 8.511013084644446044e+20 9.065030044266315121e+20 1.007852453190322749e+21 1.133057910332426551e+21 1.268771246053779046e+21 1.405192660528156901e+21 1.533626090660947558e+21 1.645744570155927339e+21 1.733838618797033914e+21 1.791601171091020055e+21 1.815152337130320560e+21 1.804144721690947486e+21 1.763035564338419073e+21 1.703023679350462480e+21 1.645528061231301657e+21 1.627125794458912948e+21 1.698990323495826096e+21 1.895816284833284096e+21 2.154438731930221937e+21 2.292866454029705675e+21 2.201345640225905050e+21 1.963697369864386380e+21 1.703179740913056612e+21 1.472145119648448774e+21 1.274759730978042937e+21 1.103344600790056042e+21 9.516798956089309921e+20 8.165489059204169728e+20 6.965874834536050196e+20 5.912804454195703316e+20 5.005845138853314560e+20 4.251867509917132390e+20 3.675442355607138468e+20 3.342398003505056317e+20 3.407085613895712113e+20 4.192145744417613414e+20 6.256650679705028526e+20 1.017553098667981013e+21 1.539878622771770556e+21 1.881682975968664224e+21 1.728763552304441328e+21 1.235849884855642096e+21 7.625650884536976015e+20 4.513895238788880794e+20 2.757520367534998159e+20 1.800990391215694807e+20 1.263092186382169702e+20 9.386617858378853581e+19 7.261001800607874253e+19 5.760331738224313958e+19 4.640088386914999501e+19
1.569329121800923136e+19 1.923180080518583910e+19 2.358411201539747840e+19 2.896109414558490624e+19 3.565891145386398106e+19 4.412691226385920000e+19 5.511163681581069107e+19 6.996802942518939648e+19 9.133437388819283968e+19 1.245771182954856120e+20 1.807592813296510894e+20 2.821172632991682068e+20 4.693069593770667540e+20 7.987345673279876628e+20 1.286873900974683455e+21 1.763194618288694362e+21 1.861540575144672756e+21 1.480210873345969488e+21 9.607265880418565489e+20 5.875861856200839004e+20 3.954894464383481938e+20 3.241898979585880228e+20 3.203101039380794573e+20 3.538898316811332485e+20 4.109506296435110052e+20 4.860121942219438162e+20 5.779652909657187287e+20 6.884329264449077903e+20 8.217899929365365391e+20 9.864260750587607122e+20 1.196294713163736154e+21 1.468098930626775482e+21 1.799498729907728679e+21 2.111903641887808422e+21 2.223143496861861544e+21 2.025857409869219627e+21 1.684623503326820696e+21 1.431841445633819935e+21 1.337442268130112963e+21 1.359809617273840468e+21 1.443029281238487663e+21 1.547811483511529406e+21 1.649858991772663284e+21 1.733832435640559731e+21 1.789747621298288460e+21 1.811576765401834193e+21 1.796887808727259283e+21 1.746703168909172277e+21 1.665194579976401453e+21 1.559190930349652967e+21 1.437774303127400350e+21 1.312522420149584658e+21 1.199287588864635437e+21 1.122664472332364415e+21 1.123160511673116787e+21 1.258910079191045898e+21 1.568943605391998058e+21 1.959853529332502495e+21 2.156763278179779215e+21 1.991099696307598524e+21 1.618577925134439678e+21 1.254435596086119236e+21 9.766744736045516718e+20 7.769055864926547476e+20 6.300480849052536668e+20 5.172653666348818760e+20 4.273967435671846912e+20 3.542282256516443013e+20 2.943382966258448794e+20 2.460474162068758200e+20 2.092996219187357942e+20 1.865204535251883459e+20 1.849721436333964984e+20 2.216863057244708209e+20 3.317116996981026324e+20 5.740629654393864192e+20 1.003430170839387472e+21 1.542175920857319211e+21 1.847728770073053102e+21 1.630213564765193110e+21 1.104594922977531920e+21 6.369244308433744691e+20 3.456576367819931648e+20 1.901029153845618606e+20 1.110815264947667927e+20 7.051310178041683968e+19 4.859654592412229632e+19 3.580961422668954419e+19 2.768400704778355507e+19 2.211422119595891507e+19
3.490881537260780339e+19 4.270510814874629734e+19 5.223971434107994112e+19 6.391569180073249997e+19 7.825790691704020992e+19 9.598671561726720410e+19 1.181680272543888998e+20 1.465288976184835768e+20 1.841270336331208131e+20 2.367507415312017981e+20 3.157043944929258373e+20 4.426649991449030164e+20 6.551072800904350269e+20 9.995202957019089469e+20 1.472177376167006831e+21 1.888604653521188946e+21 1.920010952481863369e+21 1.527228747711022891e+21 1.048067884251809579e+21 7.284018365509455053e+20 5.861302808763040399e+20 5.610875063125993718e+20 6.029502642386137252e+20 6.834224199823344271e+20 7.884556314856572846e+20 9.110000849044812595e+20 1.046937526568784495e+21 1.193280815071106957e+21 1.347818457584953721e+21 1.509805671887687385e+21 1.681215043695969042e+21 1.866521992642508095e+21 2.064492635213370491e+21 2.242791944103898120e+21 2.317711656036045160e+21 2.225054379942860292e+21 2.036414105562486669e+21 1.885185859173828526e+21 1.820837607531228955e+21 1.815892460242638995e+21 1.828857921155629580e+21 1.830980575289275580e+21 1.807489286424657134e+21 1.753312481666513764e+21 1.669514522372938662e+21 1.560888352265979822e+21 1.434231163139218211e+21 1.297052210420122911e+21 1.156693833093984027e+21 1.019956426700412813e+21 8.933986643975786988e+20 7.846569264530296668e+20 7.054833359383035904e+20 6.775752542020414996e+20 7.410802276939043963e+20 9.561960231504420536e+20 1.358398622148072833e+21 1.821070533027340222e+21 2.006632625585120608e+21 1.746241286693342151e+21 1.281124982359247553e+21 8.789040769517915996e+20 6.092442455185948672e+20 4.410626128139282678e+20 3.339893082443540070e+20 2.616109973224544010e+20 2.094933289548203950e+20 1.701971041123564585e+20 1.400261847575958323e+20 1.174922755113803121e+20 1.030071064292387062e+20 9.972253779422576640e+19 1.160242473299041976e+20 1.707746429251680993e+20 3.018316503140813373e+20 5.707759776255167693e+20 1.027457405166293484e+21 1.569311880780170134e+21 1.829188852564262388e+21 1.554603820920455299e+21 1.011983654767739535e+21 5.580796272366692598e+20 2.860778117266931057e+20 1.457302073297460593e+20 7.739484588229125734e+19 4.437974466954759373e+19 2.802797216257128858e+19 1.952204324575690342e+19 1.480709775796599603e+19 1.202930105892091085e+19
7.716901557083534131e+19 9.412689706866155520e+19 1.147116247292747121e+20 1.396679175271071580e+20 1.699002493155115991e+20 2.065367036349618586e+20 2.510562743542121431e+20 3.055548672647103775e+20 3.733043173760274268e+20 4.598948325407220695e+20 5.754042843569532436e+20 7.378190512223921111e+20 9.755462762145045545e+20 1.317085044743991722e+21 1.737116062772108198e+21 2.060863589920175817e+21 2.031630759314659738e+21 1.663589171673872728e+21 1.259127574331304444e+21 1.017317081322492527e+21 9.423957247143361905e+20 9.753362084985086935e+20 1.067282956369615258e+21 1.188748769582408794e+21 1.322289853373893313e+21 1.456128676345425691e+21 1.580945458053774049e+21 1.688964030776347197e+21 1.774530187474772951e+21 1.835844523563238556e+21 1.877857213122789769e+21 1.916030088162777235e+21 1.977601254159915942e+21 2.087990237917450338e+21 2.228567092596193362e+21 2.312072922700575146e+21 2.271165509233901044e+21 2.143847027842311258e+21 1.998787563201134592e+21 1.862037792209022747e+21 1.729932696618776134e+21 1.594896132577650541e+21 1.454122825221649203e+21 1.309177303357684449e+21 1.163819999868107882e+21 1.022295499431404241e+21 8.883601246539123261e+20 7.649006343233412792e+20 6.539860831801497354e+20 5.572882226347313725e+20 4.769664704609003110e+20 4.173868931354635796e+20 3.884846676288685343e+20 4.119735207394649702e+20 5.301129359587761848e+20 8.056232043514578862e+20 1.267400521504711246e+21 1.756034129528148722e+21 1.897519324322484191e+21 1.557659508400388833e+21 1.045830441727399952e+21 6.421574731188938998e+20 3.950607471350814474e+20 2.563544976365323223e+20 1.780839777882084147e+20 1.313723444163620864e+20 1.013280438514799575e+20 8.073278964162723840e+19 6.631568634141609165e+19 5.707704125392047309e+19 5.397738666309788467e+19 6.086771679752608973e+19 8.719124012635992883e+19 1.535754079419149517e+20 3.005665646882095759e+20 5.917361076872060600e+20 1.070158524417739194e+21 1.606463184927136678e+21 1.815269472509179199e+21 1.490075397556864025e+21 9.400665725403194982e+20 5.035608416722161500e+20 2.496211528231859978e+20 1.215326874628803297e+20 6.076438947440910336e+19 3.253751919809684685e+19 1.945078808127813632e+19 1.337272326183425229e+19 1.061201769042536858e+19 9.516594706578585600e+18
1.681553337366737388e+20 2.038864055534340342e+20 2.466584829302690611e+20 2.976162071961676022e+20 3.579976472521860055e+20 4.291225411478712484e+20 5.124030834113755873e+20 6.094266500199802470e+20 7.222103384553190851e+20 8.537998236863074140e+20 1.009422862418719932e+21 1.198104490674618368e+21 1.432862515745553646e+21 1.721619413416141390e+21 2.032123417466894549e+21 2.240243660413354639e+21 2.188001544762887242e+21 1.907176883712448791e+21 1.619799181185499005e+21 1.469248426167498179e+21 1.451143248622335558e+21 1.510285482267468104e+21 1.599648134351003058e+21 1.689245378677758493e+21 1.761040150037346386e+21 1.804402088074930815e+21 1.813972579268196827e+21 1.789036993861259624e+21 1.733684329998935392e+21 1.657735131146418389e+21 1.579114782874468614e+21 1.528428608507268825e+21 1.553234606916809261e+21 1.705966057092719313e+21 1.980960616913281221e+21 2.228869223835597013e+21 2.251060481829517918e+21 2.042351435959563190e+21 1.751034687922258051e+21 1.481039663377171087e+21 1.256950427649701577e+21 1.071587591808552010e+21 9.145004042488800870e+20 7.787739399445623603e+20 6.605808734084977132e+20 5.577678039195480228e+20 4.689190283793176986e+20 3.929489201302324511e+20 3.290740933228344115e+20 2.771140129450277601e+20 2.382568906222288568e+20 2.167232011412005519e+20 2.232155759107241738e+20 2.813951415083472650e+20 4.367010937758657413e+20 7.538309268356606198e+20 1.252116279894822355e+21 1.739802636364666634e+21 1.825524303877367923e+21 1.426132375768743281e+21 8.967075515215470920e+20 5.061004283466205102e+20 2.807848968583029064e+20 1.627464837919606702e+20 1.017816902899788513e+20 6.915509075601848730e+19 5.056444067258467123e+19 3.934414094039656858e+19 3.267998048145462886e+19 2.997573581083099136e+19 3.262099277718032794e+19 4.505281479199088640e+19 7.769190340963388621e+19 1.528925510167251845e+20 3.138084713256702444e+20 6.254356521258892657e+20 1.122149527777181958e+21 1.646286327593680503e+21 1.800568765167729115e+21 1.430433069018942276e+21 8.794614105366343188e+20 4.620721637853875405e+20 2.251682238707532431e+20 1.076865766610023383e+20 5.298848975301986714e+19 2.837755751960046797e+19 1.770623917407355085e+19 1.349730861042876006e+19 1.239621696034068070e+19 1.293711735378415206e+19
3.550717388480193495e+20 4.251563158426124943e+20 5.066292703364772659e+20 6.002784118308529766e+20 7.064800784021167800e+20 8.250037935927885824e+20 9.548240934006755164e+20 1.094003418797734101e+21 1.239753546558762648e+21 1.388834998024705409e+21 1.538491617066703127e+21 1.688031936870315983e+21 1.840513425173884961e+21 2.001466205728459194e+21 2.166333180876051972e+21 2.292663244177923113e+21 2.302853519528270234e+21 2.181239929878012232e+21 2.024467764215920460e+21 1.921140888417314275e+21 1.877840636482452980e+21 1.861235205167820046e+21 1.840755362145538408e+21 1.799300498613880750e+21 1.730786413474552480e+21 1.636216618487610081e+21 1.520864031796812317e+21 1.392588645954261877e+21 1.261250935474423333e+21 1.139612990918304858e+21 1.046595927349739258e+21 1.013704321936580936e+21 1.091712704509589455e+21 1.338009167810444919e+21 1.736684761907327402e+21 2.075556517629117858e+21 2.071726490683417297e+21 1.742744117515077812e+21 1.337436902585307234e+21 1.009642483625016295e+21 7.779320125601412547e+20 6.155989243228841574e+20 4.970872400625709220e+20 4.062950689118869258e+20 3.341509259352636785e+20 2.755720465881968148e+20 2.275789800915655393e+20 1.883621602218684580e+20 1.569540869793993523e+20 1.333607132190082499e+20 1.192592016573196042e+20 1.197077342555489239e+20 1.467984599653665014e+20 2.264801039540977992e+20 4.073227960818729615e+20 7.549151006436264509e+20 1.276212369172677001e+21 1.747619957461696905e+21 1.774184293203628524e+21 1.330434463118036304e+21 7.991718381268775731e+20 4.265263007467779523e+20 2.197653468839659766e+20 1.159247335403769528e+20 6.526839373529316557e+19 4.027427890268300083e+19 2.754266406772801536e+19 2.098227350565356749e+19 1.816075244031640781e+19 1.878979517174662349e+19 2.460223704137181594e+19 4.056130751322404454e+19 7.804379879736098816e+19 1.611442067853459128e+20 3.355605859675043267e+20 6.670789365479360430e+20 1.179361295883392647e+21 1.685431777314857288e+21 1.782864439652575871e+21 1.373144322036357399e+21 8.260569086292287816e+20 4.287510185550437417e+20 2.081933125115757527e+20 1.005253400992189809e+20 5.140682221914991821e+19 3.025026585992814182e+19 2.212972346452419379e+19 2.020353870657183334e+19 2.145589033146566656e+19 2.462650379536518349e+19
7.018805613139342131e+20 8.194392083751091569e+20 9.477969198912847217e+20 1.084502853877858042e+21 1.225743047484895396e+21 1.366300592812919357e+21 1.499751463296764477e+21 1.618979308999806026e+21 1.717067930752893321e+21 1.788613593295933669e+21 1.831547813275709735e+21 1.849724789253576327e+21 1.856616690881249673e+21 1.879207734361465291e+21 1.954817698725538300e+21 2.101421984357134107e+21 2.261071345604555440e+21 2.315729677041984078e+21 2.225895993410596110e+21 2.061107037823336972e+21 1.887422325219463791e+21 1.723880328487688995e+21 1.567637250407126008e+21 1.414382100451791733e+21 1.263395987160677745e+21 1.116753872921631261e+21 9.778601571890044600e+20 8.507518365223718748e+20 7.405154542457631539e+20 6.552216970812993044e+20 6.102290933269010842e+20 6.356756121216716636e+20 7.837267260363510907e+20 1.112525494899472466e+21 1.590185326845607543e+21 1.953341160890841956e+21 1.884116262904022172e+21 1.458519251771109147e+21 9.985514315899072676e+20 6.670972374243214623e+20 4.610062215991922524e+20 3.353776861516248515e+20 2.552463776366636237e+20 2.005092599677775708e+20 1.606513297448758477e+20 1.302617392621532611e+20 1.065114043703639572e+20 8.794744419024586342e+19 7.405378130915585229e+19 6.535389980719747072e+19 6.414750488272856678e+19 7.635018159459047834e+19 1.154133729103468462e+20 2.095135262932322877e+20 4.101031139171214950e+20 7.825531165777437655e+20 1.318888073912695390e+21 1.764440570978396275e+21 1.731418418717343613e+21 1.253934302548295680e+21 7.292652790089549087e+20 3.759835319255356539e+20 1.852077516118443295e+20 9.185172382600290304e+19 4.787939993958902170e+19 2.736420493456407347e+19 1.787164341944159437e+19 1.384840171070759936e+19 1.318675261897460531e+19 1.585485653910487040e+19 2.389371355136709837e+19 4.278145967821692928e+19 8.486928825277977395e+19 1.760212849982300815e+20 3.643686862764876759e+20 7.156734410329748931e+20 1.240701570068976501e+21 1.722805458433550582e+21 1.761896084909987987e+21 1.318038934468981162e+21 7.790124675194682081e+20 4.026375374344929935e+20 1.982411433047831347e+20 1.003971429776858644e+20 5.730027967514262733e+19 4.045676789125813043e+19 3.614229057910196634e+19 3.816490270542481818e+19 4.389153066331243315e+19 5.233471024809952870e+19
1.220163682487033135e+21 1.360490889068181979e+21 1.493620739197402874e+21 1.612126142260683473e+21 1.708419695654923141e+21 1.775691457120635453e+21 1.808922851272117191e+21 1.805790630749469409e+21 1.767326770019030270e+21 1.698378459456368542e+21 1.608232582881744781e+21 1.512212579497803776e+21 1.435384601664047809e+21 1.418310107539176423e+21 1.516842016869755912e+21 1.766482502872939626e+21 2.085428860814198571e+21 2.247541264642513830e+21 2.120610259809547846e+21 1.820539108269739213e+21 1.508973820436233322e+21 1.250429150754785460e+21 1.045567982651233141e+21 8.802572450140981821e+20 7.430841642753224868e+20 6.273555543682265907e+20 5.297305202551968236e+20 4.492434166894226964e+20 3.875260175497673441e+20 3.506877186742023619e+20 3.537445040308186644e+20 4.283724658234430587e+20 6.297036061701228462e+20 1.015321467602553274e+21 1.534370515215931146e+21 1.883251418565280268e+21 1.743921859040394346e+21 1.257605399731514638e+21 7.823089934996239811e+20 4.664774148116456407e+20 2.868245530405989581e+20 1.883379876924898345e+20 1.326202284198213550e+20 9.884556137161367552e+19 7.666359683535903130e+19 6.106336647599493120e+19 4.964586524225001882e+19 4.136597343696253747e+19 3.609524284167754547e+19 3.475896093361363354e+19 4.015067340017849139e+19 5.893042778448636314e+19 1.058337814837170012e+20 2.112141637832674509e+20 4.291843276668526264e+20 8.238003255674217431e+20 1.369757258606029046e+21 1.782546471663416115e+21 1.690734413494777545e+21 1.187375903956964475e+21 6.741484134808581571e+20 3.404553624893513400e+20 1.639762093972632699e+20 7.914415224988006810e+19 4.014855318178327757e+19 2.275799971492736205e+19 1.548798382502776832e+19 1.328922172282368819e+19 1.435140103470813798e+19 1.888495317009104896e+19 2.924034304860853043e+19 5.142918423921798349e+19 9.880748775800150426e+19 1.990025392493502464e+20 4.023129393837487555e+20 7.733096306359065641e+20 1.307446957243335442e+21 1.759101915542168011e+21 1.739129359997646143e+21 1.267102426387577569e+21 7.403609486073777357e+20 3.862393631581026386e+20 1.987444748666542490e+20 1.119315101269965701e+20 7.670851812808350106e+19 6.667689128904261632e+19 6.933859968213378662e+19 7.922079350035682099e+19 9.417707065162419405e+19 1.136208967843701555e+20
1.705122262724038361e+21 1.773338003320694899e+21 1.807419768015572959e+21 1.804651995077985960e+21 1.765291227233053311e+21 1.692550153005373587e+21 1.592131231633572102e+21 1.471489415229420863e+21 1.339124483938891334e+21 1.204300823865629606e+21 1.077733437516705694e+21 9.740506441569235108e+20 9.170972415501256622e+20 9.478369938830824571e+20 1.125396869111728701e+21 1.484251405244686402e+21 1.908258597779066847e+21 2.090561563649783103e+21 1.871430750839344464e+21 1.451866204371694125e+21 1.068882610883294921e+21 7.944257668034511503e+20 6.092331064344725422e+20 4.812429992493702185e+20 3.881982396812350587e+20 3.175793083439862252e+20 2.630774609293020692e+20 2.223746545634499953e+20 1.967767403768822825e+20 1.929125748456150139e+20 2.272852909704757903e+20 3.342621625464018043e+20 5.720615405198715126e+20 9.958213461662047928e+20 1.533049247721741877e+21 1.848355531448656069e+21 1.645012602166419915e+21 1.124154185144411226e+21 6.528877711841219052e+20 3.565210011148011438e+20 1.971986728870822871e+20 1.158379249685344584e+20 7.386957555860401357e+19 5.110649430552719360e+19 3.781705613864123597e+19 2.946377898326633267e+19 2.400412685263404237e+19 2.067798111819105075e+19 1.961411632852275610e+19 2.202071777702121882e+19 3.108957964068016128e+19 5.416442878519808819e+19 1.072484565554108498e+20 2.228705106542925906e+20 4.575847967910494863e+20 8.729535361810758369e+20 1.424026882505977364e+21 1.798371203132070560e+21 1.649322734768386474e+21 1.126512194257381622e+21 6.278910197520043868e+20 3.136932994713912607e+20 1.505042039834002719e+20 7.329623731782047334e+19 3.869375568766584422e+19 2.415442588581962547e+19 1.911365405090664038e+19 1.901095126508428902e+19 2.233598428290447360e+19 2.955943776213900493e+19 4.337159062734911078e+19 7.035208016469793178e+19 1.248689400397322977e+20 2.361781833158849331e+20 4.561167592783183872e+20 8.462250014968377508e+20 1.383962884440476090e+21 1.797327758054064390e+21 1.718492370494990844e+21 1.225524877901129056e+21 7.163060736989783654e+20 3.871734997075228099e+20 2.191807636912035594e+20 1.468450389060883415e+20 1.239795527018025452e+20 1.263346504955661189e+20 1.427209260958188339e+20 1.685016900820605993e+20 2.021457511984370483e+20 2.435796005927144980e+20
1.767191059594022486e+21 1.695391483156639252e+21 1.595410269310427070e+21 1.474309083457212908e+21 1.339768730429240639e+21 1.199218730053290689e+21 1.059230498885703959e+21 9.252741743080490926e+20 8.019117672463210906e+20 6.935632743828851261e+20 6.061952267620920852e+20 5.506859145272089641e+20 5.489908427434259907e+20 6.427563621000498381e+20 8.932845331981046907e+20 1.329559695555202908e+21 1.801436536077963756e+21 1.952522964316975530e+21 1.643336285757602005e+21 1.154191567202492350e+21 7.537325539784227553e+20 4.974300549214310236e+20 3.452165633121689272e+20 2.533571803373914030e+20 1.946289227768034427e+20 1.547922293607611105e+20 1.272106122091123835e+20 1.098563675361385021e+20 1.047011371201775370e+20 1.194673225137580114e+20 1.724515469187471442e+20 3.007762949794050867e+20 5.652416216776424817e+20 1.016579277758968758e+21 1.558394259549904437e+21 1.830254012304363094e+21 1.570014510846607884e+21 1.030616884053773124e+21 5.720732099398585549e+20 2.947642989068465275e+20 1.508345541713210245e+20 8.044706771779492250e+19 4.631212091397636096e+19 2.935760176622671872e+19 2.055530517843222528e+19 1.579006357046418432e+19 1.328746091533543424e+19 1.248277786572393677e+19 1.368413460542307738e+19 1.832221166312374477e+19 2.994928511006196122e+19 5.658472738625320550e+19 1.155236251672163779e+20 2.414774247752381891e+20 4.931480296659360154e+20 9.282315581590099722e+20 1.479901247484385821e+21 1.810677467039269126e+21 1.606642685824986776e+21 1.070177984339605848e+21 5.886297870306771599e+20 2.939417596335173796e+20 1.436754928108518932e+20 7.404272469192386150e+19 4.418207521566461952e+19 3.320918065411044557e+19 3.146578200019591168e+19 3.489686650675245466e+19 4.233227518038337946e+19 5.455867200163991552e+19 7.466510128350053990e+19 1.098295343340584305e+20 1.753412635557212652e+20 3.016187429734724403e+20 5.406079490137492029e+20 9.477225162358634578e+20 1.479638006913160708e+21 1.844287253263100936e+21 1.708369059722615063e+21 1.204521503739567145e+21 7.208057379489257882e+20 4.225193158882048082e+20 2.802650409416490025e+20 2.300182086067468370e+20 2.287112314455867392e+20 2.542903395635193446e+20 2.968845163468976292e+20 3.526360650340591862e+20 4.204368861958164316e+20 5.003157777660038349e+20
1.344693332197915492e+21 1.204007868845105086e+21 1.063352724765565780e+21 9.278409027652355359e+20 8.011583314675332547e+20 6.856790647724222710e+20 5.827395830897889116e+20 4.930451940030834934e+20 4.172574431071475466e+20 3.569534705475854664e+20 3.164106676510019420e+20 3.061020533496885412e+20 3.491222382279118029e+20 4.898933906489196544e+20 7.919478916807103611e+20 1.275850359187743441e+21 1.758606328947581125e+21 1.858227083556984717e+21 1.479834302726101533e+21 9.599736473571409265e+20 5.666267942959024046e+20 3.333421547380966687e+20 2.066831949351617823e+20 1.381293607636434616e+20 9.939689342213724570e+19 7.639542392218314342e+19 6.296837524152818893e+19 5.767565707819655168e+19 6.321760861721100288e+19 8.837947015428802150e+19 1.531956241683106693e+20 2.974247662373392220e+20 5.838950152501185741e+20 1.057078348822148678e+21 1.594799823143312818e+21 1.817584935848187003e+21 1.506614060239510045e+21 9.584476621845341143e+20 5.165339205177125765e+20 2.571693613579927224e+20 1.256201004668513485e+20 6.295953258121202074e+19 3.375376366299009434e+19 2.017773245890707456e+19 1.389389847443826278e+19 1.115991152462585242e+19 1.041836221755328512e+19 1.125784207575385088e+19 1.413608013096074650e+19 2.069091134394888192e+19 3.483704895127576166e+19 6.529136641066124083e+19 1.306715879716121969e+20 2.678237875809761690e+20 5.371076630782638817e+20 9.906407066003522191e+20 1.537662733531040973e+21 1.819928183463831667e+21 1.563974283271408976e+21 1.019639568000436797e+21 5.576265811870300897e+20 2.830103722919876362e+20 1.462142679614919803e+20 8.523199446006780723e+19 6.176151149795681075e+19 5.656758466699614618e+19 6.092756062819124019e+19 7.135905447852872499e+19 8.712356926143714099e+19 1.094216505170642207e+20 1.418099762961378509e+20 1.920162280009073295e+20 2.758596919244312084e+20 4.236605691505103340e+20 6.844006457153918075e+20 1.102189296156671738e+21 1.611039174527540265e+21 1.912510834828631867e+21 1.724999449697752449e+21 1.226442240938640933e+21 7.819970248606213734e+20 5.262055581483452989e+20 4.219517306445035602e+20 4.076076336696305910e+20 4.431817105433059000e+20 5.083804615582840259e+20 5.939009818643984548e+20 6.955138517160787968e+20 8.108743765190924042e+20 9.378671268752701522e+20
8.054275224812085576e+20 6.892365149792596132e+20 5.852029876869235343e+20 4.936082117367821763e+20 4.141130480710875873e+20 3.460166799124978074e+20 2.885096851082660086e+20 2.409690325672297759e+20 2.034096948361757983e+20 1.773405673519809823e+20 1.675355076748071076e+20 1.856693788187117158e+20 2.570440831683320545e+20 4.292618446707245056e+20 7.671503857758080860e+20 1.279949582628495557e+21 1.752750231309181256e+21 1.794756194816197919e+21 1.365826352965619548e+21 8.374132491875176940e+20 4.599390349972354499e+20 2.467972665307704197e+20 1.374523232618604298e+20 8.258668676796042445e+19 5.462337028594724864e+19 4.024593736462490829e+19 3.391958726947661824e+19 3.475373179440458138e+19 4.609003949798066586e+19 7.770034854983437517e+19 1.513137145702576620e+20 3.092414865729144095e+20 6.158029760216162632e+20 1.107381498458545455e+21 1.634507566842289062e+21 1.804601201494161359e+21 1.448294365772342886e+21 8.978542703688148582e+20 4.744403453793105347e+20 2.320357864899969679e+20 1.111741471241479291e+20 5.467134669933426278e+19 2.914412610462513152e+19 1.802163314861883802e+19 1.362712487850174259e+19 1.256362265453391667e+19 1.347394463080248115e+19 1.609486681719174963e+19 2.104023408256644301e+19 3.017333383049157837e+19 4.780043649785246515e+19 8.336694340835973530e+19 1.568029706666451272e+20 3.068723223402605445e+20 5.946800101722148045e+20 1.064474560186283721e+21 1.599953113832913895e+21 1.828611541027650011e+21 1.524989685846168306e+21 9.793269886892503204e+20 5.401554018355534234e+20 2.874925526164793917e+20 1.664130977840012001e+20 1.171831909088645775e+20 1.041315590563912581e+20 1.097175367358853120e+20 1.262414908971156603e+20 1.509100849469514056e+20 1.835326884532957020e+20 2.257927760220422472e+20 2.816424357749986099e+20 3.589361027740115272e+20 4.727846901687816028e+20 6.504408940523171348e+20 9.320809360322968945e+20 1.343249498445143081e+21 1.798167023622978535e+21 2.018744411647463129e+21 1.794818131423397413e+21 1.329749955663572500e+21 9.479682045402666762e+20 7.537233222305744159e+20 7.050002640667579515e+20 7.428422457825413038e+20 8.290341588771192177e+20 9.428838836517711380e+20 1.072859437884097823e+21 1.211090604072614756e+21 1.350573253138337497e+21 1.484018842920108425e+21
4.165994497220969103e+20 3.477979200809032090e+20 2.892345028210688983e+20 2.397953161312705905e+20 1.983847973904478372e+20 1.640211143901698458e+20 1.359485372069435802e+20 1.138275520789526610e+20 9.812752404637912269e+19 9.098571920132032102e+19 9.807594536902791987e+19 1.324844015376164127e+20 2.217869672460985958e+20 4.165515733821636608e+20 7.817492065699311124e+20 1.312660719069475111e+21 1.763419538193895391e+21 1.746657496515530981e+21 1.280288431486567186e+21 7.549651377810944819e+20 3.960425605899102454e+20 1.998792769792477102e+20 1.026421767699043615e+20 5.611946333785450086e+19 3.412628237043510477e+19 2.428843716566822912e+19 2.167903836956896051e+19 2.589496682636193382e+19 4.086278717179387904e+19 7.731560789390435942e+19 1.586845668074611999e+20 3.297727170914073969e+20 6.557987164872008008e+20 1.163149214808164008e+21 1.673965505068749816e+21 1.788877180364927009e+21 1.392321452125091267e+21 8.444823281174980854e+20 4.406271982660627988e+20 2.145123968993826570e+20 1.035129708044829327e+20 5.262413404951543808e+19 3.055329687911397376e+19 2.195536914938027622e+19 1.979552808596430029e+19 2.102249087529066906e+19 2.449641765707044864e+19 3.013355788072164966e+19 3.874742921776703898e+19 5.247915484615756186e+19 7.607637062848908493e+19 1.197223601534679122e+20 2.045117338227679232e+20 3.704976176328346829e+20 6.777394419811792978e+20 1.159369119400179007e+21 1.673114120438659154e+21 1.842573851729524949e+21 1.497670405636965794e+21 9.593893367519334892e+20 5.486705337393228022e+20 3.226335640849797612e+20 2.228040098727040778e+20 1.922270357896547533e+20 1.979700235896388649e+20 2.242474993772688507e+20 2.644338695250881413e+20 3.164198403228515697e+20 3.804241261904264561e+20 4.582211973446012764e+20 5.533083014600521810e+20 6.719868497407005164e+20 8.254983017746192138e+20 1.032498884248419303e+21 1.316547130415634448e+21 1.680467783769467388e+21 2.035622890385311793e+21 2.165863917830991512e+21 1.943476653121562739e+21 1.558595640537211994e+21 1.270924391119175811e+21 1.155141636871332561e+21 1.167167527349927674e+21 1.250027560813239992e+21 1.364795420796212740e+21 1.487708201552590930e+21 1.603280113219583869e+21 1.700233791905182253e+21 1.769969819248862953e+21 1.806405294666361078e+21
1.995216990981714739e+20 1.645861943515078656e+20 1.355509849326099661e+20 1.115374714815996068e+20 9.180653336665225626e+19 7.579266511083809997e+19 6.317988950850739405e+19 5.407963635500989645e+19 4.944074544346846003e+19 5.197245794462997709e+19 6.815980958624712294e+19 1.124170947933055549e+20 2.145147569868914688e+20 4.277280099346366464e+20 8.160538020685875773e+20 1.358413066813409591e+21 1.779208287593376252e+21 1.704271430147249013e+21 1.209608374723657597e+21 6.936692696712092058e+20 3.539030662548776550e+20 1.725213614622023352e+20 8.454918275713597440e+19 4.371593797785296896e+19 2.545339459332389683e+19 1.834895697756801843e+19 1.805037550144061235e+19 2.460790361420854477e+19 4.251792467547479245e+19 8.348805306075488256e+19 1.726775627342277509e+20 3.572807083442162237e+20 7.026624904338564710e+20 1.223143377208700568e+21 1.711968486449269703e+21 1.770004503590830080e+21 1.338371406504488075e+21 7.973156454293231370e+20 4.139197117322074522e+20 2.039032821147638170e+20 1.027293026930634424e+20 5.782915284744708096e+19 3.999271033828659200e+19 3.508110515969230029e+19 3.671339877411722854e+19 4.222459918884671488e+19 5.075482021568871629e+19 6.247951326442969498e+19 7.850282719949502874e+19 1.013320667525452595e+20 1.362033813357200835e+20 1.939378702963365970e+20 2.962727908804729242e+20 4.829871058512883876e+20 8.095821519149911245e+20 1.293482718226675401e+21 1.769138164831003083e+21 1.873382780375830888e+21 1.498062264237270499e+21 9.807803185641194783e+20 6.089746387651390341e+20 4.194192735878352077e+20 3.519748277668047749e+20 3.529109007871011717e+20 3.919482819521325957e+20 4.547466636512992952e+20 5.351998123898589020e+20 6.309707256614482084e+20 7.412767600961582531e+20 8.659152809580181586e+20 1.005038413220133863e+21 1.159553483845714051e+21 1.332136323937388462e+21 1.528324470425804603e+21 1.754709574753975271e+21 2.005137133818055492e+21 2.225206528080504685e+21 2.296033281524104167e+21 2.149276434029547618e+21 1.901992924502978724e+21 1.723071147730618548e+21 1.662667971377290019e+21 1.683301955292333867e+21 1.735760525530051379e+21 1.785876604340663747e+21 1.814179865434859241e+21 1.811090613558515597e+21 1.773570128612057678e+21 1.703156279860190249e+21 1.604579195918780203e+21
9.218297362961167155e+19 7.568365399462567936e+19 6.214294599277177242e+19 5.108843365792716390e+19 4.215950128632301158e+19 3.513700478412507136e+19 3.002394477210886963e+19 2.724016793465754010e+19 2.807043210145262797e+19 3.566775904362058547e+19 5.723124462749533798e+19 1.084501602131880346e+20 2.212566898480731914e+20 4.514052895030024602e+20 8.607855665315819028e+20 1.409690150280720286e+21 1.794517249866699375e+21 1.662808512703340216e+21 1.146801306445293814e+21 6.440016934770750259e+20 3.233557587819950244e+20 1.553867910734374502e+20 7.524452227645269606e+19 3.894492496551753318e+19 2.357815885230139802e+19 1.867061120491041587e+19 2.042260099120494592e+19 2.933128412334664499e+19 5.047542083628942131e+19 9.656373559519544934e+19 1.944798094224539648e+20 3.935695962104374886e+20 7.582663192999396639e+20 1.288519412273497244e+21 1.749114139917562151e+21 1.749286968159046205e+21 1.288246987650820211e+21 7.581771174559825265e+20 3.965686446501811978e+20 2.033374272662935962e+20 1.131008346157668762e+20 7.591886300886672998e+19 6.466811620126908416e+19 6.643839526892950323e+19 7.556792338280351334e+19 8.987667456737442202e+19 1.089056567323612938e+20 1.332207577503485788e+20 1.643381271982099005e+20 2.051985365744952607e+20 2.614350961152454820e+20 3.440071834453998305e+20 4.738275078085478973e+20 6.869303018706260460e+20 1.027973614848133562e+21 1.493433477198822244e+21 1.904890502828138168e+21 1.939928029234566791e+21 1.554826292334118044e+21 1.081697417767169688e+21 7.672885674991893873e+20 6.309995933702540493e+20 6.127840162022647398e+20 6.619150500488449884e+20 7.495575658306960097e+20 8.609544070181979423e+20 9.880405313060760453e+20 1.125197492072589296e+21 1.267190159384152900e+21 1.408391492187211956e+21 1.542873388383110955e+21 1.665263345559431021e+21 1.772445914217913778e+21 1.866183922850375139e+21 1.955967055689381052e+21 2.057945253396843594e+21 2.178826968119100834e+21 2.282229843007780159e+21 2.296042699965975757e+21 2.207284309149299769e+21 2.085441719030079029e+21 1.983636313085039346e+21 1.902331491424472400e+21 1.822691354582152118e+21 1.730656230041592005e+21 1.621190048364172149e+21 1.495682568734553932e+21 1.358891706778798260e+21 1.216751928876439175e+21 1.075006601425396433e+21
4.214726831547569766e+19 3.466968758882621030e+19 2.860949330513109811e+19 2.375475703013147034e+19 1.997163053205251277e+19 1.724118601791194317e+19 1.575186799571716915e+19 1.611542206531975782e+19 1.985671606390244147e+19 3.050247698841156813e+19 5.592937686992316826e+19 1.131042055716690821e+20 2.361230389774666957e+20 4.829655676403347620e+20 9.121612022761881600e+20 1.463198240257392509e+21 1.806944360115402441e+21 1.620483165630583538e+21 1.089004883705716670e+21 6.019532469192095171e+20 3.003120124461641236e+20 1.450335784024966922e+20 7.220312667709580902e+19 4.025586698527811994e+19 2.792000225556403814e+19 2.563843793765277696e+19 3.016378828107095654e+19 4.245938875324465152e+19 6.821503322742151578e+19 1.211482112558863483e+20 2.297482537412516905e+20 4.449416796207090237e+20 8.285246497567111905e+20 1.363477087583076090e+21 1.788267853664943604e+21 1.730400368948315947e+21 1.246825533383894630e+21 7.328980695106488893e+20 3.957375045286622003e+20 2.217483740398926889e+20 1.456996434124042404e+20 1.204824331674759004e+20 1.211150321592798413e+20 1.359966451082208051e+20 1.603005279238808535e+20 1.924603602615135437e+20 2.325304589275136000e+20 2.815228426135918346e+20 3.412987022448543007e+20 4.149229597393714545e+20 5.076425070046925292e+20 6.288432816816041492e+20 7.951497697812912538e+20 1.032614842898564252e+21 1.366931728330289316e+21 1.773199715269133730e+21 2.086091946077497328e+21 2.060294994909097624e+21 1.705461183891651690e+21 1.313501901246618665e+21 1.081396234461939106e+21 1.014479967118669513e+21 1.053901997452587827e+21 1.150219223939799450e+21 1.273087743814902743e+21 1.404141193048175673e+21 1.530726555026873123e+21 1.642771469934882456e+21 1.731832680207925903e+21 1.791357261911932273e+21 1.817558627102151148e+21 1.810647803297818214e+21 1.776549251633669734e+21 1.729689989440150176e+21 1.697398241306925859e+21 1.723171725717044986e+21 1.853545085618943689e+21 2.080131765442207547e+21 2.273694968488730558e+21 2.279893126647351869e+21 2.106171249383403684e+21 1.867741671819410407e+21 1.639423482589184262e+21 1.438267949102983807e+21 1.260062122634619650e+21 1.099158542121191735e+21 9.526553426720754237e+20 8.196644567608809226e+20 7.000907837076049756e+20 5.938779311552769556e+20
1.975942553865363456e+19 1.656905217264605389e+19 1.407971253082410803e+19 1.221898018582355968e+19 1.097487110365506560e+19 1.044000096171792179e+19 1.091556455775806874e+19 1.314854007600291226e+19 1.886444179034699366e+19 3.194468524352555418e+19 6.094994759338891674e+19 1.241533658528689684e+20 2.578008354982798295e+20 5.217244837618299699e+20 9.696017094134274458e+20 1.518071711923371246e+21 1.816019122057734259e+21 1.577489569364471448e+21 1.036040559249808949e+21 5.669847963579441480e+20 2.845273754250170204e+20 1.419314557449817784e+20 7.679871247035777024e+19 5.003722932995314483e+19 4.199038340048778854e+19 4.402101479340725043e+19 5.346751988647448576e+19 7.180673138764735283e+19 1.053671935753635922e+20 1.687966325399055237e+20 2.917708164616842772e+20 5.254893430305241170e+20 9.262192888840193311e+20 1.457165908737739457e+21 1.836000493824769262e+21 1.721276288050292589e+21 1.224723141171959300e+21 7.347117906821893325e+20 4.276391289659951022e+20 2.788326393719609426e+20 2.242289518041421251e+20 2.197804249076083917e+20 2.427067327623157514e+20 2.827441687367524680e+20 3.358720100767992381e+20 4.009864151844861379e+20 4.782961386831847752e+20 5.685832174617431900e+20 6.729168005505831404e+20 7.926959212472396677e+20 9.300813780244126761e+20 1.088966817068618613e+21 1.276402815171324281e+21 1.502857504192346980e+21 1.774523179440397353e+21 2.062912704535739761e+21 2.258152211816353104e+21 2.215672668170861937e+21 1.958149978073272156e+21 1.689670497195059577e+21 1.548397794766088307e+21 1.531786356104746762e+21 1.586213636064774193e+21 1.665336467048100004e+21 1.739735580371535004e+21 1.792239350038951363e+21 1.813444881172997603e+21 1.799375939553729184e+21 1.750371781932536300e+21 1.670394685136359916e+21 1.566481093701472092e+21 1.448548646894997078e+21 1.330210282577912660e+21 1.231660711342823178e+21 1.185552552577617363e+21 1.242975880157368680e+21 1.460396423583206736e+21 1.823053975613379969e+21 2.133804127662878228e+21 2.135913978509383696e+21 1.843180612432333636e+21 1.472167775796631962e+21 1.159718412453133025e+21 9.269198585239882957e+20 7.542071594024637563e+20 6.212812040980468859e+20 5.149966306699440947e+20 4.277740855795462308e+20 3.552042634815938232e+20 2.945024789501035479e+20
1.064699262021353472e+19 9.627307425696858112e+18 9.029134557243002880e+18 8.858533299704121344e+18 9.177279650267763712e+18 1.015345793397163418e+19 1.217648425183963341e+19 1.611574127012673126e+19 2.389728109205558067e+19 3.977138018041836339e+19 7.300969439853540966e+19 1.432086249365695365e+20 2.886538564589954662e+20 5.703836242385881006e+20 1.035320011756090819e+21 1.575496395466171744e+21 1.822992246645571453e+21 1.535961877863982694e+21 9.903104600309332705e+20 5.418373458033451991e+20 2.795702524426554573e+20 1.508208963856600924e+20 9.518761064396845875e+19 7.610135466078892851e+19 7.553470916339027149e+19 8.582178502095085568e+19 1.049630070879537889e+20 1.350107032783016100e+20 1.828942193990058967e+20 2.638444174443858493e+20 4.075781974166181642e+20 6.627305745657372344e+20 1.075129171107205087e+21 1.586002920096340640e+21 1.904548358885145575e+21 1.737387139739827569e+21 1.243223324527445934e+21 7.904850804205887160e+20 5.247562970724112138e+20 4.129623704972670403e+20 3.931935884000336282e+20 4.244779250457591808e+20 4.858720148791262577e+20 5.677931773110067528e+20 6.659957918367842304e+20 7.783180098911548211e+20 9.030154569280981565e+20 1.037903650602595123e+21 1.179959491003329413e+21 1.325297402770711380e+21 1.469591910423871619e+21 1.609108359411593642e+21 1.742483875425253065e+21 1.872927312982446440e+21 2.008380243454248354e+21 2.151882875595871486e+21 2.274765667407101690e+21 2.307134879367383745e+21 2.217063572274792104e+21 2.077283087712063324e+21 1.971259447578894795e+21 1.912584490360815223e+21 1.874655415307832132e+21 1.831066578389425717e+21 1.767362152113542791e+21 1.679246044738733998e+21 1.568772778997609136e+21 1.441411139516863087e+21 1.304095861331367821e+21 1.164070971662965146e+21 1.028491728097419723e+21 9.049635433929493709e+20 8.035014535232145326e+20 7.408252220013002097e+20 7.478210696636794143e+20 8.767375542053080924e+20 1.185342537535024005e+21 1.643099004392603386e+21 1.995520363724355142e+21 1.936597907081846850e+21 1.534191894235312816e+21 1.090239928683984585e+21 7.613324110936663654e+20 5.488472369826664284e+20 4.130764110654609162e+20 3.220552501780331889e+20 2.570217305996625838e+20 2.079360579484132966e+20 1.694493915402637804e+20 1.385702296480900055e+20
8.761784167549386752e+18 9.215375234856090624e+18 1.007580367711588352e+19 1.141115423348007322e+19 1.335015351491139994e+19 1.613910967681083597e+19 2.026819795158007398e+19 2.675187181487364096e+19 3.774916932951704371e+19 5.791730351215516058e+19 9.726375173102356070e+19 1.766504975701472379e+20 3.360406203557908972e+20 6.364548499007672156e+20 1.115460618722334867e+21 1.639443852415585485e+21 1.831571685490778702e+21 1.501057636301379207e+21 9.582177726657308918e+20 5.342948993111196303e+20 2.950686657803317740e+20 1.835906952146063524e+20 1.419244576631007642e+20 1.361152620850624266e+20 1.498295623036643574e+20 1.764568574136469422e+20 2.147216130581000356e+20 2.671981878294396928e+20 3.410495512846232453e+20 4.509731225771686625e+20 6.239923516378589430e+20 9.006841738708469678e+20 1.309292174830467023e+21 1.770820954271643075e+21 2.010716419203680436e+21 1.804244445729818411e+21 1.339428169277035774e+21 9.468433846193663508e+20 7.412436521374035476e+20 6.839584436449591951e+20 7.156355264036915118e+20 7.972316855857089085e+20 9.076428212217597133e+20 1.035319428153644941e+21 1.172618747099992687e+21 1.312884161371617362e+21 1.449199830199694524e+21 1.574145299826962596e+21 1.680215783039445762e+21 1.760737303945320858e+21 1.811186293593980535e+21 1.830942970070107423e+21 1.825755532789394440e+21 1.811403005254713475e+21 1.817961344259803054e+21 1.887660579235269706e+21 2.045180705817713705e+21 2.233183529200738370e+21 2.315311582723589538e+21 2.229633543124079608e+21 2.047231713129190654e+21 1.849379895694106821e+21 1.665048161532166799e+21 1.494360695834234061e+21 1.332844008188595143e+21 1.178659592352564511e+21 1.032479925533888086e+21 8.960869648162733425e+20 7.714098584703122801e+20 6.602226811371955159e+20 5.644771913028517888e+20 4.874104759297920205e+20 4.359452981089421885e+20 4.254109650561465057e+20 4.874645621945711985e+20 6.770268217541977702e+20 1.051596337826833760e+21 1.561464725757181559e+21 1.907338537293132595e+21 1.775188226344839545e+21 1.300379727045938643e+21 8.314922449607246479e+20 5.151618603303478231e+20 3.309633829226153247e+20 2.265308388144357704e+20 1.648554224348363817e+20 1.256590474879568773e+20 9.872450235053296845e+19 7.897733302023528448e+19 6.382685847666887885e+19
1.283767434253976576e+19 1.505480110704695296e+19 1.791829455868362342e+19 2.157920951364160307e+19 2.626442582188940083e+19 3.234060093565633741e+19 4.045211321782686515e+19 5.182224578559173427e+19 6.891136469690560512e+19 9.683646348309969306e+19 1.463167847307170447e+20 2.392059526360356291e+20 4.161894191759664087e+20 7.358689584626604442e+20 1.222757233371815608e+21 1.718398169105761829e+21 1.849740588925817717e+21 1.483624472469881487e+21 9.537331049533181788e+20 5.615786247568521298e+20 3.519577725941675459e+20 2.654122856103226900e+20 2.469580319304421540e+20 2.653335353982590976e+20 3.058772852439355228e+20 3.629101423550783160e+20 4.355447624601198920e+20 5.261304490338032026e+20 6.405456570834495734e+20 7.900243931798669885e+20 9.936371882658149171e+20 1.276170382768272310e+21 1.643298422279417102e+21 2.010318349511767359e+21 2.159067907581842031e+21 1.947695655395957932e+21 1.557670712937553854e+21 1.257062624127291228e+21 1.129829987280735961e+21 1.134503856904158708e+21 1.213672907656286962e+21 1.327713018160540025e+21 1.452497391630189068e+21 1.572372781370712261e+21 1.675878203578695287e+21 1.754079152370908135e+21 1.800373552728635605e+21 1.810896693591785341e+21 1.784983255564579766e+21 1.725431977504676774e+21 1.638623820281056330e+21 1.534911788055969923e+21 1.430140894688971850e+21 1.349480089627584102e+21 1.333604249035566744e+21 1.439365269129356378e+21 1.704563615678600839e+21 2.046129522697997386e+21 2.223492460281114395e+21 2.089711580146239799e+21 1.769540416427429462e+21 1.441194746805274804e+21 1.174860066604913656e+21 9.694705734115195617e+20 8.079367257932603064e+20 6.766016448543807242e+20 5.672149366075901215e+20 4.751190929529297961e+20 3.976849313722934231e+20 3.335825539260476293e+20 2.828320947059822100e+20 2.477430276440245535e+20 2.352854051745108460e+20 2.619756560397822525e+20 3.620550289977571410e+20 5.936604639867374141e+20 1.012163164515781181e+21 1.545866355826085069e+21 1.860688275317261861e+21 1.660612621592992940e+21 1.144410253580960530e+21 6.756468031037598597e+20 3.788681332553375416e+20 2.173618559707131412e+20 1.331768535342132101e+20 8.836489143753575629e+19 6.298687150238283366e+19 4.735885336446776115e+19 3.687783835000262656e+19 2.933198686476757402e+19
2.560411892072714650e+19 3.104440534776454758e+19 3.777097160721915904e+19 4.608480281975153459e+19 5.639190969876013056e+19 6.927445537286005555e+19 8.563839327927630234e+19 1.070278194342507151e+20 1.362986611484228977e+20 1.790434807628682691e+20 2.464729715716637327e+20 3.605924593077247017e+20 5.605581778195199427e+20 8.979758139249844552e+20 1.379368147551991628e+21 1.826949014591501500e+21 1.892306136812746703e+21 1.504687297102426669e+21 1.004516865267278676e+21 6.575956747536329605e+20 4.904005147854389248e+20 4.427682185908904264e+20 4.629281791012492411e+20 5.219050588198427689e+20 6.058997650930432737e+20 7.088925277881048760e+20 8.284924531888021832e+20 9.641229640168652145e+20 1.116685954726890701e+21 1.289249243624094826e+21 1.488000402901983035e+21 1.720336499895298949e+21 1.980709630371878666e+21 2.213772526938879951e+21 2.295517481407416893e+21 2.149725320478675698e+21 1.893011460779992154e+21 1.702864541890782429e+21 1.636046167012758258e+21 1.656153664387270312e+21 1.712719219887641461e+21 1.770109714702954922e+21 1.807608048819824493e+21 1.814544113787129561e+21 1.786901360556097143e+21 1.725399342383853994e+21 1.634204499847762936e+21 1.519805963421589176e+21 1.389991269808851124e+21 1.253090302983740588e+21 1.117789128097853604e+21 9.939726144117545370e+20 8.953514628891275428e+20 8.449318609925668864e+20 8.831763930042362757e+20 1.069570957692698231e+21 1.440075619077991170e+21 1.877764134178383462e+21 2.066203965579014177e+21 1.838160181365271429e+21 1.404807825914365215e+21 1.014483201163774657e+21 7.400661911337414164e+20 5.590521187853789430e+20 4.367277656216741478e+20 3.493598031150874624e+20 2.835732327552635372e+20 2.322489300659468042e+20 1.916923596877693911e+20 1.602792814607687352e+20 1.382177100335143977e+20 1.283996124819164692e+20 1.388609034762509353e+20 1.879456987955118080e+20 3.127594966505338307e+20 5.742242601297836769e+20 1.023489562768065954e+21 1.564451869385581396e+21 1.836099350361107857e+21 1.576186711583775523e+21 1.038073449686525018e+21 5.807248757893371003e+20 3.036133845573258445e+20 1.589964871309123584e+20 8.746524959335730381e+19 5.203965840171207066e+19 3.379318712612444160e+19 2.372761004697470976e+19 1.767117464289147904e+19 1.368966540528918528e+19
5.546304551310048461e+19 6.762229503176027341e+19 8.246172781606967706e+19 1.005594845168474522e+20 1.226402804560007004e+20 1.496468052949869527e+20 1.828820489074337055e+20 2.243049142634113270e+20 2.771503391547460813e+20 3.472061379597965722e+20 4.452905226313150628e+20 5.913672571002743685e+20 8.184157529518515159e+20 1.163611541131100553e+21 1.611418599198702436e+21 1.981032272655221260e+21 1.980271895131345388e+21 1.598508905690018611e+21 1.156554573494118515e+21 8.768999247171903816e+20 7.707083564961174651e+20 7.785296209493169275e+20 8.509275295535317647e+20 9.591197328524617974e+20 1.087328483411546604e+21 1.225842871785039593e+21 1.367254425246721376e+21 1.505001778554295288e+21 1.633447905557013332e+21 1.749161904833619296e+21 1.853257964241259594e+21 1.953956006670742061e+21 2.065200315027483787e+21 2.190687840140310086e+21 2.291950533272146805e+21 2.298587720676146151e+21 2.202924712093122036e+21 2.079044756158662836e+21 1.980892009954226995e+21 1.907019950776697487e+21 1.836236170880794493e+21 1.752728787875016737e+21 1.650398463584549208e+21 1.530106025542898156e+21 1.396476466630368428e+21 1.255605339880477950e+21 1.113616755673177260e+21 9.758812483341917880e+20 8.467645118100397097e+20 7.298586811312579543e+20 6.287783646539080008e+20 5.488542357354244997e+20 5.004846456987907523e+20 5.053013819308294144e+20 6.048866782210500854e+20 8.610778628379979284e+20 1.304151884548858708e+21 1.783515240153402835e+21 1.936556507312775234e+21 1.620542714715489960e+21 1.123782177780922974e+21 7.209384275559795917e+20 4.665266934608297984e+20 3.179610022503759217e+20 2.299511610230398976e+20 1.745386232611379937e+20 1.370212448474749829e+20 1.101118683574632120e+20 9.039148451156248166e+19 7.669153304297391718e+19 6.979156562829509427e+19 7.332891653278883021e+19 9.644864245319581696e+19 1.593099176714811802e+20 3.017773383181413253e+20 5.869714136069786829e+20 1.059832462884721263e+21 1.597857289951479333e+21 1.819813179813613011e+21 1.507189775817363685e+21 9.588200028704086426e+20 5.178026749593560678e+20 2.591083090097259807e+20 1.276096947793867899e+20 6.452903997718224896e+19 3.463039770775217357e+19 2.019974919316132659e+19 1.292195605857321574e+19 8.994569847652996096e+18 6.688933796061884416e+18
1.211924684891523482e+20 1.473531199490713682e+20 1.789068540585657303e+20 2.168453963684338401e+20 2.623099423595054039e+20 3.166241822477900841e+20 3.813702620363502387e+20 4.585674939315072532e+20 5.510750392360232550e+20 6.634362281469792748e+20 8.034588586805447885e+20 9.845264207523183329e+20 1.226511972088267407e+21 1.545478695726186234e+21 1.909623828504707334e+21 2.169370780468509671e+21 2.123095678585864192e+21 1.798198226758697484e+21 1.455879620085713469e+21 1.265973376879804809e+21 1.227947471077813780e+21 1.284227814132647723e+21 1.386097487814496616e+21 1.502682783707412038e+21 1.614775191673187074e+21 1.709521584876171821e+21 1.778033125100414566e+21 1.814968653923537125e+21 1.819226464218335674e+21 1.795468714604701417e+21 1.756814020005743297e+21 1.729093653443195961e+21 1.754054774410283057e+21 1.877127979299670065e+21 2.092673971956542079e+21 2.279897087737979994e+21 2.290013895623082770e+21 2.125890172821415133e+21 1.896418134430598824e+21 1.674222700743822934e+21 1.476427324241092280e+21 1.299341493164818039e+21 1.137836303786658628e+21 9.894833142777409700e+20 8.538268765997443318e+20 7.311670368509380526e+20 6.218247939753915187e+20 5.258886549623481958e+20 4.433093006342796739e+20 3.743005205211221197e+20 3.201816462438704087e+20 2.850847397904991846e+20 2.794007398704888545e+20 3.261982604151269622e+20 4.700269917026370191e+20 7.749823677949197681e+20 1.262666943312089317e+21 1.749543828936349712e+21 1.849288708501100298e+21 1.466119521030212944e+21 9.423323059964651766e+20 5.486138939823496233e+20 3.171244514800712417e+20 1.928191933902953185e+20 1.263846314591389286e+20 8.918729976850374656e+19 6.681418875415053926e+19 5.245625923726302413e+19 4.316537053340539290e+19 3.822112523532809830e+19 3.888295151352514970e+19 4.942050900424465613e+19 7.999344496413966336e+19 1.525192755394311946e+20 3.095304855156043940e+20 6.157930889817848545e+20 1.108126848503819665e+21 1.636018150602255630e+21 1.804359849616334389e+21 1.445058246779746124e+21 8.938002047413758198e+20 4.712690229732246159e+20 2.297252202962558976e+20 1.090944934842896712e+20 5.225127676711156122e+19 2.597294999096840602e+19 1.378026405669562982e+19 8.001335237743762432e+18 5.155239933182551040e+18 3.676516331614281728e+18
2.598864613523389481e+20 3.132035087001679299e+20 3.761414831063045243e+20 4.498450641521973658e+20 5.353438668700932506e+20 6.334403568511014666e+20 7.445954100037939364e+20 8.688578945096966472e+20 1.005928281546695639e+21 1.155503228209833705e+21 1.318077909124321116e+21 1.496194781368824365e+21 1.695033228528572957e+21 1.917581567861937668e+21 2.143811388384339821e+21 2.296709937895253213e+21 2.270459744295840907e+21 2.076009012511119245e+21 1.866354612747676418e+21 1.752680908855203594e+21 1.733576765657267569e+21 1.762810006923459166e+21 1.800001966536783299e+21 1.820653991011141288e+21 1.812586522749366960e+21 1.771794593787298185e+21 1.699863747890805735e+21 1.602507559686444417e+21 1.488940774610505826e+21 1.372418297339151122e+21 1.272845053271501177e+21 1.222336626178373190e+21 1.271106341111804199e+21 1.475718440950826795e+21 1.826778487240985149e+21 2.138670072687204762e+21 2.156287975820408652e+21 1.878524384268592873e+21 1.513189979538767217e+21 1.199812695006724227e+21 9.635153957258201661e+20 7.866934489769957130e+20 6.497219577970032640e+20 5.396675294918388613e+20 4.490356255173585797e+20 3.734845190650356695e+20 3.103338336677169070e+20 2.578307514120012431e+20 2.149268170404186030e+20 1.814643129478092882e+20 1.588962379213369508e+20 1.519868033818179994e+20 1.724156309352418509e+20 2.455171177738058465e+20 4.190617164827317371e+20 7.584111609913191956e+20 1.273556953751094297e+21 1.748667912366128103e+21 1.789656264345259606e+21 1.357072326830209892e+21 8.266739540583364690e+20 4.496837135205882266e+20 2.380351742062769930e+20 1.301692985754636288e+20 7.638688465790361600e+19 4.893752842762552115e+19 3.421903216304660480e+19 2.599491371764244070e+19 2.172530954442473062e+19 2.102882846379734221e+19 2.553529086426390528e+19 4.006094485989332582e+19 7.573672091970093056e+19 1.562433842516630897e+20 3.267430020058324664e+20 6.530964056655994552e+20 1.162075570552732910e+21 1.673936271426213642e+21 1.786144256224636436e+21 1.385576161003657232e+21 8.365578224598315172e+20 4.334499604620238520e+20 2.079756129366595011e+20 9.682429697954893005e+19 4.502559431873758822e+19 2.142299201197640909e+19 1.072977555449345024e+19 5.871766173564594176e+18 3.655314857793641472e+18 2.653905750412050432e+18
5.313410186732410634e+20 6.283772936131524690e+20 7.378376053738915758e+20 8.591333060504332534e+20 9.906852001133728891e+20 1.129706163886166770e+21 1.272090107427634282e+21 1.412507726026907320e+21 1.544831331205052105e+21 1.663029804831718244e+21 1.762705448543722668e+21 1.843483662394336477e+21 1.912279758861535281e+21 1.985881837183545377e+21 2.085578707715356361e+21 2.210031159014695895e+21 2.301066409526228419e+21 2.286889369493600993e+21 2.181886727532923585e+21 2.056452781586617205e+21 1.945400965537656734e+21 1.843627931153487364e+21 1.737625767426682520e+21 1.619921582064941400e+21 1.489913106898702828e+21 1.351280209977015796e+21 1.209737061909955871e+21 1.071854308406918382e+21 9.450982379054125548e+20 8.394458704453462917e+20 7.713891565514981376e+20 7.711275080555473142e+20 8.898306092015462646e+20 1.185634813388612436e+21 1.635043364916605485e+21 1.996465711633318543e+21 1.960099351802372948e+21 1.571924109828970775e+21 1.127985844535039885e+21 7.930563496813689569e+20 5.742704489381174313e+20 4.334494664696371610e+20 3.385732854561159905e+20 2.705672386878954209e+20 2.191579089523769672e+20 1.788804839746191032e+20 1.467484852284072428e+20 1.211207855887531540e+20 1.012878591940570481e+20 8.757869483484576154e+19 8.208562349375438848e+19 9.047112553251995648e+19 1.258236505739891835e+20 2.157627845583897231e+20 4.110561927762933187e+20 7.771945245188504945e+20 1.309897530518547464e+21 1.761827490556070855e+21 1.743034778714878509e+21 1.273479690642315280e+21 7.472263772384369050e+20 3.892354317050658816e+20 1.943763732198738493e+20 9.812288144944263987e+19 5.209527856472785715e+19 3.001390503065832653e+19 1.921577189763684352e+19 1.400710550814830387e+19 1.218321382416618701e+19 1.362709672320293069e+19 2.027992680731475558e+19 3.747314785727797658e+19 7.731902556490525901e+19 1.653140272906703667e+20 3.492343719962192118e+20 6.954330649707886674e+20 1.218635006716005581e+21 1.709097995209009005e+21 1.763620694222728856e+21 1.326935774404574183e+21 7.840623832535264133e+20 4.007381913623391764e+20 1.904090999038811505e+20 8.780928229218050048e+19 4.037439915538099405e+19 1.897627533157038080e+19 9.457368256002381824e+18 5.298426253594155008e+18 3.568516188589626368e+18 2.966782550367621632e+18
9.850753917801476915e+20 1.123450783566481457e+21 1.264946147501217415e+21 1.403874905072602710e+21 1.533364217644625953e+21 1.645886890874541179e+21 1.734086715095316955e+21 1.791823258321978393e+21 1.815316078769945444e+21 1.804312527170436071e+21 1.763408399251171443e+21 1.704043590565614322e+21 1.648043403449269223e+21 1.632498828295153648e+21 1.708586235245296353e+21 1.908850452402655461e+21 2.165554595386827997e+21 2.296092584974314635e+21 2.197441486415770419e+21 1.957289988079221998e+21 1.696962603873301955e+21 1.466683528245758657e+21 1.269963028774337118e+21 1.099144254512031597e+21 9.481925866167853384e+20 8.141718232764931113e+20 6.962514751528358380e+20 5.950820420716298240e+20 5.132267560002112717e+20 4.571239825353630679e+20 4.414757877552583148e+20 4.968919454537037906e+20 6.769932227093283471e+20 1.040038782703857435e+21 1.544996969682689327e+21 1.905881726746260668e+21 1.799440940820260717e+21 1.335996132362969154e+21 8.628628780689767793e+20 5.382080678734061896e+20 3.472761310328980767e+20 2.383434206120201748e+20 1.737439784994808136e+20 1.325921600260086661e+20 1.043111156520524022e+20 8.366499224193661338e+19 6.806295375603795558e+19 5.629848416887722803e+19 4.810217396578159002e+19 4.426516128101028659e+19 4.743220396067745792e+19 6.406137126714658816e+19 1.085668387736189501e+20 2.107880671353005343e+20 4.242592784783333786e+20 8.135050708320220611e+20 1.357527553195489624e+21 1.778606387903482823e+21 1.700641727595243110e+21 1.202939081090222785e+21 6.866976729678969569e+20 3.481196930171134280e+20 1.678998371484375122e+20 8.056316797802851533e+19 3.978654047956798669e+19 2.093817776030518067e+19 1.229272064414957978e+19 8.653311067748760576e+18 8.101908677264635904e+18 1.074748008069452186e+19 1.882082667080660173e+19 3.817243356989099213e+19 8.193811710816806502e+19 1.775070595790742815e+20 3.752475626745341542e+20 7.413074773403731231e+20 1.276274734535017234e+21 1.740188096996570563e+21 1.736298125468681896e+21 1.268568334427623522e+21 7.350070805428619182e+20 3.715286218571180278e+20 1.755405761500700672e+20 8.083074749517312819e+19 3.736348453924949197e+19 1.796503363995931648e+19 9.540175774588561408e+18 6.087825428238473216e+18 4.923639862126112768e+18 4.868143932301972480e+18
1.528390597896067351e+21 1.641435131154101174e+21 1.730161727972632166e+21 1.788089073843408470e+21 1.810726013760432243e+21 1.796315477652082786e+21 1.746186220899557966e+21 1.664663048743895958e+21 1.558671751205952946e+21 1.437389385043985826e+21 1.312537092406687564e+21 1.200227959224147640e+21 1.125515792981291303e+21 1.129525243593991127e+21 1.270476598741452456e+21 1.584834223859990004e+21 1.972977592563768754e+21 2.158656626812745679e+21 1.983371535957113438e+21 1.608813085306071810e+21 1.246556494221022855e+21 9.709729206300438692e+20 7.727503470207075615e+20 6.269796231140009574e+20 5.151706323533228278e+20 4.265613113891548692e+20 3.555779291843170796e+20 3.001082769828459315e+20 2.613365416384386499e+20 2.454715471474149949e+20 2.681982949047009280e+20 3.625392458357321236e+20 5.852970346669189366e+20 9.932059473941670134e+20 1.524880151487172313e+21 1.859193334679158915e+21 1.685872991574800728e+21 1.178032715652071293e+21 7.023488501491184435e+20 3.963706658223625994e+20 2.283523029092037755e+20 1.402895544412945777e+20 9.324896899488586138e+19 6.656507837659737293e+19 5.016231054314486989e+19 3.927784956621998490e+19 3.171716293040102605e+19 2.660853648859155251e+19 2.398778361766227149e+19 2.497054979480895898e+19 3.263323846843214234e+19 5.414258295666023629e+19 1.052009830506467000e+20 2.178613229882459423e+20 4.482373431320527503e+20 8.587852410409417441e+20 1.409464833258022240e+21 1.793808480789204304e+21 1.658098867175460962e+21 1.139035669519028978e+21 6.362850535084511724e+20 3.168873432926462935e+20 1.498300858380838502e+20 6.988535343971776922e+19 3.307774894418822758e+19 1.643449302707714867e+19 9.125213954136355840e+18 6.409103751465652224e+18 6.625385939611855872e+18 1.009246464005931622e+19 1.933013910801557914e+19 4.073133040009798451e+19 8.851482222496571392e+19 1.920475914542046904e+20 4.042367687051330847e+20 7.901968550224662364e+20 1.334205270613534966e+21 1.766521316156021932e+21 1.704274731189624898e+21 1.210569891327492489e+21 6.889957837678710620e+20 3.452754322836123812e+20 1.629469016415076352e+20 7.567229521834251059e+19 3.599806663176773222e+19 1.862002089201110630e+19 1.144405937087665971e+19 8.960130248233759744e+18 8.725276063606253568e+18 9.689175451304075264e+18
1.810357544469901345e+21 1.797162233303643718e+21 1.747900937511190397e+21 1.666479627432266039e+21 1.559011078965749350e+21 1.432923447697644192e+21 1.296040785624998871e+21 1.155873609430492774e+21 1.019329275924773339e+21 8.930681375832938906e+20 7.848788063504113336e+20 7.067908451777199473e+20 6.809892319511719444e+20 7.482683083599350333e+20 9.688532859514974372e+20 1.375214753639005159e+21 1.833668127741222584e+21 2.005902494434857583e+21 1.735724796866981265e+21 1.270199545649279795e+21 8.713401584663902290e+20 6.045855251605730099e+20 4.381823335604140769e+20 3.322044558977792737e+20 2.607331808163976643e+20 2.098144756498396611e+20 1.727237924417583514e+20 1.471948289815178281e+20 1.348487619522977137e+20 1.428786925574465454e+20 1.887183639175477985e+20 3.081669375230227251e+20 5.608634164714702111e+20 1.000059718680846139e+21 1.541551757817313231e+21 1.836255868497377886e+21 1.603050847761283154e+21 1.070581552353475428e+21 6.046173468039915766e+20 3.180137374447108096e+20 1.671886415787626988e+20 9.221483359633083597e+19 5.497168986607904358e+19 3.577177910361407078e+19 2.522750999160834867e+19 1.902050576232436941e+19 1.525381918232493670e+19 1.327775202390209741e+19 1.332807500082828288e+19 1.675686514623315149e+19 2.700901188101489459e+19 5.193261711502796390e+19 1.085387814295090463e+20 2.311353476254750474e+20 4.782351885565311713e+20 9.090476100624495411e+20 1.462252702879226528e+21 1.804927727099085586e+21 1.613519932472131060e+21 1.078773640115762233e+21 5.917761431911070433e+20 2.910895149487869788e+20 1.361178621717225144e+20 6.264155629209238733e+19 2.912233366407305216e+19 1.419270629973670912e+19 7.863918654368765952e+18 5.817560036648462336e+18 6.632762929778154496e+18 1.083344445447494246e+19 2.123982642926690304e+19 4.482176604509786931e+19 9.694846303618667315e+19 2.090436548230559826e+20 4.364405870798297498e+20 8.422193637903766651e+20 1.392115382294306095e+21 1.787853371660494176e+21 1.668084105660879077e+21 1.153511990010277003e+21 6.462757319272953283e+20 3.222054388852457472e+20 1.530433185876123320e+20 7.300715022287759770e+19 3.724212609647049114e+19 2.223300380686396211e+19 1.683978438908013773e+19 1.603314742922079642e+19 1.762520990822705152e+19 2.072423524340224410e+19
1.563344388460079481e+21 1.437605043761347035e+21 1.300487370811657683e+21 1.159149911912109834e+21 1.019671640676575347e+21 8.867816841073195745e+20 7.638772194255717007e+20 6.532984151107983114e+20 5.568766638131267502e+20 4.769018264798988206e+20 4.179116257723473592e+20 3.901361401664178094e+20 4.157921168959813059e+20 5.377755947551788892e+20 8.187001603579074314e+20 1.284038638371600335e+21 1.767068395142764823e+21 1.894458018046780375e+21 1.545938993388598591e+21 1.035194006432009028e+21 6.355642728948668826e+20 3.914667683002882458e+20 2.544271687559995392e+20 1.771076684733609083e+20 1.311846962788378542e+20 1.022786798628925604e+20 8.393679063332983603e+19 7.443174222599471104e+19 7.612760149647600845e+19 9.731044764540080947e+19 1.571776840148723958e+20 2.942150845731365519e+20 5.703568035583885967e+20 1.033505213564356526e+21 1.574576475764895252e+21 1.822603798897015652e+21 1.535979366456719311e+21 9.907877493163897651e+20 5.400020756414779884e+20 2.717637968598657597e+20 1.343335312662270280e+20 6.810102134036398080e+19 3.662282351657469542e+19 2.142597033490608538e+19 1.382013447473849344e+19 9.871770653348052992e+18 7.908836292593258496e+18 7.436387343090328576e+18 8.834566604152348672e+18 1.365166942955980186e+19 2.568206027329986560e+19 5.346820102907763917e+19 1.153859666807517348e+20 2.480612050496153846e+20 5.121945406211132621e+20 9.624463908517398446e+20 1.514086192116455440e+21 1.810794263716071211e+21 1.566313814860336464e+21 1.020915130124424053e+21 5.512525791246421852e+20 2.687187764923973304e+20 1.249935608615932232e+20 5.738541192166892339e+19 2.679000814128063693e+19 1.336862440318598758e+19 7.921291947908833280e+18 6.525577073834463232e+18 7.991960979977518080e+18 1.305490257114912154e+19 2.485507376577260339e+19 5.098073494561661747e+19 1.080189065354216571e+20 2.295026250034314609e+20 4.729719215050652385e+20 8.982325311385208095e+20 1.450236148063011340e+21 1.804439122674841289e+21 1.628781537816226824e+21 1.098567855883718754e+21 6.078932873050390528e+20 3.035361970138872545e+20 1.474131351507039683e+20 7.487675767428608819e+19 4.367536488291910451e+19 3.202163878744903680e+19 2.971012279836673638e+19 3.221302275799014605e+19 3.764639648969286451e+19 4.534673732783144960e+19
1.024711372816340091e+21 8.912412426457975357e+20 7.673202489306526515e+20 6.549030905211204403e+20 5.548826638286444954e+20 4.673843113649206723e+20 3.920854461044226785e+20 3.285825538167190979e+20 2.769015497265272914e+20 2.383828192845017252e+20 2.174312556357857444e+20 2.250544050404557783e+20 2.854199696735752028e+20 4.445687735001391432e+20 7.669178444462416200e+20 1.268007748142100382e+21 1.748964957960008368e+21 1.820753907544729584e+21 1.414277914293429338e+21 8.869490658149076828e+20 5.004776648035235922e+20 2.779363275918923203e+20 1.613376328380760719e+20 1.011583626385259561e+20 6.921520023799532749e+19 5.172495220026965197e+19 4.283145544507432141e+19 4.138229546322312397e+19 5.041655390468255744e+19 7.923011657339263386e+19 1.487247397709522862e+20 2.999820410635097866e+20 5.967239355950061322e+20 1.079719743123075367e+21 1.613295194424109695e+21 1.810326947813905400e+21 1.475834775403084382e+21 9.254685624676049224e+20 4.923308279832625152e+20 2.413048361763471688e+20 1.149897794454330573e+20 5.520380970274289254e+19 2.749390080881194189e+19 1.463947564631759053e+19 8.611786256433034240e+18 5.814637829041178624e+18 4.758150212945440768e+18 5.067899176809820160e+18 7.243904540603614208e+18 1.301834721882353459e+19 2.654093147114737664e+19 5.708386204292191846e+19 1.244621807633584456e+20 2.676839955738295337e+20 5.493643204013720863e+20 1.018157786534465110e+21 1.563955104630193783e+21 1.810941942366362141e+21 1.516575312763536540e+21 9.651265652270041661e+20 5.139630337476031283e+20 2.490092408069928059e+20 1.158666476797489152e+20 5.374518412278160589e+19 2.592859206107902362e+19 1.402634251342936064e+19 9.580789633393592320e+18 9.047914921378432000e+18 1.147056369150431437e+19 1.780857822798638080e+19 3.155208658163688653e+19 6.095338887996235776e+19 1.238712502669614121e+20 2.559327122910252564e+20 5.164633756253826580e+20 9.603940471880579809e+20 1.509736717762168619e+21 1.817356093225630433e+21 1.588342010053071471e+21 1.048057385524418052e+21 5.763875768082460836e+20 2.923448043054474199e+20 1.498991796107489444e+20 8.605477495229954458e+19 6.118260275792566682e+19 5.520352763046930842e+19 5.887585749006619443e+19 6.824740760730565018e+19 8.184453055426445312e+19 9.936211025089390182e+19
5.582484037676638536e+20 4.699879517628388475e+20 3.935812044048994140e+20 3.281629233188446536e+20 2.727005450256958423e+20 2.261503158654838702e+20 1.876147445084825846e+20 1.565607633040918774e+20 1.332207020562944819e+20 1.194321980377360138e+20 1.204432677054636360e+20 1.486556966222293565e+20 2.305215567007075533e+20 4.151642228711043236e+20 7.677019323834259210e+20 1.290999339804212593e+21 1.754840412594149261e+21 1.768207892358579618e+21 1.318983842677631746e+21 7.904012182663140475e+20 4.216558789843492536e+20 2.173079115320894751e+20 1.146396115758196326e+20 6.459165114593622426e+19 4.016547792838243123e+19 2.847892769295605350e+19 2.429429196825160909e+19 2.696667399662482227e+19 4.013383828346522010e+19 7.405486322438620774e+19 1.513330097123248701e+20 3.156093446583419535e+20 6.318993849103699149e+20 1.132048483464830648e+21 1.652423299072649855e+21 1.795583423411559072e+21 1.418241426172531180e+21 8.679682305128373944e+20 4.536204310084071588e+20 2.187892657915293532e+20 1.021824103226260029e+20 4.760607866155904205e+19 2.267329038726644122e+19 1.138041826607872205e+19 6.316051045013207040e+18 4.186961734236810240e+18 3.661226244025458176e+18 4.469152235547474432e+18 7.222948856863029248e+18 1.384141692950507110e+19 2.884914467848912896e+19 6.229564155718394675e+19 1.355164978833348035e+20 2.899495365151306547e+20 5.897556603356775055e+20 1.075945469637029396e+21 1.611314073229727367e+21 1.805364701105606099e+21 1.464841545588237926e+21 9.116369943973414830e+20 4.798864112661678653e+20 2.320042952659286753e+20 1.089787373963668029e+20 5.219874331916572262e+19 2.727330450530326528e+19 1.718671726803298099e+19 1.418975343007684403e+19 1.511331667908218061e+19 1.924872393910939648e+19 2.781141369795331277e+19 4.468231840711332659e+19 7.882208031338784358e+19 1.493701209274013123e+20 2.938697288620095242e+20 5.726047687647582618e+20 1.033439732458791764e+21 1.573608461716925710e+21 1.829255180769683833e+21 1.550623484588591415e+21 1.006753442247202832e+21 5.574430363522016215e+20 2.955992361494431662e+20 1.690784278854780191e+20 1.170407955386282639e+20 1.025479747117281116e+20 1.072740519706079724e+20 1.230351689003883889e+20 1.465867555065153454e+20 1.770142112298018406e+20 2.145139390965336965e+20
2.744003713305510216e+20 2.272135952774417940e+20 1.876760955194411909e+20 1.547386670983157187e+20 1.274748990678439199e+20 1.051297185756531098e+20 8.720142789026059059e+19 7.361697081504645120e+19 6.512692492782680474e+19 6.419143787925579366e+19 7.691732325170895258e+19 1.170678886822506004e+20 2.133170580492477727e+20 4.176179725348625449e+20 7.946852230106458358e+20 1.332236408142663778e+21 1.769684406958720025e+21 1.724549460391937442e+21 1.243054678050556346e+21 7.213139562163428393e+20 3.715075546511337062e+20 1.827045445537741537e+20 9.020352396603177370e+19 4.660591632505931366e+19 2.646863050833134387e+19 1.787004416624715776e+19 1.615517759540496589e+19 2.113554662631940096e+19 3.701381440309866496e+19 7.501568876526292173e+19 1.594910108857806684e+20 3.366314136086091530e+20 6.722129299973048893e+20 1.187297925038299677e+21 1.689314098963404554e+21 1.776680317797716722e+21 1.361300820664768528e+21 8.151532238810677248e+20 4.201064315608555848e+20 2.005862660761020334e+20 9.274657014884274995e+19 4.267182812864844595e+19 2.001620654024334131e+19 9.932503903419727872e+18 5.583930170338883584e+18 3.955284692723316224e+18 3.859403290998140416e+18 5.126228026657955840e+18 8.482476286914225152e+18 1.604570516664897331e+19 3.274361545314985165e+19 6.945691990064991437e+19 1.491193501213192684e+20 3.156039342717802250e+20 6.341035947811652239e+20 1.136132284636653289e+21 1.656057560612436443e+21 1.794514171556383687e+21 1.412112171335997981e+21 8.612613298963821363e+20 4.497644212038083543e+20 2.186512016121319588e+20 1.056068566562552381e+20 5.441506394057605939e+19 3.294889588182166733e+19 2.551316417556456243e+19 2.505639240606852301e+19 2.880638564954609254e+19 3.634625883656818278e+19 4.920354151482432717e+19 7.170734457631352422e+19 1.135501145442190623e+20 1.950345841999880847e+20 3.550604940617558262e+20 6.532053862161392599e+20 1.127087199037827973e+21 1.648269351091665633e+21 1.845837472703569986e+21 1.523397752079120335e+21 9.846354643539928023e+20 5.633365479380780319e+20 3.283186566628286792e+20 2.231937993366661693e+20 1.898191181773392445e+20 1.940649542274913731e+20 2.194292217358833418e+20 2.588541883300756193e+20 3.098286006437986959e+20 3.719189979172584817e+20 4.455667110253115474e+20
1.281505081875841516e+20 1.052875593152844595e+20 8.642548167280739942e+19 7.093051522441509274e+19 5.829655912837005312e+19 4.817341530651056538e+19 4.044280593327153971e+19 3.540320041193832858e+19 3.419767079428595712e+19 3.977565309397334426e+19 5.898761007761656218e+19 1.068827830721876132e+20 2.143088932228740219e+20 4.358364693061932155e+20 8.347105147080093204e+20 1.381203938514707939e+21 1.785692598195285918e+21 1.683061381700020077e+21 1.176904126086769672e+21 6.665499714908072182e+20 3.357434198714332611e+20 1.606853284828037775e+20 7.626612630677094400e+19 3.725163839958580429e+19 1.984638912587757158e+19 1.306897800050999910e+19 1.280929909995664179e+19 1.930843922532640768e+19 3.733156092484608000e+19 7.910604403947880448e+19 1.707992930092680806e+20 3.611436485704997274e+20 7.160621973785853297e+20 1.243882666001428120e+21 1.722583251761733304e+21 1.753021728982294856e+21 1.304386932266745463e+21 7.656599738393549865e+20 3.900957110071331389e+20 1.851068261895179141e+20 8.535744567224647680e+19 3.936269491460114842e+19 1.875173782718951014e+19 9.767697660648626176e+18 6.110816815187807232e+18 5.026871944988072960e+18 5.468730443557963776e+18 7.369476001361982464e+18 1.158138987180692275e+19 2.044159591666760090e+19 3.931644522614560358e+19 7.997267910375376486e+19 1.669978429840728064e+20 3.466147474944114033e+20 6.842947789649541857e+20 1.199935308152709054e+21 1.698757681308977332e+21 1.779537072900004905e+21 1.360172941575376077e+21 8.158289928033436959e+20 4.256415620867282698e+20 2.114911796236281446e+20 1.089477772879645901e+20 6.437502371783742259e+19 4.787167315342965146e+19 4.504588524522676224e+19 4.957501087710848614e+19 5.915031824996754227e+19 7.373473660233566618e+19 9.526022284114531123e+19 1.285636952585073951e+20 1.839984040406207365e+20 2.825734594885792563e+20 4.631132909792540099e+20 7.811640781314367160e+20 1.259455711479630135e+21 1.745658384608656622e+21 1.878207931569165304e+21 1.522047270532467130e+21 1.001962231558289359e+21 6.191465185538088632e+20 4.207385331894511206e+20 3.480801610500291297e+20 3.462226194377325937e+20 3.837842644619997348e+20 4.457975677865409249e+20 5.257999665813333606e+20 6.211341458334558454e+20 7.304960825986145321e+20 8.526376534907968553e+20
5.843670090163465421e+19 4.785145865664498893e+19 3.919165687920685875e+19 3.214913737237647360e+19 2.650539254574358938e+19 2.216461232402608947e+19 1.924017323097411584e+19 1.825984637191358054e+19 2.063447835301585715e+19 2.970367943879207731e+19 5.299921209054403789e+19 1.068426471251767951e+20 2.242681407464270397e+20 4.622838857656348836e+20 8.815688737280941097e+20 1.432755215138457649e+21 1.799045426546622333e+21 1.640571056164767269e+21 1.115798835858462605e+21 6.196321395679252972e+20 3.074814107540981023e+20 1.449140169104166257e+20 6.737189855274407526e+19 3.197379989599884083e+19 1.655256427976083661e+19 1.102245153784776704e+19 1.178725362300972646e+19 1.950710870290842419e+19 3.952560387311196570e+19 8.512420013721909658e+19 1.843688449886375444e+20 3.884989615158620979e+20 7.628569677721215959e+20 1.300991462711816356e+21 1.751492059014580142e+21 1.724610661325909787e+21 1.247544278421734425e+21 7.190421760105419899e+20 3.629665459626432922e+20 1.718337240962036859e+20 7.969227614150611763e+19 3.756508220564432486e+19 1.897595533948030157e+19 1.119620346430258381e+19 8.433912109206712320e+18 8.188440728797034496e+18 9.558457835254554624e+18 1.259516676273863270e+19 1.829982789983523430e+19 2.926208009788444262e+19 5.133019103499417190e+19 9.720216832008278835e+19 1.931123915314543002e+20 3.873496449626903020e+20 7.444785673897520660e+20 1.270308914510072119e+21 1.741263861118052336e+21 1.762896512174878884e+21 1.312441429513506128e+21 7.792942741652850606e+20 4.122486929320212562e+20 2.163622423030807265e+20 1.262026813449000223e+20 9.090753451627280794e+19 8.281318705591710515e+19 8.887428066735690547e+19 1.035889677165052396e+20 1.252338925524642693e+20 1.542772774424251924e+20 1.931396790618955448e+20 2.471098354514710036e+20 3.267720727607286170e+20 4.525076229699641672e+20 6.598151797548272845e+20 9.941159789635119350e+20 1.457569804128171590e+21 1.882714828734727455e+21 1.944466220125525377e+21 1.574074189289261367e+21 1.095771087877035131e+21 7.700345668546270331e+20 6.251328019738981827e+20 6.020059854871163044e+20 6.487425559889072620e+20 7.355191381702425969e+20 8.470313553169874944e+20 9.748936627373853901e+20 1.113176294147556377e+21 1.256155731313422762e+21 1.397337091145295462e+21
2.637703335828330906e+19 2.158428943022498202e+19 1.769235274937167462e+19 1.457205023250458010e+19 1.215833550523951923e+19 1.049079883044295066e+19 9.811789749695787008e+18 1.079283528955779072e+19 1.504601007872546406e+19 2.625836202077875405e+19 5.263379062851751936e+19 1.118013392840877670e+20 2.390308794904961024e+20 4.935810402249200108e+20 9.323784110530504950e+20 1.484307708348220834e+21 1.807920196959850988e+21 1.595809694237129441e+21 1.057611588783668462e+21 5.775178932976915579e+20 2.835270492842770432e+20 1.325102617457054679e+20 6.109205630913830912e+19 2.878946148759539712e+19 1.500175448987573862e+19 1.048941545051910963e+19 1.214634313116096512e+19 2.105164681212034253e+19 4.315406323936837632e+19 9.285026599873029734e+19 2.001830064376171397e+20 4.188169971874181284e+20 8.126345477506820997e+20 1.358283785055440208e+21 1.775726888662890709e+21 1.691868833240317952e+21 1.191268131379646038e+21 6.754622348198528942e+20 3.388281321329206886e+20 1.610343475856763781e+20 7.624621824682280550e+19 3.802968253760765952e+19 2.172405756391093043e+19 1.557860746924559565e+19 1.429460419866963763e+19 1.563378734083482829e+19 1.886462521629067264e+19 2.419190269885027123e+19 3.281122210358519808e+19 4.761749400067972301e+19 7.499057437596447539e+19 1.285666632712970240e+20 2.360587101112547410e+20 4.470984918615654400e+20 8.233385288216616632e+20 1.353590146326942188e+21 1.787883098528449298e+21 1.749705044950788866e+21 1.275820626427899019e+21 7.601494279176881439e+20 4.199765472496010527e+20 2.459875898715465974e+20 1.728565964759960781e+20 1.527352053559711826e+20 1.602703975690530652e+20 1.838520043230461952e+20 2.189014836858622771e+20 2.643521830377905521e+20 3.211483210548302316e+20 3.919512768083934577e+20 4.818114121256950170e+20 5.999697915308079841e+20 7.629054169487655567e+20 9.967331732884691354e+20 1.328443511891312509e+21 1.737824001620826128e+21 2.066038299667962790e+21 2.061982735732995523e+21 1.715956553741377470e+21 1.316855209165605831e+21 1.073967479826172871e+21 9.997394899500598559e+20 1.035869467549640425e+21 1.131730804808008204e+21 1.255970913916331229e+21 1.389542604794458538e+21 1.519242120791963468e+21 1.634419029719233331e+21 1.725934971325441114e+21 1.786337349327817277e+21
1.189006008632502682e+19 9.755050429062268928e+18 8.044840177161230336e+18 6.718806528835074048e+18 5.788694672354885632e+18 5.365477369495895040e+18 5.768296962316049408e+18 7.772146460641339392e+18 1.316383380408695603e+19 2.597057700130855731e+19 5.509097593941875917e+19 1.195239796118797844e+20 2.568372796210734367e+20 5.283119937749962588e+20 9.858077729047904256e+20 1.534476962433538982e+21 1.811491599932682666e+21 1.548487467798388802e+21 1.001531744572155232e+21 5.388635471231745393e+20 2.624824577624318280e+20 1.222710185530973389e+20 5.647908851934630707e+19 2.700110378768835789e+19 1.472730171578588365e+19 1.121777238985390899e+19 1.383995631225874022e+19 2.409991206268502835e+19 4.858535465893149901e+19 1.028710826080308756e+20 2.190355222113892762e+20 4.529999664869547049e+20 8.660982545276077343e+20 1.415911639161378963e+21 1.795423261257986212e+21 1.655684279879700840e+21 1.136579163366546735e+21 6.357808769634285650e+20 3.186562983325008527e+20 1.539909640347342602e+20 7.669268802734774682e+19 4.288792318101390131e+19 2.966781487465630925e+19 2.623297831595472896e+19 2.779007559148783616e+19 3.240222268577448755e+19 3.956571074650605978e+19 4.971165212441443533e+19 6.431256318261854208e+19 8.664811467040753254e+19 1.236671777067741184e+20 1.898271737906979144e+20 3.137500880167463813e+20 5.447299239596899041e+20 9.379708926646608200e+20 1.462056497790510694e+21 1.847269730806372237e+21 1.750220968982392603e+21 1.264321106142753194e+21 7.761040131853190431e+20 4.705095015805064970e+20 3.265188748753739448e+20 2.800644352802720645e+20 2.865429724524201902e+20 3.228919253253274993e+20 3.788024338353141187e+20 4.503153662753220854e+20 5.364323425598702879e+20 6.375477025896147190e+20 7.548960273957014733e+20 8.907018431686580634e+20 1.049003039132398649e+21 1.236995238525989552e+21 1.465317789480079589e+21 1.740679164197539152e+21 2.036095201601661436e+21 2.243097357422010565e+21 2.212532026644039205e+21 1.957431890820949082e+21 1.682223427960973820e+21 1.533751961770236576e+21 1.514098693684604174e+21 1.569448213079662526e+21 1.651931366154198057e+21 1.730756282864921215e+21 1.787713625532590457e+21 1.812619707328160858e+21 1.800916835118694007e+21 1.752498852309590868e+21 1.670849579506315821e+21
5.438112275442555904e+18 4.517768556934468096e+18 3.809642040004573696e+18 3.316346593492385792e+18 3.089269260413621248e+18 3.280917577341512192e+18 4.264372775712150528e+18 6.902948420145358848e+18 1.315343406096959488e+19 2.739514855034986906e+19 5.926115991648734413e+19 1.291959324911609446e+20 2.771221736796198666e+20 5.660461754597696471e+20 1.041291671525245190e+21 1.582478513045468086e+21 1.809486908871002554e+21 1.498852559205830754e+21 9.474479205109343191e+20 5.032242527435921162e+20 2.439122060709658952e+20 1.139243808665233490e+20 5.346052786107855667e+19 2.674144143929572557e+19 1.607310282514403942e+19 1.377632073437720371e+19 1.768464483619878093e+19 2.974766662573800653e+19 5.723084376739151872e+19 1.169412774745965363e+20 2.429998324165139497e+20 4.932517425261203948e+20 9.250802930317987676e+20 1.474851326108864348e+21 1.811432447022535279e+21 1.617732161103689155e+21 1.085463820734215487e+21 6.021195317251078881e+20 3.050014297743604449e+20 1.538975015443538248e+20 8.501351983978559898e+19 5.706181066139844608e+19 4.885701599843802317e+19 5.056762296673518387e+19 5.796548291253850931e+19 6.950585282126559642e+19 8.502539247693065421e+19 1.053068073705385001e+20 1.322205303149328138e+20 1.695058696130470216e+20 2.246022535987481805e+20 3.122894283528651407e+20 4.605716084016983572e+20 7.147972671232379453e+20 1.117756193751051403e+21 1.615507591337172533e+21 1.933860655970232041e+21 1.783242655859823084e+21 1.304622813392269214e+21 8.611562759873518633e+20 6.047125381753916621e+20 5.055000129946878607e+20 5.016974634196636140e+20 5.516676734007083008e+20 6.337536302856247706e+20 7.375549719370743153e+20 8.577503424181040579e+20 9.907624828934156452e+20 1.133135872858277282e+21 1.280907425202996511e+21 1.429702234094888813e+21 1.575555220434986205e+21 1.716525221181748675e+21 1.854746995919259173e+21 1.996574894893532185e+21 2.143528859397991432e+21 2.267036067695621833e+21 2.299198524818587648e+21 2.208874961859730997e+21 2.068743628071838679e+21 1.963807340308388643e+21 1.908410209123502391e+21 1.874971676952236655e+21 1.835715865963538153e+21 1.775236245521496015e+21 1.688798303597288489e+21 1.578395392278787785e+21 1.449633864741372035e+21 1.309572281730213609e+21 1.165267929603965059e+21
2.679508294335758848e+18 2.335642435631366656e+18 2.116416519678411264e+18 2.047323896194070272e+18 2.203416414934225152e+18 2.766876766514185728e+18 4.157257432636538880e+18 7.324400709536470016e+18 1.440219988015029862e+19 3.014482163781832704e+19 6.496890683677512499e+19 1.408433590909545021e+20 3.000801711677491773e+20 6.070096041448615444e+20 1.098770953995518214e+21 1.627930737695551914e+21 1.802043119580380660e+21 1.447550675356496953e+21 8.957506951640175084e+20 4.708067893764588831e+20 2.281198874220628541e+20 1.079897097114378568e+20 5.281193919800471552e+19 2.907286531194802586e+19 2.042912315848361165e+19 1.993744867447126835e+19 2.590443841683246694e+19 4.075167657376300237e+19 7.246245858924501402e+19 1.390976801100631572e+20 2.767010602972809462e+20 5.443799785632061194e+20 9.936495974416872899e+20 1.537682755414830350e+21 1.825964607361877017e+21 1.581277894272134152e+21 1.041964903546356367e+21 5.792455465501192356e+20 3.036969955609947668e+20 1.679498293568532316e+20 1.100406150835806863e+20 9.133345934290085478e+19 9.239859922843439923e+19 1.044527650314526228e+20 1.239544536323626107e+20 1.498948863900297134e+20 1.825963041593840435e+20 2.233090458000900751e+20 2.743321626724432609e+20 3.396948582439865549e+20 4.267104486451031572e+20 5.488965348644059873e+20 7.301130008947350569e+20 1.005188155853643579e+21 1.396724159356823929e+21 1.831920100522796777e+21 2.062271722785202242e+21 1.875658903863375430e+21 1.438542817656482300e+21 1.068074331224164401e+21 8.821621268293445222e+20 8.451565955509028127e+20 8.974871911262314824e+20 9.985012632049133814e+20 1.124960826486338879e+21 1.262872473563089863e+21 1.402023577528235983e+21 1.533408464162283323e+21 1.648506164476245180e+21 1.739683080689980801e+21 1.801328418260492747e+21 1.831581884665250447e+21 1.834805186541907083e+21 1.825196367014472712e+21 1.831051390317878837e+21 1.893409862172635300e+21 2.039375855615273861e+21 2.220534302170053870e+21 2.307944025491311952e+21 2.234066471858256216e+21 2.060923917917473735e+21 1.867684541513871393e+21 1.684683482974923260e+21 1.513301365859118744e+21 1.349808182561292681e+21 1.192858537367631036e+21 1.043478811689242198e+21 9.036452313519263580e+20 7.752236914827610030e+20 6.594589169318023660e+20
1.739818357092395776e+18 1.722619775338252288e+18 1.807687961307133440e+18 2.036170231666504448e+18 2.502204129141365248e+18 3.415873373972484096e+18 5.244893495149372416e+18 9.032414570788444160e+18 1.710473501667641139e+19 3.462107249090241741e+19 7.283514674204615475e+19 1.553110986488573460e+20 3.267326958193347789e+20 6.521918837171430359e+20 1.158780122065998971e+21 1.670915616667007189e+21 1.789777331054755185e+21 1.395731665869791035e+21 8.474728884909447578e+20 4.426502110341002691e+20 2.164112157936239903e+20 1.061632791069694198e+20 5.669511451940337254e+19 3.670517955592038400e+19 3.115817429001576858e+19 3.384737996242642534e+19 4.358390666615475405e+19 6.330645813973982413e+19 1.017446096840912241e+20 1.781403366071544709e+20 3.300411058073991250e+20 6.164714114302341284e+20 1.080277634716589883e+21 1.610062404469872919e+21 1.843883554229757149e+21 1.552903406879842238e+21 1.014525202268843803e+21 5.775214914980781097e+20 3.274402280937597829e+20 2.116237659784521318e+20 1.705034704164775854e+20 1.682193898494352097e+20 1.871779681844580516e+20 2.197407659703366451e+20 2.631359398346371564e+20 3.169095450934971597e+20 3.817570371062929162e+20 4.590576310671932129e+20 5.508299643557434491e+20 6.600850827255119872e+20 7.917299057293371638e+20 9.541942446348284723e+20 1.161233965060872733e+21 1.429867032138673291e+21 1.760761848973582664e+21 2.083032573550640497e+21 2.218053376148761215e+21 2.041379460677521900e+21 1.700414491618787197e+21 1.436160897892576920e+21 1.331970960954079838e+21 1.349931094001036820e+21 1.432809720479602704e+21 1.539468741350605718e+21 1.644284235148772770e+21 1.731033153215353061e+21 1.789145990204763668e+21 1.812283989558511796e+21 1.798054320470391783e+21 1.748039511495900398e+21 1.667846232288204161e+21 1.567402699680347062e+21 1.462271843195616494e+21 1.377152549170963022e+21 1.351816467175789560e+21 1.442609588360998814e+21 1.691274681068361613e+21 2.027826471098302333e+21 2.221392905847148642e+21 2.110193458295383785e+21 1.800659087365534384e+21 1.471577282176585302e+21 1.200172657378637906e+21 9.892393188706718843e+20 8.228195675199723274e+20 6.873859210720115425e+20 5.745496741798295634e+20 4.794070356178426266e+20 3.989084467165732536e+20 3.309007865133401375e+20
1.977738226354571008e+18 2.258695312818249216e+18 2.668045020899009024e+18 3.263815281724467200e+18 4.162801759341436928e+18 5.609371836262465536e+18 8.129517608962024448e+18 1.287527627148589261e+19 2.238946568194864742e+19 4.227349289617503027e+19 8.467014733367528653e+19 1.747795185708151931e+20 3.595284449889087652e+20 7.039354669742763540e+20 1.222907099536458777e+21 1.712307291303605961e+21 1.774114823069567549e+21 1.345492314146387526e+21 8.048742749826048328e+20 4.213598042055859241e+20 2.120144508627178619e+20 1.124711964709909299e+20 7.009154239912710144e+19 5.576238823834533888e+19 5.575547860156251341e+19 6.464419713684373504e+19 8.181236491145879552e+19 1.107727491240838922e+20 1.609670074441040527e+20 2.524884371517502915e+20 4.232755371276011438e+20 7.295367596869023171e+20 1.201239997757031711e+21 1.702878663386700448e+21 1.874888578808398742e+21 1.545770257380814619e+21 1.020467565899583193e+21 6.184450951370050109e+20 4.022883974060908216e+20 3.160358115399991951e+20 3.030834698894618132e+20 3.303876663407041577e+20 3.820568221658501612e+20 4.512970297599661834e+20 5.355475312694754673e+20 6.339710916982506783e+20 7.461861534592061932e+20 8.716094767623425229e+20 1.009148529964089213e+21 1.157209364510750015e+21 1.314123700370833408e+21 1.479131105577830973e+21 1.653736963769679479e+21 1.841747397953247248e+21 2.042010071841390461e+21 2.224638019565580976e+21 2.308895054810871235e+21 2.225995523458628059e+21 2.039183434667477434e+21 1.884015580427319247e+21 1.816717545461074887e+21 1.811911124033421443e+21 1.826931032782802518e+21 1.831472758640108634e+21 1.809755124263010697e+21 1.756256837046979789e+21 1.672024356066254127e+21 1.562166209467046429e+21 1.434095892437830205e+21 1.296335359622584730e+21 1.158006703690438541e+21 1.029398201660866429e+21 9.243154256938551214e+20 8.652546379510625075e+20 8.914425537189352571e+20 1.061584395053232161e+21 1.416395430765050462e+21 1.854774015032360698e+21 2.069326205170058789e+21 1.868643162627484156e+21 1.442094002184215855e+21 1.045031756014799815e+21 7.617005434857314058e+20 5.736886668760840274e+20 4.464890371782856540e+20 3.557292889304838308e+20 2.874387467550298931e+20 2.340021511555699180e+20 1.911618379232561070e+20 1.563595269954958459e+20
3.555355988926501888e+18 4.308058655934578176e+18 5.279632056097963008e+18 6.555285222849011712e+18 8.288092380968301568e+18 1.077441214583716454e+19 1.462140314394428826e+19 2.111952798975247155e+19 3.306574996669953229e+19 5.654829573899801395e+19 1.046360367383820534e+20 2.041244561211739668e+20 4.038112855179322327e+20 7.673043159646865981e+20 1.294825303422711628e+21 1.754510856456439071e+21 1.758069501867478483e+21 1.300940610662862684e+21 7.728340427880009564e+20 4.128376051671382753e+20 2.221981422941921935e+20 1.358428069808954573e+20 1.039080094102905979e+20 9.950155753973107917e+19 1.102611049717031567e+20 1.316327236436845691e+20 1.636582440407263150e+20 2.104184458026413916e+20 2.817791107271898235e+20 3.976749813535705006e+20 5.938210663725719880e+20 9.183920754686857052e+20 1.382773458202088440e+21 1.832982265453018612e+21 1.935568776014611350e+21 1.584150318361476596e+21 1.092482754174067016e+21 7.422234930542032978e+20 5.754460923149423739e+20 5.348815503437657539e+20 5.670280503316611727e+20 6.408682855342288404e+20 7.408375109054854595e+20 8.590213111907710403e+20 9.904649195817382707e+20 1.130739068469534786e+21 1.274779256620258165e+21 1.416485718748182086e+21 1.548897483814626394e+21 1.664915687150613955e+21 1.758629342266496385e+21 1.827374734422387720e+21 1.874749192777020211e+21 1.914469120130297102e+21 1.972279043895227318e+21 2.074769759146095411e+21 2.210279694104752030e+21 2.299059717038045659e+21 2.269499986034253103e+21 2.150369725090193211e+21 2.008811529309153395e+21 1.873101734027059266e+21 1.740806958278370394e+21 1.604671450590377935e+21 1.462062661028042244e+21 1.314811388282889306e+21 1.167031689259779752e+21 1.023383540589071434e+21 8.881516996691631800e+20 7.650696698358805299e+20 6.578736364927946588e+20 5.718266941581127844e+20 5.168910611824117023e+20 5.136645128315018281e+20 6.020536254671872328e+20 8.430501520035622420e+20 1.272798492583880294e+21 1.758572110732793741e+21 1.944225342089362932e+21 1.655729941140406796e+21 1.161077011829171683e+21 7.478260855994381763e+20 4.832981168549530173e+20 3.280081629358774682e+20 2.359469971579077919e+20 1.780531335134801428e+20 1.388421686058497802e+20 1.104630393369767936e+20 8.889954971491888333e+19 7.199501311027778355e+19
7.547823348469238784e+18 9.264620478394734592e+18 1.141359772422265037e+19 1.413274428155104461e+19 1.764298092517636710e+19 2.233128856787440435e+19 2.893269527584974438e+19 3.893098493881517670e+19 5.543689137498928742e+19 8.507418038954629530e+19 1.418216722494973870e+20 2.538238550941342433e+20 4.708387085745605181e+20 8.527658272091348664e+20 1.382212095701908980e+21 1.802852258469153866e+21 1.747859970071352836e+21 1.270455833615013249e+21 7.617852752543654871e+20 4.298824769608744305e+20 2.625839940712620687e+20 1.952016829818137477e+20 1.808984464071932641e+20 1.950796692507120108e+20 2.268129542689482670e+20 2.724410195096170660e+20 3.325486707685195121e+20 4.113399557448515584e+20 5.179457062491270676e+20 6.695181149821825188e+20 8.943169324696196874e+20 1.224489928180034175e+21 1.648771740513901478e+21 2.012686816246366994e+21 2.044749767681775501e+21 1.703257741163844076e+21 1.279636177655749935e+21 1.006519462344529150e+21 9.081393056000306053e+20 9.273467233656466309e+20 1.012396986958675182e+21 1.131512880807521944e+21 1.266026218818872279e+21 1.403414384947327926e+21 1.533509123072324272e+21 1.647066926130480546e+21 1.735723450999034610e+21 1.792675256603034780e+21 1.813646276108637438e+21 1.797855651661827801e+21 1.748933671907523035e+21 1.676116589584555442e+21 1.596556110436120920e+21 1.539689695319329604e+21 1.551877476233214165e+21 1.687231604301790446e+21 1.950677026122961519e+21 2.208233006096705913e+21 2.255907051399508132e+21 2.065123887727554855e+21 1.777150948477019619e+21 1.503195092472731533e+21 1.273686499712469565e+21 1.083442304615394705e+21 9.223553031410955059e+20 7.834709646923223532e+20 6.629220280390288671e+20 5.586185034017413530e+20 4.694127463979024384e+20 3.949270953133262111e+20 3.360665334763474780e+20 2.965036047765138964e+20 2.859016554222538260e+20 3.260694555997163356e+20 4.597510017037601997e+20 7.504631504675721708e+20 1.227024051216406807e+21 1.725134589498298204e+21 1.861190887275150442e+21 1.503496962975754093e+21 9.779901827375604695e+20 5.721065698327853138e+20 3.304768231918333460e+20 2.000657879810596864e+20 1.302854175858590843e+20 9.121559594489988710e+19 6.761988284809934438e+19 5.212092672441757696e+19 4.116051908597720678e+19 3.297493116240213197e+19
1.666173980674719130e+19 2.047882631273032090e+19 2.520038692938815898e+19 3.107219220382256742e+19 3.844880395845500109e+19 4.788540270410038477e+19 6.033381311216004301e+19 7.756663183631376384e+19 1.030931573850931364e+20 1.440949528187972649e+20 2.152769602423984620e+20 3.453796140718815314e+20 5.830518196030951916e+20 9.804349038193490002e+20 1.499436910480806642e+21 1.867606421709398999e+21 1.755771295854805385e+21 1.270910393194276192e+21 7.931517383397098127e+20 4.986588718041882952e+20 3.645093560565825536e+20 3.275250673026180710e+20 3.440675088967827456e+20 3.916931850932887224e+20 4.605406137076619674e+20 5.471747225832852029e+20 6.515380005057939374e+20 7.759646731311170191e+20 9.256082146515841188e+20 1.109816236034338193e+21 1.342656306058607722e+21 1.635277708035354264e+21 1.962891813961347105e+21 2.207637506024840626e+21 2.195037291462932824e+21 1.923081940443296956e+21 1.613690876571522957e+21 1.437034833818238845e+21 1.403437363079723876e+21 1.458299137153060569e+21 1.551389700284059222e+21 1.649887294112126992e+21 1.733620688236345033e+21 1.790101790190922891e+21 1.812053703719684669e+21 1.796489315464259568e+21 1.744288424949754626e+21 1.659701076071334281e+21 1.549645196868541743e+21 1.422995237930643489e+21 1.290308293217358709e+21 1.164687941502550409e+21 1.064805221983637864e+21 1.021062579622767100e+21 1.082753645850054623e+21 1.309018220718386315e+21 1.696990988332593054e+21 2.054112097141664776e+21 2.087225926358573253e+21 1.778714680293154882e+21 1.371442724256788251e+21 1.033924641092989878e+21 7.934835204890867794e+20 6.250857964281507348e+20 5.026237389259341824e+20 4.093013196946700370e+20 3.356295022109461053e+20 2.763985483209976054e+20 2.288298705941414216e+20 1.918542781335240704e+20 1.663445433976851988e+20 1.565132622163485983e+20 1.732458103878762496e+20 2.405514273035662787e+20 4.043919918849109524e+20 7.299663064535058350e+20 1.235912715540046807e+21 1.726381066471387431e+21 1.805584251897685213e+21 1.395567924198977044e+21 8.605678712094987387e+20 4.706995689237598700e+20 2.492809288347201700e+20 1.358755670562511749e+20 7.922948607678734336e+19 5.026585885863368294e+19 3.457286159365761434e+19 2.535539788248276173e+19 1.944766018115075686e+19 1.535804754540724019e+19
3.699405409461482291e+19 4.540861351696316826e+19 5.574126444203507712e+19 6.845188277815836672e+19 8.415011237592185242e+19 1.036935027538550620e+20 1.283894768886755000e+20 1.604211686062026916e+20 2.037461535656554332e+20 2.659453327967728108e+20 3.617569523821270139e+20 5.185825922108805612e+20 7.796613456823542088e+20 1.182796524801604190e+21 1.667837077466762707e+21 1.964622255507202900e+21 1.803348371763967033e+21 1.333333936118146531e+21 9.064661072884508918e+20 6.661961884917984133e+20 5.817186341406684611e+20 5.921661176550837453e+20 6.564721769899233116e+20 7.529507300894847795e+20 8.707609468421874647e+20 1.003937448392134754e+21 1.148327632710491570e+21 1.300419498650640056e+21 1.457440683877373837e+21 1.618421797671654392e+21 1.785522093585910465e+21 1.962668914739662291e+21 2.143583791556603937e+21 2.284501746440045330e+21 2.303919947404049121e+21 2.179273632560646980e+21 2.010443702735610839e+21 1.898770938437270503e+21 1.857066053629831021e+21 1.850027770827476828e+21 1.842925737003751047e+21 1.815245926180862034e+21 1.758614139183961211e+21 1.672586746006396207e+21 1.561450873536524845e+21 1.431983556773980144e+21 1.291845108584792719e+21 1.148488632089806766e+21 1.008598122013545202e+21 8.781330333438509056e+20 7.631692119268621025e+20 6.719920430732309955e+20 6.193410781801717432e+20 6.337791519538857902e+20 7.656162358185666806e+20 1.075117390336948961e+21 1.545669712252143665e+21 1.935109075824693477e+21 1.908663956706816164e+21 1.501056906730594894e+21 1.033694261455834186e+21 6.892698583695007416e+20 4.735737183681078231e+20 3.422073032642249359e+20 2.588538689822297948e+20 2.023517783869003203e+20 1.616375417310881055e+20 1.311507719296456458e+20 1.082993609051891302e+20 9.246290339251232768e+19 8.515281278704543334e+19 9.148129938338499789e+19 1.237244902705874698e+20 2.081355506422205972e+20 3.936996885681664164e+20 7.462417856187346452e+20 1.271595461771632312e+21 1.742580447494062735e+21 1.762756521258554753e+21 1.312553692686458552e+21 7.795033567536292823e+20 4.084488117963423744e+20 2.043089119314951864e+20 1.029938916234081403e+20 5.444211999506558157e+19 3.107098282540630835e+19 1.943986115108279910e+19 1.330684967533089587e+19 9.819470132268888064e+18 7.672961173376795648e+18
8.173410704429059277e+19 1.000154552040257454e+20 1.222747216958560338e+20 1.493450713043530220e+20 1.822475908512781107e+20 2.222748894937876726e+20 2.711603592512661422e+20 3.314325074925474284e+20 4.071523288899989012e+20 5.053832400200859648e+20 6.388266225913963479e+20 8.293226936449700987e+20 1.107465215445897970e+21 1.489398466752530612e+21 1.899853906105222300e+21 2.105304599971419914e+21 1.917591374876066710e+21 1.501705062794143728e+21 1.156720915083134894e+21 9.922202113461728051e+20 9.722722655996754002e+20 1.037948301384880751e+21 1.148288948755126288e+21 1.279023943342125220e+21 1.414892079575485121e+21 1.544666693784274731e+21 1.659110312868399546e+21 1.750866554206783275e+21 1.815644933015828169e+21 1.854512623691781898e+21 1.877376836779085922e+21 1.906869802423866622e+21 1.976674391696846356e+21 2.107303791038293344e+21 2.254566469657150620e+21 2.312928198429702095e+21 2.237461312486498370e+21 2.087428614799434711e+21 1.925786832036492739e+21 1.771322940448998425e+21 1.620909980537974161e+21 1.470091691593790390e+21 1.318336318910562304e+21 1.168060152772339040e+21 1.022799427284706656e+21 8.859497454600527544e+20 7.601660463568580772e+20 6.472592814029737820e+20 5.484603491075046769e+20 4.650473779693809828e+20 3.995417813977626706e+20 3.580277597419061248e+20 3.546407079830477210e+20 4.192578592886635889e+20 6.051429884558800323e+20 9.727982176675119759e+20 1.488674361024541098e+21 1.869875866726766477e+21 1.774735183130676429e+21 1.302204727443886965e+21 8.158599966695649444e+20 4.859385699787265802e+20 2.969396474481380557e+20 1.933580381862518456e+20 1.350454163036437873e+20 1.000125351096818565e+20 7.735953597839255142e+19 6.196045933478776832e+19 5.171132629670214042e+19 4.649945330492765798e+19 4.841833432509618586e+19 6.338238124119033446e+19 1.049686270752180797e+20 2.016002046117472829e+20 4.050673649470972887e+20 7.808009913056660029e+20 1.319403794189843169e+21 1.762952721370906100e+21 1.723899294073727746e+21 1.242255935067700068e+21 7.175083339792980378e+20 3.659637676494543913e+20 1.769915409807476326e+20 8.501845899655259750e+19 4.199329262583166566e+19 2.203130776510894490e+19 1.266681534769497702e+19 8.163719652587652096e+18 5.929849151053964288e+18 4.800663567717509120e+18
1.779156600491339940e+20 2.163104989610173727e+20 2.623515916428011438e+20 3.172778056069391974e+20 3.824218580302356808e+20 4.591986587354664141e+20 5.491269794904725914e+20 6.539485342585328763e+20 7.759675517902172979e+20 9.188030254858559816e+20 1.088706986368359727e+21 1.295929793945836454e+21 1.552626328306487132e+21 1.855944316497807016e+21 2.142174508615118881e+21 2.258422749349739233e+21 2.099971478380514902e+21 1.796781453323738022e+21 1.563613359892814627e+21 1.476052276658342986e+21 1.497819077507014459e+21 1.573570030207216386e+21 1.663122996168316158e+21 1.741783080895225528e+21 1.794955320655821144e+21 1.814704906355656098e+21 1.798336060041915269e+21 1.748026615405656146e+21 1.671095767636947763e+21 1.581241869358640398e+21 1.501687913551207596e+21 1.470495316046532575e+21 1.541964057718287237e+21 1.758800612475146600e+21 2.064359537597486203e+21 2.252936231105465418e+21 2.168137087708805202e+21 1.892114357852793995e+21 1.584553779004754887e+21 1.320744432902279266e+21 1.107911112966074794e+21 9.341947681484351734e+20 7.887366479022764851e+20 6.647843513047062938e+20 5.584549375584113132e+20 4.673633008318754980e+20 3.898401070526287053e+20 3.246437223541145600e+20 2.710331747924713144e+20 2.292165058209741210e+20 2.014222082014219796e+20 1.942106458830429553e+20 2.231378118417545626e+20 3.207256567268713431e+20 5.435040843276980060e+20 9.505332364948494090e+20 1.488353209881788154e+21 1.840285294339895067e+21 1.679938460416851837e+21 1.168530514339754541e+21 6.840971071065579848e+20 3.736257100541825516e+20 2.055593035006870159e+20 1.196758070923984568e+20 7.552734631815022182e+19 5.178298835931339162e+19 3.820500966839913677e+19 3.018626301169576755e+19 2.603678671261659955e+19 2.602781100799164416e+19 3.271047472871905280e+19 5.270423474291677594e+19 1.008369074141694362e+20 2.076856879171681976e+20 4.276740413709171425e+20 8.248147725784945787e+20 1.372154545645095748e+21 1.782134492006131696e+21 1.684639269297871127e+21 1.178382671939419374e+21 6.657950988971662377e+20 3.337083701571221586e+20 1.584566894763135795e+20 7.429286437233034854e+19 3.551281615654646170e+19 1.795242742390343680e+19 1.008011611034189824e+19 6.624261158791046144e+18 5.221839029752253440e+18 4.826991696119459840e+18
3.746175316983839457e+20 4.493471986036395213e+20 5.361560687383875420e+20 6.357550027784574730e+20 7.483450818077901455e+20 8.733991481754829455e+20 1.009467153343979454e+21 1.154088311513060999e+21 1.303942807777070809e+21 1.455428096211691766e+21 1.605858240964092756e+21 1.755275207182208205e+21 1.907746464046123844e+21 2.067464792596401619e+21 2.220440476857136841e+21 2.309481794862199079e+21 2.268927369736142455e+21 2.128057048191783404e+21 1.991770902467591537e+21 1.914565750528765329e+21 1.881277511227906720e+21 1.858118753594684735e+21 1.820939113132460605e+21 1.758575627058464948e+21 1.669167986395267727e+21 1.556544494212115333e+21 1.427790662664482456e+21 1.291931038638289453e+21 1.159861098573541278e+21 1.046113881571069133e+21 9.734395308310742958e+20 9.803427256113838162e+20 1.124369269147640398e+21 1.449347441967879422e+21 1.870946537104248144e+21 2.102873283847254180e+21 1.940425547306722132e+21 1.539076274879617303e+21 1.146067693978262700e+21 8.551378547527894958e+20 6.558143550536607334e+20 5.170702150599819264e+20 4.156971437298453053e+20 3.380335478230213591e+20 2.765054677820076196e+20 2.268417399804891628e+20 1.865227700558658273e+20 1.540758687497463726e+20 1.289182183866728284e+20 1.116918541479477740e+20 1.053255217361730273e+20 1.174673424333275791e+20 1.654379555079955087e+20 2.845088283422044979e+20 5.340506562774971843e+20 9.698288494907329085e+20 1.515881730668730253e+21 1.827432041240036639e+21 1.607586682192355656e+21 1.073647075390087234e+21 6.007765510837239808e+20 3.098226210129762058e+20 1.577946498891964088e+20 8.332435436612686643e+19 4.725113834492200550e+19 2.942641303634047795e+19 2.036963589720859443e+19 1.593938139413912781e+19 1.476732876801648026e+19 1.741812926949998387e+19 2.683031441604655104e+19 5.029224770401927987e+19 1.038929198423435674e+20 2.203975346570433331e+20 4.566985421455976694e+20 8.742872095673839780e+20 1.426385508411946828e+21 1.797575596040029733e+21 1.643147529304854495e+21 1.118086396713470788e+21 6.202617270709443625e+20 3.073206905342872781e+20 1.447723543026582651e+20 6.754847240243194266e+19 3.241132342270457037e+19 1.687098473143834829e+19 1.027974132009549005e+19 7.800040558076332032e+18 7.283794393131285504e+18 7.800653539919475712e+18
7.357168936486470943e+20 8.588915038991446180e+20 9.925838998760178319e+20 1.133761312817442193e+21 1.277893926265326928e+21 1.418986930889507471e+21 1.549905758201424380e+21 1.663076388853893562e+21 1.751607997215937135e+21 1.810874847457175929e+21 1.840679663809062502e+21 1.848316943208481554e+21 1.852715190488339317e+21 1.887242398307357557e+21 1.989256883874515124e+21 2.155644158400683311e+21 2.294208251600836231e+21 2.294955842445751091e+21 2.164371984335747416e+21 1.984082858686612242e+21 1.804658177455469363e+21 1.635678146487196844e+21 1.473583724026086818e+21 1.315795371646883725e+21 1.162911495975088554e+21 1.017502841913026937e+21 8.829673874178276065e+20 7.633019355430328730e+20 6.640967969771618304e+20 5.953170132194172600e+20 5.768685437379284828e+20 6.470295068310162637e+20 8.652856471493881364e+20 1.272185775664956178e+21 1.754058318011095843e+21 1.970555290917051040e+21 1.720639624095375557e+21 1.239543491512774951e+21 8.193910712060529869e+20 5.422906770255539077e+20 3.754756893102641644e+20 2.742043443527541719e+20 2.091022019553133855e+20 1.642041236183363092e+20 1.313127248780932055e+20 1.062239218390211789e+20 8.676130038102674637e+19 7.190329382426068582e+19 6.156840145270477619e+19 5.695938094308807475e+19 6.170586874987234099e+19 8.448747069149745971e+19 1.443227166416175596e+20 2.791229171103176786e+20 5.506077747316119962e+20 1.009482627523171844e+21 1.555075399510791291e+21 1.819708006512917742e+21 1.545750118635838898e+21 9.994659188528340009e+20 5.426122905705833431e+20 2.702194121736752660e+20 1.311436345174202286e+20 6.469163015809208320e+19 3.362561752780500992e+19 1.912390075575045325e+19 1.244753799014954598e+19 9.864759499348398080e+18 1.027173070829290906e+19 1.448192333123011379e+19 2.579728826239016960e+19 5.218190783166431232e+19 1.110328595165390111e+20 2.373555927845820498e+20 4.903067512284968387e+20 9.276096058867672678e+20 1.480461124017129259e+21 1.808181576982996189e+21 1.598994964993417937e+21 1.060398845553381343e+21 5.792852871928494817e+20 2.851322648562208932e+20 1.345922507537060004e+20 6.387679274318930739e+19 3.223684444178337792e+19 1.879000042819276800e+19 1.372879612269535846e+19 1.263476035335677747e+19 1.357933838829749043e+19 1.576553310876931277e+19
1.262825751633380770e+21 1.404089915192868864e+21 1.535516021950368186e+21 1.649132644931826876e+21 1.737115014435032007e+21 1.792855204977828954e+21 1.812041727638129082e+21 1.793542064317649912e+21 1.739984605413584929e+21 1.658186013743049605e+21 1.559966049222721798e+21 1.464364941410240823e+21 1.402320344878938849e+21 1.421965937304894439e+21 1.579658201291188339e+21 1.879175234324247085e+21 2.170601950142719066e+21 2.221435337056600719e+21 1.999308496722154750e+21 1.672388188041260564e+21 1.372201248984284004e+21 1.132122823711066554e+21 9.428195296602656604e+20 7.897464586356976517e+20 6.628628189597916201e+20 5.565335329195123671e+20 4.680951759550551818e+20 3.972740285560071127e+20 3.469688582651714601e+20 3.259912766770026906e+20 3.547943527238934200e+20 4.740456666595549512e+20 7.458811799441037066e+20 1.205121089120809779e+21 1.708430540542231970e+21 1.882610508964281713e+21 1.560120243535088452e+21 1.039497079918042677e+21 6.215425392606355128e+20 3.666975996479905464e+20 2.265546858990067384e+20 1.501985705107451412e+20 1.066350378190545551e+20 7.985192197850311885e+19 6.203755977631682560e+19 4.944418630775076454e+19 4.032570655310523597e+19 3.405359222693644288e+19 3.092480444490249421e+19 3.256015751580141568e+19 4.315726272058306560e+19 7.232816152500524646e+19 1.407378550792406958e+20 2.888727727930709115e+20 5.803455514412247286e+20 1.059067001903504949e+21 1.597774217091210543e+21 1.811152762427812348e+21 1.488008007871371674e+21 9.362380375818300293e+20 4.975481576122375864e+20 2.427012519139000320e+20 1.147159683719447511e+20 5.449994541470862541e+19 2.695294271193186304e+19 1.458217544536945869e+19 9.349076214339117056e+18 7.891484053590348800e+18 9.341034514571005952e+18 1.474508791584958669e+19 2.777269465920943309e+19 5.709424244471388570e+19 1.214767130117658542e+20 2.582048889559291986e+20 5.283998499967846973e+20 9.845639555114916905e+20 1.533798117638677725e+21 1.813758111950306542e+21 1.552665158850094039e+21 1.005547719566637138e+21 5.427946483968658637e+20 2.672028288749705626e+20 1.283448257489954079e+20 6.416641616368431104e+19 3.639223151947026842e+19 2.568717038105505382e+19 2.306065685447160627e+19 2.452407566137835520e+19 2.840280349948232090e+19 3.408516338485678490e+19
1.729264441209087328e+21 1.788239633747892240e+21 1.810663956155498234e+21 1.794685253227401445e+21 1.741686421844736868e+21 1.656083358106765754e+21 1.544674388072041546e+21 1.415792677235667501e+21 1.278628620925869228e+21 1.143188383731341984e+21 1.021527970781043753e+21 9.312074348789483438e+20 9.018924069855264768e+20 9.828163450459876229e+20 1.233176452513200603e+21 1.646666152865012646e+21 2.017514896750502478e+21 2.038016140468182581e+21 1.700319026592460308e+21 1.270768491540397162e+21 9.263625640375063675e+20 6.902156540723196068e+20 5.315942050545909760e+20 4.208446625186791424e+20 3.395138043950775009e+20 2.776604099939718267e+20 2.305747248793667830e+20 1.972329412915744604e+20 1.806671292809893315e+20 1.906529059695323054e+20 2.496506829652395622e+20 4.014484287632764436e+20 7.102612955843562045e+20 1.202486607824118874e+21 1.704742930317803782e+21 1.826200875041649066e+21 1.447458479173676302e+21 9.115996295961031475e+20 5.073552314333206938e+20 2.731508345539568271e+20 1.515054138422818243e+20 8.996159410518900736e+19 5.805267503762439373e+19 4.051005229988649370e+19 3.010613172026356531e+19 2.351521051017648128e+19 1.930600065968839066e+19 1.710807293791423078e+19 1.746846102651349197e+19 2.231721391601196646e+19 3.634131420237102285e+19 7.004975108997461606e+19 1.457668690478075740e+20 3.065376920402403000e+20 6.174005758973563372e+20 1.113680083185148887e+21 1.639979060821971173e+21 1.799009188679967572e+21 1.431418344936330756e+21 8.792705641470583112e+20 4.598444772395139072e+20 2.216522928941939425e+20 1.035991887450646938e+20 4.868266278631773798e+19 2.397556432557022003e+19 1.326596415227279360e+19 9.173515990134122496e+18 8.680712983829379072e+18 1.114480225972475494e+19 1.785124532614736486e+19 3.285704512775066419e+19 6.558114809699065037e+19 1.362170624874991780e+20 2.843117724230772654e+20 5.724700108685720289e+20 1.046224195430498435e+21 1.586766129092109271e+21 1.814971299711370134e+21 1.505583391088750363e+21 9.549794114113412792e+20 5.122864414258789745e+20 2.554416488072739881e+20 1.285653310765700055e+20 7.171068675995847066e+19 4.906231222587917926e+19 4.280225332803880550e+19 4.477295908455697613e+19 5.147152345154478899e+19 6.156203603796507853e+19 7.472565850420640154e+19
1.748436021178386350e+21 1.665605361543202734e+21 1.555853548203825693e+21 1.426945163516217131e+21 1.286965786216657846e+21 1.143456330852667752e+21 1.002882820628310655e+21 8.705288921971784417e+20 7.508901610803061064e+20 6.487597385666738258e+20 5.714814780818450022e+20 5.333067271638545203e+20 5.628413444658551849e+20 7.108553773372511355e+20 1.037443709607779893e+21 1.521964583528891941e+21 1.912417483621642535e+21 1.870181575978892657e+21 1.443739885881573245e+21 9.676567548109205012e+20 6.245708635982827356e+20 4.153283714631372636e+20 2.919952953811977503e+20 2.166584731267579904e+20 1.677100097316499948e+20 1.343209288196828037e+20 1.118397690335925535e+20 9.974637839641155994e+19 1.019219246282727752e+20 1.294896430926810644e+20 2.070848376558884946e+20 3.815003070823923712e+20 7.180765809532305408e+20 1.232253108615636058e+21 1.720383150334380605e+21 1.785329764353543504e+21 1.362571677562667008e+21 8.247095133292034785e+20 4.382194995964480061e+20 2.218541987197007626e+20 1.132770209052895969e+20 6.077207189285117952e+19 3.526015824951497933e+19 2.244212442868228096e+19 1.566706969223143219e+19 1.195166707851158733e+19 1.008637199239289037e+19 9.873022916723064832e+18 1.203775326011440128e+19 1.876863670775506534e+19 3.521784061140033126e+19 7.280536020958404608e+19 1.555680717262699233e+20 3.291043203580294595e+20 6.593403326695149404e+20 1.171108338572303270e+21 1.679743083623485800e+21 1.782217306674966299e+21 1.374960876524364890e+21 8.265881768086994944e+20 4.270401669405593436e+20 2.047692499993194332e+20 9.592761555508309197e+19 4.587512877508689920e+19 2.382066537917948723e+19 1.477325767258882048e+19 1.197756977039921357e+19 1.275127560004581581e+19 1.668474163214053786e+19 2.532294295434286285e+19 4.314557543660127846e+19 8.036388891298455552e+19 1.586176078233485967e+20 3.195583681699886531e+20 6.264437223820360417e+20 1.115638460651189699e+21 1.641147187355413381e+21 1.813790047499867390e+21 1.460730598823294403e+21 9.121711673646155039e+20 4.918452646759520010e+20 2.549102543166930289e+20 1.415656974246300713e+20 9.431993233477132288e+19 7.984112486801000038e+19 8.185505678651226522e+19 9.311538275870049894e+19 1.107238177094605210e+20 1.338278153194717512e+20 1.625583584715823841e+20
1.301227440179882230e+21 1.157450586500284023e+21 1.015604688869578375e+21 8.805664293885507011e+20 7.557028040285134520e+20 6.430620498857890939e+20 5.437195605251334472e+20 4.582670850644077445e+20 3.875340007544091443e+20 3.338136482996058849e+20 3.031976965627717222e+20 3.100932331849962619e+20 3.849323249723988378e+20 5.815949896749807043e+20 9.600400131313690214e+20 1.482312738233664143e+21 1.858462955449692193e+21 1.749374028262272926e+21 1.266624036544014451e+21 7.785244412129221018e+20 4.518472047546352271e+20 2.676628694934262252e+20 1.689423635204865393e+20 1.151177874976936264e+20 8.429234744125276160e+19 6.602967234349658931e+19 5.623735576579500442e+19 5.503839786660731290e+19 6.714787438877205299e+19 1.049733920478062182e+20 1.952518782094425129e+20 3.875719975824147087e+20 7.474642000618574316e+20 1.277079644441965756e+21 1.742606826148115513e+21 1.749844991906889073e+21 1.291907122138836894e+21 7.593898066814528389e+20 3.919088207783877673e+20 1.912263447767085548e+20 9.263355494346326016e+19 4.619171490846037606e+19 2.450435607367228621e+19 1.427400098196313088e+19 9.382929559191087104e+18 7.132949633424435200e+18 6.483940478932341760e+18 7.367844051804394496e+18 1.066007596190470144e+19 1.879259883025737318e+19 3.739125537409214054e+19 7.882819831172336845e+19 1.689201978133054751e+20 3.557860984026249298e+20 7.055706853571514860e+20 1.230560431316777828e+21 1.716228770310967001e+21 1.760711220257657979e+21 1.318752898915182838e+21 7.777802929677976207e+20 3.985463710295593452e+20 1.916878718044463759e+20 9.172680503016300544e+19 4.654846421006460518e+19 2.743843418167256269e+19 2.057540262167583949e+19 1.981421642631185613e+19 2.282040948438106112e+19 2.944885356217090048e+19 4.154831582073237504e+19 6.406984663634924339e+19 1.080430695693385073e+20 1.964653804057145508e+20 3.726081170731251794e+20 6.988512857993324790e+20 1.199495209761415627e+21 1.701266447068850029e+21 1.814613034638963900e+21 1.424203537409680867e+21 8.847029609134278574e+20 4.907262304799385846e+20 2.769762681093494538e+20 1.812447575442481480e+20 1.488709585306372997e+20 1.490906925074737070e+20 1.672566396752157409e+20 1.971459598719718195e+20 2.365778552289155154e+20 2.852565302811512668e+20 3.437476204741927240e+20
7.675771611326009836e+20 6.532773103600474522e+20 5.517459304080221798e+20 4.630252036649074688e+20 3.865899199110245253e+20 3.216217839468753060e+20 2.672861163226123469e+20 2.230800012622896497e+20 1.894087514734266941e+20 1.687229968781915914e+20 1.678817004138729964e+20 2.028746349151948308e+20 3.068161581781284946e+20 5.367066434093504922e+20 9.506406210408465039e+20 1.490574783301281120e+21 1.834979921172977680e+21 1.663395648440656986e+21 1.147065043465057075e+21 6.638166810657284424e+20 3.564916739873545912e+20 1.915525758243753165e+20 1.083846759294263951e+20 6.664646528883273728e+19 4.529541037011486310e+19 3.463090967539315507e+19 3.114593818390568141e+19 3.552679742502966477e+19 5.322828145537613824e+19 9.787829007264137216e+19 1.982827435767287316e+20 4.066658384989459579e+20 7.878319404229566136e+20 1.328418647065412502e+21 1.764996378632984723e+21 1.714544137053089038e+21 1.228263421290411196e+21 7.055288815144488141e+20 3.572849725483348787e+20 1.707871724739324477e+20 8.045948514059308237e+19 3.858751624743798374e+19 1.951993569776851354e+19 1.092979464968618598e+19 7.190603069454930944e+18 5.854762885477133312e+18 6.026780159089656832e+18 7.753368414205202432e+18 1.205399389124355686e+19 2.161233859019567104e+19 4.255492058063392768e+19 8.825820206039760896e+19 1.863746137730007040e+20 3.874318827319151165e+20 7.569077824962962391e+20 1.292319734019299213e+21 1.749447412776089682e+21 1.735256041759847743e+21 1.263883324289413022e+21 7.337344871864991744e+20 3.753573801278127473e+20 1.838180685711954739e+20 9.297025772624737075e+19 5.333793307059929088e+19 3.823313927313711923e+19 3.498033361520716595e+19 3.806358046653648077e+19 4.554635745345547469e+19 5.761783505791870566e+19 7.650701620774546637e+19 1.076903315776076677e+20 1.629664171757093192e+20 2.663165994553432146e+20 4.614048480067501425e+20 8.068230992930664612e+20 1.310929580159533842e+21 1.775858112709549097e+21 1.826408355824865903e+21 1.408368505119132615e+21 8.884497046964945551e+20 5.284850397334325166e+20 3.453513451585718190e+20 2.760066376169263923e+20 2.690107829029810995e+20 2.962057332210495652e+20 3.445063050462214881e+20 4.085290070177780859e+20 4.864213205513353298e+20 5.777424996113232691e+20 6.823606419670466560e+20
3.935065764023623352e+20 3.270217783654550733e+20 2.707516035218322555e+20 2.235170814903044669e+20 1.841938017705219850e+20 1.518145315875114516e+20 1.257051841812253737e+20 1.057351062518692905e+20 9.284973158549558067e+19 9.023874883679984026e+19 1.058449819058914427e+20 1.573869253241652511e+20 2.806474696309318615e+20 5.352815451128256266e+20 9.757455857442383462e+20 1.521513043848197046e+21 1.824757393833814917e+21 1.596107556304491643e+21 1.060229795567976710e+21 5.895918828332393431e+20 3.012646659508148634e+20 1.512479360143642460e+20 7.831078797665627341e+19 4.359538245308337357e+19 2.730335714079298765e+19 2.052530574164220314e+19 2.028862786253427098e+19 2.777451549137175757e+19 4.913009741055805850e+19 9.919816989520044032e+19 2.088762406508618056e+20 4.328866002136183603e+20 8.343389116402596577e+20 1.382172331156624376e+21 1.784464948634643595e+21 1.677134230317831553e+21 1.168290964559902802e+21 6.583232828653110559e+20 3.291646696753206395e+20 1.557946219314531533e+20 7.275265900985328435e+19 3.472726760278324429e+19 1.778284013469200794e+19 1.051479991581971661e+19 7.755244224030741504e+18 7.289845470972318720e+18 8.361837520174570496e+18 1.113610932408236032e+19 1.678896501773073408e+19 2.828004798604989235e+19 5.227501575018101146e+19 1.032023480998932152e+20 2.105538653734482739e+20 4.269806321709841777e+20 8.160388811743297536e+20 1.358069586007833444e+21 1.780498694631342473e+21 1.707762576924219539e+21 1.212859662103549313e+21 6.971963207283520307e+20 3.607736467713032847e+20 1.853219922966976266e+20 1.048901551623091159e+20 7.275024005066917478e+19 6.422932297905390387e+19 6.782493426260617626e+19 7.872463763033453363e+19 9.549497357906875187e+19 1.187754319595700060e+20 1.512678659985685545e+20 1.989629372195409428e+20 2.741128629960191181e+20 4.005885152601927844e+20 6.196450050047564841e+20 9.807570051480516035e+20 1.471791864018385240e+21 1.879416349822661951e+21 1.865505190461010608e+21 1.436810221791362941e+21 9.542030130555188675e+20 6.426425462943682396e+20 5.041797533157284905e+20 4.764768404667400847e+20 5.113383802618496287e+20 5.825643010859505418e+20 6.775180577277758669e+20 7.900190855766596649e+20 9.162944346395398636e+20 1.052872623339509383e+21 1.195510863114996810e+21
1.875181381682450596e+20 1.540435237137313956e+20 1.263506752616332493e+20 1.035609701709412762e+20 8.495368415644975104e+19 7.001155304806282035e+19 5.852606029194110566e+19 5.084401375460400333e+19 4.843207087136796672e+19 5.513583366806287974e+19 7.988278408777565798e+19 1.420366325854952817e+20 2.799397882384825713e+20 5.554320481723522089e+20 1.017649745426403295e+21 1.561535671446256222e+21 1.817896935130470810e+21 1.537168845924788339e+21 9.906152884576225853e+20 5.362205039872672399e+20 2.659267417748385300e+20 1.281815628246913679e+20 6.264710167911833600e+19 3.244109561944903680e+19 1.910645091061289370e+19 1.450350975799396557e+19 1.615021367220883866e+19 2.568982893165487718e+19 4.995708821291823104e+19 1.050447005049200804e+20 2.239906626972058911e+20 4.638550768538573210e+20 8.849667050529032765e+20 1.436411459671298671e+21 1.799620198771014238e+21 1.636906543236149150e+21 1.110739530514755879e+21 6.157665988704011551e+20 3.054302340513668137e+20 1.444482643757560791e+20 6.817118994132196557e+19 3.374716766705633690e+19 1.889587813550583398e+19 1.308950750566865510e+19 1.159973607906594816e+19 1.244561853386741965e+19 1.502240861002113024e+19 1.963697056916106445e+19 2.765604145891063398e+19 4.235773539111782810e+19 7.099160636261357978e+19 1.290533758456965202e+20 2.477389753465835356e+20 4.811603434354348524e+20 8.890311245241038930e+20 1.431958163120013181e+21 1.812377352138014589e+21 1.682267696345925812e+21 1.170961703599771746e+21 6.745026827926842900e+20 3.625508225535437046e+20 2.057599776388459725e+20 1.392074826512067461e+20 1.190624103594634117e+20 1.227187715807152538e+20 1.399361066536632812e+20 1.667266462338965176e+20 2.022804896243281101e+20 2.477568337603848110e+20 3.062562675216461988e+20 3.838730511549159834e+20 4.921511739026493276e+20 6.521115190189112689e+20 8.970791165082198344e+20 1.259402859505876206e+21 1.704600298330717684e+21 2.026206958219880301e+21 1.954555635222666019e+21 1.546903067557487968e+21 1.131241879213919175e+21 8.905651607582876631e+20 8.153156499775900877e+20 8.447164582897135124e+20 9.323732305168714957e+20 1.051413266264870748e+21 1.186343586226739872e+21 1.326595319799435231e+21 1.463158368884474249e+21 1.587294837874870452e+21 1.690474679940911464e+21
8.630136926818708685e+19 7.053900534846015898e+19 5.765137657606746931e+19 4.717778689610801971e+19 3.878255420333806387e+19 3.229894931093619507e+19 2.784321946177364378e+19 2.608491694806068838e+19 2.886315798167215309e+19 4.055339540190447206e+19 7.098133838948854170e+19 1.411183672616019067e+20 2.918145698503859896e+20 5.866572977141988065e+20 1.067793669604475666e+21 1.603892230908198519e+21 1.809465600135077560e+21 1.481268776213635138e+21 9.301756214578185503e+20 4.938223970881228636e+20 2.406184094315609129e+20 1.135428747596379095e+20 5.392876746603456102e+19 2.702648133910695936e+19 1.570799301771090739e+19 1.256558417025203405e+19 1.558000948859760230e+19 2.684903428872900608e+19 5.391563658596868915e+19 1.141765642073181880e+20 2.428558644098537554e+20 4.991192031159043359e+20 9.392487350598502973e+20 1.490386787615330009e+21 1.810049069029857690e+21 1.594122131870770004e+21 1.055620719591379698e+21 5.775004751600415539e+20 2.857940051078442516e+20 1.367946798940869263e+20 6.719253679860269056e+19 3.660100079620900454e+19 2.433434404067907994e+19 2.071225964082891162e+19 2.144943736846976205e+19 2.482446903250336973e+19 3.042715738268158771e+19 3.876198479349355315e+19 5.145155168701767680e+19 7.215829284500700365e+19 1.087512207965112730e+20 1.777042488671895552e+20 3.114395639195857715e+20 5.640553788311152230e+20 9.882873409844434698e+20 1.522571856701884727e+21 1.851547099601810751e+21 1.667022372110688322e+21 1.149164853180161196e+21 6.793035557416328233e+20 3.974093079584683459e+20 2.654296659197853368e+20 2.203353737145582551e+20 2.213769793254578586e+20 2.480681025792467599e+20 2.914494365801974006e+20 3.482993262121443000e+20 4.182073111687133266e+20 5.023344508914804326e+20 6.031695418745912033e+20 7.250794404458321674e+20 8.757143663676129280e+20 1.068002491066867909e+21 1.320007663103821480e+21 1.641764318886705758e+21 1.988034534129638572e+21 2.199533271346995003e+21 2.102420249953205748e+21 1.771134792111223210e+21 1.462127964549169545e+21 1.310516545578973266e+21 1.299006819524961108e+21 1.369124707056079077e+21 1.474665512759653302e+21 1.586433528830656774e+21 1.686006608971475452e+21 1.761098914426170376e+21 1.803577669563189297e+21 1.808962512847042249e+21 1.776374490215174373e+21
3.914687352866464563e+19 3.196632984397875610e+19 2.614957606281252864e+19 2.149477540792114381e+19 1.789057751763640934e+19 1.536895106778055885e+19 1.423417169132309504e+19 1.536102046770771968e+19 2.086701096608249446e+19 3.559372385938832998e+19 7.024260447408961946e+19 1.474150094168998380e+20 3.104570108657222287e+20 6.242442039765077852e+20 1.122197365303474520e+21 1.645292564179815498e+21 1.797245455224817844e+21 1.426082532089560564e+21 8.751471077967694397e+20 4.577946308581250171e+20 2.208679914775348838e+20 1.034611636667751629e+20 4.899873822446251213e+19 2.487910608064843776e+19 1.525400920981317222e+19 1.341179698475650048e+19 1.778264294611251814e+19 3.092793919616229786e+19 6.113308609111118643e+19 1.271537252542761861e+20 2.664057997282627748e+20 5.397842514434886861e+20 9.979958636193921106e+20 1.544299419834545078e+21 1.816171341899905368e+21 1.549930697318400000e+21 1.004087847352267964e+21 5.446414771211761091e+20 2.716943539785082143e+20 1.348111995713891533e+20 7.245381020021017805e+19 4.669739289350150554e+19 3.841369106552570675e+19 3.877478891274911744e+19 4.398146143858324275e+19 5.264236093397499904e+19 6.463263316615315456e+19 8.075911677360360653e+19 1.030067670456904745e+20 1.354980499695149875e+20 1.866777314307298755e+20 2.736037780589503447e+20 4.286371610496607846e+20 7.027294208599485317e+20 1.136521767086483440e+21 1.645150160880060072e+21 1.910034944528556229e+21 1.678027684003993879e+21 1.169320536231693517e+21 7.390416492045130793e+20 4.984959953929933292e+20 4.034867238555653898e+20 3.936819603529627730e+20 4.313454426736303800e+20 4.976810267190737633e+20 5.842583464129074299e+20 6.874363393242077594e+20 8.054442079278035108e+20 9.369797561768451768e+20 1.080665778556140782e+21 1.235136920746538303e+21 1.399754022228887863e+21 1.575823723238879658e+21 1.767093423700253344e+21 1.974676046090009575e+21 2.176658982638498611e+21 2.299190647007451546e+21 2.253734948880194208e+21 2.069337428342639952e+21 1.888207339324645835e+21 1.797290637580004753e+21 1.784848258023442350e+21 1.806218252137088680e+21 1.825485834388252393e+21 1.822178513844094894e+21 1.787410789248550306e+21 1.719856112051180274e+21 1.622997030210399633e+21 1.503164123970144567e+21 1.367984328359766393e+21
1.777498736423258112e+19 1.458902660183482163e+19 1.205254893985090970e+19 1.009775117981767680e+19 8.729503974080532480e+18 8.086854310687942656e+18 8.586602577202197504e+18 1.124975033994716570e+19 1.843212495653608858e+19 3.542653566293950464e+19 7.383074837902052557e+19 1.579314219213952778e+20 3.335615067539258737e+20 6.663457726301869179e+20 1.179123335445155021e+21 1.684164936778301047e+21 1.780464385316781556e+21 1.370927456758225175e+21 8.240612041709119078e+20 4.262866699202731704e+20 2.049900253845330657e+20 9.665173926198098330e+19 4.703075718653985587e+19 2.563285689650162893e+19 1.783421511941847859e+19 1.759389238968330650e+19 2.379310209578808525e+19 3.947983173765369856e+19 7.372088939398329139e+19 1.466610303909485937e+20 2.978075563993601802e+20 5.891264956312885002e+20 1.063814852728927551e+21 1.599648098431540396e+21 1.819567241109399142e+21 1.506832458063172338e+21 9.590486882519543972e+20 5.205512469658524713e+20 2.672995763517326295e+20 1.437291977741997179e+20 9.046611963997626368e+19 7.207148943416901632e+19 7.098774369027352166e+19 7.930171844571735654e+19 9.380382126409241395e+19 1.135633470353535304e+20 1.388844409869792707e+20 1.710127303896669225e+20 2.123839503824339272e+20 2.675288680883867484e+20 3.450621603983873802e+20 4.613839131153705206e+20 6.457666204720360325e+20 9.400710233222418268e+20 1.365785959387991638e+21 1.818878572584427323e+21 2.004878840385092190e+21 1.742062814063844655e+21 1.269653170599488651e+21 9.012448016246730916e+20 7.207561554375243203e+20 6.804041211067414610e+20 7.226371744631689052e+20 8.113609985271146742e+20 9.272519355904166461e+20 1.059510221141811659e+21 1.200638827954535137e+21 1.343848667808803324e+21 1.482082709314743566e+21 1.608083423060847231e+21 1.715280061814984933e+21 1.799486092467691586e+21 1.861544885840930144e+21 1.910929346505385181e+21 1.968542354595075850e+21 2.060455208076601721e+21 2.187226703079321895e+21 2.286419717076942848e+21 2.279866743028871856e+21 2.177110911449287623e+21 2.044747225441616265e+21 1.918069766036610351e+21 1.796184344229181915e+21 1.669970289825977729e+21 1.534903334990477525e+21 1.391848078512145826e+21 1.244745556891116503e+21 1.098511901533129146e+21 9.577193950284137103e+20 8.259408766644647363e+20
8.367693022365015040e+18 7.045460433944442880e+18 6.057423606505897984e+18 5.403536760097459200e+18 5.150591530148154368e+18 5.501308774675444736e+18 6.952056133178361856e+18 1.064830709874834842e+19 1.917665809929558835e+19 3.829435790694246810e+19 8.053831478105029018e+19 1.719437366333093315e+20 3.607844610880760709e+20 7.127526609515075338e+20 1.238100842960554033e+21 1.719927198115654271e+21 1.759254208863898173e+21 1.316158981183556551e+21 7.768606372736094700e+20 3.991404097044348273e+20 1.930841883330122875e+20 9.362499770536887910e+19 4.900941981728600883e+19 3.079657579649613414e+19 2.554432421521284301e+19 2.787724151684494541e+19 3.715023671882339123e+19 5.693568931092781466e+19 9.711188524956606464e+19 1.791642080730545848e+20 3.443380687046948946e+20 6.544436563633571103e+20 1.142578907298309079e+21 1.660232712539777794e+21 1.823926182559493652e+21 1.469968636744652554e+21 9.268870874275728589e+20 5.129932303842963620e+20 2.821608951317985034e+20 1.752694565952759726e+20 1.355186091160713626e+20 1.300381184308535951e+20 1.429178624368284795e+20 1.672736041228038636e+20 2.006155208105701540e+20 2.425858274000727572e+20 2.939672183276088197e+20 3.563625189850850918e+20 4.323296466085883412e+20 5.260219894095185183e+20 6.445880710746375455e+20 8.005797717170994545e+20 1.014472235333090935e+21 1.310931659139453026e+21 1.688354907773536567e+21 2.042021178986429153e+21 2.143079818711462576e+21 1.887989891778017231e+21 1.496457779338150412e+21 1.220027326929861345e+21 1.116694277601850032e+21 1.137344875537037787e+21 1.226032762992379822e+21 1.345468286117306171e+21 1.472797645967047786e+21 1.592799644065017102e+21 1.694095450596254679e+21 1.767871471286142370e+21 1.807978080242679415e+21 1.811608813095563559e+21 1.780167130680674222e+21 1.720373849556348830e+21 1.646210130166670950e+21 1.582655998901207171e+21 1.570713131009281098e+21 1.664473115445221392e+21 1.891064784204519965e+21 2.161473544666046530e+21 2.275402361585225957e+21 2.144503482052088431e+21 1.878767431623473889e+21 1.603988133756399256e+21 1.366913300906536337e+21 1.168327273898268426e+21 9.991284961542043075e+20 8.522477301143451730e+20 7.236802080299761009e+20 6.112352810013100605e+20 5.134806297208023286e+20 4.291873615227655291e+20
4.641842820232282112e+18 4.271672569238568960e+18 4.120617701196357120e+18 4.227679505778563072e+18 4.699991967341683712e+18 5.789124968294742016e+18 8.063215134351621120e+18 1.279281405557454848e+19 2.280751205034348134e+19 4.435832287985627955e+19 9.097138320283453030e+19 1.904743732269130056e+20 3.934415117305309430e+20 7.647120073821127967e+20 1.299771354279532823e+21 1.752868191402953540e+21 1.734612947399695139e+21 1.263161702205605020e+21 7.348510795856275046e+20 3.778701528497915167e+20 1.871676521484331581e+20 9.705797641308212429e+19 5.839226767051354931e+19 4.474505059736511283e+19 4.384487489527212442e+19 5.101202581064101888e+19 6.612941989983617024e+19 9.334378378362550682e+19 1.433258884264044298e+20 2.386407151508640891e+20 4.213368246201956434e+20 7.506949659015492403e+20 1.246114223103711379e+21 1.733943736024131961e+21 1.836928198600926953e+21 1.449828017452696470e+21 9.210819653558926049e+20 5.386008938884205773e+20 3.365332285047505551e+20 2.538373384723444204e+20 2.367310531700918845e+20 2.549998957508132536e+20 2.943936901157919785e+20 3.490003126336493322e+20 4.168541206426718700e+20 4.977401085715960300e+20 5.921358241207163290e+20 7.007174641942931702e+20 8.242035668402047549e+20 9.635245470870848143e+20 1.120432813074171822e+21 1.298613807320916558e+21 1.504606415470728315e+21 1.744862035423271846e+21 2.008620647317334917e+21 2.229043802307830743e+21 2.277635994967601578e+21 2.102782950753803174e+21 1.846456452954319225e+21 1.675626392416707150e+21 1.627508158917545296e+21 1.658869669099112759e+21 1.719987517574734676e+21 1.777180569610411311e+21 1.811177387144453030e+21 1.812342924103128711e+21 1.777587919136845726e+21 1.708618479541493170e+21 1.610728794693320049e+21 1.491826909210411532e+21 1.361855371617089094e+21 1.233143751805487546e+21 1.122601203841189544e+21 1.056857218462322262e+21 1.079733447745475838e+21 1.250953461507198026e+21 1.597261271694358610e+21 1.988145778282136076e+21 2.129104583850632413e+21 1.901170235750256476e+21 1.504420567259587281e+21 1.144275610657679344e+21 8.789709952980198359e+20 6.917498530458332037e+20 5.558704192364890685e+20 4.526124658261405860e+20 3.710571123428367401e+20 3.050262531276750848e+20 2.508534410015858688e+20 2.061549217728945193e+20
4.074108102437422592e+18 4.383790245129589760e+18 4.920457750207827968e+18 5.756221227281742848e+18 7.037769924385058816e+18 9.070174889456649216e+18 1.250422554508387328e+19 1.875416616907691213e+19 3.092111397017040077e+19 5.578943467877013914e+19 1.079151162153698755e+20 2.168953462473155543e+20 4.352565469500200059e+20 8.256459294908758098e+20 1.366407428369110794e+21 1.784531398093885669e+21 1.708872030532043801e+21 1.214999897289722692e+21 7.015290620044059607e+20 3.667132466449240556e+20 1.925340250651760394e+20 1.135405407985210982e+20 8.331399523686193562e+19 7.745200360703698534e+19 8.489663871866372096e+19 1.017438321640917238e+20 1.284880334787264348e+20 1.698696418536127201e+20 2.371475626836782285e+20 3.531556845567845990e+20 5.585379403039083725e+20 9.055452965416471101e+20 1.395172152720057434e+21 1.834558530055871660e+21 1.872950008973693026e+21 1.466793867254161736e+21 9.683474239078221742e+20 6.301640621269452063e+20 4.693977809137683661e+20 4.247650697248512410e+20 4.457337787797806776e+20 5.043694947264179077e+20 5.873347802471961068e+20 6.885176042888869970e+20 8.047638079222423224e+20 9.336528741930213048e+20 1.072353370853982732e+21 1.217074347160012063e+21 1.362956266467164946e+21 1.504431192877483426e+21 1.636187448549201936e+21 1.754921908993404174e+21 1.861928097745710350e+21 1.965549136841869361e+21 2.078721262695199015e+21 2.200865408279344579e+21 2.288108162262201795e+21 2.276151660853101593e+21 2.173549494897122738e+21 2.055940295436827361e+21 1.966273339654115426e+21 1.896611402442181706e+21 1.825421510679896261e+21 1.738541777117756260e+21 1.631497830605622346e+21 1.506361990734438203e+21 1.368611036708765172e+21 1.224957555943797686e+21 1.082088863252109459e+21 9.462111000471868539e+20 8.234482893669664031e+20 7.214079073720426824e+20 6.526513616232238285e+20 6.411310924833908326e+20 7.307758449791900058e+20 9.831771732951418798e+20 1.418081383683565814e+21 1.864993057565483467e+21 1.972876110610564645e+21 1.645690062968681660e+21 1.170218428606264246e+21 7.872766627596714639e+20 5.390356013840024207e+20 3.867745191815924285e+20 2.907159479114735944e+20 2.261592763684864983e+20 1.798200277152075940e+20 1.447855125489693000e+20 1.173659806432993935e+20 9.545961414079311053e+19
6.277099955003493376e+18 7.454902605772588032e+18 8.993555914059191296e+18 1.101150242238976614e+19 1.371407762649943245e+19 1.748561958202286285e+19 2.309296537997526221e+19 3.213569488752188621e+19 4.803469646587776205e+19 7.815172813918825677e+19 1.380694380322877932e+20 2.589585146711099965e+20 4.944972548010292019e+20 9.030311358777727386e+20 1.443238555572177732e+21 1.818723627827437502e+21 1.686926989033650520e+21 1.178118066901431353e+21 6.847612746141441720e+20 3.753181419773134766e+20 2.210280720141518438e+20 1.575230419685607014e+20 1.412871369835088609e+20 1.500079800993606861e+20 1.739266029507477176e+20 2.099951291267333489e+20 2.593169694887351091e+20 3.269814178305522401e+20 4.240044475794461164e+20 5.713554527414435185e+20 8.036713499773275996e+20 1.158783759201945256e+21 1.615457159905660633e+21 1.978286469475537256e+21 1.953369486948678500e+21 1.554893701805520454e+21 1.113949064295024820e+21 8.414643026201913590e+20 7.406123602635543020e+20 7.511006423342877245e+20 8.247059035550006641e+20 9.336689719385294111e+20 1.062701780486133121e+21 1.202084470287221129e+21 1.343857350751696191e+21 1.480148879674102776e+21 1.602788549705968910e+21 1.703727604138926932e+21 1.775990367012443390e+21 1.814967786533731172e+21 1.819979546112702022e+21 1.796292466821734859e+21 1.758165183660619989e+21 1.733289045756900540e+21 1.765246623892601569e+21 1.897608167740846113e+21 2.113961010010643235e+21 2.283219986428281750e+21 2.269447236966858883e+21 2.094632881810937741e+21 1.865970196022749561e+21 1.646926138428543468e+21 1.450757118280505229e+21 1.273805513411370156e+21 1.111871649245022519e+21 9.632620804150684549e+20 8.279485161182540595e+20 7.065066472662952837e+20 5.996196888868353475e+20 5.081909947057383670e+20 4.341265113037448151e+20 3.821509466672821043e+20 3.635130664431180186e+20 4.027474872545676493e+20 5.463384197707829740e+20 8.578304470338076672e+20 1.346808732824068424e+21 1.805954404581955338e+21 1.857819366441370518e+21 1.455829262797059654e+21 9.462404141354709156e+20 5.699687282043636285e+20 3.467054249322545807e+20 2.232106314344724562e+20 1.540017614218446438e+20 1.128069516461247693e+20 8.624882927785245082e+19 6.776368243093149286e+19 5.410222817194552525e+19 4.358648776458428416e+19
1.274463826575343616e+19 1.556313609232845619e+19 1.908740738955521229e+19 2.352181891572122010e+19 2.917923776145671373e+19 3.658246881014395699e+19 4.668405947280290611e+19 6.134609173774488371e+19 8.438130786246333235e+19 1.237550936757116928e+20 1.959381111252325171e+20 3.330560613721899008e+20 5.881688813973223506e+20 1.011813255698147836e+21 1.540692451540617396e+21 1.863324733157687951e+21 1.678709938210820063e+21 1.165832910825179316e+21 7.012243627434817618e+20 4.240799462306115092e+20 2.972731551154454528e+20 2.584059174703453307e+20 2.670400702683928986e+20 3.029478226164333281e+20 3.575606228541942661e+20 4.283877384154193592e+20 5.164774013633298432e+20 6.259369619400116142e+20 7.650140504912130212e+20 9.482768441623635558e+20 1.197220846167853367e+21 1.528155129708274254e+21 1.903235678907138572e+21 2.159026358349008470e+21 2.091657016824796021e+21 1.750064532727309533e+21 1.406463368554043933e+21 1.222268614805906784e+21 1.189997210763235426e+21 1.250966754007183000e+21 1.357219882776509809e+21 1.478475140135054475e+21 1.595581568829655351e+21 1.695259474992425599e+21 1.767749725468688908e+21 1.806283296926245847e+21 1.807306493727244812e+21 1.770778585123613835e+21 1.700217038487272554e+21 1.602509149862276891e+21 1.487866497146395296e+21 1.370693652324757799e+21 1.272529835721856123e+21 1.227923493369073369e+21 1.289664179053897974e+21 1.512290477126768132e+21 1.870188445531867709e+21 2.156181648615165395e+21 2.130994346381432586e+21 1.831756182510881210e+21 1.468722704945138893e+21 1.164542862998976856e+21 9.356864888694838395e+20 7.635111790145623818e+20 6.294224998542160691e+20 5.214513446049811661e+20 4.327098956626511790e+20 3.592856546498357494e+20 2.990245652048213443e+20 2.511949424900135977e+20 2.170038372680417935e+20 2.013096304641480786e+20 2.164200981997152174e+20 2.891263563531996692e+20 4.692280063717533942e+20 8.212453083133613179e+20 1.341466878583549723e+21 1.788294802204816048e+21 1.778706500337494655e+21 1.324942691911647625e+21 8.068332800476024668e+20 4.471221661557913027e+20 2.454806243654522962e+20 1.412205587036012052e+20 8.765348418453471232e+19 5.897545847911090586e+19 4.246797586973709926e+19 3.210478151241530573e+19 2.503885919831036723e+19 1.989466413903698330e+19
2.782608555165234790e+19 3.413746617354509926e+19 4.192245889034478387e+19 5.155538741898659430e+19 6.355502263715932570e+19 7.869472347620352000e+19 9.823392339872323994e+19 1.244124116655619441e+20 1.615018528453538939e+20 2.179785868918803333e+20 3.106685373897462252e+20 4.710491485665599816e+20 7.478644510339697213e+20 1.178184676456710668e+21 1.676213102396144091e+21 1.932210641844898103e+21 1.702954534383848260e+21 1.204021308351560548e+21 7.834690280673359954e+20 5.520410556673932001e+20 4.668159900329188393e+20 4.680949909423996928e+20 5.182398782429862953e+20 5.983268410810885734e+20 6.997156178854847447e+20 8.185924427685961400e+20 9.532826808486082642e+20 1.103311255999282020e+21 1.269626642225956913e+21 1.455526816836273308e+21 1.666711643256339300e+21 1.904833154064590045e+21 2.143350686189246743e+21 2.293471728362526867e+21 2.247110532177505026e+21 2.033664875521006109e+21 1.819910410995570049e+21 1.712454824975810691e+21 1.702641648042605019e+21 1.741333880384603816e+21 1.787412428238605517e+21 1.815971970042555531e+21 1.814332335039351357e+21 1.777918542222571340e+21 1.707659186856464220e+21 1.608239741593959793e+21 1.486679603907096216e+21 1.351109371009070006e+21 1.209871227766516220e+21 1.071178172591306965e+21 9.436757389081167790e+20 8.384889116354080932e+20 7.737185107533498941e+20 7.821023838889030451e+20 9.175756249757691412e+20 1.235459829718225781e+21 1.691373433921285652e+21 2.015968462910322377e+21 1.923284471170308768e+21 1.511814566675856490e+21 1.076781815244446892e+21 7.577005552793790710e+20 5.505390109268947763e+20 4.165827947274060431e+20 3.256315510861955727e+20 2.600753739528808694e+20 2.105279603066120438e+20 1.721269656047310275e+20 1.425500056543289344e+20 1.213330901446978273e+20 1.102669068242837176e+20 1.151577374808404623e+20 1.498547069719328850e+20 2.436301344041829663e+20 4.494053484080779756e+20 8.313139634772284539e+20 1.369482354998038757e+21 1.790251532919642259e+21 1.719531485619630113e+21 1.229915232555681186e+21 7.163158313458358026e+20 3.757141955638800548e+20 1.916241757795516088e+20 1.002307676540403384e+20 5.579707620503739597e+19 3.377125717005875610e+19 2.228512676600445338e+19 1.582441294342526362e+19 1.185167211300686029e+19 9.188807783600138240e+18
6.144043728555408589e+19 7.527626190347440947e+19 9.219320744843855462e+19 1.128799584869300142e+20 1.382149885963317084e+20 1.693738317841415209e+20 2.080474923264364052e+20 2.568982832814728806e+20 3.205060059561038316e+20 4.072551924689437327e+20 5.327222909184766771e+20 7.241123850396612690e+20 1.019188918794631905e+21 1.434450419976552841e+21 1.867886600639325667e+21 2.042283819936945799e+21 1.788620575800003658e+21 1.335031824300710035e+21 9.838823734733310525e+20 8.183822122236491858e+20 7.922619618353530798e+20 8.482504943772222095e+20 9.495695565946641449e+20 1.075731449759215387e+21 1.214564914832141976e+21 1.357258216228471702e+21 1.496159528078655095e+21 1.624406692422369935e+21 1.736886144164802068e+21 1.832368705840044311e+21 1.916562742070357262e+21 2.004098356693779087e+21 2.111759111501270483e+21 2.231050062283109564e+21 2.301884111100253831e+21 2.266822406971199848e+21 2.156366600392308425e+21 2.039154960284149088e+21 1.940411123476613038e+21 1.849358861240697618e+21 1.750831805178889110e+21 1.637322528000267256e+21 1.508628981894389170e+21 1.368825673682472141e+21 1.223717170910686085e+21 1.079196530739382059e+21 9.403604654341704909e+20 8.112064972059428782e+20 6.948042607767984538e+20 5.939494529733944934e+20 5.125213528233988588e+20 4.581382695847433339e+20 4.471925827052615107e+20 5.130268733595386511e+20 7.121221720081960796e+20 1.098769555649209434e+21 1.606922265122876424e+21 1.920813517163212046e+21 1.751297208077758759e+21 1.267962094133685518e+21 8.100782608696651284e+20 5.053580544217910477e+20 3.278692836785360077e+20 2.263980769167196488e+20 1.657622270378452582e+20 1.268539279866843791e+20 1.001291743969867858e+20 8.103840012435449446e+19 6.773177999821730611e+19 6.029548045922157363e+19 6.118435872104574976e+19 7.713209196861366272e+19 1.234747256100107387e+20 2.318856497889429750e+20 4.580875387668335165e+20 8.644972412589994148e+20 1.412520119335854539e+21 1.798710527701235007e+21 1.668816687321306366e+21 1.153959743000629477e+21 6.515017669043573228e+20 3.302413947573007811e+20 1.608484274942255104e+20 7.875034150551529062e+19 4.009083137675874304e+19 2.182236417310491443e+19 1.294172067424881254e+19 8.392666076294422528e+18 5.881190503633078272e+18 4.365193438277549568e+18
1.345729273264422093e+20 1.640978457142585590e+20 1.997543182610567987e+20 2.426712887554855076e+20 2.941499239735146906e+20 3.557136244317009347e+20 4.292269814274093875e+20 5.171725634965498102e+20 6.232542641802827530e+20 7.535904751316079739e+20 9.186884367729275699e+20 1.135316697474178875e+21 1.422661686789433197e+21 1.775488142285978206e+21 2.098713496974530183e+21 2.190580073474404647e+21 1.958539945048470716e+21 1.599708712852767900e+21 1.347929896749088899e+21 1.260115215583505547e+21 1.289222122095899574e+21 1.379580762171129725e+21 1.493105781524304757e+21 1.606141279791077655e+21 1.703329060344736776e+21 1.774258643254488859e+21 1.812481347346897306e+21 1.815835390350178910e+21 1.787545197457902928e+21 1.738237474512519299e+21 1.689507927574010659e+21 1.678534611161425904e+21 1.755720969897781494e+21 1.949905863817140634e+21 2.189308354272585843e+21 2.299540997108986282e+21 2.194302586987505254e+21 1.961645090713196560e+21 1.711500193219997073e+21 1.487590157197010797e+21 1.292847360244732920e+21 1.120930295097920455e+21 9.670390135913089597e+20 8.289055928541160407e+20 7.056576273947640463e+20 5.968674962934076539e+20 5.021083068471635476e+20 4.209061223126308618e+20 3.529999978703491564e+20 2.989701401787081687e+20 2.615374620956930867e+20 2.482313707602179850e+20 2.766027576701335634e+20 3.826322317861648466e+20 6.259455740145944494e+20 1.057802121676531171e+21 1.588082915015351337e+21 1.866966213428316733e+21 1.628737560831342412e+21 1.106274605201423073e+21 6.503520985696816333e+20 3.661468346469721047e+20 2.119907133824169738e+20 1.313109845200264397e+20 8.801494743166033920e+19 6.333018283285957018e+19 4.825572574808670208e+19 3.874581241170750669e+19 3.339714470886677299e+19 3.273618526194061722e+19 3.975306626449122099e+19 6.199905355616437043e+19 1.162309722372046193e+20 2.364775475360723108e+20 4.809873415866540360e+20 9.091599808816028058e+20 1.461333896620935741e+21 1.806905278578657067e+21 1.620365183589205934e+21 1.087827352063032295e+21 6.000992127440093184e+20 2.977318541792679690e+20 1.411790333414306775e+20 6.641803760271536128e+19 3.183504489589736243e+19 1.592674963516601958e+19 8.516669826964600832e+18 4.959122312118288384e+18 3.162235528348812800e+18 2.186502934336409856e+18
2.876166711597477069e+20 3.471131259866196869e+20 4.172365227486360371e+20 4.991344308895281316e+20 5.937592514340477993e+20 7.017337821173469676e+20 8.232312577387402363e+20 9.579396899908302930e+20 1.105233574339045097e+21 1.264726699041229636e+21 1.437326706092820398e+21 1.626358378456612078e+21 1.836100313245444735e+21 2.059817418620470034e+21 2.249634255851011441e+21 2.305278187151722807e+21 2.174484391320451023e+21 1.962071198620969599e+21 1.810954883421387882e+21 1.759686251002030457e+21 1.772096962247045677e+21 1.803402143350902489e+21 1.823507828989694312e+21 1.816625869002828415e+21 1.776825974577490821e+21 1.704751516607756632e+21 1.605612595478778610e+21 1.488062605204200620e+21 1.364084797852412019e+21 1.250608585946684195e+21 1.173924993607222821e+21 1.176572220430370079e+21 1.317216702585557746e+21 1.628775142754554479e+21 2.003982212593994433e+21 2.169417369204804813e+21 1.984478391479599366e+21 1.614465779376245441e+21 1.259536799674798440e+21 9.875966645279461212e+20 7.893477010251983094e+20 6.414779393114129039e+20 5.266234229956547707e+20 4.343985440845489766e+20 3.588502225161052488e+20 2.964338754370640282e+20 2.449058905047245455e+20 2.028637251209514516e+20 1.697416001178438861e+20 1.462822933602849260e+20 1.357919675312697344e+20 1.469116804272259236e+20 1.991153099938143273e+20 3.313564877869837844e+20 6.059148916856832655e+20 1.068746155433154970e+21 1.603568488711588938e+21 1.835961104114677973e+21 1.539039844719261909e+21 9.975588958453180662e+20 5.543201439317279375e+20 2.900210570214704742e+20 1.528271447755591516e+20 8.492430843217944576e+19 5.117422362873907610e+19 3.378557571429668864e+19 2.443619744638268621e+19 1.953359642530184397e+19 1.801482744695331430e+19 2.073677727221947187e+19 3.113535826515124634e+19 5.752772698288979149e+19 1.180907771758709473e+20 2.492229174866351227e+20 5.114445112132589322e+20 9.597900248748573327e+20 1.511350184600572002e+21 1.811556506283659756e+21 1.571289713684778844e+21 1.026976215480100717e+21 5.560875758762993254e+20 2.719699472303935652e+20 1.269863340050547016e+20 5.842732174889344205e+19 2.703088096416658637e+19 1.279537507884834816e+19 6.318718394487480320e+18 3.327063740602398720e+18 1.903994617620656896e+18 1.193851443851194112e+18
5.826673640356032020e+20 6.884146199975395328e+20 8.067858716221530440e+20 9.365941977936351724e+20 1.075444717201435787e+21 1.219550230175005802e+21 1.363722854265072910e+21 1.501664893882099827e+21 1.626697796220929704e+21 1.733084429907992248e+21 1.818137004878194541e+21 1.885287064105311535e+21 1.947598228009163424e+21 2.027651241358003274e+21 2.141538099653197693e+21 2.260134692751104541e+21 2.304171680035086270e+21 2.237739616426568974e+21 2.114332994328176624e+21 1.990036508331643765e+21 1.875966736028875358e+21 1.761947030503737524e+21 1.639105546769115382e+21 1.505208282916579181e+21 1.362988167166889558e+21 1.217696560496698720e+21 1.075533972917465776e+21 9.432389407756405965e+20 8.290623657453202964e+20 7.457377403065574359e+20 7.164204023770852884e+20 7.830704316290329477e+20 1.006148781615673115e+21 1.413722053417123709e+21 1.861613130489717850e+21 2.011848287238190268e+21 1.728839996239961391e+21 1.266170620547026387e+21 8.742490633662546575e+20 6.115230922919363215e+20 4.460032248106910351e+20 3.391321327961574605e+20 2.659023683176764539e+20 2.125639783347913359e+20 1.718681136087761224e+20 1.399445672513927741e+20 1.146860367613302047e+20 9.505449560137582182e+19 8.097696226900946125e+19 7.380283442923793613e+19 7.763274327879293338e+19 1.022907072885896970e+20 1.691712611866805535e+20 3.200772411736313037e+20 6.192628787809052262e+20 1.105229018791691682e+21 1.633851848131873604e+21 1.813935600719567782e+21 1.466617132677343216e+21 9.178426309067139973e+20 4.917210700912780902e+20 2.456488313634845819e+20 1.213447240507133297e+20 6.180027400259282534e+19 3.357718621122518630e+19 2.004920678027754291e+19 1.356131381156851098e+19 1.090748517542756762e+19 1.129269909803769651e+19 1.584457314284673843e+19 2.840865760027622605e+19 5.806807171385996083e+19 1.244666424001755382e+20 2.664197776091395850e+20 5.464444442716133130e+20 1.013758870229879620e+21 1.560203734690094645e+21 1.811132628683604361e+21 1.520458808755470729e+21 9.693321367795402015e+20 5.166078179243587011e+20 2.500360467706548716e+20 1.156662188288821166e+20 5.257968853856831078e+19 2.386255113158059622e+19 1.094170696748519629e+19 5.135242232797278208e+18 2.508781486698120192e+18 1.302481867375831808e+18 7.330062903702321920e+17
1.060237380884069220e+21 1.203407545315776266e+21 1.346646157322240393e+21 1.483198634012110488e+21 1.605331060010752410e+21 1.705101003966325195e+21 1.775408636133916279e+21 1.811199280175830532e+21 1.810680328690465767e+21 1.776552458212249960e+21 1.717594250399719358e+21 1.651402166818192490e+21 1.608956012514457158e+21 1.637919584074651140e+21 1.787552069348043784e+21 2.043786236604556247e+21 2.257320301282261467e+21 2.255264397551924675e+21 2.051110245172045414e+21 1.779056963720601928e+21 1.525302115301777736e+21 1.309195672737021690e+21 1.125104985866493755e+21 9.652909276750833254e+20 8.250565818279688929e+20 7.023217317566750392e+20 5.967239599778227814e+20 5.095648917822565908e+20 4.450560214021799281e+20 4.135634631021491651e+20 4.379089113722992722e+20 5.619608179079822705e+20 8.483560294823632568e+20 1.317303696129083572e+21 1.789825729916674245e+21 1.893074611795817398e+21 1.530303233102889353e+21 1.022465020290670920e+21 6.305153890990302167e+20 3.915038887387987313e+20 2.565230542541400310e+20 1.794443631976595128e+20 1.327515341286854328e+20 1.022047836228351427e+20 8.076102734056198963e+19 6.496122269733774950e+19 5.314832211259928576e+19 4.472788542860946637e+19 4.007164122002136269e+19 4.102672889744395469e+19 5.236422658606913946e+19 8.498725232206113997e+19 1.621434545804070420e+20 3.283659129383959265e+20 6.492388814038403645e+20 1.153758785833289253e+21 1.668685437255866122e+21 1.793211398917324538e+21 1.402220510039393436e+21 8.533528083404741673e+20 4.461506067535805809e+20 2.168140833761423524e+20 1.030116418785470546e+20 4.951444058371946906e+19 2.483572114061844070e+19 1.353005078812397978e+19 8.566709523726526464e+18 7.077568159821480960e+18 8.495909304363957248e+18 1.419516251297773978e+19 2.842727798630276301e+19 6.107187249538199552e+19 1.333132245428122911e+20 2.864413103833393725e+20 5.846422500344800215e+20 1.069734962504547959e+21 1.606539310146520089e+21 1.804966503894103097e+21 1.467612305768222294e+21 9.140204453986723430e+20 4.803086261726572708e+20 2.305533366003590103e+20 1.060116269047116431e+20 4.787008354969907200e+19 2.150728250913801830e+19 9.695735809109327872e+18 4.421413811944442880e+18 2.061351597477843200e+18 9.975943866570237440e+17 5.111686169009233920e+17
1.593265765887275434e+21 1.695310747987466256e+21 1.768179078256869245e+21 1.806143970262392504e+21 1.806115906920428339e+21 1.768211320011525718e+21 1.695827517906476859e+21 1.595282288414618550e+21 1.475299421010238374e+21 1.346858476348091400e+21 1.224206631525407261e+21 1.128143938372065821e+21 1.092400493861440455e+21 1.169556711332695376e+21 1.415078245684037550e+21 1.802624288378353091e+21 2.112076025081970033e+21 2.081881047670380560e+21 1.752712148741033558e+21 1.361337445077765587e+21 1.044105299263550390e+21 8.155952527120728064e+20 6.515435304900522148e+20 5.291836852974028063e+20 4.342705691704670290e+20 3.590343892203974820e+20 2.998427510135734927e+20 2.563081190502869238e+20 2.321362266209972388e+20 2.383035338820009329e+20 2.995463696378421576e+20 4.628948133212211773e+20 7.926108420098825912e+20 1.298091751955090637e+21 1.767251781485489291e+21 1.813349767861037957e+21 1.392910019678026858e+21 8.693738267932890235e+20 4.912613032377284690e+20 2.744384432037657969e+20 1.605455146790295306e+20 1.012083191612752364e+20 6.899131927746914714e+19 5.020534884113095066e+19 3.833927116023917773e+19 3.036752937997906330e+19 2.498433603937774387e+19 2.189868659459203891e+19 2.178256205153063322e+19 2.685186532488895693e+19 4.244990364133587354e+19 8.050730243364043162e+19 1.661219909466425262e+20 3.464947678182358385e+20 6.879012440561592566e+20 1.207791111382828319e+21 1.702966255885239714e+21 1.770065922190427030e+21 1.341224229485237502e+21 7.971261340221930209e+20 4.095195920114562499e+20 1.957207401912015258e+20 9.097071306520838144e+19 4.228007230856763802e+19 2.015635769795298509e+19 1.029107887043975578e+19 6.232044279818624000e+18 5.415649743300840448e+18 7.483143280317891584e+18 1.404774168288732570e+19 2.978227238057998336e+19 6.541027422881580646e+19 1.437442371081455370e+20 3.086023182710438625e+20 6.254385431081235251e+20 1.126947260046326890e+21 1.649463955406777745e+21 1.792835492212552499e+21 1.412905837743733735e+21 8.607220756851277169e+20 4.465381599664841687e+20 2.128545613122678292e+20 9.745215205441919386e+19 4.383383995398982861e+19 1.959010016754022400e+19 8.754702777348383744e+18 3.932241923427776512e+18 1.786157963781251584e+18 8.281106924243146240e+17 3.973703400584385280e+17
1.807631734811370455e+21 1.773227232092587033e+21 1.703484162036273250e+21 1.603962129918605132e+21 1.482038444345232982e+21 1.345883407443260867e+21 1.203561034169523896e+21 1.062492909447250444e+21 9.294976762089207235e+20 8.116906127756792955e+20 7.187844815056471327e+20 6.677497416190016881e+20 6.905838146346258268e+20 8.410036719621595464e+20 1.174722911184897311e+21 1.646905705982112039e+21 1.981387943652665590e+21 1.881464770018621260e+21 1.451345673774062895e+21 1.002895329092032791e+21 6.812942469718375137e+20 4.790888549562229719e+20 3.533866625298721669e+20 2.715616106600793047e+20 2.150368568205650493e+20 1.744210813501810934e+20 1.457288018356463698e+20 1.288814049267388744e+20 1.283920996187070136e+20 1.566693286570347069e+20 2.408124762170338181e+20 4.309839959176440709e+20 7.918966168105448899e+20 1.319330835528713503e+21 1.769495517103641854e+21 1.756373276010331505e+21 1.294513727535847309e+21 7.708130267981819412e+20 4.107803209293116867e+20 2.123305052756799324e+20 1.125806112358928712e+20 6.359907706437138842e+19 3.908105223766557491e+19 2.618566522607238758e+19 1.894170884696032461e+19 1.466828956546443059e+19 1.229924129752569446e+19 1.174005708840296243e+19 1.387165979760082739e+19 2.120989041974233498e+19 3.963301983855999386e+19 8.210644485007253504e+19 1.756279219132342272e+20 3.700294523087900508e+20 7.315887857476451697e+20 1.264118658299805565e+21 1.734124450217471246e+21 1.742886950954295624e+21 1.281572801389054132e+21 7.458403480975537603e+20 3.779802716088591974e+20 1.787224611612599583e+20 8.205890561346401075e+19 3.745282625626254541e+19 1.736212327609385779e+19 8.551761512723147776e+18 5.105358617266422784e+18 4.739774242782052352e+18 7.294110652953168896e+18 1.462519756526542234e+19 3.185091410857023898e+19 7.059616805781134541e+19 1.553971600368908042e+20 3.326406411015114588e+20 6.685571489946245530e+20 1.184851675867754004e+21 1.688306469429258486e+21 1.774765289496587272e+21 1.356683633460637860e+21 8.093615652839754301e+20 4.149633598762209772e+20 1.965967595090406605e+20 8.970645312265248768e+19 4.025020388089982157e+19 1.793737394682204979e+19 7.980593520769476608e+18 3.557049631533724160e+18 1.593928241671170560e+18 7.217706028956279040e+17 3.330030115068995840e+17
1.495124043253673099e+21 1.359717336758866412e+21 1.216896413379369632e+21 1.073586253990702612e+21 9.353437061255757824e+20 8.062509603984491151e+20 6.890978849174202614e+20 5.858312566809619988e+20 4.983421728886968156e+20 4.298632316581938463e+20 3.876085617955334390e+20 3.877636012157110845e+20 4.636033958537598075e+20 6.716516564673405911e+20 1.066432592749518520e+21 1.582042201291966644e+21 1.900312679101654630e+21 1.727244246954850124e+21 1.235094898178375811e+21 7.713441147357728604e+20 4.663141603624862351e+20 2.921348755440029860e+20 1.954308417219630531e+20 1.398664380773791007e+20 1.060124541520852091e+20 8.463191739303421542e+19 7.223566038181018010e+19 6.941963343492015718e+19 8.162586229111019930e+19 1.227050287519203164e+20 2.220658147446150922e+20 4.327220829700780196e+20 8.186413730398888264e+20 1.359470510318408434e+21 1.781166686152735326e+21 1.709382167636214546e+21 1.217090757617320985e+21 7.012629008679184630e+20 3.602599811066685030e+20 1.772629906192716923e+20 8.765449044032593920e+19 4.514847743301595136e+19 2.493805269296601498e+19 1.508206984848518963e+19 1.010123934039900774e+19 7.588768636465409024e+18 6.650180957069185024e+18 7.330084419343212544e+18 1.067495120378759578e+19 1.947563605796809523e+19 4.014788922351025357e+19 8.673517299177914368e+19 1.882129892830712955e+20 3.970045592411640300e+20 7.786092548409271255e+20 1.321051901005973160e+21 1.760793600919136109e+21 1.711125587254646407e+21 1.222500387157205320e+21 6.979592220800951255e+20 3.497137229836831949e+20 1.641195329077805056e+20 7.482338614603805491e+19 3.383035516692840038e+19 1.546940355651731456e+19 7.510777439370842112e+18 4.534997440668904448e+18 4.520843137883986944e+18 7.500659464582332416e+18 1.558413528600102707e+19 3.436429800729355059e+19 7.643169788647365018e+19 1.681459798637258670e+20 3.584826300120321884e+20 7.138533370455731732e+20 1.242982305654834987e+21 1.722516795495217627e+21 1.750936605943640621e+21 1.299365415024862691e+21 7.599598026320594862e+20 3.853940690798531707e+20 1.815854028399546860e+20 8.262484729880969216e+19 3.700872163716866867e+19 1.646606509958308250e+19 7.309291908375662592e+18 3.245302710884904448e+18 1.444302297497748480e+18 6.460851258942446080e+17 2.917959114412648960e+17
9.489020843003648410e+20 8.183269805164334940e+20 6.989502851362054472e+20 5.921388705701933875e+20 4.983027259978543268e+20 4.172273355487205786e+20 3.484336559192885821e+20 2.916247044662385050e+20 2.473832732901803295e+20 2.184846885303896965e+20 2.125507053682179441e+20 2.472284651576075878e+20 3.585406795784802796e+20 6.060603227731681608e+20 1.041121080277879620e+21 1.574402057514084991e+21 1.856386029046115336e+21 1.618459606497476215e+21 1.092713566781664526e+21 6.337555586199920312e+20 3.488876982261403484e+20 1.959408521947975188e+20 1.173720465417564160e+20 7.653700964107160781e+19 5.458876434147744973e+19 4.293475485711681126e+19 3.867329411808953958e+19 4.301595865649218355e+19 6.223832291414146253e+19 1.115573745840720773e+20 2.226319781026248786e+20 4.510812910933658829e+20 8.589786386646724772e+20 1.407521845634379022e+21 1.794179525400155914e+21 1.665248677286283837e+21 1.150338481394062459e+21 6.467844470639975465e+20 3.247002882027014717e+20 1.552176787074165637e+20 7.354985391903943066e+19 3.555420095036350054e+19 1.801022570188568371e+19 9.850464233829398528e+18 6.039836994716633088e+18 4.400921423449722368e+18 4.174499608598036480e+18 5.517176588604556288e+18 9.624683063182381056e+18 1.956195649555237274e+19 4.230651025062979174e+19 9.304314888814539571e+19 2.028158976848207217e+20 4.265759119189841019e+20 8.281460783844246159e+20 1.377568082093479821e+21 1.782188797865601270e+21 1.674765561831749321e+21 1.163851629810386993e+21 6.527853580292189061e+20 3.238443375574577971e+20 1.511066649394480742e+20 6.859025722888091238e+19 3.086336254400201933e+19 1.403305412665496371e+19 6.807567785974576128e+18 4.228935533094203392e+18 4.522802996705719296e+18 7.913371854769473536e+18 1.677582621130440090e+19 3.721270092173401293e+19 8.284985861552884941e+19 1.819721605494255780e+20 3.861372669769564160e+20 7.612261881131072225e+20 1.300886549625291932e+21 1.751627885178528727e+21 1.721637795775532237e+21 1.241389258935405117e+21 7.125661822214546391e+20 3.577029054735802040e+20 1.676946541087809864e+20 7.611831103693468467e+19 3.404920069630369792e+19 1.513407304730725581e+19 6.709905669669074944e+18 2.973427110783687168e+18 1.318809857224767232e+18 5.863479290545536000e+17 2.619298849569030400e+17
5.070185368476769976e+20 4.242133157506680095e+20 3.531866310598519030e+20 2.929012406158978580e+20 2.422390199901197763e+20 2.001609193664194150e+20 1.658943228748485755e+20 1.392390558834279055e+20 1.211811638314435871e+20 1.152079396497737318e+20 1.300955623027630572e+20 1.853867483338280796e+20 3.199776402897984553e+20 5.959374012084036567e+20 1.059277706521915425e+21 1.595244810670056669e+21 1.831191269004579439e+21 1.537219399033982026e+21 9.949429633709185434e+20 5.494336668431128330e+20 2.837813558335359222e+20 1.464500061460962345e+20 7.919132499643133133e+19 4.655798419547689779e+19 3.077701718763950899e+19 2.398483049562098074e+19 2.381370067650416230e+19 3.200836405722922189e+19 5.561480864648865382e+19 1.111973007364868669e+20 2.326679304413396664e+20 4.780416116909252936e+20 9.063264221529482199e+20 1.458085846884777198e+21 1.804567216261225513e+21 1.620557440132951310e+21 1.089114948711235715e+21 6.004698538163896320e+20 2.968473550348968264e+20 1.395549010655009505e+20 6.456481162437511578e+19 3.005736399105313587e+19 1.437624645758977843e+19 7.278675116500957184e+18 4.133767485455437824e+18 2.964970126471970816e+18 3.128935696125768704e+18 4.882681322143218688e+18 9.568612937356838912e+18 2.053721724605372416e+19 4.536401992916665958e+19 1.004499924196872847e+20 2.190025578949977047e+20 4.584004191316259635e+20 8.797569185250367242e+20 1.432927499757091291e+21 1.797827821803493130e+21 1.634062725314619376e+21 1.105742707309100007e+21 6.100027917060590797e+20 2.999292792167443333e+20 1.392864236438403482e+20 6.303835729311493325e+19 2.829686245643887002e+19 1.284988437052180275e+19 6.279271793836412928e+18 4.056291058830319616e+18 4.640860062613761024e+18 8.449823152582000640e+18 1.813900398046772429e+19 4.035840015928836096e+19 8.984361761958458163e+19 1.969068077413479547e+20 4.156479882656250593e+20 8.105776720704342589e+20 1.358098513726534320e+21 1.775244851821653262e+21 1.687237532410044482e+21 1.183182032469342552e+21 6.672284971912731034e+20 3.317893286810839286e+20 1.548313553422255718e+20 7.012648849671178650e+19 3.133474543697201152e+19 1.391798662026400358e+19 6.166565670671736832e+18 2.729972084643974656e+18 1.208793373278096640e+18 5.358105549209749760e+17 2.380468562394523840e+17
2.466609239494852608e+20 2.032636298270075126e+20 1.671359366683071283e+20 1.372420916968761262e+20 1.127031279478189916e+20 9.286028842791664026e+19 7.740079204748969574e+19 6.663857105834319872e+19 6.214816148524285133e+19 6.816996978174898995e+19 9.460357046737153229e+19 1.628297782293574451e+20 3.144796348475229471e+20 6.134866437048875090e+20 1.098543802100455309e+21 1.627833395586247688e+21 1.812556800764264055e+21 1.469768308683746312e+21 9.210413561920047022e+20 4.926283566796750848e+20 2.446612246721937736e+20 1.194912156891708948e+20 5.987015154224264806e+19 3.213739542541055181e+19 1.972564671391315149e+19 1.548211296476649062e+19 1.752030823064686592e+19 2.807399197725197107e+19 5.494624872954401587e+19 1.160803154165686600e+20 2.476849005505945928e+20 5.099572584482873016e+20 9.575862724443918828e+20 1.508434328351290950e+21 1.810433709335063036e+21 1.573895974984076231e+21 1.031052019667024085e+21 5.590295129401287639e+20 2.732860799544030331e+20 1.271966777214205624e+20 5.808603859806359552e+19 2.649313205151596544e+19 1.226102573417907814e+19 5.917464739349496832e+18 3.202103992709492736e+18 2.319614045441126912e+18 2.731694220265586176e+18 4.791829387218012160e+18 9.993402963421562880e+18 2.199062686579042304e+19 4.900058684505323930e+19 1.087227037679180513e+20 2.366214846252210913e+20 4.923546258789761024e+20 9.331461593949156147e+20 1.486505642298023608e+21 1.807409610430078517e+21 1.589415833139847627e+21 1.048396575617313669e+21 5.694622441226998252e+20 2.777230694284533105e+20 1.284474384942089667e+20 5.800635066495025152e+19 2.600848396264377549e+19 1.182534980439371981e+19 5.851630970936711168e+18 3.958341014635746304e+18 4.829013925139912704e+18 9.075619835687944192e+18 1.965192741026310554e+19 4.379673702935329997e+19 9.743428701520753459e+19 2.130046978878132388e+20 4.470702217505729413e+20 8.617926567283540623e+20 1.414130287629157532e+21 1.793045448226206122e+21 1.648166006611434275e+21 1.125143739648331743e+21 6.239806084919259300e+20 3.075639234026061824e+20 1.429188104262665339e+20 6.460325468639143526e+19 2.883962871906148352e+19 1.280310579692116378e+19 5.670278183611824128e+18 2.508975337949903872e+18 1.110010468388859008e+18 4.912929326839262720e+17 2.176805268755331840e+17
1.145898157201629184e+20 9.376608529149532570e+19 7.668208617645187072e+19 6.274599066796901171e+19 5.151270057605790925e+19 4.273414682342397542e+19 3.648720984425467085e+19 3.347612270575553331e+19 3.572116000973749453e+19 4.808187354009623757e+19 8.148050220583298662e+19 1.590786425565168271e+20 3.251429896256795443e+20 6.448814542091528438e+20 1.147747818614471786e+21 1.663601407419513045e+21 1.794050832621864485e+21 1.408442206649448137e+21 8.596522706444242125e+20 4.498682086063947121e+20 2.182670449554769510e+20 1.032269469365147894e+20 4.932009948999541555e+19 2.486253107276247859e+19 1.449257190853075968e+19 1.172919161342960640e+19 1.513281666687263334e+19 2.741207136855218995e+19 5.714579138366985011e+19 1.237176887556570972e+20 2.656931831318759342e+20 5.452025795116019220e+20 1.011243392258610692e+21 1.557061306215998161e+21 1.810896444699412005e+21 1.524855101255859831e+21 9.751473418961213194e+20 5.209155775815936901e+20 2.524106736858019594e+20 1.167183351932714680e+20 5.291942513219093299e+19 2.388055003093134541e+19 1.086429929512135475e+19 5.115511882720035840e+18 2.715199549624922112e+18 2.034413860724822784e+18 2.633397763851034624e+18 4.962002394343628800e+18 1.067258289424889651e+19 2.374537420552064614e+19 5.308779770548120781e+19 1.177854701812718797e+20 2.556486561294376632e+20 5.284071515204993024e+20 9.880617156052900905e+20 1.537723416599259251e+21 1.810762460983021535e+21 1.541299489682811257e+21 9.920641166316686541e+20 5.310823085090642330e+20 2.570702270635092541e+20 1.184639654839231611e+20 5.340582124269703168e+19 2.393585900935881933e+19 1.091379995758953677e+19 5.490144483045022720e+18 3.908710707473261568e+18 5.067656940066806784e+18 9.778056089434003456e+18 2.131098906129250304e+19 4.753877827913927885e+19 1.056574524573753508e+20 2.303325125308064727e+20 4.804602888242996183e+20 9.147283728843826790e+20 1.468472008779822531e+21 1.804784532821317255e+21 1.604899690239950586e+21 1.067639197297879155e+21 5.828384080308147978e+20 2.849418418600439316e+20 1.318894932195439739e+20 5.951016615412139622e+19 2.654381218208335053e+19 1.177895403589595136e+19 5.215271706590770176e+18 2.306993516318416896e+18 1.020220617123010432e+18 4.512218646334471040e+17 1.996618599307031040e+17
5.210487781474188493e+19 4.251326457611314790e+19 3.471421479731419955e+19 2.843447166953841459e+19 2.350888386870111846e+19 1.993880461015418880e+19 1.803580954547310797e+19 1.875492495981713408e+19 2.444586916140279398e+19 4.050386034939418214e+19 7.883600255139432038e+19 1.643937303062127247e+20 3.440324425759454659e+20 6.836420821522738053e+20 1.201505519293726720e+21 1.698302283764377059e+21 1.772631351943403143e+21 1.349538092846908965e+21 8.051561278508387533e+20 4.146045910562735391e+20 1.982927652861596795e+20 9.212024516516379034e+19 4.287627122045350707e+19 2.087458811267735142e+19 1.191235681638973030e+19 1.014034089887174656e+19 1.454530386027387904e+19 2.831410655551244698e+19 6.083808414340381082e+19 1.330191675032290427e+20 2.858412477883534213e+20 5.830607726570342973e+20 1.066476876730390413e+21 1.603012907565045252e+21 1.805582694066508005e+21 1.473510870942171529e+21 9.210377462493782999e+20 4.853921031467182326e+20 2.334499104009043313e+20 1.074502509715096207e+20 4.851456354402109030e+19 2.177326610082591539e+19 9.824749201964638208e+18 4.580090144408168448e+18 2.435703808963364864e+18 1.916952968678504704e+18 2.678433625929911808e+18 5.268358301285535744e+18 1.150831350808955699e+19 2.572987189777183949e+19 5.758394093123449651e+19 1.276344692578134589e+20 2.761177372391067156e+20 5.665602498615239639e+20 1.044247942378947871e+21 1.586021880712700101e+21 1.807822018752772309e+21 1.490226491547289911e+21 9.369871221558668165e+20 4.948050521286726779e+20 2.378567190513530634e+20 1.092505376618426368e+20 4.918217937915886797e+19 2.204405256579166208e+19 1.009172377785179955e+19 5.178221366350651392e+18 3.895579501311255040e+18 5.349102375878541312e+18 1.055436140289716634e+19 2.312119582383914598e+19 5.160363486517939405e+19 1.145567416936519270e+20 2.489633664995827712e+20 5.158692497346506916e+20 9.692082859203655107e+20 1.520596637888256934e+21 1.810299066444652478e+21 1.557947679693923942e+21 1.010993831432323727e+21 5.437995840787371131e+20 2.638403352831288279e+20 1.216817632913504502e+20 5.481345280359269171e+19 2.443044595819369677e+19 1.083724740819274138e+19 4.797353112043398144e+18 2.121770515137059840e+18 9.381049528230023680e+17 4.147539862871524480e+17 1.834065453309551360e+17
