1.880495763438026953e+13 4.514879814502351562e+13 1.239465862042597969e+14 3.598553134066200000e+14 1.066347321132501875e+15 3.182345262489259000e+15 9.520133349110978000e+15 2.850306460845471200e+16 8.536013793009972800e+16 2.556497520164508480e+17 7.656115768743257600e+17 2.292208776459937792e+18 6.857031156300581888e+18 2.046097646215398195e+19 6.059846741282814362e+19 1.755462799642813727e+20 4.772906207051395236e+20 1.097106265256003109e+21 1.747415387288740823e+21 1.595751970194433769e+21 8.718802537716517437e+20 3.540344379467043963e+20 1.267716478229260042e+20 4.340543423105708032e+19 1.478295478201472205e+19 5.471651893689679872e+18 3.393697660206080512e+18 5.815213507373325312e+18 1.591543819589471027e+19 4.676044187932188672e+19 1.362894258468226826e+20 3.784894982964517929e+20 9.192201531057388913e+20 1.634951808807644692e+21 1.721310582213991203e+21 1.047042726511384461e+21 4.482652716331534254e+20 1.638699280353213809e+20 5.646133119847324058e+19 1.905733871187194675e+19 6.388326970916085760e+18 2.138376172057360128e+18 7.209528063320613120e+17 2.601526039523400640e+17 1.447644897442778240e+17 2.216685386776494400e+17 5.930719963255476480e+17 1.752087681125169408e+18 5.234679900777014272e+18 1.563045491548680806e+19 4.641203574391939072e+19 1.354975913285399347e+20 3.766199031945953280e+20 9.158753629571687383e+20 1.632488722214810288e+21 1.723031778531927917e+21 1.049894478081067713e+21 4.498844784810632151e+20 1.648697153388020040e+20 5.803074508259783475e+19 2.329724924112993485e+19 1.891638851467901338e+19 3.935072713002033152e+19 1.098662364537332040e+20 3.079759825341171630e+20 7.774940159456440484e+20 1.504476785016032461e+21 1.788558740108176785e+21 1.205769553829571330e+21 5.451705020427638538e+20 2.037255441556714619e+20 7.074634513238866330e+19 2.394240076856877875e+19 8.032053223290463232e+18 2.686625789220465664e+18 8.977594712587048960e+17 2.998954207833899520e+17 1.001686692290721760e+17 3.345630798058975600e+16 1.117426033633218600e+16 3.732138741359952500e+15 1.246511070268431750e+15 4.163267388088503750e+14 1.390504423905163594e+14 4.644191277892992969e+13 1.551134468548677539e+13 5.180663912065302734e+12 1.730258888944434570e+12 5.778937572004299316e+11 1.929915032061281128e+11
3.015834983924164844e+13 5.684732197297651562e+13 1.364627888452104375e+14 3.746024924564359375e+14 1.087556521683145625e+15 3.222687307109912000e+15 9.617557962264136000e+15 2.877123590292258800e+16 8.613948555681083200e+16 2.579597698452673600e+17 7.725043511767663360e+17 2.312812245824914432e+18 6.918562300067994624e+18 2.064385726683679949e+19 6.113391367891544474e+19 1.770451254341027758e+20 4.809674182250356408e+20 1.103273547046779879e+21 1.750308299752192344e+21 1.590811070912030835e+21 8.662719505744865526e+20 3.512029740715436278e+20 1.256825580323403039e+20 4.302453730477451674e+19 1.465531677352557773e+19 5.433559342916526080e+18 3.395174939159941120e+18 5.858190939528653824e+18 1.605619004391354573e+19 4.717879164438863053e+19 1.374798460880425615e+20 3.815456837406432952e+20 9.250648542603425874e+20 1.639537093079116546e+21 1.717819519062883172e+21 1.040896164428771230e+21 4.447586676633210716e+20 1.624617405645872497e+20 5.596071084005976474e+19 1.888659353197456998e+19 6.330903237444827136e+18 2.119170988280019968e+18 7.145913173780834560e+17 2.582012787388334080e+17 1.446337329702104960e+17 2.231852798666567040e+17 5.982509767276990720e+17 1.767801577102942208e+18 5.281723402919269376e+18 1.577056108098277171e+19 4.682445490300874752e+19 1.366705616270473626e+20 3.796344129614423654e+20 9.216549105437090775e+20 1.637056335145690464e+21 1.719603332354314338e+21 1.043801025818866483e+21 4.464027254744450335e+20 1.634746832199806484e+20 5.754607417340352922e+19 2.316566759859203277e+19 1.897265044777329869e+19 3.966615265045495808e+19 1.108207928905019720e+20 3.105186560037215928e+20 7.828153435126140764e+20 1.510056614511711617e+21 1.786732954189779173e+21 1.199467280517487395e+21 5.410613076095510774e+20 2.019969583757369016e+20 7.012195162832388096e+19 2.372829317008240230e+19 7.959909824720382976e+18 2.662459362168826880e+18 8.896801233450204160e+17 2.971960931190204160e+17 9.926701519052678400e+16 3.315515127581550000e+16 1.107367499184738200e+16 3.698543809769846500e+15 1.235290660066929250e+15 4.125792812639946250e+14 1.377988024295231250e+14 4.602391891518588281e+13 1.537172176596724805e+13 5.134114361491984375e+12 1.714768104287089355e+12 5.727215849145057373e+11 1.913703745791966248e+11
6.393704259870696875e+13 9.119047227423770312e+13 1.718492851988683438e+14 4.124604489315361875e+14 1.132157144386707250e+15 3.286817451137313500e+15 9.739510592338692000e+15 2.906569883617892800e+16 8.694994994783016000e+16 2.603148919572068800e+17 7.794836285529716480e+17 2.333625466954270720e+18 6.980669375424384000e+18 2.082838806353298637e+19 6.167403234777310003e+19 1.785560925079083745e+20 4.846674045595121091e+20 1.109448442723022012e+21 1.753138151303557677e+21 1.585829685852989817e+21 8.606832366967025828e+20 3.483914526486254715e+20 1.246024858674140938e+20 4.264696404269074842e+19 1.452883946204399411e+19 5.395902041358922752e+18 3.396927587377546752e+18 5.901645859771788288e+18 1.619823999372770099e+19 4.760085477485177242e+19 1.386802429994300047e+20 3.846232387753808364e+20 9.309272633483978342e+20 1.644074312693013807e+21 1.714268963744906740e+21 1.034761329522589827e+21 4.412750537250072822e+20 1.610650610451863634e+20 5.546445865256179302e+19 1.871737010409759130e+19 6.273995009608765440e+18 2.100138977759886080e+18 7.082882954637569280e+17 2.562710742613321280e+17 1.445147457218522240e+17 2.247200401319421120e+17 6.034781138750643200e+17 1.783657532749552384e+18 5.329189969436064768e+18 1.591191918645788672e+19 4.724049379785327411e+19 1.378532782776874762e+20 3.826698521052488008e+20 9.274520088394175611e+20 1.641577146610682167e+21 1.716116232763585069e+21 1.037718895337963258e+21 4.429435635210630595e+20 1.620910091564648038e+20 5.706581624747193139e+19 2.303592789956342579e+19 1.903044290278856704e+19 3.998472794432493978e+19 1.117836020159968543e+20 3.130802298471305052e+20 7.881592372175273984e+20 1.515605517386707108e+21 1.784837007642297631e+21 1.193165583234142568e+21 5.369764967761366876e+20 2.002821147743316869e+20 6.950295514762596352e+19 2.351608648260410573e+19 7.888412631707488256e+18 2.638510042800036352e+18 8.816734325894086400e+17 2.945210490737213440e+17 9.837347366561355200e+16 3.285670428754116000e+16 1.097399481611091600e+16 3.665251205802563500e+15 1.224171287350405500e+15 4.088654557050976250e+14 1.365584331723171250e+14 4.560970768490467969e+13 1.523335972426866797e+13 5.087847865123369141e+12 1.699328784030599121e+12 5.675751448290090332e+11 1.895948527497002563e+11
1.648983510436465000e+14 1.933691037503509375e+14 2.757347053784985938e+14 5.194999381307632500e+14 1.246666679918880000e+15 3.421705229038305000e+15 9.933420134222336000e+15 2.943435490929470400e+16 8.783993611921984000e+16 2.627641105428216320e+17 7.865992294389902080e+17 2.354699796850136576e+18 7.043407347770001408e+18 2.101463326808480154e+19 6.221891175209258189e+19 1.800793131941390582e+20 4.883906775098055721e+20 1.115630562255215788e+21 1.755904515034668335e+21 1.580808465052612428e+21 8.551143053317160305e+20 3.455997801019861238e+20 1.235313639716167680e+20 4.227268758284755763e+19 1.440351420883122995e+19 5.358678266403661824e+18 3.398957048258433536e+18 5.945583102842235904e+18 1.634160072059130880e+19 4.802666456796957901e+19 1.398906940369282826e+20 3.877222574494526996e+20 9.368071245369746391e+20 1.648562829583948448e+21 1.710659451056188817e+21 1.028638582270035100e+21 4.378143536322975498e+20 1.596798057024470057e+20 5.497253776055563059e+19 1.854965503068400845e+19 6.217597708848532480e+18 2.081278621846819584e+18 7.020432602332303360e+17 2.543618686264028480e+17 1.444075555519565760e+17 2.262729845005400320e+17 6.087538784867856640e+17 1.799656892064261376e+18 5.377083510792000512e+18 1.605454056358838886e+19 4.766018387684299571e+19 1.390458161599669862e+20 3.857263136186874593e+20 9.332664148899607347e+20 1.646050535446053126e+21 1.712570993884550136e+21 1.031648437709671236e+21 4.395069183086256456e+20 1.607186116203062559e+20 5.658993633487131443e+19 2.290802024723397837e+19 1.908977079529560883e+19 4.030647805099121050e+19 1.127547297489232036e+20 3.156608091586776269e+20 7.935255718256369992e+20 1.521122814401466073e+21 1.782871200630898688e+21 1.186864963349177434e+21 5.329160316561013473e+20 1.985809191235860234e+20 6.888931070283041178e+19 2.330576396527894118e+19 7.817555854635343872e+18 2.614775875441129472e+18 8.737387433482690560e+17 2.918700693705468800e+17 9.748797154915108800e+16 3.256094276316783600e+16 1.087521151048815000e+16 3.632258279041459000e+15 1.213151807035941250e+15 4.051850434084556875e+14 1.353292574222970781e+14 4.519920189148503125e+13 1.509628429259146289e+13 5.042121744963730469e+12 1.684198250179238770e+12 5.625573657456496582e+11 1.879994563231962585e+11
4.671322197693073750e+14 4.987719787405983125e+14 5.848192440289620000e+14 8.337453917982887500e+14 1.570446929520943750e+15 3.768063680175827000e+15 1.034136669026876200e+16 3.002067271556630400e+16 8.895433908855480000e+16 2.654538340502108480e+17 7.939993088181163520e+17 2.376185802928050688e+18 7.106931121625660416e+18 2.120275749784646861e+19 6.276873924241628365e+19 1.816150128795088323e+20 4.921374099970939945e+20 1.121819553210783891e+21 1.758606980650220126e+21 1.575748058919450444e+21 8.495653458634869309e+20 3.428278646583631544e+20 1.224691278005474918e+20 4.190168373664283034e+19 1.427933493681161626e+19 5.321888827995874304e+18 3.401267310012221440e+18 5.990010088081223680e+18 1.648628756602135757e+19 4.845625714485844378e+19 1.411112795997490545e+20 3.908428354180070113e+20 9.427041781284943954e+20 1.653002010271904956e+21 1.706991522773693366e+21 1.022528277236962296e+21 4.343764900726896067e+20 1.583058912334235238e+20 5.448491163950189773e+19 1.838343509631899034e+19 6.161706865738233856e+18 2.062588485012122624e+18 6.958558061180761600e+17 2.524736124024885120e+17 1.443122627485582400e+17 2.278443527386610560e+17 6.140788211611887360e+17 1.815801091605055232e+18 5.425408063565192192e+18 1.619843675891438797e+19 4.808355701547100570e+19 1.402482508903177748e+20 3.888038904405542830e+20 9.390978812572459336e+20 1.650475884634911277e+21 1.708968136397959725e+21 1.025589998040926650e+21 4.360927142676170015e+20 1.593574094461235364e+20 5.611839974746329088e+19 2.278193489968852173e+19 1.915063920580860723e+19 4.063142834809022054e+19 1.137342426970046136e+20 3.182604994503043318e+20 7.989142185606348800e+20 1.526607826621298377e+21 1.780835843547959132e+21 1.180565916195562455e+21 5.288798720693859779e+20 1.968932774556281733e+20 6.828097361461586330e+19 2.309730901084066202e+19 7.747333752161122304e+18 2.591254921170804224e+18 8.658754059864693760e+17 2.892429369969846400e+17 9.661043634066468800e+16 3.226784245009662000e+16 1.077731723952405200e+16 3.599562314739387500e+15 1.202231704479527750e+15 4.015379671774675625e+14 1.341112751794630000e+14 4.479245299932779688e+13 1.496059839973733984e+13 4.996936001013068359e+12 1.669144912929160645e+12 5.576939798648552246e+11 1.864040598966922607e+11
1.372363099698637000e+15 1.413014678267973500e+15 1.508647328099290000e+15 1.768708215946411250e+15 2.521014935775639000e+15 4.747454977743008000e+15 1.138899881824281000e+16 3.125443295578324400e+16 9.072713013033188800e+16 2.688223197205762880e+17 8.021266142379284480e+17 2.398531247317008384e+18 7.171694915398899712e+18 2.139322529267585434e+19 6.332399813435870413e+19 1.831636956819496305e+20 4.959080022579927450e+20 1.128015185890601075e+21 1.761245169925552341e+21 1.570649115099948122e+21 8.440365459414754263e+20 3.400756207123249234e+20 1.214157204069272945e+20 4.153393587067926938e+19 1.415630306650876109e+19 5.285542052645408768e+18 3.403869935428904448e+18 6.034941889136746496e+18 1.663232362876879872e+19 4.888967650515261850e+19 1.423420878760930509e+20 3.939850741141034107e+20 9.486181632389907743e+20 1.657391226795377033e+21 1.703265727401106080e+21 1.016430763094632563e+21 4.309613847404986368e+20 1.569432349354734387e+20 5.400154424702151885e+19 1.821869740213557862e+19 6.106318256263190528e+18 2.044067352888926208e+18 6.897257417350535680e+17 2.506064696645320960e+17 1.442291829042293760e+17 2.294346035871082560e+17 6.194537183352561920e+17 1.832091809214330624e+18 5.474167943354439680e+18 1.634361969408071270e+19 4.851064569054045798e+19 1.414606590186201580e+20 3.919026756624237199e+20 9.449461562142021386e+20 1.654852581555013157e+21 1.705308187303788937e+21 1.019543915414121087e+21 4.327008745759680758e+20 1.580073218285029294e+20 5.565117207994494157e+19 2.265766227594108109e+19 1.921305339271558758e+19 4.095960457821818880e+19 1.147222082123715215e+20 3.208794067451353498e+20 8.043250452221962486e+20 1.532059875668770161e+21 1.778731256833560543e+21 1.174268930940523381e+21 5.248679755407995699e+20 1.952190960532309279e+20 6.767789950611721421e+19 2.289070514402923315e+19 7.677740631331399680e+18 2.567945257536366592e+18 8.580827764656314880e+17 2.866394367289103360e+17 9.574079626018123200e+16 3.197737955890822000e+16 1.068030415489749400e+16 3.567160881203409000e+15 1.191410246313453000e+15 3.979240340206300000e+14 1.329046665692178594e+14 4.438987272363981250e+13 1.482653363551015039e+13 4.952547955275659180e+12 1.654683416288914795e+12 5.532423091909005127e+11 1.853490396791654358e+11
4.084129027936322500e+15 4.151292730493362000e+15 4.274184892750500500e+15 4.563238764468786000e+15 5.349220591423251000e+15 7.622844794039581000e+15 1.435151533312403600e+16 3.442318601580658800e+16 9.445833037338371200e+16 2.741821779449232960e+17 8.123064575286016000e+17 2.423074225473666560e+18 7.239049550990197760e+18 2.158739939805775872e+19 6.388605755613106995e+19 1.847266992351967314e+20 4.997035366253367788e+20 1.134217606399339528e+21 1.763818781606144639e+21 1.565512269460914569e+21 8.385280977254320701e+20 3.373429818877288120e+20 1.203711067800276337e+20 4.116944953603824026e+19 1.403444230489759949e+19 5.249668715062030336e+18 3.406799129053591552e+18 6.080416417907826688e+18 1.677975500643027354e+19 4.932698964582509773e+19 1.435832293134922220e+20 3.971490931970719089e+20 9.545488257391145779e+20 1.661729859074488795e+21 1.699482619786383852e+21 1.010346382698665738e+21 4.275689586948532470e+20 1.555917550947141550e+20 5.352240042100827750e+19 1.805542977027021210e+19 6.051428311328605184e+18 2.025714645788652032e+18 6.836535075422375680e+17 2.487612398251547200e+17 1.441592730445351680e+17 2.310448452674235840e+17 6.248800078278521600e+17 1.848531405100975616e+18 5.523368193317206016e+18 1.649010212491223245e+19 4.894148345499441562e+19 1.426831185211417887e+20 3.950227630068302479e+20 9.508109841328979313e+20 1.659180018282088104e+21 1.701591679661095518e+21 1.013510522815333925e+21 4.293313211627874550e+20 1.566682683238125404e+20 5.518821921805742080e+19 2.253519297066653696e+19 1.927701881528299110e+19 4.129103288895759974e+19 1.157186944654898299e+20 3.235176376995259351e+20 8.097579163460082074e+20 1.537478283995423441e+21 1.776557770776217911e+21 1.167974490440734212e+21 5.208802972883491226e+20 1.935582814381292257e+20 6.708004429667272294e+19 2.268593601932635341e+19 7.608770846565732352e+18 2.544844979158437888e+18 8.503602165371217920e+17 2.840593557738924800e+17 9.487898068567667200e+16 3.168953104641715200e+16 1.058416493579745200e+16 3.535052087116792500e+15 1.180687252412314250e+15 3.943437071175508125e+14 1.317099719677706406e+14 4.399192424402878125e+13 1.469468184051972266e+13 4.909652377163043945e+12 1.641508529670043213e+12 5.499485875361826172e+11 1.855291650821578064e+11
1.220813208137245400e+16 1.235423288058231000e+16 1.255732155417664000e+16 1.292883085292781200e+16 1.380250608937158000e+16 1.617796982389854800e+16 2.304929269360715600e+16 4.338428391521002400e+16 1.040425675235456160e+17 2.854654968537678720e+17 8.285082141181884160e+17 2.453820130385951744e+18 7.313031810284902400e+18 2.178933296819542426e+19 6.445893900312983142e+19 1.863078551928621957e+20 5.035271363016671232e+20 1.140428088884736295e+21 1.766327722279864631e+21 1.560338119554941059e+21 8.330402168246941778e+20 3.346299401954920366e+20 1.193353168152978391e+20 4.080829630035232358e+19 1.391384295272258150e+19 5.214366771357612032e+18 3.410156874639158784e+18 6.126539907844363264e+18 1.692869644191905792e+19 4.976833181834808525e+19 1.448348798899702333e+20 4.003350677225397289e+20 9.604959418349763953e+20 1.666017301470675730e+21 1.695642760363232723e+21 1.004275473368787583e+21 4.241991333954327020e+20 1.542513721538626191e+20 5.304744707825397760e+19 1.789362195823280128e+19 5.997035343905685504e+18 2.007531658320819456e+18 6.776414278713950720e+17 2.469406217290016320e+17 1.441054081124345120e+17 2.326781249160180800e+17 6.303610915709672960e+17 1.865124238795086848e+18 5.573015916106920960e+18 1.663789898979402342e+19 4.937610630011423949e+19 1.439157101537233469e+20 3.981642480653795983e+20 9.566921063814055854e+20 1.663457592034239185e+21 1.697819152290223227e+21 1.007490147046147883e+21 4.259839747230674452e+20 1.553401688715215503e+20 5.472950736869258035e+19 2.241451779164099789e+19 1.934254118156905267e+19 4.162573990186518118e+19 1.167237705567613747e+20 3.261752997764716954e+20 8.152126934212711547e+20 1.542862375188581057e+21 1.774315725292868993e+21 1.161683071075829547e+21 5.169167902041725993e+20 1.919107403557864735e+20 6.648736419442600346e+19 2.248298541820214067e+19 7.540418799450800128e+18 2.521952197640890880e+18 8.427070950672606720e+17 2.815024844144976000e+17 9.402492100223854400e+16 3.140427525897675600e+16 1.048889375388053200e+16 3.503235392103328000e+15 1.170063893591230500e+15 3.907988263205604375e+14 1.305293528799572656e+14 4.360092345853316406e+13 1.456751330600709766e+13 4.870590896914123047e+12 1.631910418910591797e+12 5.502573739413123779e+11 1.890030121398681030e+11
3.654664772081206400e+16 3.692873921908454400e+16 3.737060311924731200e+16 3.798469429116722400e+16 3.910777557760960000e+16 4.174846325845352000e+16 4.892772087643447200e+16 6.969385968809017600e+16 1.311475577929477280e+17 3.144519526740523520e+17 8.626224735507292160e+17 2.502765088503292416e+18 7.405724864309929984e+18 2.201113813205969715e+19 6.505460693081837568e+19 1.879184590588412232e+20 5.073880247245383926e+20 1.146651271380081705e+21 1.768772488189369385e+21 1.555127145946987889e+21 8.275731998705262264e+20 3.319366634988320850e+20 1.183085740753392271e+20 4.045074507144850637e+19 1.379479464692353434e+19 5.179935375210281984e+18 3.414248159128413696e+18 6.173623167448909824e+18 1.707946804942935245e+19 5.021404204672664371e+19 1.460974105899977605e+20 4.035433391862280356e+20 9.664593881765939773e+20 1.670252981680270737e+21 1.691746713271230792e+21 9.982183678011563049e+20 4.208518337806846525e+20 1.529220122180001464e+20 5.257665681122790605e+19 1.773326929956920934e+19 5.943143226754924544e+18 1.989525273131757824e+18 6.716974604762720000e+17 2.451530001170863360e+17 1.440762044194456640e+17 2.343432894885554560e+17 6.359062345141288960e+17 1.881880606412659968e+18 5.623124248738834432e+18 1.678703141389767885e+19 4.981455665841423155e+19 1.451585213440375030e+20 4.013272317434926858e+20 9.625892636477791928e+20 1.667684706000573039e+21 1.693991149406812111e+21 1.001483108625011966e+21 4.226587547754399662e+20 1.540229438762600694e+20 5.427500315519222579e+19 2.229562786529527398e+19 1.940962656699774976e+19 4.196375285684246118e+19 1.177375067114840228e+20 3.288525015145870131e+20 8.206892352073721446e+20 1.548211474322436391e+21 1.772005469679247688e+21 1.155395142556095218e+21 5.129774048211381780e+20 1.902763797584116122e+20 6.589981569058775040e+19 2.228183724995142042e+19 7.472678941017707520e+18 2.499265044208402432e+18 8.351227899029061120e+17 2.789686189031627200e+17 9.317855335541152000e+16 3.112159518760255200e+16 1.039448936113501200e+16 3.471714655993080500e+15 1.159545946729198000e+15 3.872958246797657500e+14 1.293691651592832969e+14 4.322350927486325781e+13 1.445156401088085742e+13 4.842053886640043945e+12 1.632656652722988770e+12 5.609619693191456299e+11 2.030785257737017212e+11
1.094610410485413600e+17 1.105496072454720320e+17 1.117052899516420800e+17 1.130416161490109120e+17 1.148984282460023360e+17 1.182934333145585440e+17 1.262746884033748320e+17 1.479715149194944960e+17 2.107270679611961600e+17 3.964304134432204800e+17 9.502694932934508800e+17 2.605842923682276352e+18 7.553315648324101120e+18 2.228906655546360218e+19 6.570881230574413414e+19 1.895921436157745889e+20 5.113136518043719434e+20 1.152901800473277759e+21 1.771155279131967226e+21 1.549879478421816607e+21 8.221275996150624420e+20 3.292638479483942339e+20 1.172916816246883779e+20 4.009765554478430618e+19 1.367818404790125773e+19 5.147276377227669504e+18 3.419986085024946688e+18 6.222589763562094592e+18 1.723300487804998861e+19 5.066506897956095590e+19 1.473717749243949056e+20 4.067747473580298076e+20 9.724393504340115456e+20 1.674436415889005609e+21 1.687795041099413717e+21 9.921753969490779177e+20 4.175269974878494392e+20 1.516036175687944110e+20 5.211001867143523533e+19 1.757438361365163622e+19 5.889772411108722688e+18 1.971719087051324928e+18 6.658464310472564480e+17 2.434237888342691840e+17 1.440974732699967200e+17 2.360665505892232960e+17 6.415422413758782720e+17 1.898828527174199040e+18 5.673724248357735424e+18 1.693753865710514790e+19 5.025689528997544755e+19 1.464116576342482452e+20 4.045118302106614497e+20 9.685022023989778186e+20 1.671860771259173831e+21 1.690108220101480153e+21 9.954897216963927081e+20 4.193555798734891909e+20 1.527165144766434836e+20 5.382467390817342259e+19 2.217851494147418522e+19 1.947828173714354995e+19 4.230509996606927667e+19 1.187599746932780892e+20 3.315493530178146796e+20 8.261873982411181916e+20 1.553524908392876605e+21 1.769627362327098032e+21 1.149111167695252881e+21 5.090620892707465462e+20 1.886551067876153426e+20 6.531735555696542515e+19 2.208247555518042522e+19 7.405545778187895808e+18 2.476781677773495808e+18 8.276066966718666240e+17 2.764575697093655680e+17 9.233982678257262400e+16 3.084148627769506000e+16 1.030096288673757600e+16 3.440506231599421500e+15 1.149151784617322000e+15 3.838536282285812500e+14 1.282492997966792031e+14 4.287954695174908594e+13 1.436700800027614453e+13 4.844369784678517578e+12 1.664307259248793701e+12 6.027510628133792725e+11 2.485987883299204712e+11
3.278899705222835840e+17 3.310942422533965440e+17 3.343866198813520000e+17 3.378818341895212160e+17 3.419229390581692160e+17 3.475368618133200640e+17 3.577988709037233280e+17 3.819193734323198720e+17 4.474839319774352000e+17 6.371069857479043840e+17 1.198146819019872512e+18 2.870687105590222336e+18 7.864186185470807040e+18 2.273166654335190630e+19 6.652852941869195264e+19 1.914293822632423588e+20 5.153859097529767035e+20 1.159224073509504811e+21 1.773483246588051587e+21 1.544594200869396283e+21 8.167047574156197233e+20 3.266137754401834926e+20 1.162871781790234051e+20 3.975165696494244659e+19 1.356668627657359155e+19 5.119097174454979584e+18 3.430105532090149376e+18 6.276198851788430336e+18 1.739208379073223475e+19 5.112418641046220800e+19 1.486606689004779602e+20 4.100316220479384453e+20 9.784369440167893402e+20 1.678567370537386902e+21 1.683788289432699011e+21 9.861468989987749888e+20 4.142246025259665326e+20 1.502961781849750241e+20 5.164757048311020749e+19 1.741702589337966182e+19 5.836992939035602944e+18 1.954186744430946816e+18 6.601636897394241280e+17 2.418294140404526400e+17 1.442465330848234880e+17 2.379261283368751680e+17 6.473484312201529600e+17 1.916049039311951360e+18 5.724900469796980736e+18 1.708951384081452646e+19 5.070323674467302605e+19 1.476752766559620301e+20 4.077182041713609277e+20 9.744306934911463588e+20 1.675985211845858558e+21 1.686170917429122433e+21 9.895102940300418744e+20 4.160743682938051625e+20 1.514208033811444531e+20 5.337848854228888781e+19 2.206317229308577382e+19 1.954851507168466125e+19 4.264981137654248243e+19 1.197912488226825175e+20 3.342659670190147502e+20 8.317070377897408594e+20 1.558802006923797332e+21 1.767181770394894074e+21 1.142831602140966289e+21 5.051707892305085071e+20 1.870468287666648187e+20 6.473994085734976717e+19 2.188488452580074701e+19 7.339013896494680064e+18 2.454500307941129728e+18 8.201582522635340800e+17 2.739691855020354560e+17 9.150872826322846400e+16 3.056398191678433600e+16 1.020836345345884000e+16 3.409665211563466000e+15 1.138938416945649250e+15 3.805306490619773125e+14 1.272285291379213594e+14 4.262847787217812500e+13 1.437392996219113867e+13 4.938472441641825195e+12 1.788285000908410400e+12 7.375620608529666748e+11 3.879901180455999146e+11
9.821308015562810880e+17 9.916700102889652480e+17 1.001359132428335360e+18 1.011314477765628544e+18 1.021882650982864256e+18 1.034100022289683840e+18 1.051068931901988352e+18 1.082079624841172352e+18 1.154955449938697472e+18 1.353021345569354496e+18 1.925759919998175488e+18 3.619599299341864448e+18 8.662863353141841920e+18 2.366391791146416947e+19 6.783390264307084493e+19 1.937305706147026698e+20 5.198492290864918692e+20 1.165750858248751022e+21 1.775777954914340176e+21 1.539267284487977828e+21 8.113084219737792840e+20 3.239934863429773558e+20 1.153028024127191777e+20 3.942067961312235520e+19 1.346833430520748442e+19 5.103514273553161216e+18 3.452799081663119872e+18 6.342708486080544768e+18 1.756499866705742029e+19 5.159963378179388211e+19 1.499720032993886536e+20 4.133207473897318646e+20 9.844560615443668664e+20 1.682646337502206231e+21 1.679726940580974166e+21 9.801332471517900964e+20 4.109447503741209805e+20 1.489998262176410501e+20 5.118949566504294810e+19 1.726140423889223680e+19 5.785023346641807360e+18 1.937151801172711168e+18 6.548759431505139200e+17 2.405991226129856320e+17 1.447550034302796480e+17 2.401560356916413760e+17 6.535614083168625920e+17 1.933781921497268736e+18 5.776897506145424384e+18 1.724321088199737139e+19 5.115385538634931405e+19 1.489496894564150477e+20 4.109466457160183316e+20 9.803745867399118193e+20 1.680057479013006311e+21 1.682179796409274860e+21 9.835451273755598520e+20 4.128150401934356644e+20 1.501357374084656988e+20 5.293642018785914061e+19 2.194959739187702170e+19 1.962033927971627008e+19 4.299792192496533504e+19 1.208314087530804183e+20 3.370024615416006574e+20 8.372480099639990682e+20 1.564042102989777535e+21 1.764669069415846773e+21 1.136556894051027911e+21 5.013034478849605632e+20 1.854514532282487931e+20 6.416752900354666496e+19 2.168904857126397542e+19 7.273078029997636608e+18 2.432419267187520000e+18 8.127770077410739200e+17 2.715034268465752320e+17 9.068535631310835200e+16 3.028922796784850800e+16 1.011685366307330600e+16 3.379360823701325500e+15 1.129078725502752250e+15 3.775019433394620625e+14 1.264837620609486875e+14 4.264914082912139062e+13 1.465278981822377930e+13 5.306159853550140625e+12 2.188523646357492676e+12 1.151207182724767822e+12 8.089174526383790283e+11
2.940778595184987648e+18 2.969268820961713152e+18 2.998092570891269120e+18 3.027368829731364352e+18 3.057448703564135936e+18 3.089378493327769088e+18 3.126286674963150848e+18 3.177538061470274048e+18 3.271175374385254400e+18 3.491175827640925184e+18 4.088967632156372480e+18 5.816780265594018816e+18 1.092016088421796659e+19 2.605788512264638464e+19 7.058225941810769101e+19 1.973932939696794501e+20 5.254326561991677051e+20 1.172877042844017885e+21 1.778102866892798558e+21 1.533885441280475136e+21 8.059496674396842230e+20 3.214242977242365297e+20 1.143618728539521188e+20 3.912853439511434035e+19 1.340721192260375552e+19 5.124848585266114560e+18 3.512609173330127360e+18 6.446849578237838336e+18 1.777656931045400371e+19 5.211601918954479616e+19 1.513292973943223091e+20 4.166622215854141604e+20 9.905088715048844001e+20 1.686675930470776832e+21 1.675611274184121385e+21 9.741349353351148995e+20 4.076879155224930550e+20 1.477151191332096901e+20 5.073641332059821670e+19 1.710816726327374029e+19 5.734526971050773504e+18 1.921286909292567808e+18 6.506633376937048320e+17 2.404199910519042560e+17 1.463167627050856960e+17 2.434569995648077440e+17 6.608889287781533440e+17 1.952742390244072960e+18 5.830439101651840000e+18 1.739936469957366989e+19 5.160950268201934848e+19 1.502356633024829522e+20 4.141978370372841636e+20 9.863339722385774346e+20 1.684077092405344993e+21 1.678135408868795351e+21 9.775945190342859162e+20 4.095775242140812575e+20 1.488612551481190973e+20 5.249845407852529254e+19 2.183779989732998349e+19 1.969377946217646899e+19 4.334947922690913894e+19 1.218805474243163914e+20 3.397589671931512095e+20 8.428101770774755410e+20 1.569244535356973646e+21 1.762089642802573476e+21 1.130287483706577912e+21 4.974600059652027843e+20 1.838688880685490176e+20 6.360007794717211034e+19 2.149495252483105997e+19 7.207733273405995008e+18 2.410537225852673536e+18 8.054628461645012480e+17 2.690605867298189120e+17 8.987014359343028800e+16 3.001770698684218400e+16 1.002693619411632600e+16 3.350105640579415000e+15 1.120091947494956875e+15 3.752921134311505625e+14 1.265451333589682344e+14 4.347681705587140625e+13 1.574427256375635742e+13 6.493649438877661133e+12 3.415898142347612305e+12 2.400093798272264160e+12 2.072908869836808105e+12
8.796083410272414720e+18 8.881102711877953536e+18 8.966999801450960896e+18 9.053899519823670272e+18 9.142160178927055872e+18 9.232839208311433216e+18 9.329087794801850368e+18 9.440327844692582400e+18 9.594761411154845696e+18 9.876829129720508416e+18 1.053932642020802970e+19 1.233852906387521741e+19 1.753190925672754790e+19 3.281278295448000922e+19 7.762808598687119770e+19 2.050920233090505441e+20 5.343045120379845345e+20 1.181771979634211815e+21 1.780642609061452841e+21 1.528407822394139083e+21 8.006618196902168494e+20 3.189703499572911800e+20 1.135343831778398536e+20 3.894660259165998285e+19 1.345548286760602419e+19 5.255961022456390656e+18 3.683053596224215552e+18 6.662695700564346880e+18 1.810111389065235866e+19 5.274696878111826739e+19 1.528027869519150449e+20 4.201159337334737469e+20 9.966321817196494848e+20 1.690664987882917462e+21 1.671440946539082809e+21 9.681528420889738609e+20 4.044556947926935798e+20 1.464438882529829028e+20 5.029024736301677773e+19 1.695928311867005338e+19 5.687499662619694080e+18 1.908610147130648576e+18 6.495644734895708160e+17 2.433507002533404800e+17 1.510105542853372480e+17 2.499279372167788480e+17 6.714501881571418880e+17 1.975069836894325504e+18 5.887684058711414784e+18 1.756015024534537011e+19 5.207235713512056422e+19 1.515353274029157253e+20 4.174736225066359849e+20 9.923096590016065044e+20 1.688043760203632214e+21 1.674038288925532094e+21 9.716587673456476160e+20 4.063617774958413742e+20 1.475973299764635566e+20 5.206461118651961344e+19 2.172782555477390131e+19 1.976889716767100109e+19 4.370456768999976141e+19 1.229387944160578109e+20 3.425356481040365650e+20 8.483934223925051392e+20 1.574408653766530171e+21 1.759443881158669763e+21 1.124023803063141532e+21 4.936404020832368722e+20 1.822990420927115100e+20 6.303754678556830925e+19 2.130258227160523162e+19 7.142975720790455296e+18 2.388853837915692032e+18 7.982166348376312320e+17 2.666419480177527680e+17 8.906452197248705600e+16 2.975091021911064400e+16 9.940131781034862000e+15 3.323440197572927500e+15 1.113535074039628875e+15 3.754741430169746250e+14 1.290008087101638750e+14 4.671511155086853125e+13 1.926739678528529297e+13 1.013555349757986328e+13 7.121283539504416992e+12 6.150845064782722656e+12 5.863261992805164062e+12
2.622501784609313587e+19 2.647719978086737101e+19 2.673184658280398438e+19 2.698909773552535962e+19 2.724932606659292365e+19 2.751360281197577011e+19 2.778509037283778150e+19 2.807321322010818560e+19 2.840614791444797850e+19 2.886821956231235994e+19 2.971182044299072307e+19 3.169190512393277850e+19 3.706167842144047923e+19 5.250054944440220058e+19 9.740836420347779482e+19 2.247261532796761539e+20 5.528579306633835315e+20 1.195866994942978556e+21 1.783926643903585321e+21 1.522711285310652154e+21 7.955456428846312325e+20 3.168241527420419441e+20 1.130301077289586688e+20 3.908871846477026918e+19 1.382929144293463450e+19 5.715071190946653184e+18 4.184311428757493248e+18 7.212078164071680000e+18 1.876116494509850214e+19 5.371285776407259546e+19 1.546024921791500124e+20 4.238606562750101586e+20 1.002936114886139838e+21 1.694640621911442457e+21 1.667213720612359897e+21 9.621890418732097864e+20 4.012530572040844739e+20 1.451917816137097708e+20 4.985683040958558208e+19 1.682067296789264998e+19 5.649929267208230912e+18 1.905170318411803648e+18 6.576877142553112320e+17 2.555590885377521280e+17 1.650639893824176640e+17 2.658565196188670720e+17 6.915927543774376960e+17 2.007170018214034432e+18 5.955089779819397120e+18 1.773205509383557530e+19 5.254886884767849677e+19 1.528548831414116024e+20 4.207793146497778975e+20 9.983045975030745006e+20 1.691957731116642730e+21 1.669888910485946892e+21 9.657381894935094231e+20 4.031678460289773076e+20 1.463440391073152205e+20 5.163501903281769677e+19 2.161982773656349491e+19 1.984586232979877069e+19 4.406338015278822195e+19 1.240063852563961119e+20 3.453327633988143677e+20 8.539976924651343053e+20 1.579533833303597253e+21 1.756732181137578525e+21 1.117766275291463811e+21 4.898445740192712622e+20 1.807418267539315425e+20 6.247989761431627366e+19 2.111192664002886861e+19 7.078804381075317760e+18 2.367371677677369856e+18 7.910421806722581760e+17 2.642517591867300480e+17 8.827291606354387200e+16 2.949335006332085200e+16 9.861011723502656000e+15 3.303985328841428000e+15 1.114075347319804250e+15 3.827607816764260625e+14 1.386095211361914219e+14 5.716889517113507812e+13 3.007353142600538281e+13 2.113025370303255469e+13 1.825064034979412891e+13 1.739723192261663086e+13 1.722173831570119141e+13
7.744095574607537766e+19 7.817471123622856294e+19 7.891531766568574976e+19 7.966294937177499238e+19 8.041800943357085286e+19 8.118158483464372224e+19 8.195680916446576640e+19 8.275294230331270758e+19 8.359758361467948237e+19 8.457322844716997018e+19 8.592663916959054234e+19 8.839562175600225485e+19 9.418140225981066445e+19 1.098068369186498150e+20 1.542078984361475768e+20 2.790162494981618074e+20 5.994534491146004726e+20 1.224971994864698262e+21 1.789418190150666813e+21 1.516424528608985612e+21 7.909052032230441615e+20 3.155623328195782246e+20 1.134769560009064448e+20 4.019490154383681946e+19 1.517556669161535283e+19 7.155313945952522240e+18 5.675370727787244544e+18 8.758905005341127680e+18 2.042266637969991270e+19 5.567300584747075994e+19 1.573563226964751483e+20 4.284300293602326610e+20 1.009748726556552069e+21 1.698683550144674660e+21 1.662921630602110435e+21 9.562492961030914703e+20 3.980950984504332780e+20 1.439758838568619213e+20 4.945370473266271027e+19 1.671010033433634611e+19 5.639762874160567296e+18 1.929091533634179328e+18 6.933336859377488640e+17 2.955232574655326720e+17 2.071338744618360960e+17 3.100790390850314240e+17 7.403313768795408640e+17 2.068229409348838144e+18 6.051990297436284928e+18 1.793448384949902746e+19 5.305827805728595968e+19 1.542127153367630479e+20 4.241305838453679718e+20 1.004328110518141321e+21 1.695820827182329758e+21 1.665687560721891590e+21 9.598331776702378148e+20 3.999960462365164831e+20 1.451017706185131950e+20 5.121012383032075059e+19 2.151428169707717018e+19 1.992516859065398067e+19 4.442643207465928294e+19 1.250838681193104671e+20 3.481508494936110531e+20 8.596231212180728709e+20 1.584619515305429041e+21 1.753954943087319450e+21 1.111515314535832617e+21 4.860724629715353600e+20 1.791971615022132429e+20 6.192710111535625830e+19 2.092298308222815027e+19 7.015226921529951232e+18 2.346102039862503936e+18 7.839520876604019200e+17 2.619031481878360640e+17 8.750871510244916800e+16 2.925859033543503600e+16 9.803286163639674000e+15 3.305588663651763500e+15 1.135696301218888750e+15 4.112717380975726875e+14 1.696280418906957188e+14 8.923301815780975000e+13 6.269722684317611719e+13 5.415300408443270312e+13 5.162103275896958594e+13 5.110016155791646094e+13 5.125424597407623438e+13
2.223124471620153180e+20 2.243280291403620024e+20 2.263606350246210109e+20 2.284104889507935683e+20 2.304780260735250268e+20 2.325643120745903555e+20 2.346722980567034757e+20 2.368105742157806961e+20 2.390045971848089108e+20 2.413302658319165686e+20 2.440142843756798607e+20 2.477337537711751823e+20 2.545068409976272978e+20 2.703084222054670991e+20 3.124681106845657989e+20 4.281965647128162468e+20 7.227281228121640796e+20 1.294977472398001963e+21 1.800707410336369607e+21 1.508407113010368479e+21 7.876483964413846487e+20 3.169048305485192888e+20 1.167493960330001613e+20 4.417662469923617178e+19 1.942671996668110029e+19 1.152770620945399398e+19 1.012470676243206963e+19 1.328626219569837056e+19 2.507460077652026573e+19 6.059616996444267315e+19 1.629381357430069985e+20 4.354141447913721037e+20 1.018044156220374778e+21 1.703031273516736709e+21 1.658539377669011931e+21 9.503506887028022968e+20 3.950273136657089167e+20 1.428475466773339668e+20 4.913349045972870758e+19 1.668080368725050982e+19 5.710772731581627392e+18 2.034670765902832384e+18 8.113262000566437120e+17 4.185979179626856320e+17 3.331098034224061440e+17 4.390221758741040640e+17 8.746260705210467840e+17 2.215719270082731776e+18 6.236290349651487744e+18 1.822552932741257830e+19 5.365812393976569856e+19 1.556636675329285816e+20 4.275740445230333297e+20 1.010408479063591617e+21 1.699639475437191823e+21 1.661433960920576164e+21 9.539443740355545006e+20 3.968475107146861117e+20 1.438718439901986980e+20 5.079132604764259942e+19 2.141262633937959731e+19 2.000827809472764314e+19 4.479520255802292634e+19 1.261727215706558628e+20 3.509912631720368538e+20 8.652703968509411983e+20 1.589665326219382751e+21 1.751112565153969996e+21 1.105271326705318232e+21 4.823240268247672422e+20 1.776649899838189076e+20 6.137915335961282970e+19 2.073577470817648640e+19 6.952276879651673088e+18 2.325082321322430976e+18 7.769853078303971840e+17 2.596358431068378880e+17 8.681216520276292800e+16 2.908731145709201600e+16 9.808044253356320000e+15 3.369742371637436000e+15 1.220293830728990000e+15 5.033092058511721875e+14 2.647681568447388750e+14 1.860332846207326562e+14 1.606818435629743750e+14 1.531691475227675000e+14 1.516238002260949688e+14 1.520808813022883750e+14 1.532162631817502188e+14
5.891295242746261668e+20 5.938080139640818893e+20 5.985145795852974162e+20 6.032493090262965289e+20 6.080124504995688612e+20 6.128047373392545055e+20 6.176283572848546284e+20 6.224898447003224637e+20 6.274087096138774610e+20 6.324431777874677596e+20 6.377669351320936776e+20 6.438976289615717335e+20 6.523744717180832317e+20 6.677434176713989816e+20 7.031612163913770598e+20 7.944222733181799629e+20 1.021339388444014281e+21 1.458076954156933579e+21 1.823058188705396425e+21 1.494980968352672907e+21 7.883993541637309727e+20 3.259212560212057129e+20 1.284005618546577572e+20 5.670653046303776768e+19 3.232067588457059123e+19 2.462616678087288832e+19 2.337797863600035430e+19 2.668272802278330368e+19 3.862226199775269683e+19 7.432612090002925158e+19 1.769067978938904084e+20 4.495230742950332989e+20 1.030696861598379540e+21 1.708375747113155559e+21 1.653988994890384802e+21 9.445449565025568031e+20 3.921864020167111475e+20 1.419607654621534126e+20 4.905386424184354406e+19 1.689226727584143770e+19 6.024026206199943168e+18 2.384541469222819840e+18 1.175874509721363200e+18 7.905813490635219200e+17 7.103912216112130560e+17 8.216928670453913600e+17 1.265079063401539072e+18 2.621768297923504128e+18 6.681404846502434816e+18 1.877913741671252787e+19 5.452060893385544499e+19 1.573716732699137475e+20 4.312487516124934963e+20 1.016630376514429125e+21 1.703433604915487310e+21 1.657126127321026920e+21 9.480732124799045468e+20 3.937258275716395172e+20 1.426583698510056817e+20 5.038288450771978650e+19 2.131918667900622029e+19 2.009955272503085056e+19 4.517405361147621376e+19 1.272772025474944696e+20 3.538578027113558835e+20 8.709418513415596933e+20 1.594671425908696941e+21 1.748205426646632890e+21 1.099034714054542754e+21 4.785992806845534044e+20 1.761453288083821691e+20 6.083612620731782758e+19 2.055040133630871962e+19 6.890065232605450240e+18 2.304428094671461632e+18 7.702597189771311360e+17 2.575692604084134720e+17 8.630397201240451200e+16 2.910143252958670400e+16 9.998401010828476000e+15 3.620759163377126500e+15 1.493386251483218250e+15 7.856080675421450000e+14 5.519929079313445000e+14 4.767721793909180000e+14 4.544815063774076875e+14 4.498964142442365000e+14 4.512526555999674375e+14 4.546213351545306250e+14 4.586901364183247500e+14
1.271321194323229802e+21 1.278006665248988201e+21 1.284685186925522584e+21 1.291356102577395073e+21 1.298018828034953970e+21 1.304673006316254396e+21 1.311318965537368703e+21 1.317959075568496411e+21 1.324601767197993337e+21 1.331273436559700656e+21 1.338053686321441931e+21 1.345179503399898710e+21 1.353351968138431300e+21 1.364628346700378669e+21 1.384922224067597566e+21 1.430209501546246570e+21 1.535693793302707700e+21 1.729500548296012464e+21 1.840612945103130722e+21 1.463391274640586047e+21 8.000351024075845140e+20 3.570376960899994092e+20 1.645110096462154301e+20 9.430188772509409280e+19 7.059273940065011302e+19 6.335594822614336307e+19 6.249069725718118400e+19 6.612564373319213056e+19 7.828699561412806246e+19 1.138983649685202207e+20 2.154570995771997880e+20 4.844601749547520492e+20 1.056039087349899854e+21 1.716690759181272351e+21 1.649030164939979358e+21 9.389892245723705508e+20 3.899822819239676477e+20 1.417767253879783916e+20 4.968692033568254362e+19 1.782196807546991821e+19 7.061729413859258368e+18 3.465592716240339968e+18 2.278581018907968768e+18 1.907829110263067904e+18 1.840122952334350336e+18 1.964043417628260608e+18 2.422411842440810496e+18 3.801656506553640960e+18 7.906440421712831488e+18 2.011594524235791155e+19 5.616099688267905434e+19 1.598268691840132383e+20 4.355697417661285663e+20 1.023246110724664459e+21 1.707262727611587232e+21 1.652756944300286411e+21 9.422235905373043425e+20 3.906419632750865940e+20 1.414738231337335030e+20 4.999762079201361101e+19 2.124693283542594765e+19 2.021203879466981376e+19 4.557597759085327974e+19 1.284098768307125453e+20 3.567615513491603456e+20 8.766447014867639992e+20 1.599639531998663148e+21 1.745233838331767292e+21 1.092805892519835861e+21 4.748984195706347192e+20 1.746384139899212923e+20 6.029831839727554560e+19 2.036719246227915981e+19 6.828934902412997632e+18 2.284489118102069760e+18 7.641296491774804480e+17 2.560615553196091840e+17 8.634589176114641600e+16 2.966625784141533200e+16 1.074321417417210400e+16 4.431074903786735000e+15 2.331019102875140500e+15 1.637857078964982250e+15 1.414669198808008000e+15 1.348530470283059000e+15 1.334926627883061250e+15 1.338951246958721250e+15 1.348946534231771000e+15 1.361019979743544750e+15 1.373871850050450000e+15
1.803402645613869007e+21 1.804468046503030817e+21 1.805450488044758237e+21 1.806349792653608747e+21 1.807165805675771593e+21 1.807898409799772799e+21 1.808547566162472862e+21 1.809113431691713577e+21 1.809596693800309490e+21 1.809999523508035256e+21 1.810328282962137448e+21 1.810601181325129941e+21 1.810869688510228201e+21 1.811276609695755010e+21 1.812198373779995361e+21 1.814463091291364524e+21 1.818533360323479732e+21 1.813339529441740325e+21 1.721713069208868487e+21 1.371416939967920996e+21 8.357130505440678380e+20 4.471934056044106220e+20 2.685546187084895027e+20 2.023627303049021358e+20 1.804704913982193664e+20 1.744673458004328776e+20 1.746222364864222003e+20 1.790841319477884355e+20 1.916251389779064586e+20 2.263193444217054822e+20 3.232390480464292086e+20 5.779685089154482831e+20 1.116956926535719191e+21 1.733263929065726280e+21 1.642901999266601107e+21 9.341558942864586834e+20 3.896398019900019835e+20 1.436735536626334925e+20 5.244376429459316736e+19 2.089726297285665178e+19 1.026541860358730342e+19 6.733355300556080128e+18 5.589044523573427200e+18 5.254120235993877504e+18 5.220368794656958464e+18 5.378473917105458176e+18 5.873241649136693248e+18 7.295578028227998720e+18 1.146295237877448294e+19 2.379192809605794202e+19 6.011883270092867174e+19 1.644927931018988421e+20 4.417743104565825372e+20 1.031005296417317454e+21 1.711302143259775336e+21 1.648303840581652840e+21 9.364070156749324943e+20 3.876290412305262182e+20 1.403557422501448745e+20 4.967400753675509760e+19 2.123473095518813798e+19 2.038479368134441370e+19 4.603980893144615322e+19 1.296081722473110077e+20 3.597353530487603200e+20 8.824006974402233631e+20 1.604575936612631314e+21 1.742197890316321686e+21 1.086585350691867722e+21 4.712221882980787814e+20 1.731451402058834248e+20 5.976670831783395328e+19 2.018716556911056896e+19 6.769923649765790720e+18 2.266316732435907328e+18 7.596578035834958080e+17 2.561861209777180800e+17 8.802184734422372800e+16 3.187625497043126000e+16 1.314756855579794800e+16 6.916484558810134000e+15 4.859797937160022000e+15 4.197576156650668000e+15 4.001336529248979500e+15 3.960973642963439500e+15 3.972916420361442500e+15 4.002575020055554500e+15 4.038399260829695000e+15 4.076533558432812500e+15 4.115692923972159000e+15
1.443844348947963052e+21 1.437566404711283950e+21 1.431262964701309174e+21 1.424934833826851979e+21 1.418582811465711616e+21 1.412207686383482700e+21 1.405810222172981690e+21 1.399391114925361332e+21 1.392950869634399338e+21 1.386489438958896808e+21 1.380005167555542516e+21 1.373491707917440123e+21 1.366929006780900704e+21 1.360256892227848765e+21 1.353296923634447942e+21 1.345514367893318664e+21 1.335239056369636082e+21 1.316796416771671196e+21 1.269917388950110208e+21 1.140588183467953750e+21 8.988409345846419128e+20 6.644339586303942984e+20 5.354738317560401756e+20 4.850657616910570619e+20 4.695702077500618179e+20 4.671335794067190579e+20 4.698306777623372104e+20 4.761293113843270943e+20 4.891599920163823288e+20 5.205933827743124029e+20 6.036220156855328440e+20 8.173982467358337270e+20 1.266349127382794502e+21 1.769527218186522984e+21 1.633019850065462690e+21 9.314164716206991606e+20 3.947833318344582758e+20 1.517449836217561252e+20 6.152209988313790054e+19 3.036620098858385408e+19 1.992586475272437350e+19 1.652025552030081843e+19 1.548138223489433805e+19 1.524552861022234010e+19 1.530944067752247296e+19 1.556566944917208678e+19 1.616025332958585037e+19 1.768628028596606566e+19 2.196708391546148045e+19 3.443577595127440998e+19 7.097278000913044275e+19 1.757194644696206868e+20 4.535343574606200177e+20 1.042123842317243646e+21 1.716063461542098108e+21 1.643697561211419230e+21 9.306583944568425677e+20 3.847866823717491835e+20 1.394167505723456717e+20 4.952734689244237824e+19 2.139900738604081971e+19 2.073477376657124966e+19 4.668175922026395238e+19 1.309839179241478390e+20 3.628770752002340291e+20 8.882748503169415250e+20 1.609500393818627506e+21 1.739096982412340494e+21 1.080373842506510238e+21 4.675729945642916905e+20 1.716683777538576220e+20 5.924431065902931149e+19 2.001339922164873216e+19 6.716150863709917184e+18 2.253064135549568256e+18 7.600291124552295680e+17 2.611591362351510400e+17 9.457930625857584000e+16 3.901039559101316800e+16 2.052221598537354800e+16 1.441981780923046400e+16 1.245493755444191200e+16 1.187267704282893800e+16 1.175291999961224000e+16 1.178835944106118800e+16 1.187636374664858600e+16 1.198266176828929200e+16 1.209581420481887000e+16 1.221200798158137400e+16 1.232997640527855800e+16
7.223023819614592696e+20 7.169177798831910420e+20 7.115602318070859694e+20 7.062298306513552015e+20 7.009266678171099464e+20 6.956508399968491930e+20 6.904024696282885652e+20 6.851817665942291743e+20 6.799892145725354803e+20 6.748261340142403584e+20 6.696963828174819164e+20 6.646114924503607542e+20 6.596061705850705674e+20 6.547850299126225306e+20 6.504629189824356024e+20 6.475818558045245932e+20 6.489108211092383334e+20 6.621717890199089316e+20 7.057363335867426406e+20 8.052808430338053243e+20 9.425316922207890309e+20 1.031012190778361119e+21 1.056173340301094027e+21 1.062500948340598768e+21 1.067808994630496682e+21 1.074037393177548030e+21 1.081074973518190215e+21 1.089474677929025470e+21 1.101523599479927341e+21 1.124096748317992813e+21 1.176273845422496940e+21 1.303329841322193322e+21 1.563750382157968703e+21 1.831597800129042317e+21 1.609569264693440152e+21 9.343467655624304886e+20 4.158336747860728218e+20 1.779393682384212787e+20 8.923209254442611507e+19 5.870496772877971456e+19 4.864943039026352947e+19 4.555505620440469504e+19 4.480523389759480627e+19 4.485274979587271885e+19 4.519966192454639616e+19 4.573983735900753920e+19 4.661832979744363315e+19 4.842350407002505216e+19 5.296364768213688320e+19 6.562570898998079488e+19 1.021496531421267558e+20 2.062552531367586365e+20 4.815955699317813412e+20 1.063061594906511278e+21 1.723014284008253817e+21 1.638726569786647773e+21 9.250841544291212329e+20 3.824138414626252390e+20 1.389942618633867756e+20 4.990294074002174771e+19 2.208837733388993331e+19 2.161212688951717069e+19 4.784962909329616896e+19 1.328715147272831468e+20 3.664788338077758259e+20 8.944609250169121669e+20 1.614472289826109129e+21 1.735928369810533515e+21 1.074173005638452380e+21 4.639582556832389530e+20 1.702169200566495805e+20 5.874024107629221478e+19 1.985514670994237030e+19 6.676972188675905536e+18 2.254181397598321408e+18 7.747864075584224000e+17 2.806162809797785920e+17 1.157474302854334240e+17 6.089213982187317600e+16 4.278579772655864800e+16 3.695580829233663200e+16 3.522818978447806000e+16 3.487286777562757200e+16 3.497803044112101600e+16 3.523915859808988400e+16 3.555456561533547600e+16 3.589031054036853600e+16 3.623507838428489600e+16 3.658511198850012800e+16 3.693917818877316000e+16
2.816903860709098127e+20 2.792053658296915067e+20 2.767402902571806556e+20 2.742950384171422515e+20 2.718694946920408023e+20 2.694635592907167826e+20 2.670771797235671368e+20 2.647104451480892211e+20 2.623638692242681037e+20 2.600392381782134292e+20 2.577421534489112412e+20 2.554896544621401211e+20 2.533330670229636710e+20 2.514264510845513892e+20 2.502313227334872924e+20 2.511260473776208937e+20 2.581940786375245824e+20 2.832481889375409930e+20 3.581131285686017720e+20 5.517611423521065533e+20 9.314322305432350884e+20 1.372169774866408145e+21 1.624024963571238568e+21 1.704071701263175647e+21 1.725901622596046684e+21 1.733980565005142065e+21 1.738780309997088145e+21 1.742859682031274820e+21 1.747333190596457923e+21 1.753759274012324921e+21 1.765867404292871160e+21 1.791664325966385906e+21 1.835592624490124411e+21 1.828603877527302963e+21 1.534774769698187772e+21 9.493841392549189386e+20 4.802871130532471112e+20 2.553361256413995663e+20 1.701528722257839391e+20 1.411136784232708178e+20 1.320425019247478211e+20 1.297894478988522783e+20 1.298396471443068355e+20 1.306776601584159457e+20 1.318152381531408794e+20 1.331471056015956705e+20 1.348113078288921231e+20 1.373716896662449357e+20 1.425612608860259615e+20 1.555402159038555095e+20 1.913770984709598085e+20 2.918941663060350075e+20 5.560949872054165832e+20 1.111878753872604037e+21 1.736161214604712870e+21 1.632734602936875745e+21 9.200063873930820321e+20 3.814050290652567962e+20 1.400973586068802437e+20 5.183355576564590182e+19 2.434555319031528243e+19 2.406408611442499584e+19 5.058340509751576166e+19 1.362702831173055447e+20 3.714122764872602747e+20 9.015354081785691505e+20 1.619667553987226763e+21 1.732682649109783380e+21 1.067987326238783439e+21 4.604004560440688640e+20 1.688173141091552133e+20 5.828189333715170918e+19 1.974015936185770394e+19 6.680425546031578112e+18 2.297982461672974848e+18 8.325192283278643200e+17 3.434244804204555520e+17 1.806729384398985280e+17 1.269506153777018240e+17 1.096525504406824320e+17 1.045265475892668160e+17 1.034722817111955040e+17 1.037843200488865280e+17 1.045591227280217760e+17 1.054949750667928960e+17 1.064911696214240640e+17 1.075141348766275840e+17 1.085527219963174080e+17 1.096032732253994080e+17 1.106646320815897440e+17
9.934132401519845376e+19 9.841513888742943949e+19 9.749735472666859930e+19 9.658790289717567488e+19 9.568672087847754138e+19 9.479376342862305690e+19 9.390903602937987072e+19 9.303269507976352563e+19 9.216534804176583066e+19 9.130895256095303270e+19 9.046950983241270886e+19 8.966513237107256525e+19 8.895020736239686451e+19 8.848774026531035546e+19 8.876570870554148864e+19 9.124197203509988557e+19 1.002476980207600763e+20 1.284389050611717407e+20 2.109991410176318505e+20 4.318396634058732995e+20 9.084707793821896540e+20 1.536381067555540566e+21 1.844077995774616273e+21 1.793313149495476224e+21 1.695212750130265194e+21 1.642498720569548866e+21 1.618897463457287504e+21 1.607106575572585939e+21 1.599443704255487148e+21 1.592892249878443852e+21 1.585809717448480391e+21 1.575694495132898820e+21 1.554688575435690213e+21 1.493835926676169032e+21 1.314614268573003547e+21 9.739997945001316188e+20 6.438696932483213558e+20 4.618411195992825528e+20 3.893356109455074918e+20 3.652961185246606131e+20 3.590965374270644552e+20 3.590629228509464494e+20 3.611266507263744410e+20 3.639164086531654943e+20 3.669896417439785943e+20 3.702490266384923361e+20 3.738127081408647004e+20 3.781695585876627948e+20 3.848216471290259702e+20 3.982357194549782118e+20 4.314383693544021688e+20 5.205468596172329452e+20 7.510158446838209577e+20 1.232837566173284139e+21 1.764792006114383233e+21 1.623587228994417459e+21 9.163733265785210798e+20 3.844169331697133158e+20 1.457304031504789668e+20 5.839719946496027034e+19 3.127920763086866022e+19 3.121290681458277990e+19 5.798321927233422131e+19 1.441576104080290939e+20 3.802708621378910290e+20 9.112077971239273759e+20 1.625603350571131077e+21 1.729329658149001757e+21 1.061830331096321622e+21 4.569673536023235789e+20 1.675493063400838922e+20 5.795141372987514061e+19 1.975159791557891686e+19 6.810510060881786880e+18 2.469286448776671232e+18 1.018869928428416384e+18 5.360561838031436160e+17 3.766660815196306560e+17 3.253418690492870400e+17 3.101324546299838080e+17 3.070041901233875840e+17 3.079298697513637120e+17 3.102286062906027520e+17 3.130051820463878400e+17 3.159607881199116800e+17 3.189958140053705600e+17 3.220771822457249280e+17 3.251940384069937920e+17 3.283429522324670720e+17 3.315229749501827200e+17
3.385915427493750374e+19 3.353902933995113677e+19 3.322193609383254426e+19 3.290784955014468813e+19 3.259675065348068966e+19 3.228863761573969510e+19 3.198355987534199194e+19 3.168171981823197594e+19 3.138377746373654528e+19 3.109176308158328013e+19 3.081181068845071155e+19 3.056234519667219251e+19 3.039860129766690406e+19 3.048602937622881485e+19 3.131985363839530598e+19 3.437990940745891840e+19 4.406708229927813120e+19 7.328271185438742118e+19 1.582433560332755599e+20 3.878540377214752522e+20 8.987166750993483039e+20 1.590556787388221751e+21 1.818171512933797069e+21 1.480430860154291880e+21 1.147551081617965842e+21 9.843882802015963709e+20 9.186747474855304888e+20 8.917579719783637320e+20 8.787102934435733176e+20 8.706582237250382725e+20 8.650218405375579259e+20 8.623211784984840110e+20 8.664992572202100982e+20 8.867596795857445847e+20 9.303475629652634501e+20 9.663749734454031811e+20 9.453908377204372275e+20 9.024446776653242696e+20 8.791077219034907279e+20 8.731448653484244337e+20 8.749434059555688940e+20 8.795809981681783276e+20 8.851997595501576847e+20 8.911643753237617050e+20 8.972741019781892669e+20 9.034958157395081298e+20 9.099173596034678129e+20 9.168614665080491213e+20 9.253066011392540672e+20 9.381485987950412431e+20 9.638022385088763003e+20 1.025536436871514423e+21 1.178359735714395193e+21 1.492310161697073005e+21 1.818593902285326385e+21 1.603692006795095572e+21 9.167514282953732260e+20 3.991711410682683064e+20 1.647222825325772145e+20 7.867160424173695795e+19 5.206770716523318477e+19 5.227931382762791731e+19 7.920327990708935066e+19 1.653209805612109332e+20 4.006992779910713180e+20 9.285003534201077105e+20 1.633782820456469627e+21 1.725773555179874681e+21 1.055743887713998209e+21 4.538625877803479204e+20 1.666519726458689946e+20 5.799489772980457472e+19 2.013854009381492736e+19 7.318795532983728128e+18 3.022112232460380672e+18 1.590320058802767616e+18 1.117477423410692352e+18 9.652008364241611520e+17 9.200718605896491520e+17 9.107878321280330240e+17 9.135320742932286720e+17 9.203502199801157120e+17 9.285860810179651840e+17 9.373530634473181440e+17 9.463556150881181440e+17 9.554955929676837120e+17 9.647407923108207360e+17 9.740810359550634240e+17 9.835135090807393280e+17 9.930378607006346240e+17
1.160488214980028416e+19 1.149893277882688717e+19 1.139404350320315392e+19 1.129020763744770048e+19 1.118742432790764339e+19 1.108570999964191949e+19 1.098513264372276019e+19 1.088591451699105997e+19 1.078873975230857421e+19 1.069567571914540442e+19 1.061293266946656256e+19 1.055912910999316275e+19 1.059004479819805696e+19 1.087272824353656832e+19 1.190716531314929050e+19 1.518753473376182682e+19 2.515876532557548749e+19 5.486391250239243878e+19 1.410225423015799194e+20 3.745291492316714762e+20 8.985082995700726497e+20 1.609438601372060090e+21 1.769899409590989881e+21 1.236677774168891064e+21 7.407663429880136335e+20 5.014953936923947827e+20 4.089120303237972623e+20 3.746700865126571704e+20 3.612722655128409866e+20 3.554969110954995220e+20 3.538004179386940785e+20 3.579359156777441034e+20 3.770024082358650143e+20 4.367533305586238095e+20 5.933006575246661386e+20 9.017831137309118956e+20 1.264070163005918413e+21 1.480308712805841240e+21 1.557367638798038467e+21 1.582779580314241991e+21 1.593953093433579536e+21 1.601061599630910554e+21 1.606882635041874379e+21 1.612254373053347660e+21 1.617448767269850579e+21 1.622564911017752527e+21 1.627664607606585426e+21 1.632854218143225872e+21 1.638421664398903345e+21 1.645199529994982785e+21 1.655572071548598616e+21 1.676012531172119675e+21 1.721210044985549783e+21 1.804772252543133417e+21 1.843124911299037757e+21 1.544569532765883859e+21 9.264055646168150180e+20 4.467114207636286341e+20 2.220240795388002304e+20 1.385969089691412234e+20 1.130276470411461100e+20 1.137234631460042342e+20 1.405111912077617562e+20 2.249629862266122404e+20 4.545988779860103660e+20 9.677605612529550623e+20 1.648444116464989635e+21 1.721701888057540608e+21 1.049856931176495186e+21 4.516965263500876186e+20 1.668408683670716744e+20 5.914880747765190656e+19 2.164636844754033050e+19 8.958120826086840320e+18 4.716622829104441344e+18 3.314395493474231296e+18 2.862641188652662272e+18 2.728726964025165312e+18 2.701158670638669824e+18 2.709277709596619264e+18 2.729483645445454336e+18 2.753895442524708352e+18 2.779882517077972480e+18 2.806567944894993408e+18 2.833660529382351360e+18 2.861064715866478080e+18 2.888750305680256000e+18 2.916708943295153152e+18 2.944939581950987264e+18 2.973443631695145984e+18
4.577516420237036032e+18 4.548727195535103488e+18 4.520360655611113472e+18 4.492417085757169152e+18 4.464902598548120064e+18 4.437840681829108736e+18 4.411306787495507456e+18 4.385531931847157760e+18 4.361213000245598720e+18 4.340442171775127040e+18 4.329490703214345216e+18 4.347146560523023872e+18 4.449683738488582144e+18 4.805617433792690176e+18 5.919312204464711680e+18 9.298049112704499712e+18 1.942602157558618522e+19 4.946417604345607782e+19 1.364859901917387489e+20 3.724108583014829261e+20 9.024664212966637568e+20 1.618539753179121975e+21 1.744584264714481828e+21 1.125044719893483749e+21 5.588166399771734835e+20 2.872057942329788989e+20 1.836390691462627656e+20 1.468500096804088545e+20 1.338771622140885402e+20 1.295729964545202258e+20 1.298406118909410509e+20 1.365595108340308378e+20 1.598898718816385761e+20 2.297264423122945638e+20 4.192199071208603648e+20 8.400189404869828280e+20 1.436362222785745912e+21 1.805208809017239667e+21 1.842574199057285382e+21 1.795462357626692305e+21 1.764477391433062679e+21 1.749890386632653930e+21 1.742493285361673830e+21 1.737711713086250680e+21 1.733801703362133230e+21 1.730145395949019333e+21 1.726527412146625839e+21 1.722867870154662871e+21 1.719120228406911828e+21 1.715208396792414601e+21 1.710916813901586235e+21 1.705551791100700131e+21 1.696657065584126853e+21 1.674363427727448474e+21 1.598602549461937029e+21 1.365218271638635414e+21 9.468508242899562660e+20 5.742271780314932183e+20 3.802653678167127491e+20 3.054835442989584876e+20 2.831326418474667213e+20 2.850690658268629565e+20 3.109283697595746222e+20 3.892638520635686257e+20 5.994436276522620027e+20 1.066584446123713626e+21 1.680459655058328388e+21 1.716015627636248936e+21 1.044552701410369864e+21 4.522876688280430182e+20 1.702502894116908237e+20 6.361130937390759117e+19 2.650045692708016947e+19 1.397628768024867226e+19 9.822499124495331328e+18 8.482716098645020672e+18 8.085277384654780416e+18 8.003283668998213632e+18 8.027159842888964096e+18 8.086891627473538048e+18 8.159097080878944256e+18 8.235971431794107392e+18 8.314912865011231744e+18 8.395057375557272576e+18 8.476121410177231872e+18 8.558015315646119936e+18 8.640714236665433088e+18 8.724214997804444672e+18 8.808521705150374912e+18 8.893640938504071168e+18
3.612040295432672768e+18 3.622534915107750912e+18 3.633366149448195584e+18 3.644537922802738176e+18 3.656060027450889728e+18 3.667959765776772608e+18 3.680316819327398400e+18 3.693367686248257536e+18 3.707818488203239424e+18 3.725781878466987008e+18 3.753583209997447168e+18 3.810165123509043200e+18 3.952257132977913856e+18 4.349729566752380416e+18 5.510989918042946560e+18 8.955371881521234944e+18 1.920280416487134003e+19 4.951832752995986637e+19 1.372622181698212495e+20 3.750072715240903148e+20 9.084905125107859456e+20 1.624891789976315625e+21 1.732863743531151524e+21 1.079967033756632613e+21 4.896040127696003400e+20 2.074846416807443825e+20 1.005238551846897910e+20 6.308112561168306995e+19 5.040714177265546035e+19 4.672859746702633370e+19 4.775968921707035853e+19 5.538828091825382195e+19 8.002548642442682368e+19 1.526827525789304095e+20 3.518945534454389801e+20 8.113268768823485399e+20 1.496297936093058957e+21 1.841598197613529399e+21 1.620801539033443074e+21 1.332760149853860528e+21 1.181723890734606057e+21 1.119016256334774927e+21 1.092587105966846640e+21 1.079200003662923956e+21 1.070306453321971532e+21 1.062944213877349941e+21 1.056107354811111440e+21 1.049458258546008654e+21 1.042889097053966565e+21 1.036381830856796930e+21 1.029987324537685410e+21 1.023896777023130960e+21 1.018671277184761725e+21 1.015625461430436233e+21 1.015664499462204686e+21 1.007262401665454178e+21 9.481408975448591565e+20 8.355369592173112852e+20 7.464544456708645192e+20 7.068258320946863800e+20 6.969439787523306947e+20 7.028841558083291054e+20 7.259974946427593032e+20 7.879499380039002358e+20 9.478468507351443046e+20 1.298607417336535450e+21 1.749583569359883731e+21 1.704280266295877566e+21 1.040849610334389797e+21 4.609622760377087427e+20 1.831843061548624118e+20 7.789354084793642189e+19 4.129859338955925914e+19 2.903924577319502643e+19 2.507071392571417395e+19 2.389092413497311232e+19 2.364601039029846426e+19 2.371498846856519680e+19 2.389026495365794202e+19 2.410249685148764160e+19 2.432853598880774963e+19 2.456066517588420198e+19 2.479632133296245965e+19 2.503466288840181760e+19 2.527542330848196198e+19 2.551852819677966336e+19 2.576396741738116710e+19 2.601175239492028826e+19 2.626190185960839168e+19 2.651443709246414848e+19
7.435021837785409536e+18 7.498602013041271808e+18 7.562873850264027136e+18 7.627846184355414016e+18 7.693533789874846720e+18 7.759969097490857984e+18 7.827237282142626816e+18 7.895581351016157184e+18 7.965716886871777280e+18 8.039774725038519296e+18 8.124124316048553984e+18 8.237829566167956480e+18 8.437971166692977664e+18 8.895455458006000640e+18 1.012176311039056486e+19 1.364533534357229158e+19 2.401285510870967501e+19 5.456571683201035469e+19 1.428627932177072620e+20 3.818417128916204913e+20 9.169554612904769618e+20 1.630867258692154950e+21 1.726499685997878444e+21 1.060368753217636925e+21 4.634948009678000620e+20 1.791663398486333850e+20 7.165036295033173606e+19 3.421242317238701261e+19 2.172810790116296704e+19 1.830393079266208563e+19 1.962648327181038387e+19 2.761103699895528653e+19 5.279710084199277363e+19 1.266804985228070912e+20 3.298375513675634442e+20 8.036268026672435692e+20 1.517380513491227509e+21 1.811384306411642814e+21 1.371979366860262736e+21 8.775782579932992635e+20 6.242677347818620846e+20 5.237841542377327821e+20 4.859107580052104151e+20 4.704685988472847729e+20 4.627258078827216241e+20 4.576001519623273185e+20 4.533761332633660948e+20 4.494882177204334756e+20 4.457796934231498424e+20 4.422969837778243420e+20 4.393524864074945659e+20 4.379382034408064287e+20 4.410116585642653778e+20 4.570968415309544161e+20 5.087743842338644296e+20 6.423495858425852068e+20 8.925146068883536609e+20 1.163278174487168287e+21 1.315132756040141767e+21 1.371175379321014977e+21 1.393235887114519577e+21 1.407135254914777219e+21 1.423585029046312632e+21 1.454944068596469072e+21 1.527012086309857788e+21 1.677118281970429985e+21 1.844054081294363001e+21 1.666617425872026075e+21 1.040518656670247158e+21 4.925516608792879432e+20 2.237296105441250836e+20 1.208462990018057011e+20 8.519622694461716890e+19 7.351485855915143987e+19 7.001917838449450189e+19 6.928133181448676147e+19 6.947077662673852826e+19 6.997419760722128896e+19 7.058657975017591603e+19 7.123946820282721075e+19 7.191003745190110003e+19 7.259070321782388326e+19 7.327897155798849946e+19 7.397404858669023232e+19 7.467570825496276173e+19 7.538391426686835098e+19 7.609869384969972941e+19 7.682009562614793830e+19 7.754817556863801754e+19 7.828299232847146189e+19
2.105654205550259405e+19 2.125615306488348262e+19 2.145769830834977997e+19 2.166119877086153523e+19 2.186668149438174003e+19 2.207419130697676800e+19 2.228382594157828506e+19 2.249584120078294221e+19 2.271096589700385178e+19 2.293134503253752218e+19 2.316336442402179482e+19 2.342610960302537523e+19 2.377669514999326720e+19 2.438608788107222630e+19 2.576587687913672704e+19 2.944464545687066214e+19 3.996885807028390298e+19 7.067609798680625971e+19 1.590940307418411172e+20 3.979370269315864986e+20 9.313738187417468273e+20 1.638215710739451871e+21 1.721921769959265141e+21 1.049761991191494394e+21 4.526755926782969774e+20 1.690445894318247117e+20 6.195405021382603571e+19 2.474232067659259904e+19 1.240363779616617882e+19 9.100674185263003648e+18 1.055078040265316557e+19 1.871060818791973274e+19 4.422725140855585178e+19 1.189234189325268419e+20 3.244017189821713613e+20 8.047115120696227267e+20 1.527647743429595103e+21 1.791154976558759805e+21 1.246647319901200450e+21 6.542636320657055416e+20 3.527887961166919107e+20 2.351624889259008655e+20 1.928094487637447148e+20 1.773802147764089324e+20 1.711657914698733978e+20 1.680662441081535201e+20 1.660260048449843692e+20 1.643684539117408420e+20 1.629058812009410724e+20 1.616917094872950702e+20 1.610917725551231304e+20 1.622680852829376020e+20 1.686973909280193249e+20 1.905569258204493906e+20 2.562240015161073336e+20 4.340785009227354604e+20 8.254190040907567596e+20 1.375936324702401987e+21 1.739632654085147853e+21 1.826840695445333213e+21 1.823881693472668778e+21 1.815232986263482532e+21 1.811091477177859310e+21 1.809985922697209315e+21 1.810787834190825521e+21 1.808304492079585165e+21 1.761790106451449479e+21 1.529507248886888530e+21 1.040754026335556076e+21 5.825265245983762022e+20 3.394242542056770109e+20 2.433930193618188042e+20 2.103733008534147891e+20 2.002769826091071898e+20 1.980675601169238589e+20 1.985267026861536707e+20 1.998897221506607677e+20 2.015650599713586872e+20 2.033550489251790193e+20 2.051937612593863393e+20 2.070592716275268321e+20 2.089443445953952809e+20 2.108466474974139187e+20 2.127654834476977357e+20 2.147007010128905175e+20 2.166523304302576599e+20 2.186204623090268897e+20 2.206052072374981427e+20 2.226066823764900250e+20 2.246250070404776264e+20
6.195795883275170611e+19 6.254546037802283827e+19 6.313845136230669517e+19 6.373698396679869235e+19 6.434111659456018842e+19 6.495092542749460070e+19 6.556653901186419917e+19 6.618824179028992819e+19 6.681678406313388442e+19 6.745431001497472205e+19 6.810713625550584218e+19 6.879407063643017216e+19 6.957131588561145856e+19 7.060699958536699085e+19 7.240401843867843789e+19 7.646451571531350016e+19 8.725493148129638810e+19 1.178730859968305070e+20 2.051488151032416502e+20 4.399369623110341755e+20 9.626741074073335890e+20 1.650358438879832048e+21 1.717617579687003292e+21 1.042372635425980940e+21 4.476911430818970993e+20 1.658329029653765161e+20 5.951262642994215322e+19 2.260736901841013146e+19 1.040507683138160230e+19 7.184381542406831104e+18 8.712709826195402752e+18 1.699212066931000115e+19 4.276839028554633216e+19 1.181322098315027907e+20 3.253507038228253245e+20 8.094023532302287503e+20 1.534887161678489453e+21 1.781593727180222497e+21 1.194855459061077115e+21 5.667712523185137254e+20 2.484769783500099748e+20 1.250885217864068301e+20 8.139946778357196390e+19 6.618973734624033997e+19 6.071470449008082944e+19 5.852214095406632141e+19 5.743907767308032410e+19 5.675038400655852339e+19 5.625676105180567142e+19 5.601113793312607437e+19 5.638904831912832205e+19 5.858542865363415040e+19 6.618117216464294707e+19 8.971055097490818662e+19 1.589994296705604977e+20 3.492978090438443008e+20 7.898931023712913981e+20 1.457946820091082965e+21 1.840562304976047047e+21 1.712176550877797286e+21 1.496356315287938138e+21 1.378936937275595424e+21 1.328718671997235626e+21 1.306182291530125935e+21 1.292795068653616759e+21 1.279664792907995939e+21 1.255263672290989048e+21 1.184901708483882385e+21 1.011850551949087212e+21 7.825136600433988731e+20 6.252291361234903368e+20 5.560952365951934136e+20 5.329325663929906627e+20 5.276939646264461230e+20 5.287662889740153651e+20 5.319942534768584294e+20 5.359616263794581832e+20 5.401936084352617677e+20 5.445319485354051502e+20 5.489240408762564608e+20 5.533524428510432461e+20 5.578114004392492401e+20 5.622990398146027848e+20 5.668147717522492621e+20 5.713584294055018496e+20 5.759299822131524403e+20 5.805294411979493212e+20 5.851568277799165624e+20 5.898121636274452562e+20 5.944954674416952279e+20
1.791845254718231675e+20 1.808273246543745843e+20 1.824843511515230372e+20 1.841557151548245934e+20 1.858415328582441697e+20 1.875419373112627692e+20 1.892571108738853110e+20 1.909873822970119127e+20 1.927335171519526994e+20 1.944975867409200251e+20 1.962855677478751437e+20 1.981151197949382820e+20 2.000388516818941379e+20 2.022138997086247649e+20 2.051098115797596242e+20 2.101279475668395295e+20 2.214318180327501660e+20 2.512214195000340972e+20 3.337742475156541276e+20 5.535600504368087040e+20 1.040633836953446121e+21 1.675905399699875561e+21 1.712339356954216890e+21 1.036516086923298472e+21 4.465637851711218647e+20 1.671426413650517688e+20 6.176554460955924070e+19 2.521851739366836634e+19 1.317107574644177510e+19 1.004044351615830426e+19 1.164921098138048922e+19 2.004137348120530944e+19 4.604411694899118899e+19 1.219552963176895611e+20 3.304786987758701117e+20 8.167366454426602045e+20 1.541654625397923906e+21 1.776692079174198755e+21 1.172589343047979237e+21 5.336770240350681825e+20 2.110748349892318331e+20 8.639148826843122893e+19 4.251128541563220787e+19 2.748420916976397107e+19 2.231389225796226253e+19 2.046410220225878426e+19 1.973419426156811059e+19 1.940010038920218624e+19 1.926005444056766874e+19 1.936754039642039501e+19 2.010232854939351859e+19 2.267299240967210189e+19 3.070307088308370227e+19 5.486907848578020147e+19 1.255430706851341107e+20 3.204295108924191539e+20 7.787522068935686226e+20 1.486394750291793150e+21 1.822440468975711158e+21 1.448925762341200724e+21 9.946844808238829404e+20 7.574794230562244526e+20 6.626303691536278487e+20 6.275512200671516426e+20 6.168526108903726121e+20 6.229775770642536202e+20 6.574569375009032110e+20 7.499080695684273275e+20 9.135377634919903396e+20 1.067924744588182815e+21 1.136489246364603384e+21 1.156036472661622522e+21 1.164514132347913503e+21 1.171473155245649822e+21 1.178254410728283701e+21 1.185002566544390095e+21 1.191737183552579043e+21 1.198465121815545774e+21 1.205189786825099313e+21 1.211912595636147716e+21 1.218633884666127188e+21 1.225353465765048091e+21 1.232070910834346033e+21 1.238785682681476940e+21 1.245497191819787108e+21 1.252204820566332408e+21 1.258907933368468111e+21 1.265605881448535949e+21 1.272298005103706374e+21 1.278983635001954796e+21
4.860501624403100303e+20 4.900622520999100416e+20 4.941012802029381878e+20 4.981673186041856655e+20 5.022604416638462853e+20 5.063807350813570499e+20 5.105283223251165512e+20 5.147034435900738765e+20 5.189066915822272512e+20 5.231397155380346225e+20 5.274073232298193715e+20 5.317237566212307026e+20 5.361314258990953267e+20 5.407568158914594079e+20 5.459771676018571346e+20 5.529160677844084326e+20 5.649049367429040046e+20 5.916869412197544755e+20 6.605970379746843034e+20 8.389753494048171622e+20 1.230433832100497981e+21 1.732635898808272683e+21 1.702846587897331319e+21 1.032432955399923171e+21 4.523042601448624620e+20 1.764889011420538798e+20 7.230583091988499661e+19 3.621684718288524902e+19 2.439746267296756531e+19 2.142226569039044198e+19 2.316760567302822707e+19 3.170353327861686682e+19 5.788819450335812813e+19 1.340784569306881229e+20 3.430140930888295383e+20 8.291464703045267620e+20 1.549734192337710481e+21 1.773465110691677733e+21 1.160872729537505919e+21 5.200744970661340119e+20 1.976031763049585050e+20 7.319104658983139738e+19 2.950949423203446784e+19 1.463819935429101363e+19 9.605970639524849664e+18 7.887161092423729152e+18 7.285061067070068736e+18 7.077121296977952768e+18 7.062477445574066176e+18 7.296026629276839936e+18 8.161310270859388928e+18 1.087805095280152166e+19 1.910343029028227072e+19 4.361764058482170266e+19 1.151269937474015232e+20 3.124821764318868931e+20 7.784111773969817272e+20 1.499014549478120882e+21 1.802251523387580219e+21 1.297497152196609835e+21 7.153367040699223245e+20 4.139696604439923261e+20 2.960479463338991288e+20 2.551775786343892910e+20 2.458860918571840307e+20 2.590661235043955180e+20 3.128514592135374438e+20 4.637558689845154939e+20 7.990250549684579860e+20 1.280670981035981275e+21 1.627413933685441561e+21 1.745985380533378744e+21 1.771359027335151485e+21 1.777326762651320058e+21 1.780145122555101970e+21 1.782414923398874399e+21 1.784532857092975624e+21 1.786561851261416374e+21 1.788511212210208375e+21 1.790381378640559735e+21 1.792171627521537999e+21 1.793881316307644187e+21 1.795509976045685047e+21 1.797057248182202008e+21 1.798522833430346465e+21 1.799906465029697307e+21 1.801207896864778093e+21 1.802426898756321411e+21 1.803563254844334014e+21 1.804616763203504833e+21
1.111539989744639148e+21 1.118187656151244997e+21 1.124842953371104707e+21 1.131505355025419469e+21 1.138174329980299772e+21 1.144849347287079846e+21 1.151529890761460417e+21 1.158215502164610908e+21 1.164905909283426271e+21 1.171601406042184090e+21 1.178303980779355898e+21 1.185020665283683287e+21 1.191773474349167149e+21 1.198628894705463067e+21 1.205785289372294709e+21 1.213831250364516794e+21 1.224503064261578195e+21 1.242851540586340286e+21 1.282976956076710429e+21 1.379459365267051643e+21 1.584338344887264215e+21 1.826185445847762993e+21 1.675536319815866384e+21 1.031883094321926636e+21 4.762977991568638607e+20 2.075315605780512768e+20 1.053048627102222254e+20 6.998685686729900032e+19 5.862728748097983283e+19 5.601470575344637542e+19 5.807542280421351424e+19 6.685832462234881229e+19 9.310309789823413453e+19 1.687960213127523860e+20 3.756197264289121567e+20 8.554829695729193452e+20 1.562537932543866962e+21 1.770742614578187731e+21 1.152840181593330942e+21 5.136238791034881311e+20 1.928779033368237507e+20 6.927883725799944192e+19 2.593090243961197363e+19 1.120940864016591872e+19 6.262461775529823232e+18 4.606817281767585792e+18 4.060293778833633792e+18 3.905361235188980736e+18 3.943189315695716352e+18 4.230391102028586496e+18 5.154166539324755968e+18 7.944668865209441280e+18 1.629000201999209267e+19 4.106182382310875955e+19 1.132308706807949722e+20 3.123506101888100598e+20 7.824098715107313582e+20 1.507062437067079287e+21 1.792182317597032972e+21 1.233111134476269781e+21 6.015186031783398605e+20 2.760530230282366812e+20 1.497080878101346058e+20 1.068593245314466120e+20 9.806341702314100326e+19 1.132033008269306429e+20 1.717591283894051799e+20 3.383369266731222303e+20 7.334116619463753728e+20 1.368364521504182895e+21 1.815892922317614612e+21 1.806822069020566225e+21 1.667675916486540001e+21 1.583033939124255457e+21 1.545294160268821529e+21 1.527969441529502892e+21 1.518119628015488467e+21 1.510848072502497509e+21 1.504435385897612476e+21 1.498292499412347519e+21 1.492219526336714113e+21 1.486149152306088378e+21 1.480059064806042239e+21 1.473942212383074681e+21 1.467796719829583921e+21 1.461622469666546909e+21 1.455419942863399027e+21 1.449189825133130285e+21 1.442932872742974783e+21 1.436649866383474295e+21
1.753990737359247245e+21 1.756940665731356033e+21 1.759816568387530654e+21 1.762617936599347888e+21 1.765344274071566418e+21 1.767995097984945619e+21 1.770569941672981692e+21 1.773068362063577874e+21 1.775489960998225576e+21 1.777834446940025913e+21 1.780101814161701863e+21 1.782292863463200915e+21 1.784410715090592203e+21 1.786465201133896335e+21 1.788485596187564966e+21 1.790557357769567764e+21 1.792926885345449476e+21 1.796289430982969262e+21 1.802488177199152103e+21 1.815442854742789456e+21 1.836276645074701124e+21 1.818316362367924961e+21 1.575585605760336003e+21 1.035213387448636932e+21 5.481620007604717486e+20 2.983785093589450752e+20 2.011388710764124570e+20 1.677660306406794527e+20 1.576047813529315574e+20 1.559526850359331062e+20 1.588208629232950641e+20 1.681177388159052349e+20 1.940437719534690304e+20 2.669957126642088346e+20 4.645213937885816422e+20 9.208619942703595520e+20 1.588894268003619439e+21 1.767921009878979052e+21 1.146252020126042685e+21 5.110423499597738148e+20 1.928441888446428938e+20 7.029125343158781542e+19 2.734205070470347571e+19 1.278549176362619699e+19 7.923439689787280384e+18 6.325830673712275456e+18 5.828496651750881280e+18 5.720055094558736384e+18 5.804034637008749568e+18 6.138728544390863872e+18 7.114547692702441472e+18 9.970592536029528064e+18 1.842122373472441754e+19 4.341425712329940992e+19 1.161289660842031677e+20 3.165871419389400842e+20 7.891191471469112852e+20 1.514097498455544693e+21 1.787242570490540196e+21 1.206113481990255935e+21 5.585307463393699430e+20 2.260938797278887281e+20 9.750004304032797491e+19 5.423780481885228237e+19 4.572215105959949926e+19 6.156804381451482726e+19 1.217045403477070971e+20 2.934239606381885522e+20 7.090842449305889669e+20 1.398308225307537572e+21 1.830331497165783040e+21 1.576397869416548663e+21 1.168539865838290076e+21 9.412423060435202212e+20 8.472645366660321772e+20 8.101349179328603095e+20 7.936658782711790961e+20 7.843338774508759941e+20 7.774363857510527140e+20 7.713761789937764270e+20 7.656149826492123054e+20 7.599718827959116104e+20 7.543861488504820204e+20 7.488374265104047800e+20 7.433189243169095025e+20 7.378284084406941123e+20 7.323651778553307464e+20 7.269290476061513482e+20 7.215200064878122107e+20 7.161381013588558479e+20
1.584461642867123421e+21 1.579051351306538058e+21 1.573596050662795772e+21 1.568096553761295565e+21 1.562553675243948868e+21 1.556968231172390781e+21 1.551341038338097807e+21 1.545672912706251260e+21 1.539964665299920749e+21 1.534217090508223676e+21 1.528430931973192286e+21 1.522606782135267492e+21 1.516744785562705068e+21 1.510843762167455678e+21 1.504898615521412907e+21 1.498892667573197603e+21 1.492774928358653821e+21 1.486392103134071357e+21 1.479279948245373026e+21 1.469980424927268307e+21 1.453532417499783758e+21 1.411724892656998547e+21 1.288726330598804947e+21 1.023032302602978722e+21 7.203338117496084890e+20 5.334592521859597599e+20 4.549679099486339727e+20 4.285469708545165885e+20 4.219999856285230694e+20 4.228514567880396636e+20 4.276218313409371832e+20 4.378919535750495601e+20 4.622992605891345777e+20 5.265890087321214648e+20 6.964118702919721943e+20 1.085335695248375022e+21 1.649275960257100120e+21 1.763604702401713668e+21 1.140698345296898294e+21 5.140560586112615055e+20 1.995704173833511895e+20 7.831536765006407270e+19 3.585447479385269043e+19 2.152234154657037517e+19 1.679808926278856499e+19 1.531001488960006554e+19 1.491336290329827533e+19 1.490328337614756864e+19 1.508564601608042291e+19 1.551998030480135578e+19 1.659842727613345792e+19 1.956450064754620826e+19 2.814509636870138266e+19 5.332291376258244608e+19 1.263634330307113288e+20 3.274125799229141811e+20 8.003661799754445619e+20 1.522119595526636700e+21 1.784235880815737700e+21 1.192739288158371840e+21 5.413839036822489006e+20 2.081811169844766966e+20 7.955507114082749645e+19 3.643652865088453427e+19 2.814940239337113190e+19 4.437615918620746547e+19 1.053611354322491638e+20 2.795916885821785047e+20 7.036831976609133363e+20 1.411392711303095386e+21 1.818471230671124693e+21 1.410245939894102786e+21 8.320209788766198170e+20 5.139046558645838807e+20 3.856830676399844229e+20 3.383874632943442985e+20 3.204366919613297459e+20 3.125842346915769876e+20 3.081553294584569528e+20 3.048897524471307960e+20 3.020281015175405240e+20 2.993158187705191629e+20 2.966675712363216896e+20 2.940546885806111457e+20 2.914674696429364838e+20 2.889025658651658813e+20 2.863587583688297677e+20 2.838355440378938655e+20 2.813326617260600197e+20 2.788499331941212815e+20
8.593392775314263245e+20 8.533593540845356974e+20 8.474025657976772362e+20 8.414691377000533197e+20 8.355592885477547704e+20 8.296732310159386214e+20 8.238111721906407997e+20 8.179733149724652339e+20 8.121598622553251512e+20 8.063710295325326705e+20 8.006070830781219471e+20 7.948684557022392484e+20 7.891560977028176937e+20 7.834725406383317975e+20 7.778251205128022917e+20 7.722357378418716180e+20 7.667703734615917199e+20 7.616280510532900618e+20 7.574064637176686838e+20 7.558733761172103496e+20 7.620231469402110034e+20 7.881397588011595858e+20 8.532453851960334090e+20 9.479244833156832952e+20 1.001855275550607016e+21 9.999752450338556477e+20 9.901729426603961221e+20 9.884483287852976701e+20 9.919585627074469560e+20 9.978366786573947372e+20 1.005409394991469429e+21 1.016128781517232013e+21 1.035450026884262003e+21 1.079155793358745633e+21 1.187296470698822730e+21 1.428837236858055819e+21 1.767204681882492469e+21 1.749663558964853866e+21 1.136587710438110921e+21 5.313246511340516147e+20 2.237474090628814602e+20 1.044679720676891034e+20 6.275328866874589184e+19 4.883422106338100838e+19 4.442317262133497856e+19 4.321768452875085414e+19 4.309511274087096320e+19 4.335781212528421274e+19 4.381378092629069824e+19 4.452239278193256038e+19 4.587303612263947469e+19 4.909998682639743386e+19 5.790156075635022234e+19 8.317308829640497562e+19 1.559153607134275502e+20 3.554943806152714486e+20 8.237531367823115551e+20 1.534342206660803035e+21 1.781858422781339238e+21 1.184072688388783473e+21 5.335063144721515807e+20 2.017368931886400799e+20 7.384346302967963648e+19 3.106041107258234061e+19 2.298920365130588570e+19 3.950043397234223514e+19 1.011244099276047811e+20 2.770731357684227768e+20 7.056068187745853112e+20 1.419820361100182684e+21 1.811141257790506664e+21 1.335193340787415843e+21 6.858531535431847117e+20 3.305286535858261852e+20 1.886625802568973681e+20 1.376813011378481562e+20 1.196160424646035046e+20 1.128558613231264727e+20 1.099140487821416694e+20 1.082584018224240722e+20 1.070392008460955648e+20 1.059720159107876454e+20 1.049616774185431204e+20 1.039763086844064891e+20 1.030051935793902551e+20 1.020446914125288079e+20 1.010935286204896051e+20 1.001512246971965604e+20 9.921756575343465267e+19 9.829242829643702272e+19
3.478016193614773617e+20 3.448060960972201001e+20 3.418333597965250068e+20 3.388832918065016996e+20 3.359557731578016563e+20 3.330506848647526482e+20 3.301679087802690437e+20 3.273073301188235756e+20 3.244688449848491377e+20 3.216523829217605714e+20 3.188579745184247972e+20 3.160859541711678996e+20 3.133375682326560113e+20 3.106167990137466388e+20 3.079358350873281167e+20 3.053314744055470490e+20 3.029142885936788931e+20 3.010157943458297283e+20 3.006273644510241096e+20 3.046947066036036567e+20 3.218092381187781427e+20 3.756779021755290092e+20 5.216157768769567457e+20 8.331320843815519519e+20 1.251777102503184957e+21 1.537499240215024239e+21 1.642053506959965684e+21 1.672482156464090120e+21 1.683660602239131058e+21 1.690008358335747457e+21 1.695168900999048069e+21 1.700571471966773969e+21 1.707883151918499627e+21 1.721011249506259829e+21 1.749267910059777065e+21 1.805876876019500843e+21 1.856866091104590627e+21 1.682764392784386327e+21 1.131993281413808783e+21 5.864325791544725340e+20 2.963530742025507308e+20 1.815837122242393539e+20 1.415542724716955730e+20 1.286495761490269143e+20 1.250671007146825155e+20 1.246360259342756086e+20 1.252741729564071690e+20 1.262966319113453240e+20 1.275141257077638595e+20 1.289822470047454003e+20 1.310747999859955630e+20 1.349774327748592435e+20 1.442412906246589809e+20 1.693224394564523459e+20 2.399517813777174364e+20 4.321588398342561464e+20 8.813362244102477578e+20 1.558891361904685220e+21 1.779517529876189938e+21 1.177009060681710698e+21 5.298771092186311557e+20 2.005379432964511498e+20 7.367727928255954125e+19 3.130797762323875840e+19 2.345691252677179802e+19 4.021947067716025549e+19 1.023834474505649357e+20 2.796759949658390856e+20 7.110079473497800704e+20 1.427197742037864546e+21 1.807739826751022301e+21 1.303761580097498251e+21 6.298749768227704013e+20 2.627102517363661210e+20 1.167278155489979269e+20 6.476148730808845107e+19 4.681531422125056819e+19 4.054316108225178010e+19 3.820804213967536947e+19 3.719435047994146816e+19 3.662479803343561523e+19 3.620589340050993152e+19 3.583951845696266650e+19 3.549286324981016166e+19 3.515494120461268582e+19 3.482205816089928090e+19 3.449295732673644544e+19 3.416719707547304346e+19 3.384460883319964467e+19 3.352511583749438259e+19
1.243915355652096655e+20 1.232420428056393974e+20 1.221027874845384868e+20 1.209736856572065546e+20 1.198546540765753836e+20 1.187456104938252534e+20 1.176464745636148838e+20 1.165571705597291725e+20 1.154776355164932997e+20 1.144078436249058836e+20 1.133478793255364362e+20 1.122981562867623035e+20 1.112600734191190180e+20 1.102379801140560364e+20 1.092450633353528279e+20 1.083209813375286804e+20 1.075846674680458117e+20 1.073923187483037041e+20 1.088089261698940273e+20 1.150051775480824955e+20 1.353038085305625477e+20 1.961106779505198039e+20 3.641765911303079854e+20 7.558965123655472251e+20 1.368206195692406047e+21 1.799901380385510523e+21 1.838364516262437192e+21 1.758465394820378788e+21 1.706219353819096809e+21 1.682124584175480865e+21 1.670492391310645002e+21 1.663379310912624132e+21 1.657638265797855412e+21 1.651795304240353116e+21 1.644105091218711773e+21 1.629181466026569892e+21 1.585013652649247506e+21 1.438377248096889078e+21 1.105932085161888317e+21 7.248454105086897684e+20 4.901853641698029732e+20 3.911049725383034798e+20 3.567430477416723907e+20 3.468496969736274575e+20 3.454868198151235830e+20 3.470269677937756733e+20 3.495610086507186749e+20 3.524599025004266783e+20 3.555483237722321060e+20 3.588718268612328161e+20 3.627561728887750001e+20 3.682360388647041106e+20 3.784069441196002509e+20 4.023716374969130680e+20 4.659836506237422141e+20 6.353097216002939945e+20 1.027880142948079239e+21 1.615316810693188518e+21 1.776138490123832263e+21 1.170484022847249449e+21 5.309663369897344369e+20 2.051867607621523210e+20 7.960729322043136410e+19 3.772686266120048640e+19 3.012334900769342669e+19 4.711697954146772582e+19 1.096790618721206272e+20 2.878090605494062940e+20 7.204021810697910354e+20 1.435398980606050959e+21 1.806023483694233158e+21 1.288759291876162404e+21 6.078223945616908616e+20 2.383118842620481372e+20 9.174070584873730048e+19 3.975083672335070003e+19 2.196039573103768781e+19 1.590021658739733914e+19 1.379374838122034790e+19 1.301260702773104640e+19 1.267538494691612672e+19 1.248727552030323507e+19 1.234975318545853440e+19 1.222989348635584307e+19 1.211668916784326246e+19 1.200645491265503232e+19 1.189795165589918515e+19 1.179075784245263770e+19 1.168472530059277926e+19 1.157979742724979098e+19
4.252641847077924864e+19 4.212410192164080026e+19 4.172554645263551693e+19 4.133071781672960000e+19 4.093958221654659072e+19 4.055210661024603341e+19 4.016825963296461619e+19 3.978801436222359962e+19 3.941135660588779930e+19 3.903830973346239283e+19 3.866900905837305856e+19 3.830392464091816755e+19 3.794452865290939597e+19 3.759529431247700787e+19 3.726968305626048102e+19 3.700807577883986330e+19 3.693146327242752819e+19 3.740209557042083430e+19 3.950315860725904179e+19 4.646201406941413376e+19 6.779320068421800755e+19 1.306654740464395551e+20 3.054393341052549202e+20 7.242494750846293115e+20 1.407725564738045477e+21 1.834121804663868097e+21 1.625172947717153096e+21 1.279511785526993355e+21 1.087561694091986731e+21 1.007563812078698365e+21 9.750694442252068454e+20 9.598686262187756093e+20 9.508041630098410701e+20 9.443284318884491428e+20 9.402157317009448632e+20 9.410770101501952000e+20 9.536207483834482033e+20 9.838539806934555689e+20 1.006153947103119409e+21 9.677945623683838771e+20 9.013032516390643302e+20 8.618880441986939617e+20 8.487749572279512596e+20 8.478715675016402043e+20 8.515020103353175900e+20 8.567031005392059761e+20 8.624478333903502049e+20 8.683994603132446310e+20 8.744696570606919352e+20 8.806987925356035441e+20 8.873072143648468500e+20 8.949828734726952714e+20 9.057736083699392840e+20 9.256794281458135204e+20 9.716920552229184471e+20 1.087174817731727458e+21 1.349161673239624155e+21 1.731719954162925175e+21 1.765379190860560466e+21 1.163809664184981914e+21 5.431732025508830904e+20 2.238087663940673208e+20 1.000911098743471145e+20 5.889033437655975526e+19 5.162545124555226317e+19 6.881313565696163840e+19 1.313916913855255183e+20 3.090350905927804518e+20 7.394300347073905295e+20 1.447308829545409544e+21 1.805035266698804986e+21 1.279470632697574982e+21 5.978523916335267185e+20 2.293462370144940524e+20 8.340721572411880243e+19 3.172131533862040781e+19 1.409526905976107827e+19 8.148463656444483584e+18 6.137268970855448576e+18 5.444768567775991808e+18 5.193473115887876096e+18 5.089910861615082496e+18 5.036014662575017984e+18 4.999021672230887424e+18 4.967985555874927616e+18 4.939247562499618816e+18 4.911583314483963904e+18 4.884581711749371904e+18 4.858103433755412480e+18 4.832100046067829760e+18
1.431489923256802304e+19 1.417841572754591130e+19 1.404322855097648538e+19 1.390932556279678362e+19 1.377669489181317325e+19 1.364532524641445478e+19 1.351520684671116902e+19 1.338633421934206157e+19 1.325871457055839437e+19 1.313239286756697293e+19 1.300752696597624218e+19 1.288461263582722867e+19 1.276515756873792717e+19 1.265370016898357658e+19 1.256385609772523110e+19 1.253642712678013542e+19 1.269362350624549274e+19 1.340131144139301274e+19 1.575353548555748147e+19 2.301083512759706829e+19 4.479336480016481485e+19 1.086383358489391923e+20 2.863702580712783217e+20 7.157005843645908910e+20 1.423287607439720710e+21 1.820737741556422279e+21 1.427966751655737164e+21 8.832993896238490583e+20 5.863431558283712266e+20 4.666609917683465585e+20 4.221112412243704545e+20 4.048821219947155292e+20 3.974400184189996892e+20 3.944825844333623378e+20 3.965163218610620989e+20 4.104059036828013691e+20 4.567131519635031982e+20 5.832831294427118961e+20 8.509169894856105656e+20 1.203038895753001697e+21 1.439443133709214286e+21 1.527887577867076239e+21 1.556078294693359387e+21 1.567933783505765138e+21 1.575355993569463894e+21 1.581421064101498978e+21 1.587021139291952644e+21 1.592440234022427951e+21 1.597778644463623864e+21 1.603091303407365128e+21 1.608460822646855303e+21 1.614104512321032552e+21 1.620650921385348301e+21 1.629916866494544216e+21 1.646974375359854936e+21 1.684458801662452564e+21 1.762648319791054455e+21 1.852516702136100717e+21 1.711124745573767840e+21 1.153383094832957227e+21 5.850021014462777917e+20 2.811918829037587005e+20 1.614023921438006968e+20 1.215682392203534991e+20 1.149485426464024166e+20 1.322309621193940828e+20 1.937128789847938499e+20 3.670507680957798810e+20 7.855359950895031255e+20 1.470292261988067181e+21 1.804639057983429149e+21 1.272051724687668937e+21 5.928059348699819540e+20 2.266631181885152952e+20 8.180438955696514662e+19 3.054378563452488499e+19 1.309431231346891981e+19 7.237316633059550208e+18 5.286439064270931968e+18 4.644281566497476608e+18 4.439930562518089216e+18 4.382123762959028736e+18 4.373537999937168896e+18 4.381663191618633728e+18 4.395641079291156992e+18 4.411845685558437376e+18 4.429066765618719232e+18 4.446901017562486272e+18 4.465214726403311616e+18 4.483964275340968448e+18
4.794300229073459200e+18 4.748490069229467648e+18 4.703117523276862464e+18 4.658178504350376960e+18 4.613669122545436672e+18 4.569585999053649920e+18 4.525927207707236864e+18 4.482695095874716672e+18 4.439904734712887808e+18 4.397609229603625472e+18 4.355975532372428800e+18 4.315511515872709120e+18 4.277746113808310272e+18 4.247266473462838272e+18 4.237819483924789760e+18 4.290585287342530048e+18 4.528892803500229120e+18 5.321944702271876096e+18 7.773770241521550336e+18 1.517485865038560051e+19 3.723554368846376141e+19 1.017664410454456074e+20 2.814175397785047204e+20 7.160247405192485274e+20 1.432151774482830983e+21 1.810924205644437258e+21 1.333267312103242334e+21 6.993131880264866202e+20 3.557399336731977318e+20 2.189394970874249216e+20 1.697159887994006405e+20 1.522896319808492667e+20 1.462105360726874849e+20 1.452651439420369797e+20 1.499288329417300050e+20 1.679310817811893453e+20 2.232249119230683054e+20 3.772085765261481083e+20 7.390522246457310577e+20 1.317480463561034564e+21 1.760249740124925460e+21 1.851677113513987539e+21 1.813483754080489701e+21 1.781231758231902355e+21 1.765629214518886793e+21 1.758009135173103518e+21 1.753371265817889210e+21 1.749741285552358425e+21 1.746412178180715839e+21 1.743137737274051265e+21 1.739830614149624758e+21 1.736451717607744078e+21 1.732958121456363373e+21 1.729240038794470097e+21 1.724941872122101760e+21 1.718768737084529967e+21 1.705237805120446792e+21 1.659316832472624529e+21 1.494860567357743956e+21 1.118415176924252340e+21 6.947827932797393961e+20 4.385344092367764193e+20 3.315946091162388398e+20 2.961117898509132104e+20 2.912843577018871972e+20 3.084286994063193539e+20 3.657384936141501891e+20 5.243494616306668667e+20 9.046333186908444426e+20 1.523147346876695314e+21 1.805057189141585854e+21 1.265031235081468641e+21 5.918478041810135941e+20 2.292306891555126641e+20 8.573210547987026739e+19 3.498042375206565069e+19 1.774453912819787776e+19 1.200167026303600026e+19 1.013185993700369818e+19 9.560000178599880704e+18 9.422641760007677952e+18 9.431023235116075008e+18 9.488662318059692032e+18 9.563334732599148544e+18 9.644282349700864000e+18 9.727917160164782080e+18 9.813046042707654656e+18 9.899275809641469952e+18 9.986480492401416192e+18 1.007462341794435686e+19
1.605673968250687232e+18 1.590378837099115264e+18 1.575230687330726912e+18 1.560228200713842688e+18 1.545370231547971072e+18 1.530656123732764416e+18 1.516086661228657664e+18 1.501666914610776064e+18 1.487414767649055232e+18 1.473386456144047360e+18 1.459753062782149888e+18 1.447029636149649920e+18 1.436761452123498240e+18 1.433579500291665152e+18 1.451356918630832640e+18 1.531646932830550016e+18 1.798890673393083136e+18 2.625614947156869632e+18 5.125781187196957696e+18 1.261944958659409510e+19 3.490397044332788941e+19 1.000368398552041554e+20 2.812896927703134700e+20 7.194544632086482125e+20 1.438978722034248581e+21 1.806270802586568229e+21 1.293871757587139527e+21 6.279208283535338373e+20 2.685779336979158467e+20 1.262194066296084398e+20 7.562325880782163149e+19 5.830971993120238797e+19 5.285098376892996813e+19 5.271914321547587584e+19 5.834480085093342413e+19 7.764535432233022259e+19 1.354373606875781366e+20 2.971806966468403528e+20 6.899512602907886223e+20 1.354743797469983539e+21 1.827795465584359768e+21 1.701731868721575625e+21 1.405103190881110065e+21 1.231894636525953221e+21 1.158073254228099203e+21 1.127387166988324176e+21 1.112482933842641551e+21 1.103046295694885913e+21 1.095473833319777829e+21 1.088538028472596431e+21 1.081825644608699630e+21 1.075202333418723344e+21 1.068637995012063494e+21 1.062169457655618339e+21 1.055953138020426318e+21 1.050463575400060289e+21 1.046928673617209328e+21 1.047200350279392035e+21 1.046219936510738039e+21 1.007972389447147586e+21 9.007677042140581724e+20 7.919173562075241513e+20 7.351716482487590584e+20 7.169528385892590551e+20 7.181927928428374262e+20 7.348284335513120276e+20 7.808461319923632701e+20 9.014289532156204810e+20 1.185298977710843101e+21 1.641069934856445100e+21 1.804355987422027710e+21 1.257246199679400018e+21 5.993475444536033935e+20 2.428191153441080607e+20 1.012026669029206426e+20 5.113209144702688461e+19 3.422545553762738995e+19 2.870194593739007590e+19 2.701656410091726029e+19 2.661854940394009395e+19 2.665252059369476506e+19 2.683241613737378202e+19 2.706266717511736115e+19 2.731136622670181171e+19 2.756787235391588762e+19 2.782864785347099034e+19 2.809252745085360538e+19 2.835913824108793856e+19 2.862837198980425728e+19 2.890020890948082074e+19
5.458370976133325440e+17 5.408176311409301760e+17 5.358482224508116480e+17 5.309284930609070080e+17 5.260582295226136960e+17 5.212377038960537600e+17 5.164686325447278720e+17 5.117570486403483520e+17 5.071219054795959040e+17 5.026208452660868480e+17 4.984273817680190720e+17 4.950620789922205440e+17 4.940849801298342400e+17 5.001695653832229120e+17 5.273145048371605760e+17 6.174472494922791680e+17 8.961277158988175360e+17 1.739228742067011584e+18 4.270703352059110912e+18 1.184028051526563226e+19 3.433189567049783296e+19 1.000425599304577352e+20 2.827990850657709588e+20 7.239487487461982208e+20 1.445132015089557438e+21 1.803903228333815497e+21 1.276068216760583324e+21 6.002899915391384945e+20 2.371241896086197043e+20 9.363467559435123098e+19 4.286907301484956877e+19 2.570900725250422374e+19 2.051323814574149222e+19 2.069273905361431757e+19 2.668736703182440448e+19 4.651227399258740326e+19 1.053572419650912420e+20 2.702332466131179602e+20 6.745293559924437811e+20 1.368907255214196916e+21 1.823232842247974420e+21 1.501929535069512794e+21 9.766603154284883476e+20 6.783355226466308588e+20 5.560048283313073029e+20 5.098178981954272625e+20 4.913972402962994954e+20 4.825603428610308178e+20 4.769830099632773530e+20 4.725227207895381443e+20 4.684668133754210877e+20 4.646004866586802913e+20 4.609247663700618772e+20 4.576592679691928207e+20 4.555340473575723500e+20 4.567441328852284867e+20 4.676925535636549140e+20 5.059374609727982141e+20 6.115460620070850396e+20 8.334191595042675098e+20 1.120525724239214805e+21 1.311353968459766825e+21 1.384952096966825738e+21 1.411151733157514969e+21 1.425197185291090133e+21 1.439359326256052568e+21 1.463692837340964979e+21 1.518125474635463786e+21 1.638579714270708630e+21 1.816436965330774655e+21 1.780128141769508651e+21 1.244651945785127338e+21 6.292680303444560445e+20 2.866620644234747904e+20 1.486355639238769050e+20 9.982094819806352179e+19 8.361155225780114227e+19 7.863010512485965824e+19 7.744098266654880563e+19 7.752704951924201882e+19 7.804388903711288525e+19 7.870911354105307136e+19 7.942841448023916544e+19 8.017033696162647245e+19 8.092442087996504474e+19 8.168721748455491174e+19 8.245761914345607987e+19 8.323529977953709261e+19 8.402019416290497331e+19 8.481232411902032282e+19
2.106077401496595200e+17 2.092051990161752000e+17 2.078220667486810880e+17 2.064582976339231040e+17 2.051140099949918720e+17 2.037898093009138240e+17 2.024877559096781120e+17 2.012142635272098880e+17 1.999887799780508160e+17 1.988697878280186560e+17 1.980326805150056320e+17 1.980030172706493440e+17 2.003551692776441600e+17 2.098048953065470400e+17 2.404768491792908160e+17 3.346751209973516800e+17 6.190866326258234880e+17 1.472955444411571456e+18 4.030298881113706496e+18 1.167070119517353984e+19 3.436496379107802726e+19 1.006481313382711132e+20 2.848807332480154337e+20 7.288226023769255444e+20 1.451048612540948939e+21 1.802345959482564018e+21 1.265900116441132696e+21 5.880763312433431839e+20 2.252560124012898550e+20 8.216911240684911002e+19 3.164196116774032589e+19 1.463854059590998016e+19 9.571793560580483072e+18 9.882360618643478528e+18 1.604555976799554150e+19 3.616454983438536704e+19 9.569404485487986278e+19 2.624816915884799754e+20 6.723322932054628762e+20 1.377332622507479138e+21 1.815710762904296358e+21 1.398094591326012310e+21 7.623834399492817551e+20 4.039182213475937812e+20 2.589240493063215514e+20 2.062478027746194555e+20 1.871870324970467164e+20 1.796983371876655104e+20 1.761263038933908849e+20 1.738819181279131730e+20 1.721053911707229225e+20 1.705374376452875223e+20 1.691771234477583237e+20 1.682812003885121864e+20 1.687042755740107407e+20 1.730209812785898455e+20 1.888207454558381670e+20 2.376809328702676337e+20 3.747768824575997379e+20 7.007972886661030216e+20 1.237659732441983615e+21 1.686256648541702717e+21 1.827493988169161638e+21 1.829276808332782600e+21 1.816570743872365527e+21 1.809796748085567947e+21 1.807212999045752816e+21 1.806999422680824545e+21 1.806345303007639634e+21 1.782094046520103666e+21 1.627714365515467850e+21 1.207423592356800889e+21 7.128217333946937508e+20 4.106785858308701553e+20 2.832089860680531968e+20 2.380036287630599782e+20 2.237326508467327468e+20 2.202228604312421007e+20 2.203648390221874135e+20 2.217421296077927547e+20 2.235433490436809032e+20 2.254972365374940774e+20 2.275132989468982641e+20 2.295614279078169805e+20 2.316316709355334205e+20 2.337207998103781048e+20 2.358278278754879078e+20 2.379525145245474488e+20 2.400948665835117937e+20 2.422549722847767429e+20
1.551202558266906560e+17 1.554728790745255680e+17 1.558399720661709760e+17 1.562216533627403200e+17 1.566182067968373760e+17 1.570304078597864320e+17 1.574605001678749760e+17 1.579151203450804800e+17 1.584140568652469120e+17 1.590164841848136640e+17 1.598995372519665280e+17 1.615936561017070720e+17 1.656874877973586560e+17 1.769391937004454720e+17 2.096000469296775040e+17 3.063529148917036160e+17 5.950182940139000320e+17 1.458231031998393088e+18 4.040129550648744448e+18 1.175030852227196928e+19 3.464677484577933722e+19 1.015025931884941967e+20 2.872044270945669939e+20 7.338665211767200154e+20 1.456880987205110858e+21 1.801030207307562353e+21 1.258344133257051505e+21 5.811303687028076708e+20 2.200562445685810790e+20 7.788221082579184845e+19 2.772703821796942234e+19 1.087891237336101888e+19 5.894391849019793408e+18 6.274363996239473664e+18 1.253930833828636058e+19 3.287994280005888819e+19 9.298735295758413005e+19 2.613230228213016822e+20 6.747986077286759137e+20 1.384165028592676241e+21 1.812079756841372877e+21 1.354233022910040113e+21 6.773766752408326636e+20 2.975323197006033060e+20 1.447542214894109327e+20 9.002732068773720883e+19 7.096811317925445632e+19 6.417256795698872320e+19 6.151868604383212339e+19 6.026147157725493658e+19 5.948970084525030605e+19 5.892794449781506867e+19 5.857243498402968371e+19 5.868633581888715981e+19 6.014834218914734080e+19 6.560882809422909440e+19 8.290769111409380557e+19 1.345784988256302531e+20 2.801652597825166377e+20 6.398942848022827500e+20 1.277205309625522455e+21 1.799759505660822946e+21 1.771465863904316621e+21 1.534221418564636115e+21 1.384065549473828045e+21 1.318095076406610362e+21 1.289880510621943857e+21 1.275373412018736333e+21 1.264641246713084641e+21 1.250341464968730771e+21 1.210942857280047284e+21 1.090669078755639820e+21 8.819841047458065940e+20 7.057662417003747738e+20 6.186858337183724995e+20 5.874284390688748995e+20 5.793870187431454310e+20 5.796977880737244774e+20 5.828758386461617684e+20 5.870330956466259886e+20 5.915347263230760714e+20 5.961690428499875594e+20 6.008657088359095337e+20 6.056014205947851571e+20 6.103684921375592284e+20 6.151644119098890650e+20 6.199883752426054615e+20 6.248401346654315479e+20 6.297196197387329864e+20 6.346268120497822106e+20
3.057782748876176000e+17 3.083553541621564160e+17 3.109611289315918080e+17 3.135959293207559680e+17 3.162602545279042560e+17 3.189551020682192640e+17 3.216829536323068160e+17 3.244507262607985280e+17 3.272786101586515200e+17 3.302265369201374080e+17 3.334734535935944320e+17 3.375547588219127040e+17 3.440734636528821760e+17 3.578302334013484160e+17 3.932030732573833600e+17 4.932537211187559680e+17 7.869361550593653760e+17 1.660274994493081600e+18 4.267524516123345408e+18 1.204826360322700288e+19 3.514755581701296538e+19 1.025755069403742536e+20 2.897382331069559603e+20 7.390678485855643894e+20 1.462702792236230771e+21 1.799753100607807029e+21 1.251670004278442590e+21 5.759773950979118203e+20 2.171109991990170092e+20 7.601401820542484480e+19 2.627259013378486272e+19 9.578158916987688960e+18 4.659757451631800320e+18 5.088413648535081984e+18 1.143311809095088538e+19 3.197265793192543846e+19 9.262668928344840602e+19 2.623985557483354849e+20 6.788608856089717637e+20 1.390488122428072133e+21 1.810469539788162859e+21 1.334739553731190456e+21 6.445676420285811917e+20 2.589599982584623596e+20 1.043214212269471498e+20 4.921621814013597286e+19 3.028731045872198451e+19 2.378951251920110387e+19 2.148636349200562586e+19 2.059505240784995123e+19 2.019203865720174182e+19 1.999820324220426240e+19 2.000959200202047488e+19 2.049233039158225306e+19 2.233516032365547930e+19 2.821966781401052774e+19 4.608690161359387034e+19 9.883843436703404851e+19 2.475988843762864620e+20 6.194828749687594680e+20 1.291995592322040463e+21 1.812439778145117143e+21 1.586351851297990771e+21 1.089925624783848735e+21 7.909172300481822720e+20 6.658853717191217644e+20 6.191971127026266931e+20 6.037500651953950556e+20 6.061788169988062577e+20 6.342436159108994826e+20 7.169382681246497505e+20 8.848166037204451983e+20 1.081833497117900014e+21 1.192813365663016157e+21 1.227543575207199638e+21 1.239388562085646959e+21 1.247081530667138023e+21 1.254048784094123000e+21 1.260838998565943771e+21 1.267565687721461285e+21 1.274263266890216636e+21 1.280944393127449592e+21 1.287613780147440189e+21 1.294272974278395953e+21 1.300922238840034296e+21 1.307561312101524570e+21 1.314189710569281683e+21 1.320806850345428845e+21 1.327412096531639566e+21 1.334004784239813853e+21
8.628247344599710720e+17 8.710502175469948160e+17 8.793566557962905600e+17 8.877449164923742720e+17 8.962160440923952640e+17 9.047715931364788480e+17 9.134146233891133440e+17 9.221526780003983360e+17 9.310066994433041920e+17 9.400377295407560960e+17 9.494268725872491520e+17 9.597147892741021440e+17 9.725190074957088000e+17 9.926823620852596480e+17 1.034707732780269568e+18 1.142029180958038144e+18 1.444713275182457856e+18 2.332109766217348608e+18 4.968390820662424576e+18 1.282251472921118106e+19 3.612474900592636314e+19 1.041165156081737564e+20 2.927055972527028634e+20 7.445920703790200914e+20 1.468605418233701073e+21 1.798445047625541485e+21 1.245289534257014505e+21 5.714493852324204380e+20 2.149398014690495037e+20 7.496901495996653568e+19 2.565281347206912819e+19 9.110701367678897152e+18 4.252834054627450368e+18 4.723342381698130944e+18 1.114086570446039654e+19 3.187282410635107942e+19 9.306587203879051264e+19 2.642422776614300549e+20 6.834791623453503652e+20 1.396632336351418647e+21 1.809601996038602752e+21 1.323976027989290254e+21 6.303804812599449354e+20 2.445333989628857549e+20 9.011466766552557158e+19 3.520521343964674048e+19 1.643475622113096090e+19 1.007797696189582541e+19 7.908515512975618048e+18 7.147517136000114688e+18 6.872974130058143744e+18 6.806594108682674176e+18 6.945545211578921984e+18 7.558821501588603904e+18 9.543582941537982464e+18 1.560671502903699456e+19 3.376652205775949414e+19 8.716847256871731200e+19 2.377520546103923180e+20 6.152815487968347423e+20 1.300641255644419326e+21 1.810693590562292105e+21 1.478451478677669020e+21 8.450335599388364636e+20 4.671325800851585106e+20 3.115249093826873262e+20 2.560141085773211238e+20 2.404190907205008097e+20 2.478779968224804864e+20 2.898004467068896543e+20 4.135939487752289649e+20 7.091288607176481833e+20 1.195425529398847341e+21 1.613160493470288445e+21 1.771104626128899801e+21 1.798758941332620182e+21 1.800945717941561983e+21 1.801186095246875296e+21 1.801879708511475597e+21 1.802843764778286711e+21 1.803872218489772573e+21 1.804873220756841955e+21 1.805811422223340143e+21 1.806673758461772956e+21 1.807455439755670716e+21 1.808154686837444837e+21 1.808770808422878413e+21 1.809303508033226670e+21 1.809752636265841295e+21 1.810118103132129722e+21
2.565854500554991616e+18 2.590641698241067008e+18 2.615669219374908928e+18 2.640939495707355136e+18 2.666455156509613568e+18 2.692219365909545472e+18 2.718236827618294784e+18 2.744516789653600256e+18 2.771082035202791936e+18 2.797995800550147072e+18 2.825442381818734592e+18 2.853968541344971264e+18 2.885206520798382592e+18 2.924039507206716928e+18 2.985087250146353152e+18 3.112129271639405056e+18 3.436260599683577856e+18 4.349898413854153728e+18 7.026350016087614464e+18 1.496158828440260813e+19 3.846400467993228902e+19 1.069856629323459461e+20 2.968801263774213734e+20 7.509994287701275443e+20 1.474816882970656244e+21 1.797084853862687310e+21 1.239001090451446170e+21 5.671683736773533368e+20 2.130652781307634319e+20 7.423252818481561600e+19 2.534332831634465997e+19 8.952499866431644672e+18 4.153320910708244992e+18 4.663682491260422144e+18 1.115223494956764365e+19 3.207548784666758349e+19 9.380725593328312320e+19 2.663814149127980646e+20 6.883190746005960131e+20 1.402712183414495904e+21 1.808955053053344219e+21 1.316211088216898404e+21 6.225811911345071718e+20 2.383616811250304287e+20 8.485953590816441958e+19 3.033519106093685555e+19 1.172932210549652685e+19 5.457782002682461184e+18 3.346090005541283328e+18 2.633345873794553344e+18 2.403717135338944512e+18 2.381264767443738624e+18 2.564764684895795712e+18 3.226191289912497152e+18 5.271000719264838656e+18 1.143064032942047232e+19 2.979626015693851034e+19 8.372558830832123904e+19 2.357390542364204401e+20 6.168346155080730542e+20 1.307612400413069541e+21 1.809469412010741727e+21 1.431645976430532100e+21 7.448676299578241188e+20 3.373255231162244137e+20 1.705295370907494646e+20 1.119502232405536932e+20 9.636710150373715149e+19 1.053183998829483295e+20 1.507727424111353201e+20 2.852477686235207107e+20 6.217061860174030438e+20 1.231030885498872660e+21 1.772338424775283573e+21 1.823650722692876468e+21 1.655604803690804806e+21 1.539193231218701500e+21 1.486402436123907588e+21 1.463209922398015455e+21 1.451084633130840883e+21 1.442815540861608919e+21 1.435850245607626113e+21 1.429312430536352072e+21 1.422904445186910192e+21 1.416525777208628216e+21 1.410142795178568319e+21 1.403744539187694797e+21 1.397327742007917674e+21 1.390891754151910834e+21 1.384436822337438876e+21
7.669838764920742912e+18 7.743939823508895744e+18 7.818756025299931136e+18 7.894294396271751168e+18 7.970562214288335872e+18 8.047567351331573760e+18 8.125319288996820992e+18 8.203832146767607808e+18 8.283133734044077056e+18 8.363292638218079232e+18 8.444499320095240192e+18 8.527308951172846592e+18 8.613368652134885376e+18 8.707595491114926080e+18 8.824699340642791424e+18 9.008716839414778880e+18 9.391496467605686272e+18 1.036768303844833485e+19 1.311717381514878362e+19 2.115528723019706778e+19 4.484569542654663066e+19 1.137852496785078845e+20 3.046014655170448589e+20 7.599764275272363540e+20 1.481995633471380783e+21 1.795671605709755384e+21 1.232727798409708175e+21 5.630508221252160061e+20 2.113842657417194373e+20 7.369152658056792474e+19 2.522872798652429107e+19 8.988884881999078400e+18 4.248370609593349632e+18 4.798718268279315456e+18 1.135858957203416678e+19 3.247368285119312282e+19 9.474478807974772736e+19 2.687128980534498099e+20 6.933102685387563991e+20 1.408783758943960433e+21 1.808339128350109336e+21 1.309457983830726017e+21 6.169558695906903327e+20 2.349822359019761500e+20 8.262273578901335245e+19 2.854352941217636762e+19 1.010287111300911923e+19 3.897200044635164160e+18 1.817428289435212544e+18 1.125129108573456128e+18 9.121429400189335040e+17 9.053790132362961920e+17 1.105387138026457216e+18 1.787187946755502336e+18 3.864583308414402048e+18 1.009360197363611853e+19 2.863752097850857472e+19 8.305769183220724531e+19 2.363805670738939412e+20 6.203581894067263898e+20 1.314055742896069149e+21 1.809252856434383127e+21 1.411074181825034977e+21 7.061641449827910287e+20 2.898845504108992922e+20 1.200591462236329902e+20 6.076861357181837312e+19 4.533315934718707302e+19 5.486121340215408230e+19 1.015422733717823816e+20 2.396115361213643817e+20 5.900742213006616822e+20 1.242835547612466381e+21 1.799830450283162894e+21 1.654466902574446150e+21 1.205438233335079109e+21 9.219694229988134093e+20 8.006906191398352978e+20 7.534001306465684685e+20 7.335762905691850015e+20 7.233013876737966080e+20 7.162860420296192819e+20 7.103877681815242670e+20 7.048838177579631903e+20 6.995310921629332931e+20 6.942478523899605156e+20 6.890065842554323599e+20 6.837980022203040399e+20 6.786189582872539300e+20 6.734683781424722739e+20
2.287787656898044314e+19 2.309800121878534554e+19 2.332023137119035392e+19 2.354458716159726797e+19 2.377108911815847526e+19 2.399975851147752243e+19 2.423061837954843034e+19 2.446369656829819290e+19 2.469903479949844070e+19 2.493671577475588096e+19 2.517694427527669760e+19 2.542028993633854669e+19 2.566841415580230451e+19 2.592624679252570931e+19 2.620850435311506637e+19 2.655920785472384614e+19 2.711011357925857280e+19 2.825551616351483494e+19 3.117409851393634714e+19 3.937703294109311795e+19 6.321341919087324365e+19 1.322243464662014034e+20 3.227939880732257157e+20 7.765001202133174845e+20 1.492062300327616971e+21 1.794216092276480279e+21 1.226418063149098598e+21 5.591987126438239928e+20 2.100318872521949512e+20 7.348517089509133517e+19 2.544981768684782797e+19 9.362715376596594688e+18 4.683140599071249408e+18 5.275851266128560128e+18 1.190908067807507456e+19 3.321671797773204685e+19 9.602340414240176538e+19 2.713663299749443994e+20 6.985513641438340710e+20 1.414917645052225520e+21 1.807690000331790352e+21 1.303039918306081112e+21 6.120825693585889034e+20 2.325559945939116032e+20 8.140826733580063539e+19 2.779141111407348122e+19 9.515147056264095744e+18 3.368539590138762240e+18 1.311960300430104832e+18 6.308074848098782720e+17 4.250413318548058240e+17 4.245682099810370560e+17 6.317667888456801280e+17 1.324740774598285568e+18 3.425703839862887936e+18 9.715419341184937984e+18 2.842946375026229248e+19 8.333093894324228915e+19 2.379286117846557655e+20 6.245625904254771528e+20 1.320317931384964383e+21 1.809457223353702547e+21 1.400066982278645678e+21 6.897513201885169582e+20 2.722637525290734387e+20 1.023315297471243551e+20 4.316547375886077952e+19 2.793649389528922522e+19 3.779224570665019802e+19 8.515595092740972544e+19 2.251132360747938611e+20 5.817162874569856778e+20 1.250217366713295438e+21 1.801717378614037578e+21 1.537193483161083576e+21 9.206877734616169185e+20 5.368333113666192671e+20 3.755558444834620703e+20 3.157798884223481938e+20 2.936180956107760599e+20 2.844890376764917023e+20 2.797840166830622310e+20 2.765786459557291950e+20 2.738893302369901937e+20 2.713862160287790858e+20 2.689586923126971761e+20 2.665695812157053010e+20 2.642063002849216430e+20 2.618645120934886441e+20 2.595426491140850319e+20
6.767658270470450381e+19 6.831946904772374528e+19 6.896834475440041984e+19 6.962326382131897958e+19 7.028428094011637760e+19 7.095145185627893760e+19 7.162483439554841805e+19 7.230449147615910298e+19 7.299050004644157030e+19 7.368297773718088090e+19 7.438216251006554931e+19 7.508865091790172979e+19 7.580411115303491994e+19 7.653341743837203661e+19 7.729103943325120922e+19 7.812016863121367040e+19 7.914996014954541875e+19 8.076672781854485709e+19 8.412486443386563789e+19 9.266199130523959296e+19 1.165064489513811149e+20 1.845526125615858975e+20 3.714235644154812826e+20 8.148883705141320745e+20 1.510493334593972208e+21 1.792717103213580911e+21 1.219980391154945884e+21 5.560363286727702610e+20 2.095610985661874176e+20 7.418948830801107354e+19 2.659042649999898214e+19 1.066390115009692672e+19 6.053353674903736320e+18 6.696120976640221184e+18 1.340845206402564506e+19 3.490809972713809920e+19 9.823090342941728768e+19 2.748749033732912579e+20 7.044386326150091899e+20 1.421290578380934349e+21 1.806992573485867074e+21 1.296725824399519777e+21 6.074936646551514644e+20 2.304800329507421553e+20 8.056182129915731968e+19 2.741061843312678912e+19 9.297697851508672512e+18 3.207750951716821504e+18 1.171548173191250176e+18 4.986150096256358400e+17 2.971300145781122560e+17 3.000306075616184960e+17 5.115411926746574720e+17 1.212871753463130624e+18 3.334707127861633536e+18 9.682706674600480768e+18 2.856511065803506893e+19 8.394687215525358797e+19 2.398118692628749025e+20 6.290267420321955185e+20 1.326518741629252665e+21 1.809777678034560090e+21 1.392362740271389606e+21 6.810250697738388767e+20 2.648935590804344668e+20 9.584213392743754957e+19 3.708047834222574797e+19 2.207791661402637926e+19 3.218601433236904346e+19 8.008231418572293734e+19 2.214502575820673516e+20 5.817398009415584317e+20 1.256801165677535953e+21 1.801760532146034311e+21 1.484250000075301585e+21 7.990018314136308941e+20 3.750010250428178760e+20 1.981146081810185585e+20 1.337818316606579999e+20 1.111124274946577531e+20 1.028546685937083679e+20 9.947428608914889114e+19 9.773603954502423347e+19 9.655309341990866125e+19 9.556149124291710157e+19 9.463942497483585946e+19 9.374608905607099187e+19 9.286776781547610112e+19 9.199980859196807578e+19 9.114059401804129894e+19
1.953174360696515461e+20 1.971029592801791508e+20 1.989038073732290314e+20 2.007200939826678989e+20 2.025519335702316646e+20 2.043994417809064591e+20 2.062627364291409347e+20 2.081419403448661770e+20 2.100371897474679439e+20 2.119486591036710257e+20 2.138766352259195208e+20 2.158217385678078607e+20 2.177855847074243543e+20 2.197727624030717542e+20 2.217967496099504456e+20 2.238976073879027712e+20 2.261948892201123185e+20 2.290457440496100639e+20 2.335163611236620042e+20 2.427788513158544753e+20 2.661711634277904876e+20 3.303100346772479017e+20 5.038733052322419180e+20 9.133770570945880392e+20 1.551760316822178759e+21 1.790923265932054233e+21 1.213161549464691540e+21 5.548690403383585014e+20 2.116716640927031296e+20 7.757786604157365453e+19 3.044868327404830310e+19 1.470886131037769933e+19 1.019245207270465126e+19 1.090833599425615667e+19 1.771595399877332992e+19 3.940255881391854387e+19 1.031736032552938045e+20 2.808774613100318228e+20 7.121848249289859400e+20 1.428414131944602730e+21 1.806261652945250288e+21 1.290431156801122075e+21 6.030637469751861576e+20 2.285945070001908285e+20 7.990851908730044416e+19 2.722233001877008384e+19 9.272113420017666048e+18 3.238349044560144896e+18 1.222130769904278784e+18 5.570693967025721600e+17 3.595457232359600640e+17 3.655234665018570880e+17 5.810743990863523840e+17 1.290525109383080704e+18 3.433063223633073152e+18 9.839331260493432832e+18 2.889043259909052416e+19 8.475327269631107072e+19 2.418834401330672435e+20 6.336442412800063570e+20 1.332714709035516690e+21 1.810095828995091202e+21 1.385771978908110422e+21 6.749157440182098330e+20 2.609945992675316859e+20 9.314748223960899584e+19 3.488051516555857101e+19 2.011011491075618816e+19 3.044668244152217600e+19 7.883110280512947814e+19 2.214651005503960842e+20 5.846417079240284570e+20 1.263189360356530323e+21 1.802319366280484225e+21 1.461249572190786683e+21 7.517848452438109716e+20 3.151208965984833372e+20 1.336105818508495749e+20 6.805644711893994701e+19 4.538278129619311821e+19 3.752965317194409574e+19 3.468611316478077338e+19 3.352463916469275034e+19 3.292792964551154483e+19 3.252204244528558899e+19 3.218193646135376282e+19 3.186579166136796774e+19 3.155960302186664755e+19 3.125866302009778995e+19 3.096137344592170598e+19
5.253490644948664975e+20 5.296285304117923021e+20 5.339356206551676355e+20 5.382703851576904253e+20 5.426328717966736097e+20 5.470231266787265085e+20 5.514411949418919363e+20 5.558871230577326162e+20 5.603609655514625475e+20 5.648628048245673165e+20 5.693928099686882345e+20 5.739514117874807603e+20 5.785398244159278285e+20 5.831616009992437105e+20 5.878272748024891965e+20 5.925682061742301512e+20 5.974778883864836178e+20 6.028350797803813601e+20 6.094700899292058747e+20 6.198475456214216212e+20 6.412067017903758377e+20 6.941449524415804211e+20 8.317709287405090243e+20 1.151961240846092993e+21 1.645326774604101845e+21 1.786373191591260586e+21 1.205126629108384006e+21 5.595368966308435067e+20 2.214079079513523487e+20 8.892958041774125875e+19 4.238305342189826048e+19 2.691198649700123853e+19 2.256552470596506010e+19 2.342281063730421350e+19 3.037218087954282906e+19 5.222606134343529267e+19 1.162312886670116946e+20 2.942508677706007183e+20 7.253889510412335186e+20 1.437787660310550938e+21 1.805556225251646636e+21 1.284108253361648173e+21 5.988456126220763136e+20 2.269719106605645824e+20 7.952167043822783693e+19 2.730042547432474624e+19 9.513789866586716160e+18 3.537694985403698688e+18 1.543202313015786752e+18 8.878596813922122240e+17 6.961966131716399360e+17 7.071832731709436160e+17 9.287272293937903360e+17 1.648252424758078208e+18 3.813394750314967040e+18 1.027961027509504614e+19 2.950031745350578176e+19 8.584246957760608666e+19 2.442259144167307674e+20 6.384807204300902892e+20 1.338971620056476680e+21 1.810372149583741714e+21 1.379545761091186065e+21 6.697059389875626967e+20 2.582761112822828892e+20 9.173457976072547533e+19 3.398941239264882688e+19 1.945225769379410330e+19 3.000991611717226496e+19 7.887021887806858854e+19 2.227280311689540731e+20 5.885292090246042092e+20 1.269511928608657506e+21 1.803177927224766759e+21 1.449441239910275351e+21 7.322129374527843205e+20 2.930298463684020142e+20 1.109224468077881590e+20 4.533818458799098266e+19 2.280333946632917402e+19 1.514014923810168832e+19 1.250126661397260698e+19 1.154769632979298304e+19 1.115851561268295680e+19 1.095865800851499008e+19 1.082275098100444774e+19 1.070889215285768192e+19 1.060307043316613530e+19 1.050059419545046630e+19 1.039988642636815770e+19
1.175411874562738094e+21 1.182123050116090692e+21 1.188836525563300807e+21 1.195551702468480467e+21 1.202267975795810763e+21 1.208984734183501332e+21 1.215701360500866286e+21 1.222417233195944903e+21 1.229131729925363728e+21 1.235844237864829714e+21 1.242554183721593078e+21 1.249261122017420116e+21 1.255964995953778754e+21 1.262666909713831821e+21 1.269371416680829026e+21 1.276093300718936523e+21 1.282877670271571198e+21 1.289859459475959710e+21 1.297439246071168762e+21 1.306799514415924511e+21 1.321392123085503857e+21 1.350978125930557866e+21 1.420568134365954441e+21 1.575413069743694283e+21 1.798853260292626842e+21 1.761534951805822435e+21 1.192531528801253065e+21 5.807287613160075428e+20 2.533067093432644731e+20 1.236126990271863849e+20 7.804180646477250560e+19 6.309916902892127846e+19 5.914886063820362547e+19 6.034601014515893043e+19 6.756834880071515341e+19 8.952201087936718438e+19 1.531128580382062346e+20 3.292223087114059121e+20 7.545258006422508012e+20 1.453740367561588474e+21 1.805030908247993483e+21 1.277685606654607622e+21 5.951420001676363039e+20 2.260138135225901056e+20 7.982026492037429658e+19 2.806963677384407040e+19 1.045206057996746547e+19 4.539721537249766400e+18 2.573361719998115328e+18 1.934303570865795072e+18 1.755160595314828288e+18 1.777877308857014016e+18 2.012156186086866944e+18 2.748412536909637632e+18 4.942413892495915008e+18 1.147347094854875546e+19 3.086442081428813414e+19 8.767361061413484954e+19 2.472602270459675935e+20 6.438591317378828861e+20 1.345449666762578854e+21 1.810603281980177252e+21 1.373426699013263458e+21 6.648245029200025354e+20 2.559791482804832502e+20 9.077128072510316544e+19 3.355430158435774874e+19 1.925008641757739418e+19 3.002693044067470541e+19 7.936116806414119731e+19 2.244333063090645565e+20 5.927736142913685422e+20 1.275812106102068740e+21 1.804117741327519580e+21 1.441530835984524247e+21 7.222471414198733373e+20 2.840300782493021962e+20 1.026985771691528356e+20 3.748468290470508954e+19 1.513079665488951706e+19 7.577659143749467136e+18 5.023638071285108736e+18 4.145844056766959616e+18 3.828880413440996864e+18 3.699567884443139584e+18 3.633183216758631936e+18 3.588052656283753472e+18 3.550250136703919104e+18 3.515119486034574848e+18 3.481101640944254464e+18
1.779248693495203365e+21 1.781471204824285708e+21 1.783615011654893044e+21 1.785679725081535971e+21 1.787664969878566863e+21 1.789570384660840579e+21 1.791395622073847513e+21 1.793140349077040136e+21 1.794804247508267041e+21 1.796387015469633372e+21 1.797888371097087246e+21 1.799308063222287303e+21 1.800645901927196918e+21 1.801901846449096491e+21 1.803076258251332125e+21 1.804170629228761711e+21 1.805189674680015913e+21 1.806147336031114101e+21 1.807083916213460140e+21 1.808114388275201573e+21 1.809559597700524802e+21 1.812260133434456801e+21 1.817965729199393341e+21 1.826733392426917691e+21 1.810953633308613542e+21 1.635042818259179274e+21 1.160750160278194225e+21 6.438516426163080397e+20 3.460498276727909253e+20 2.238018107664700539e+20 1.807786265803409981e+20 1.672337877322562601e+20 1.643419323850329293e+20 1.664233967192162632e+20 1.742576333995191501e+20 1.960787720379854029e+20 2.573675959580809298e+20 4.251985629670613320e+20 8.285628551622908969e+20 1.488149065290886939e+21 1.804984173854198333e+21 1.270973869607407583e+21 5.929066498284996526e+20 2.269817116252205875e+20 8.212317366207057101e+19 3.086754872785897882e+19 1.343835282669177037e+19 7.609184798003717120e+18 5.690725919459453952e+18 5.087983875293412352e+18 4.941596172031777792e+18 4.996425244985610240e+18 5.263842970289589248e+18 6.036888921571092480e+18 8.278353306358634496e+18 1.488805443177297306e+19 3.444823229609073050e+19 9.167938167877966234e+19 2.523007497970917376e+20 6.507833491903773409e+20 1.352611315449354256e+21 1.810818682155519181e+21 1.367316856722798150e+21 6.601006728302100480e+20 2.538802991434289316e+20 9.001173909024612352e+19 3.332299549896611840e+19 1.925123162444842598e+19 3.024720505058371174e+19 8.005624099833520128e+19 2.263418182836916388e+20 5.971889588542621614e+20 1.282117019298851455e+21 1.805044172712261714e+21 1.434938083178797597e+21 7.155571427525871534e+20 2.794728414952889713e+20 9.937004613795610624e+19 3.465651364524102042e+19 1.249547583917669171e+19 5.024213944961647616e+18 2.513823194686024704e+18 1.666573689602236672e+18 1.375591476394177792e+18 1.270567932865773824e+18 1.227747431690162944e+18 1.205784453102656512e+18 1.190866115776433408e+18 1.178376836310355200e+18 1.166773438690821376e+18
1.530404975553843823e+21 1.524582998870162670e+21 1.518723780217625379e+21 1.512828145287316111e+21 1.506896919287794762e+21 1.500930926667878367e+21 1.494930990817947943e+21 1.488897933728256623e+21 1.482832575547744715e+21 1.476735733887656526e+21 1.470608222425425117e+21 1.464450847519178752e+21 1.458264399064413503e+21 1.452049624548550377e+21 1.445807153876774945e+21 1.439537279759294136e+21 1.433239314090744349e+21 1.426909699506525176e+21 1.420536464909909885e+21 1.414082922942005248e+21 1.407439498824041366e+21 1.400279209942743777e+21 1.391605608703636537e+21 1.378205977543615185e+21 1.348839604468031685e+21 1.266332096557489324e+21 1.065372522547657048e+21 7.848061629639676396e+20 5.801778414939195965e+20 4.859532050375276626e+20 4.525711300430637957e+20 4.435269681424032727e+20 4.434957560030260756e+20 4.476964305739302175e+20 4.567649818386078761e+20 4.776080070934541763e+20 5.315922226664686879e+20 6.749260034754432205e+20 1.015682013891099623e+21 1.568608161269337293e+21 1.805182886321847009e+21 1.263366200501587411e+21 5.949706690418615255e+20 2.336403794464491110e+20 9.037534972408864768e+19 3.969816363170015642e+19 2.251876346636992512e+19 1.683186885200698982e+19 1.502055570351369830e+19 1.451384305267004006e+19 1.446041370342141747e+19 1.460794096675136102e+19 1.496909372097092608e+19 1.583838648632847770e+19 1.818214390192049766e+19 2.491017340704991642e+19 4.463272382957753139e+19 1.021413453080085135e+20 2.632726728654726431e+20 6.622436572431266611e+20 1.361815349336166367e+21 1.811114845724578152e+21 1.361150567427077046e+21 6.555405520211826442e+20 2.519971730213254267e+20 8.947143503955687834e+19 3.331030647615049728e+19 1.947117068764753920e+19 3.068684537681444864e+19 8.097056864765209805e+19 2.284643529322836132e+20 6.017842908714169795e+20 1.288470809343739298e+21 1.805924814481430413e+21 1.428776874084103881e+21 7.099888248118267085e+20 2.764229634529443185e+20 9.769263132425068544e+19 3.351926194042713702e+19 1.155361290535403110e+19 4.154244688186233344e+18 1.673453573296731648e+18 8.414943633641288960e+17 5.609469338915070720e+17 4.646770771446206080e+17 4.299941051083623040e+17 4.159105126443468800e+17 4.087345254316688640e+17 4.038921525172079360e+17 3.998550249159911680e+17
8.023445326292853719e+20 7.965878867723329208e+20 7.908563978390541435e+20 7.851502322851608003e+20 7.794695506249157181e+20 7.738145074620237087e+20 7.681852515214108918e+20 7.625819256951443292e+20 7.570046671536719135e+20 7.514536076761079480e+20 7.459288746804733542e+20 7.404305944196225434e+20 7.349589017963917476e+20 7.295139703047512392e+20 7.240961030150325535e+20 7.187060084581636506e+20 7.133456361512848589e+20 7.080207050700229181e+20 7.027483501446907822e+20 6.975802231652833034e+20 6.926721234820631101e+20 6.884925700305484513e+20 6.864362786700998738e+20 6.905318833448792883e+20 7.114152600695344988e+20 7.703102252356175135e+20 8.791002467066067026e+20 9.820608073301563802e+20 1.018956744287720964e+21 1.022263101560079647e+21 1.023846619022160691e+21 1.028283113729490944e+21 1.034427694092610699e+21 1.041892248217585582e+21 1.051863236215669391e+21 1.068725126448385098e+21 1.105251329245465805e+21 1.194750907394955411e+21 1.401002197211075576e+21 1.726217955241563521e+21 1.797625920036835426e+21 1.252508837084059140e+21 6.093713021954381578e+20 2.569518489238556836e+20 1.161491547094089236e+20 6.633493270264216781e+19 4.959855655957310669e+19 4.423104691327821414e+19 4.270117983181316096e+19 4.246503114423316480e+19 4.268009779623950746e+19 4.309677859087855616e+19 4.372799346002441011e+19 4.486628644542459904e+19 4.747099605036571034e+19 5.443019631179659674e+19 7.428756024248847565e+19 1.316318804304838656e+20 2.916921939122391941e+20 6.869942479892054016e+20 1.377011022729742909e+21 1.811759319781810373e+21 1.354809311948321063e+21 6.513371110626728346e+20 2.506125125043466732e+20 8.944804525183303680e+19 3.381788373790905549e+19 2.021387742757713510e+19 3.164999100783961293e+19 8.240207538809875661e+19 2.310753429434039992e+20 6.067740420858084065e+20 1.294990816397459718e+21 1.806758529344202605e+21 1.422743702049863238e+21 7.048206525478250742e+20 2.739007727799487037e+20 9.658440667816176845e+19 3.296132775695580774e+19 1.119077375779892838e+19 3.859624652046460416e+18 1.403693680156720128e+18 5.819780034455646720e+17 3.067576480326412160e+17 2.141518727957885440e+17 1.825595427562576960e+17 1.713582433968332160e+17 1.669788545768081280e+17 1.648888535045525760e+17 1.635741073805869440e+17
3.197583782856695480e+20 3.169770202021718917e+20 3.142173755979108188e+20 3.114793217425129472e+20 3.087627356420044227e+20 3.060674940560898130e+20 3.033934735268051681e+20 3.007405504482003517e+20 2.981086012664846746e+20 2.954975030788148429e+20 2.929071354425130353e+20 2.903373858251731108e+20 2.877881659968179732e+20 2.852594612618394665e+20 2.827514782068985692e+20 2.802650879274375905e+20 2.778031553596386181e+20 2.753745256648205271e+20 2.730059766196919665e+20 2.707780435959101522e+20 2.689323015592705065e+20 2.681917938428058010e+20 2.707106735720223867e+20 2.828235490693805834e+20 3.224506646851899228e+20 4.347173528441195069e+20 6.982705467005412311e+20 1.122081405191431913e+21 1.486737594321434837e+21 1.644756378105088049e+21 1.690951352758675964e+21 1.705609596607640895e+21 1.712549893192680735e+21 1.717527354589226729e+21 1.722348187454052499e+21 1.728443882963779453e+21 1.738749043891307020e+21 1.760296905830168789e+21 1.804393922039904207e+21 1.852089229880878432e+21 1.727760099693179437e+21 1.227845501364799799e+21 6.563590324682326016e+20 3.269817877628413542e+20 1.919258734713881231e+20 1.440603164222239048e+20 1.284008968275942605e+20 1.238750529519712502e+20 1.231182043432457667e+20 1.236367692650855956e+20 1.246041995898413711e+20 1.257750341731282780e+20 1.271599717008471491e+20 1.290397973586102682e+20 1.323364991589918474e+20 1.398247766577612063e+20 1.597086734108121825e+20 2.155846854733778125e+20 3.699886273502305976e+20 7.496469069486956216e+20 1.409229508060515926e+21 1.813410619453859693e+21 1.347965774696927986e+21 6.481274921130920509e+20 2.506487452757105377e+20 9.091570599382699213e+19 3.583379219477460173e+19 2.247446455442731008e+19 3.413156167245885440e+19 8.532566486765700710e+19 2.350751297845399716e+20 6.128593498656501924e+20 1.302019811449382371e+21 1.807575904296654602e+21 1.416728057108851851e+21 6.998246464022615163e+20 2.715998770549111521e+20 9.570653502501458739e+19 3.263450391464502477e+19 1.105812961792222618e+19 3.793906392153899008e+18 1.361459384239047680e+18 5.486053952366104320e+17 2.773458030029831040e+17 1.870587806378481920e+17 1.572337503207399040e+17 1.476132350490202880e+17 1.447503865846111680e+17 1.441537846428051520e+17 1.443232243378548160e+17
1.142361196245461074e+20 1.131880540321028833e+20 1.121495245451439964e+20 1.111204525894690898e+20 1.101007601279217009e+20 1.090903696636957983e+20 1.080892042598151619e+20 1.070971876063071928e+20 1.061142442314772152e+20 1.051403001489960632e+20 1.041752848105881600e+20 1.032191369728831160e+20 1.022718222945997292e+20 1.013333860771739238e+20 1.004041112893923492e+20 9.948499199086046413e+19 9.857915157533956506e+19 9.769609123836402074e+19 9.686441564932349952e+19 9.616994313651468698e+19 9.586976847608084890e+19 9.673304816940523520e+19 1.010538026704822764e+20 1.156134211838799217e+20 1.599331924050627461e+20 2.858715321070419968e+20 6.003824317839806300e+20 1.175714584837745934e+21 1.718888581173232009e+21 1.848809701538643050e+21 1.765511457978090783e+21 1.694779080381065855e+21 1.660926492573714088e+21 1.645316419322186826e+21 1.636578670042205913e+21 1.630061510448991175e+21 1.623749967898542604e+21 1.615811448423666418e+21 1.601595715878314836e+21 1.563846881404186264e+21 1.443722618075645215e+21 1.150956473176234656e+21 7.709472424038540247e+20 5.125572332306574213e+20 3.974549502241865073e+20 3.563351656847863972e+20 3.439881844631271506e+20 3.417679843822939013e+20 3.430016063252200161e+20 3.454135317667588342e+20 3.482480894183532790e+20 3.512798990800570286e+20 3.545150565636065198e+20 3.581983179133199974e+20 3.631354196171136041e+20 3.717488060365030687e+20 3.911918371698932449e+20 4.420148303193542492e+20 5.786351550149880054e+20 9.112582477354496164e+20 1.485623728216750686e+21 1.817083492913273373e+21 1.339621501759611208e+21 6.478197499247470838e+20 2.548752754235252081e+20 9.680471356422709248e+19 4.233228255864153702e+19 2.924869344585771827e+19 4.112634755381932032e+19 9.267515574540209357e+19 2.431717473375716639e+20 6.221440367083614372e+20 1.310568642435617128e+21 1.808476687818101883e+21 1.410669327347869024e+21 6.949682184558660813e+20 2.694836677052812820e+20 9.501579952629848474e+19 3.249364315040301056e+19 1.111110448273100186e+19 3.914029332130143232e+18 1.505526673795552512e+18 7.020924934818324480e+17 4.353980469118216960e+17 3.480622175735695360e+17 3.206585384769710720e+17 3.132921457957655040e+17 3.126376046139041280e+17 3.142442741115578240e+17 3.166257628598837760e+17
4.076934343797457715e+19 4.042170073771394662e+19 4.007769749247557632e+19 3.973730387380151091e+19 3.940049035262795776e+19 3.906722770655462195e+19 3.873748704310661120e+19 3.841123987336713011e+19 3.808845833394344755e+19 3.776911585281331200e+19 3.745318914499862528e+19 3.714066418723497574e+19 3.683155410989228032e+19 3.652595277822222336e+19 3.622419526723772826e+19 3.592733849406980915e+19 3.563860077464299110e+19 3.536767345006495744e+19 3.514363403843896934e+19 3.505361425510089523e+19 3.535853214888125235e+19 3.683895364913435034e+19 4.182402820250819789e+19 5.721111912130578022e+19 1.029645692410436649e+20 2.329971793111146496e+20 5.640886954099022889e+20 1.194356484875949179e+21 1.776932329288906047e+21 1.719971587314747441e+21 1.345229910064166076e+21 1.096467633119939396e+21 9.877400091272061911e+20 9.443034664284935946e+20 9.253149603957267497e+20 9.149759337586065408e+20 9.079809069404006646e+20 9.032965876635044413e+20 9.027616816656245064e+20 9.121705881062009733e+20 9.395743137014646047e+20 9.715758652702311055e+20 9.553667892788995031e+20 8.978370756638740316e+20 8.570538190732638290e+20 8.420774971207364116e+20 8.403226742623535104e+20 8.436324669054656184e+20 8.487115337712896573e+20 8.544012014235653243e+20 8.603174925284147200e+20 8.663513607738420101e+20 8.725213505749511045e+20 8.789959921789328425e+20 8.863138431134989025e+20 8.960840253560748769e+20 9.130401963620253041e+20 9.507392990273263370e+20 1.045016648140299567e+21 1.268418792626475762e+21 1.647526716762501939e+21 1.819421898171751596e+21 1.326458126533571117e+21 6.558829425163015291e+20 2.714083129459658260e+20 1.157582767310328463e+20 6.210455891253039104e+19 4.939653928995838362e+19 6.149171772382033510e+19 1.131251005537535754e+20 2.633659328951574528e+20 6.408303571901459988e+20 1.323595871416829608e+21 1.809745975708755952e+21 1.404478149157325636e+21 6.903731031948792955e+20 2.677378114800927703e+20 9.470778961038770176e+19 3.273706800996700570e+19 1.155045678447959245e+19 4.423374781860952064e+18 2.042005275007819008e+18 1.251327881278167552e+18 9.926112804133231360e+17 9.116899592273511680e+17 8.902131123410327040e+17 8.886457677184314880e+17 8.937831516647742720e+17 9.012153367448192000e+17 9.094699240827432960e+17
1.914175812864241254e+19 1.907643259377290035e+19 1.901286144879372288e+19 1.895103903830760243e+19 1.889095988207634842e+19 1.883261868643309158e+19 1.877601037312807731e+19 1.872113015956166656e+19 1.866797379002676019e+19 1.861653821581085082e+19 1.856682361719373005e+19 1.851883943748124262e+19 1.847262242547212288e+19 1.842829063253781709e+19 1.838620508204216320e+19 1.834745390035112960e+19 1.831530221085366067e+19 1.829953443497407898e+19 1.832945867436179866e+19 1.849284660439604019e+19 1.905247876923618918e+19 2.079446166472073626e+19 2.606477951876599808e+19 4.181424812888651366e+19 8.819466344908975309e+19 2.198890061156394926e+20 5.570218215633458299e+20 1.205596049100683608e+21 1.787719797918321345e+21 1.593479838864501375e+21 1.010660276040852308e+21 6.328910054026924524e+20 4.716203452048850289e+20 4.111637848956654715e+20 3.884118172725213921e+20 3.790573493690941440e+20 3.751658027834715668e+20 3.758413978394449019e+20 3.860634143924864942e+20 4.222117960108508447e+20 5.250036225462003302e+20 7.587013120600887788e+20 1.109318350404036592e+21 1.387437748569455460e+21 1.505656976744670560e+21 1.544267596768045957e+21 1.559291068164133880e+21 1.567746174127161999e+21 1.574192962580317209e+21 1.579965371535575482e+21 1.585487329008673096e+21 1.590903569277476930e+21 1.596279200190469505e+21 1.601686655206415401e+21 1.607300058159468773e+21 1.613617826182030164e+21 1.622084604585362326e+21 1.636781657753241780e+21 1.668280313112891752e+21 1.736641488151942791e+21 1.836179489720955044e+21 1.779429871096877548e+21 1.296339716002616705e+21 6.864290099522582610e+20 3.229105442905144033e+20 1.724101241556514898e+20 1.203665248319142134e+20 1.083781275461304648e+20 1.206881982883124183e+20 1.716032517079619994e+20 3.186318578204988539e+20 6.866967254822104596e+20 1.349531573515074142e+21 1.812147745351216660e+21 1.397919084088892064e+21 6.864789851593192243e+20 2.670169157987728425e+20 9.547638108278874112e+19 3.406961242021143347e+19 1.308852965967826125e+19 6.041480659405275136e+18 3.697660547873020928e+18 2.930370188264434176e+18 2.690405482419155968e+18 2.626791717518063616e+18 2.622245843883027968e+18 2.637590754960583680e+18 2.659742322786446848e+18 2.684332011868089856e+18 2.709902337198412288e+18
2.262910836631455744e+19 2.276312199721138586e+19 2.289921784758293299e+19 2.303740825648248422e+19 2.317770579050030694e+19 2.332012326151887258e+19 2.346467376410173030e+19 2.361137076519598080e+19 2.376022834794484941e+19 2.391126190922332979e+19 2.406449020406149939e+19 2.421994141552321331e+19 2.437767125828693197e+19 2.453781709931730534e+19 2.470075990560431309e+19 2.486760907125476966e+19 2.504165413685254963e+19 2.523271201679781069e+19 2.547014483028974797e+19 2.584183666075015578e+19 2.661084029450293658e+19 2.856397796137505178e+19 3.404923562705489510e+19 5.002367322621443277e+19 9.666340352348527002e+19 2.287741761007891251e+20 5.670955486553224643e+20 1.218592628109681623e+21 1.791319586568117682e+21 1.531835408067359146e+21 8.571991763351911793e+20 4.231459568526132511e+20 2.393872794618665042e+20 1.721209501283678945e+20 1.483760247288305418e+20 1.400548389898024878e+20 1.379703115859839386e+20 1.410108359391850496e+20 1.547325900475149517e+20 1.979553467930671514e+20 3.211110826399705334e+20 6.257867712730604503e+20 1.171932733552099066e+21 1.685229480595656016e+21 1.847455950953536553e+21 1.823086854189587628e+21 1.788484156389804474e+21 1.770717147229804036e+21 1.762215563300044800e+21 1.757307961069613351e+21 1.753639048044238340e+21 1.750352292919014588e+21 1.747148000405232026e+21 1.743920526537868444e+21 1.740625575341746029e+21 1.737222048772497342e+21 1.733613196991181881e+21 1.729495709238561604e+21 1.723815064170161766e+21 1.712381731995203142e+21 1.676608418702906622e+21 1.546469108362941825e+21 1.209431811735898292e+21 7.657083236049691607e+20 4.642020896504758927e+20 3.301833280307408404e+20 2.832849121370504233e+20 2.733674314549684142e+20 2.859610979572397507e+20 3.339237588625769103e+20 4.695851542679574938e+20 8.066143156406141583e+20 1.410474486332001092e+21 1.817390404397149192e+21 1.390282857103816131e+21 6.846206414217773056e+20 2.693056776848756900e+20 9.942844215107318579e+19 3.863261034757209293e+19 1.788942101625930342e+19 1.095376087613994598e+19 8.679147167956805632e+18 7.967254971121393664e+18 7.778382925691750400e+18 7.764736039753487360e+18 7.810096826534376448e+18 7.875647310730360832e+18 7.948426493985490944e+18 8.024110136319981568e+18 8.101258726257017856e+18
5.562452159303371981e+19 5.612625766846708941e+19 5.663296364751728640e+19 5.714468263629041664e+19 5.766145822279238451e+19 5.818333450841221530e+19 5.871035616064733184e+19 5.924256852205372211e+19 5.978001787656131379e+19 6.032275216933231002e+19 6.087082306681679872e+19 6.142429199925240627e+19 6.198324809073288806e+19 6.254786163046329549e+19 6.311854388584583987e+19 6.369642521794451046e+19 6.428478609034805248e+19 6.489334089752674304e+19 6.555106242359105946e+19 6.634456990416510976e+19 6.753298592612334797e+19 6.989110586795116134e+19 7.573038728142154957e+19 9.189796689109300019e+19 1.382466357171865027e+20 2.686916120555136287e+20 6.019437256697607619e+20 1.242199749996535874e+21 1.795512947961212961e+21 1.504766940224765821e+21 7.975400731989475328e+20 3.448253785923385426e+20 1.538499410710535864e+20 8.454147823409043866e+19 6.065520059549859021e+19 5.284599008020398899e+19 5.150854388511261491e+19 5.543472854660478566e+19 7.029367196149126758e+19 1.154990714501812716e+20 2.442667559167978373e+20 5.713007098732781896e+20 1.190794652649997730e+21 1.770643186549117944e+21 1.765991300226982871e+21 1.467834301312521208e+21 1.265431180617752773e+21 1.175706187598937194e+21 1.138795899041286455e+21 1.121677169060534682e+21 1.111468180848574333e+21 1.103619335038753702e+21 1.096574674905011192e+21 1.089808401742691303e+21 1.083145479231297683e+21 1.076533926297188696e+21 1.069978314708647412e+21 1.063549589202187190e+21 1.057479348576860766e+21 1.052375704864819118e+21 1.049077545322520117e+21 1.043682107160132321e+21 1.007579276954156401e+21 9.016715518990163640e+20 7.783011436960676577e+20 7.066841759160025743e+20 6.807992443686644613e+20 6.783820621098727506e+20 6.918238389856257966e+20 7.315750909738118021e+20 8.371831496868825661e+20 1.094181192536679252e+21 1.549979634766042890e+21 1.826607876962483175e+21 1.379249502009422512e+21 6.886818152228880384e+20 2.804641608364392776e+20 1.128128728491456266e+20 5.278679970410133914e+19 3.238428872181138637e+19 2.565512004244226867e+19 2.354406520395698176e+19 2.298239973125428838e+19 2.294021834305659290e+19 2.307299711462936166e+19 2.326561956924164506e+19 2.347964463751062733e+19 2.370224633150295654e+19 2.392915459553328742e+19 2.415895711495061094e+19
1.579247958493439918e+20 1.593737914399520195e+20 1.608356125600098877e+20 1.623103600519268270e+20 1.637981355356875981e+20 1.652990414603556618e+20 1.668131811820158648e+20 1.683406591037320397e+20 1.698815809737316762e+20 1.714360546271879168e+20 1.730041920113826202e+20 1.745861149949562061e+20 1.761819724222581637e+20 1.777919907108042179e+20 1.794166246691055862e+20 1.810570079900701491e+20 1.827163001246793073e+20 1.844037147584234783e+20 1.861465705685011005e+20 1.880263371397668536e+20 1.902864076408173363e+20 1.936538751725737738e+20 2.002962010695645266e+20 2.166293356294687621e+20 2.612431339167566397e+20 3.845903280346753925e+20 6.976556132308086948e+20 1.296790621655775576e+21 1.803820081039889138e+21 1.490231852991880102e+21 7.751319956495892480e+20 3.189723897274147144e+20 1.267514658495165563e+20 5.720306999669778842e+19 3.345312694299405517e+19 2.591084033276520858e+19 2.489113294959082701e+19 2.917746876385937818e+19 4.449522682669461504e+19 9.049065581669554586e+19 2.213794778744922767e+20 5.563556801722132070e+20 1.200777013322364748e+21 1.786072331972498686e+21 1.623363906086340133e+21 1.082626210071342744e+21 7.297173002414311342e+20 5.782085609496271258e+20 5.206691612889877709e+20 4.982316437896588165e+20 4.880028003241883730e+20 4.819320002929187881e+20 4.772804460752713810e+20 4.731315092464218931e+20 4.691950283375716598e+20 4.654263001781710356e+20 4.619682930803990200e+20 4.593423488258060452e+20 4.591338050920725873e+20 4.660057408697273549e+20 4.930230687472302162e+20 5.719983758894542356e+20 7.523198657115646853e+20 1.021206353301136212e+21 1.233516570213620908e+21 1.325727451309382042e+21 1.358646452757346386e+21 1.374678284510510449e+21 1.389087758857860809e+21 1.412260483948465095e+21 1.463271405501030597e+21 1.579360363197488169e+21 1.773638622183701610e+21 1.820405272102557975e+21 1.356348790211422454e+21 7.091048046678023864e+20 3.171815251984461988e+20 1.536925938676026900e+20 9.500442526007982490e+19 7.527552746628051763e+19 6.903844453380996301e+19 6.736573841526707814e+19 6.722743435274492314e+19 6.760617360099676979e+19 6.816161204902142771e+19 6.878005374557530522e+19 6.942355745007268659e+19 7.007948847552930611e+19 7.074366450626999091e+19 7.141472619573144781e+19
4.324233536164757504e+20 4.360630542083795845e+20 4.397285688271012495e+20 4.434199936088103977e+20 4.471374237231497871e+20 4.508809534267449672e+20 4.546506761480821801e+20 4.584466846393152307e+20 4.622690712785804984e+20 4.661179287651779215e+20 4.699933519136458670e+20 4.738954426260583219e+20 4.778243242261601321e+20 4.817801835671411753e+20 4.857633958411065098e+20 4.897748960263108690e+20 4.938172864084879606e+20 4.978981415146304963e+20 5.020398734667259576e+20 5.063091805630663885e+20 5.109049172036851466e+20 5.164199221195774362e+20 5.246179272292884152e+20 5.407098240187691827e+20 5.797686533998441923e+20 6.826616898866430607e+20 9.393192165956301619e+20 1.427004249751556981e+21 1.821044417982977278e+21 1.477137939069278880e+21 7.691116536709895946e+20 3.171551516021314028e+20 1.262110933539017851e+20 5.715485481273054003e+19 3.369574824354023014e+19 2.638656442698534093e+19 2.558499946276232397e+19 3.009483553919194317e+19 4.566929370071671603e+19 9.203532213307079066e+19 2.237150782443832607e+20 5.611373781322849976e+20 1.211932261614656422e+21 1.789853574000490054e+21 1.546809021885505339e+21 8.887524228742456279e+20 4.632094101966631731e+20 2.824661015822029292e+20 2.159156982395472445e+20 1.919736995984832266e+20 1.828167509934823834e+20 1.786742264074766254e+20 1.762279278792517222e+20 1.743692977936547840e+20 1.727478769271008788e+20 1.713090626302633247e+20 1.702223628263749714e+20 1.701063316781741834e+20 1.728434462524047032e+20 1.840126730725602427e+20 2.196877182494855987e+20 3.226519583159742628e+20 5.820246205110246441e+20 1.066491503282409046e+21 1.570882696578916680e+21 1.793671839324975923e+21 1.825457311927643406e+21 1.819352397576889696e+21 1.814332647756884083e+21 1.812791964916086211e+21 1.813950813279613354e+21 1.816661397267355795e+21 1.804247284430748516e+21 1.682837413261714129e+21 1.290897638207371870e+21 7.680251224818734858e+20 4.223076973043389563e+20 2.706111267774356193e+20 2.156272450939144765e+20 1.977387084175253504e+20 1.928406020465288806e+20 1.923581690375868252e+20 1.933675538141990420e+20 1.948858239369101312e+20 1.965841604504437391e+20 1.983527947666482135e+20 2.001551572162004582e+20 2.019791202716055306e+20 2.038207154427674952e+20 2.056786972370965955e+20
1.018910483707506852e+21 1.025399269369747472e+21 1.031902389415636632e+21 1.038419424083766018e+21 1.044949946785498006e+21 1.051493524201693774e+21 1.058049716416610566e+21 1.064618077106479825e+21 1.071198153840008364e+21 1.077789488635286913e+21 1.084391619187178340e+21 1.091004081969307582e+21 1.097626420748989104e+21 1.104258210977891746e+21 1.110899131072176456e+21 1.117549172612267377e+21 1.124209262688238698e+21 1.130883109692063482e+21 1.137582681524927988e+21 1.144344467003896365e+21 1.151277728598523904e+21 1.158707488121883460e+21 1.167596474603852923e+21 1.180774823143872397e+21 1.206389068397207618e+21 1.266437129342428643e+21 1.409117276203595334e+21 1.672519343571438404e+21 1.841369655072727761e+21 1.454260343069891887e+21 7.778959394966956933e+20 3.399433510004687503e+20 1.526223167588332667e+20 8.470180631999507661e+19 6.180231375873410662e+19 5.489485041497535283e+19 5.443907946772573389e+19 5.925044222272471859e+19 7.502949091461531238e+19 1.213211288343209574e+20 2.521433064553738404e+20 5.868005234532922163e+20 1.231130383084987875e+21 1.793484663490977202e+21 1.513346291576155668e+21 8.115364898906004521e+20 3.602189965410673623e+20 1.693824588530061476e+20 9.990332472893823386e+19 7.567091206766685389e+19 6.712281233470358323e+19 6.388436849310304666e+19 6.243452373252151706e+19 6.159756325246192026e+19 6.100147003134349312e+19 6.058642597065006285e+19 6.052579963007430656e+19 6.145602765130533274e+19 6.531617483641554534e+19 7.786827011304330035e+19 1.158555453367699046e+20 2.250127023412290847e+20 5.083724055191378330e+20 1.076461464394898342e+21 1.696596343401017770e+21 1.828297607674995933e+21 1.622392510492516549e+21 1.454778149333113504e+21 1.376332215311735718e+21 1.342819505073672421e+21 1.325953168026836664e+21 1.313068638889870623e+21 1.294728507939864707e+21 1.248136941182112236e+21 1.116736920741084004e+21 8.837630752092816671e+20 6.753900488124514959e+20 5.674476867582989435e+20 5.269567260755001999e+20 5.152754636018415043e+20 5.140600007295316787e+20 5.164476831626102047e+20 5.200638810336177684e+20 5.241082148900626104e+20 5.283133398899076628e+20 5.325902673216009011e+20 5.369094422737101128e+20 5.412610826988766495e+20 5.456419776521262203e+20 5.500510964685630996e+20
1.704835828939286905e+21 1.708769823774861427e+21 1.712638128453734629e+21 1.716440087217102651e+21 1.720175053446599148e+21 1.723842389911273734e+21 1.727441469019111031e+21 1.730971673076642349e+21 1.734432394567703069e+21 1.737823036479537152e+21 1.741143012761163530e+21 1.744391749148210364e+21 1.747568685045611495e+21 1.750673278465266680e+21 1.753705019854154891e+21 1.756663471813901156e+21 1.759548384302128169e+21 1.762360029899919196e+21 1.765100180542986912e+21 1.767774953040093118e+21 1.770403092776769815e+21 1.773040038538777461e+21 1.775847430470390514e+21 1.779290495758386332e+21 1.784669642963649561e+21 1.795306646666750460e+21 1.817203186170353680e+21 1.844192431345229365e+21 1.775621449709011599e+21 1.391461865978872201e+21 8.135129486860374508e+20 4.157393669614056899e+20 2.384445863745652982e+20 1.734944926647936287e+20 1.520146653481619292e+20 1.461138752471788257e+20 1.465001924712328233e+20 1.519696356596625244e+20 1.679443657401213256e+20 2.130844288510615880e+20 3.389534383023608955e+20 6.593170007768490312e+20 1.273959009953878114e+21 1.800457845048644993e+21 1.496986632766613619e+21 7.824183860626933678e+20 3.248025176260410737e+20 1.316467537541631017e+20 6.160921068616214938e+19 3.746287819217070490e+19 2.921882413371739750e+19 2.635482993842672435e+19 2.530053784256263782e+19 2.486403433826187674e+19 2.466820982212564582e+19 2.465223520941662208e+19 2.499107452521629696e+19 2.632743274140007219e+19 3.062000471042729574e+19 4.369412602486922445e+19 8.252211309507592192e+19 1.938348054045838868e+20 4.854055702528884736e+20 1.082520798657016496e+21 1.729694089793479115e+21 1.718838154522878542e+21 1.237234097331613991e+21 8.818803976152826511e+20 7.228830060491569889e+20 6.621242370202608599e+20 6.405241665674640097e+20 6.377368410678687171e+20 6.556785642499306947e+20 7.153315195866569769e+20 8.441156268114749686e+20 1.006699818106747355e+21 1.103117795763742441e+21 1.131544525447946961e+21 1.140277642080848577e+21 1.146714048972667355e+21 1.153238623872002556e+21 1.159887575825180656e+21 1.166581641191821672e+21 1.173289415891099058e+21 1.180001796548956783e+21 1.186716360818389680e+21 1.193432311805984637e+21 1.200149143465685156e+21 1.206866349497508430e+21 1.213583383334181143e+21
1.655509002963838304e+21 1.650817322919898907e+21 1.646069471241608102e+21 1.641266205553240048e+21 1.636408288453360091e+21 1.631496487204854956e+21 1.626531573410772550e+21 1.621514322672608870e+21 1.616445514223523987e+21 1.611325930527830573e+21 1.606156356825188401e+21 1.600937580574774919e+21 1.595670390676256981e+21 1.590355576132666655e+21 1.584993923187940000e+21 1.579586208101250367e+21 1.574133177187170255e+21 1.568635489304796725e+21 1.563093547172496933e+21 1.557506998952054751e+21 1.551873261208515641e+21 1.546183135383629595e+21 1.540407775121556374e+21 1.534459752377655230e+21 1.528075089493424603e+21 1.520441765044936770e+21 1.508924166034355126e+21 1.484156337185451934e+21 1.412611796365214482e+21 1.216581996811038491e+21 8.894051313229240730e+20 6.100402657438574838e+20 4.681555774271807816e+20 4.143113168403086049e+20 3.975557659300456694e+20 3.944862489866207887e+20 3.969735688351833129e+20 4.038996248339704709e+20 4.198944283773078077e+20 4.609693783884730204e+20 5.713571797900989563e+20 8.486445501857909965e+20 1.377599605368129585e+21 1.815487031125964227e+21 1.484964906399744393e+21 7.732476689029372314e+20 3.179644065302882550e+20 1.255630746086194217e+20 5.587637151575060480e+19 3.198528852828752282e+19 2.396930988883580928e+19 2.132435417411733504e+19 2.048574363106389197e+19 2.026352560775670989e+19 2.028137963970843034e+19 2.047904736836315546e+19 2.103253609970701517e+19 2.258739395831909581e+19 2.711074307801737216e+19 4.045403362885083136e+19 7.967759886111760384e+19 1.918560257062211748e+20 4.862329810040004936e+20 1.092052543678599528e+21 1.740516460576487506e+21 1.647504534066587501e+21 1.016395973005512278e+21 5.583859428746538516e+20 3.559229722071239229e+20 2.813279805250846065e+20 2.577924525388609290e+20 2.592055717864184218e+20 2.897345380413999022e+20 3.857681671626012754e+20 6.262097619430637568e+20 1.059805680687445705e+21 1.495179715109636801e+21 1.701420954502792741e+21 1.754726233342441161e+21 1.766632545753366266e+21 1.770872362354952897e+21 1.773697710522829111e+21 1.776179697911093527e+21 1.778523973642164634e+21 1.780775813025136378e+21 1.782945739480573149e+21 1.785035960865753137e+21 1.787046667072838566e+21 1.788977594855912374e+21 1.790828404433002168e+21
9.459656275058271191e+20 9.396860607454594990e+20 9.334257367974100337e+20 9.271849729898878075e+20 9.209640793792978616e+20 9.147633587430747013e+20 9.085831065624933827e+20 9.024236109970528010e+20 8.962851528436391608e+20 8.901680054820759142e+20 8.840724348119006577e+20 8.779986992001278280e+20 8.719470495214433731e+20 8.659177295557146706e+20 8.599109775607952835e+20 8.539270315591273021e+20 8.479661460862650286e+20 8.420286440326127944e+20 8.361150754851975332e+20 8.302267021635660022e+20 8.243669714548690780e+20 8.185459953528318198e+20 8.127941420382975427e+20 8.072031862956088361e+20 8.020501940308920238e+20 7.981645458599183647e+20 7.979644106466851553e+20 8.079658949265788764e+20 8.418896413920433275e+20 9.095269410009783992e+20 9.712855592987871150e+20 9.737273282388492288e+20 9.514734248949990031e+20 9.400088332458173399e+20 9.391586776460125798e+20 9.432110929243863777e+20 9.495914963448201216e+20 9.584038544988823880e+20 9.728642867639949722e+20 1.003218857022106632e+21 1.077486181571051913e+21 1.257382050325729378e+21 1.594558651753255928e+21 1.839857772680868004e+21 1.468121678319751266e+21 7.788552682059594465e+20 3.341456710830247117e+20 1.446233451433920922e+20 7.588515520431751168e+19 5.247285317218595635e+19 4.480456672077674906e+19 4.246758423922488934e+19 4.192518014439140557e+19 4.199645498337610138e+19 4.230799179564314624e+19 4.280014604361488794e+19 4.364798815370925670e+19 4.549320470544150528e+19 5.029075566676231782e+19 6.385521932721300275e+19 1.031390733417823437e+20 2.149294969916845588e+20 5.078784285381853839e+20 1.110365501557989442e+21 1.747914560515639607e+21 1.614938166158180221e+21 9.245422504237649101e+20 4.273857704218142966e+20 2.086732627870888100e+20 1.290861999456392479e+20 1.049250218524588933e+20 1.075977887475756564e+20 1.413273552493985137e+20 2.464671145792701071e+20 5.208790238907834040e+20 1.067575553892164567e+21 1.669924302326446948e+21 1.852208981274976584e+21 1.737433892935858389e+21 1.628990454469796299e+21 1.576371728084504412e+21 1.553117802585951568e+21 1.541232820384189645e+21 1.533351083498822173e+21 1.526821898775724294e+21 1.520729287113638150e+21 1.514761202694367740e+21 1.508812144409910444e+21 1.502846836492956074e+21 1.496853836263702135e+21
3.925158851369801482e+20 3.891862649008265626e+20 3.858810382241194967e+20 3.826000947111130563e+20 3.793433229980674294e+20 3.761106107670413312e+20 3.729018447567768125e+20 3.697169107685917327e+20 3.665556936702141399e+20 3.634180774015845663e+20 3.603039450018366095e+20 3.572131787181565542e+20 3.541456603777684603e+20 3.511012725810589860e+20 3.480799023893360804e+20 3.450814525463715512e+20 3.421058753563740078e+20 3.391532746218304307e+20 3.362242118612592230e+20 3.333206255007848202e+20 3.304485890213027512e+20 3.276265850584674468e+20 3.249103187945042739e+20 3.224670776953132810e+20 3.207981197683777208e+20 3.213998283651995402e+20 3.286946374880090522e+20 3.553718590901243740e+20 4.347596300241773527e+20 6.335033149092292198e+20 9.941549944859737457e+20 1.365595622248832827e+21 1.558033143453237379e+21 1.620659098785245561e+21 1.640956510801280893e+21 1.650225466125670679e+21 1.656552859467036492e+21 1.662406637694798004e+21 1.669410167785024389e+21 1.680576111693674054e+21 1.703411675493291000e+21 1.753355041280643301e+21 1.834727522296801788e+21 1.820450154209682915e+21 1.425641844677198742e+21 8.095239633130591355e+20 3.949966621416175698e+20 2.130159602586037125e+20 1.465599117840888791e+20 1.242759739032862065e+20 1.174394094491597210e+20 1.158487661613426115e+20 1.160289623400317747e+20 1.168185773055264522e+20 1.178499378793504768e+20 1.190631148063405998e+20 1.206263049212064236e+20 1.231582754319108833e+20 1.285439429004757893e+20 1.423871964344316723e+20 1.810189730357310587e+20 2.894901017119780700e+20 5.723413320143635087e+20 1.152367089515301569e+21 1.758711218123194237e+21 1.599027943892409909e+21 8.889616962795693670e+20 3.806556972012630180e+20 1.575151362166199747e+20 7.668347539359671910e+19 5.250149323076208230e+19 5.567826048674523546e+19 9.046257700769754317e+19 1.984403633214552474e+20 4.838536946745289605e+20 1.070211266219344134e+21 1.718063947234418885e+21 1.756689684028932489e+21 1.347916360009062547e+21 1.038040625432407835e+21 8.974652170848434913e+20 8.418945128012885524e+20 8.188368549734496338e+20 8.071929219342039777e+20 7.994537439169071022e+20 7.930490609815086694e+20 7.871103483272041595e+20 7.813454003453110518e+20 7.756560815449912115e+20 7.700094882733387940e+20
1.417288396306581258e+20 1.404255976989726147e+20 1.391338355792979722e+20 1.378534611160685281e+20 1.365843826739078758e+20 1.353265091327655444e+20 1.340797498808663572e+20 1.328440148085861253e+20 1.316192143038842634e+20 1.304052592575788319e+20 1.292020610988569723e+20 1.280095319312438723e+20 1.268275849722889175e+20 1.256561359088934420e+20 1.244951070122242212e+20 1.233444395256192369e+20 1.222041308575628657e+20 1.210743461064834744e+20 1.199557523035741716e+20 1.188505199055045427e+20 1.177653232370007245e+20 1.167203288812585779e+20 1.157761176113598464e+20 1.151142849174948086e+20 1.152784349515602657e+20 1.178919668969094185e+20 1.277712804157587456e+20 1.589311138336822067e+20 2.498373294365912596e+20 4.886572439881379348e+20 9.808430006344135475e+20 1.576026947689269953e+21 1.844398890333911122e+21 1.819807462303512658e+21 1.758417630942995415e+21 1.725169152929596178e+21 1.709851549173516075e+21 1.701751577912773181e+21 1.696121615696646898e+21 1.691019937467559576e+21 1.685107431753095315e+21 1.675398269699483238e+21 1.649825343040677478e+21 1.559516905218764440e+21 1.296893165140518633e+21 8.840182699151779430e+20 5.595807378547902382e+20 4.029751798427606057e+20 3.443829090538751918e+20 3.256170148081317315e+20 3.210797509785622938e+20 3.214138503454092165e+20 3.234029879659650744e+20 3.259695704413677158e+20 3.287716617839170683e+20 3.317508768896367329e+20 3.350542508812490506e+20 3.392278307143438828e+20 3.459343797525552824e+20 3.601116064016361062e+20 3.961327839374565048e+20 4.936145393802308485e+20 7.444586881815961928e+20 1.256150416494629224e+21 1.780976544129176306e+21 1.587149217813555315e+21 8.755066237574732841e+20 3.680190371022958756e+20 1.450789399285636956e+20 6.442375972725387264e+19 4.047930729878446080e+19 4.396897258834314035e+19 7.925340359468494029e+19 1.884089326335487181e+20 4.778253105573822464e+20 1.077192386252373230e+21 1.732025801083153547e+21 1.672172206511283503e+21 1.075341764294520996e+21 6.346002624574651105e+20 4.379146864673846723e+20 3.636368400292499292e+20 3.361107242778080707e+20 3.249453078383529165e+20 3.193500291512878367e+20 3.156424524454371656e+20 3.125821457700734894e+20 3.097529992107978260e+20 3.070155505884493251e+20 3.043230085326085816e+20
4.861494357639295795e+19 4.815573242927932211e+19 4.770079874312799846e+19 4.725010366983014810e+19 4.680360868020181402e+19 4.636127555984106291e+19 4.592306640571842560e+19 4.548894362324348928e+19 4.505886992680520909e+19 4.463280835166022861e+19 4.421072229954318336e+19 4.379257568917434368e+19 4.337833341887312691e+19 4.296796276922033766e+19 4.256143762207113216e+19 4.215875112059179008e+19 4.175995361438706074e+19 4.136526634898054349e+19 4.097542203765022720e+19 4.059268501967376384e+19 4.022390693638193152e+19 3.988967891362788147e+19 3.965174017704031027e+19 3.969503049356626330e+19 4.057306276750734950e+19 4.393932107354723123e+19 5.470624374000330342e+19 8.723191622043448115e+19 1.814596355080581284e+20 4.326971809878327296e+20 9.717347680258161377e+20 1.643949631063483220e+21 1.815829504755981353e+21 1.504596194720501203e+21 1.227481358333505962e+21 1.095486482958907474e+21 1.041942522898851299e+21 1.019091628034936930e+21 1.007174126248568160e+21 9.992446910354650563e+20 9.934003681013796700e+20 9.903728074431275991e+20 9.937045289646695383e+20 1.008423553748432585e+21 1.022742284680240431e+21 9.857089171017035940e+20 8.981406619531436360e+20 8.321402866631762248e+20 8.045882118135895818e+20 7.978695859809492664e+20 7.993140109913300664e+20 8.036313672596004536e+20 8.089347052106641572e+20 8.145886174323340739e+20 8.203943060520455373e+20 8.263244117334590751e+20 8.324845631035839611e+20 8.392509698228946207e+20 8.477614368422967378e+20 8.613822689556234240e+20 8.898823045262814740e+20 9.601303105736799683e+20 1.134447952379774632e+21 1.484980406690442641e+21 1.823392942832934715e+21 1.569383546691797385e+21 8.742601140261541642e+20 3.772105278672255058e+20 1.571861107317180006e+20 7.745004841490418893e+19 5.394106339680876134e+19 5.771950825857494221e+19 9.320939513948797338e+19 2.024638421643559240e+20 4.919455062629050614e+20 1.091711477086305255e+21 1.739704236718200979e+21 1.631582004451559080e+21 9.549312405031018824e+20 4.598973229201656381e+20 2.403346818125487145e+20 1.588043732691115049e+20 1.299497792453033492e+20 1.195007994875518157e+20 1.153009855293189980e+20 1.132064966022839009e+20 1.118232043408451338e+20 1.106840732884269957e+20 1.096328264398444954e+20 1.086171531332429251e+20
1.638215881866366976e+19 1.622601994647804109e+19 1.607136210755662438e+19 1.591817134524282061e+19 1.576643382855609549e+19 1.561613585026206720e+19 1.546726382634499686e+19 1.531980429576333107e+19 1.517374392465691648e+19 1.502906952206937293e+19 1.488576809056334029e+19 1.474382698314828800e+19 1.460323437662435533e+19 1.446398069560231526e+19 1.432606288344414003e+19 1.418949720129223885e+19 1.405435757209735373e+19 1.392089043906138931e+19 1.378985880442374554e+19 1.366357271629018317e+19 1.354897577577372672e+19 1.346688945387771494e+19 1.347969730865108378e+19 1.377422346491041792e+19 1.490959423857330176e+19 1.855625012633491866e+19 2.967919710877362586e+19 6.280996085330939085e+19 1.585382231320716902e+20 4.148629675775727370e+20 9.712070739326688297e+20 1.664688776756896727e+21 1.745218444495645573e+21 1.210245200520129806e+21 7.614776966301020324e+20 5.522167381313033994e+20 4.717018894012198420e+20 4.414854785386849239e+20 4.292230281863698842e+20 4.237697181967851192e+20 4.226608861529898353e+20 4.290475203765921382e+20 4.552494467802866647e+20 5.336146707282057626e+20 7.227435445781976842e+20 1.037274797549956104e+21 1.322080620068318216e+21 1.454847757700632150e+21 1.498259613398530523e+21 1.514470541692872425e+21 1.523415552343600792e+21 1.530223651851818500e+21 1.536329348084282687e+21 1.542179055861578072e+21 1.547923068652018729e+21 1.553624526119354499e+21 1.559343552355816964e+21 1.565215813618275189e+21 1.571627129570588361e+21 1.579701414044326167e+21 1.592663033337725321e+21 1.619258792452093903e+21 1.679192394197562032e+21 1.790150487792058368e+21 1.846813388965308793e+21 1.522590235368680587e+21 8.884597585138494996e+20 4.221354563234160312e+20 2.098799856970406298e+20 1.323036309765346591e+20 1.096891138258933678e+20 1.138608519319381279e+20 1.490554903187171574e+20 2.562643223379004948e+20 5.392893854270412554e+20 1.124289477636566155e+21 1.749248579618476655e+21 1.612840350340992729e+21 9.079548933246265590e+20 3.956693037908099727e+20 1.691032494591516017e+20 8.548784099823999386e+19 5.639351275391291392e+19 4.633732990844304589e+19 4.273814261901276774e+19 4.130920243937271808e+19 4.060896197258865869e+19 4.015475323402029466e+19 3.978518241520164864e+19 3.944629175089895014e+19
5.487400453299141632e+18 5.434943001270816768e+18 5.382986129973068800e+18 5.331525066275709952e+18 5.280555081282205696e+18 5.230071490123814912e+18 5.180069651560743936e+18 5.130544970156514304e+18 5.081492900986957824e+18 5.032908967099512832e+18 4.984788812753150976e+18 4.937128361761464320e+18 4.889924299688377344e+18 4.843175510850012160e+18 4.796887392189422592e+18 4.751084771767577600e+18 4.705850606300225536e+18 4.661441891751797760e+18 4.618636845464424448e+18 4.579774793152601088e+18 4.551870817756302848e+18 4.555944332901893632e+18 4.654955626309359616e+18 5.037440202303298560e+18 6.267636205263092736e+18 1.003130119812166861e+19 2.133950406017881293e+19 5.486335240078406451e+19 1.516210756061478584e+20 4.109047229180942746e+20 9.748315255023528837e+20 1.673420281971886260e+21 1.707032179579798422e+21 1.068409640339927859e+21 5.409776402586482770e+20 2.967802621208053023e+20 2.046415778056945009e+20 1.718556020659968082e+20 1.602088233382420480e+20 1.565290003739637187e+20 1.578475877230978990e+20 1.677152948228012442e+20 2.004718072103015219e+20 2.962204695200956416e+20 5.436234921918125179e+20 1.032438277325439107e+21 1.585053902508740313e+21 1.831189953832304509e+21 1.838321129202770248e+21 1.808280795342606696e+21 1.790806152792442929e+21 1.782545784543750128e+21 1.778079922483831505e+21 1.774949017689042715e+21 1.772235448300889702e+21 1.769615628867203760e+21 1.766976930787751363e+21 1.764278026515629736e+21 1.761495521021336486e+21 1.758589817847210312e+21 1.755436737405457531e+21 1.751570612386761277e+21 1.744936677081244238e+21 1.725113984193964016e+21 1.643780486020166844e+21 1.378835226491252900e+21 9.257338040656472310e+20 5.488821650478775665e+20 3.614054359634646794e+20 2.908859848550352814e+20 2.709513725192266383e+20 2.759897299313140695e+20 3.096090237286375096e+20 4.091307542275533701e+20 6.692843543258913833e+20 1.204670378830376468e+21 1.768038694647701701e+21 1.601146294375567327e+21 8.899493007534698004e+20 3.756398971188063764e+20 1.482638546012842230e+20 6.451508440199077888e+19 3.556809524030542643e+19 2.575775805567148442e+19 2.243617819511337779e+19 2.129403216407237427e+19 2.088236164953590989e+19 2.071610625582558413e+19 2.063311797227543757e+19 2.057921585349120000e+19
1.834376403329781760e+18 1.816822949339919104e+18 1.799437338992508672e+18 1.782217965517491200e+18 1.765163238137370112e+18 1.748271580420350720e+18 1.731541431991531264e+18 1.714971249819513088e+18 1.698559514263467520e+18 1.682304746815489024e+18 1.666205563790829568e+18 1.650260838402165248e+18 1.634470185579982080e+18 1.618835414053514752e+18 1.603364879891672064e+18 1.588086521509415936e+18 1.573086907188290560e+18 1.558628190423388928e+18 1.545498420393179392e+18 1.536060794008384768e+18 1.537396353622666240e+18 1.570716562567057920e+18 1.699551404412807936e+18 2.114136786549313536e+18 3.383793891203784704e+18 7.209457752289481728e+18 1.864727192175063040e+19 5.249993054230395290e+19 1.501495508973812449e+20 4.117231655101181460e+20 9.799972090822770033e+20 1.678897958569461154e+21 1.689790093798701269e+21 1.011223966894072791e+21 4.559845636314088735e+20 1.999420230234974781e+20 1.040436777937718804e+20 7.058115468859175731e+19 5.932806598012966502e+19 5.641502530234887373e+19 5.867655031945089843e+19 6.972114207928271667e+19 1.043545160038933135e+20 2.047868472918181478e+20 4.697033393072993075e+20 1.021995070141660791e+21 1.672371431091998818e+21 1.825481024931798450e+21 1.565352797841061315e+21 1.343137406912099779e+21 1.238288127327801967e+21 1.194975219835443610e+21 1.175510985427724927e+21 1.164464650681291768e+21 1.156301690175019942e+21 1.149118751481064194e+21 1.142270681173090894e+21 1.135540926047455937e+21 1.128860288896212402e+21 1.122217563620687872e+21 1.115647708056203821e+21 1.109281078475301847e+21 1.103475667591103644e+21 1.098785637211656421e+21 1.092981047958882222e+21 1.064727227927774626e+21 9.658475171731570688e+20 8.208118103382894838e+20 7.206764429065277932e+20 6.788753461854800445e+20 6.691052453984417874e+20 6.768862321784638669e+20 7.059558753136151101e+20 7.847831085867660739e+20 9.850753061917097984e+20 1.393137304139776655e+21 1.806886632909965099e+21 1.587381751516200698e+21 8.858193195612587950e+20 3.788102339121583882e+20 1.535899692880745595e+20 7.057039769064277606e+19 4.199966465383451853e+19 3.246642035133191782e+19 2.939123948912806298e+19 2.848579098344696218e+19 2.830797931673088819e+19 2.837505390670381056e+19 2.852566175200099123e+19 2.870590669871665152e+19
6.127990493369840640e+17 6.069331268533784320e+17 6.011233318699265280e+17 5.953691265579072000e+17 5.896699782093072640e+17 5.840253597643312640e+17 5.784347497985361920e+17 5.728976349416571520e+17 5.674135155901568000e+17 5.619819246402668800e+17 5.566024809723669120e+17 5.512750539955396480e+17 5.460002520833337600e+17 5.407808892834557440e+17 5.356263761575223040e+17 5.305658744035711360e+17 5.256876944631781120e+17 5.212573037400024320e+17 5.180707861119700480e+17 5.185135307886156160e+17 5.297311884295043200e+17 5.731268839129637760e+17 7.128027530702220800e+17 1.140705827908374400e+18 2.431273476247002112e+18 6.300697629160355840e+18 1.785022992399758336e+19 5.201245947797365555e+19 1.505138501750335406e+20 4.141634159266439496e+20 9.856946043732068925e+20 1.683368418224428810e+21 1.681049923518577246e+21 9.873822036460265800e+20 4.242835782043461222e+20 1.654282716602718618e+20 6.878166708640323994e+19 3.529437094342013747e+19 2.425976024733611622e+19 2.165218975155920896e+19 2.427213015316876493e+19 3.577248733426015846e+19 7.116377266341570970e+19 1.734790673833052078e+20 4.450037464496074260e+20 1.020049072715227333e+21 1.695966575462739870e+21 1.735779627222942614e+21 1.224001916566085566e+21 8.185069183491053978e+20 6.327277630374645596e+20 5.610246681820936274e+20 5.333800691661976371e+20 5.212275312322457108e+20 5.143669469530102170e+20 5.093091716493118013e+20 5.048808732624055828e+20 5.007001808258343240e+20 4.966759128096440320e+20 4.928884835547818230e+20 4.896979266493773251e+20 4.882200144318667817e+20 4.917645773920254034e+20 5.097880514204100854e+20 5.666882088045137101e+20 7.083858872099639132e+20 9.534595882186659594e+20 1.187312199969513406e+21 1.302271209336245584e+21 1.342114379116378325e+21 1.359186971641828344e+21 1.372524948852623802e+21 1.391689320983598203e+21 1.431804719703754277e+21 1.525228782109368254e+21 1.707094980168155922e+21 1.853055453251105980e+21 1.555518574766598128e+21 8.962790906080240599e+20 4.122075615026973901e+20 1.929435491510383084e+20 1.116518165762842788e+20 8.387733292403315507e+19 7.490283583456306790e+19 7.231798483017084928e+19 7.188331481972246118e+19 7.217226051443560448e+19 7.270721823133656678e+19 7.332858282712781619e+19 7.398307239024658022e+19
2.046680710066149120e+17 2.027087039143662400e+17 2.007680893304384320e+17 1.988460475540097280e+17 1.969424005825837440e+17 1.950569728196247040e+17 1.931895908558339840e+17 1.913400863125580480e+17 1.895083014385421760e+17 1.876941078687045440e+17 1.858974615752502400e+17 1.841185670262438400e+17 1.823583722860117760e+17 1.806200474201196480e+17 1.789134159534026240e+17 1.772682265868546560e+17 1.757739061921654080e+17 1.746986284928435520e+17 1.748459518119392960e+17 1.786230251123754240e+17 1.932400538109127040e+17 2.402928912416659200e+17 3.844602349013779200e+17 8.194145484410831360e+17 2.124752428154828032e+18 6.032043778405130240e+18 1.768793269901744538e+19 5.215507229349929779e+19 1.514992594888244920e+20 4.171602336913126851e+20 9.915763582901547172e+20 1.687482744655259369e+21 1.675340209500665151e+21 9.753580721332018217e+20 4.114128880030486364e+20 1.529023139379439534e+20 5.654944370567326925e+19 2.325257573599904973e+19 1.236324831772615680e+19 9.890851957870514176e+18 1.266402456980704870e+19 2.439062641004249088e+19 6.023904096288592691e+19 1.637399623893900001e+20 4.387747496258517074e+20 1.023168519183157428e+21 1.704525472780666012e+21 1.683252029847643357e+21 1.046057784679599440e+21 5.493090636305686200e+20 3.237777077807200338e+20 2.389492471636006339e+20 2.084117897891451044e+20 1.969229594561338737e+20 1.919163980482092401e+20 1.891013637848952340e+20 1.870377745868377293e+20 1.852577532362511483e+20 1.836493044553378693e+20 1.823087187252548403e+20 1.816687159702552576e+20 1.830701818666327736e+20 1.905092134465990820e+20 2.156302335354851820e+20 2.904833959266375762e+20 4.892677372999630193e+20 9.062871857693375857e+20 1.441747919385027412e+21 1.755269305106870829e+21 1.823118845418577068e+21 1.821340389510283002e+21 1.815703611067422999e+21 1.813646990570837508e+21 1.814654371822782120e+21 1.818689361910528737e+21 1.818462134929882612e+21 1.753027894022656754e+21 1.453916464262396772e+21 9.306338461533091922e+20 5.135870564313621463e+20 3.122029622900682916e+20 2.360097876627954729e+20 2.104622423213930250e+20 2.029759900963013919e+20 2.016638609245104701e+20 2.024383608077483049e+20 2.039214825542667469e+20 2.056517800757356462e+20 2.074751307622562529e+20 2.093401517330477875e+20
6.835172963104290400e+16 6.769734883798681600e+16 6.704923164849777600e+16 6.640731791355729600e+16 6.577154829471118400e+16 6.514186445706108000e+16 6.451820963537283200e+16 6.390053060258985600e+16 6.328878415434764000e+16 6.268295525017502400e+16 6.208311291669967200e+16 6.148957640046616800e+16 6.090341357492616800e+16 6.032793371684953600e+16 5.977315818022836800e+16 5.926921163923700800e+16 5.890643259309583200e+16 5.895551235233888800e+16 6.022733898011157600e+16 6.515080698855024000e+16 8.100104533264148800e+16 1.295681546840158720e+17 2.761123430731816960e+17 7.160466799450435840e+17 2.034172374953562880e+18 5.977569566030329856e+18 1.773863573189792358e+19 5.251086280486899712e+19 1.526992188308292239e+20 4.203571807881459139e+20 9.975273743954947604e+20 1.691444564591593652e+21 1.670647367889643373e+21 9.673854868443482030e+20 4.049723906399537070e+20 1.478648896583789117e+20 5.215158606132766310e+19 1.911429477984101171e+19 8.343261261832953856e+18 5.947062360000819200e+18 8.803941348539781120e+18 2.068219479122860851e+19 5.689793982828220416e+19 1.613846212734831165e+20 4.389669824283030979e+20 1.028270979779599008e+21 1.709544216398426800e+21 1.659655487666591891e+21 9.733662765993627484e+20 4.430543592921319997e+20 2.033671270283477320e+20 1.140756730267536916e+20 8.275255404798667981e+19 7.174579753749825126e+19 6.764085483780782490e+19 6.586081036992704512e+19 6.487055802604694733e+19 6.417128801616185754e+19 6.364227398343776666e+19 6.338125400680099840e+19 6.383423261114634240e+19 6.638511943659909120e+19 7.516599976291814605e+19 1.022914549540774052e+20 1.817401269837358367e+20 3.967690474274519777e+20 8.757122992482438349e+20 1.540057408999838712e+21 1.849427604807996146e+21 1.698191907144310456e+21 1.505248806196636287e+21 1.405635943174381765e+21 1.363126475183344583e+21 1.343384314133300642e+21 1.330750394481616617e+21 1.316673029890927231e+21 1.285599211486300865e+21 1.190415965437607543e+21 9.815403267126797271e+20 7.500929373091570647e+20 6.120278876714704568e+20 5.559635616185035653e+20 5.383196233310818796e+20 5.350929556752242442e+20 5.368793883745120420e+20 5.403745367357871227e+20 5.444588643767095132e+20 5.487577444659590595e+20 5.531463789158269583e+20 5.575832863907081093e+20
2.282643214522921600e+16 2.260789583634521600e+16 2.239145142669497200e+16 2.217707883229604400e+16 2.196475847094390800e+16 2.175447099202384800e+16 2.154619864031756000e+16 2.133992683853350800e+16 2.113565049169600800e+16 2.093339266872274000e+16 2.073326120039960000e+16 2.053561568136145600e+16 2.034157080479862800e+16 2.015450245528180000e+16 1.998455861496135600e+16 1.986217131627966000e+16 1.987852678006797200e+16 2.030678556594724800e+16 2.196516072956709200e+16 2.730441719777996000e+16 4.366512115571546400e+16 9.303329372019174400e+16 2.412557985188952960e+17 6.855018221224203520e+17 2.015823504862107648e+18 5.994947693286596608e+18 1.786141333319905280e+19 5.294053431505590682e+19 1.539779336873262121e+20 4.236353960479986811e+20 1.003509920029123281e+21 1.695319470529304592e+21 1.666269098503477658e+21 9.607929703538353766e+20 4.007113351476112916e+20 1.453521402380527206e+20 5.038899196506525696e+19 1.763226656849415987e+19 6.969614275806732288e+18 4.629530359967423488e+18 7.546911917172354048e+18 1.955270153917318758e+19 5.610860758244789453e+19 1.615218132234201334e+20 4.413425334844266250e+20 1.034064859793053581e+21 1.713572929451040702e+21 1.648312882701241680e+21 9.439153602781793485e+20 4.036669777685280195e+20 1.602683750608020439e+20 6.994600430760940339e+19 3.855329393842595430e+19 2.779997013033857843e+19 2.405315193818193510e+19 2.266324664049597235e+19 2.207124734738882560e+19 2.177069159561415066e+19 2.163891014870278963e+19 2.177465386448741990e+19 2.262915858700097126e+19 2.560288016467304858e+19 3.487988828970869555e+19 6.275099089460381286e+19 1.438903271931067269e+20 3.647283729033733734e+20 8.657152733611111219e+20 1.571576936096493208e+21 1.808166795082283614e+21 1.393706799024199434e+21 9.738685063154749932e+20 7.661997468137869804e+20 6.844948883657411789e+20 6.546796562979112878e+20 6.473085293776509338e+20 6.589942781701341839e+20 7.063080481058493563e+20 8.204641709044743537e+20 9.920442280219542815e+20 1.118629854645783101e+21 1.161257520621697499e+21 1.171908690385774182e+21 1.178114420493800047e+21 1.184438401329634214e+21 1.191010503579536720e+21 1.197678838182842204e+21 1.204376329499909554e+21 1.211081326773959655e+21 1.217787383030008513e+21 1.224492450224828842e+21
7.622947467058556000e+15 7.549966585038240000e+15 7.477684242196828000e+15 7.406093928287613000e+15 7.335189081599486000e+15 7.264963693663646000e+15 7.195413004023014000e+15 7.126534992699858000e+15 7.058337803935612000e+15 6.990857424212575000e+15 6.924215116525260000e+15 6.858786352276205000e+15 6.795708443259905000e+15 6.738399835106549000e+15 6.697111914813941000e+15 6.702562380847488000e+15 6.846769273149468000e+15 7.405360534843229000e+15 9.203916530686170000e+15 1.471524570275914600e+16 3.134591570915964400e+16 8.127960414766132800e+16 2.309550696922528000e+17 6.793133316461104640e+17 2.021704362636494080e+18 6.036640422829557760e+18 1.800920151262690304e+19 5.339758295967049318e+19 1.552901122624201687e+20 4.269553277779225477e+20 1.009511568065336967e+21 1.699128612274141659e+21 1.661964901115728232e+21 9.546759108646744883e+20 3.971955769274540360e+20 1.436917040047940731e+20 4.951101222610035507e+19 1.704004562364202598e+19 6.481826828848542720e+18 4.190984530391927296e+18 7.161257294062839808e+18 1.928718414209441792e+19 5.617613124612513792e+19 1.625009257173617869e+20 4.444637405406581883e+20 1.040095003342148076e+21 1.717264187205114135e+21 1.641408307044725555e+21 9.299964697598235771e+20 3.882339823220623278e+20 1.448276327608304599e+20 5.467589008574627021e+19 2.344796118228704461e+19 1.284677392140503654e+19 9.245384951454322688e+18 7.997464305882015744e+18 7.545393650186089472e+18 7.383391274305096704e+18 7.389479840908866560e+18 7.663961026307196928e+18 8.662507880776857600e+18 1.179882202910822400e+19 2.129709416597563392e+19 4.957263584339843482e+19 1.317067636230866534e+20 3.555468460298075505e+20 8.656748976637923820e+20 1.584198237385392128e+21 1.773605768055580525e+21 1.214941463475694338e+21 6.699356603157892301e+20 4.029317391220377518e+20 3.006188071826348442e+20 2.661810179328118948e+20 2.612965784541278044e+20 2.824424683418735411e+20 3.565507503821864960e+20 5.533434868321241661e+20 9.491538843908100588e+20 1.423085659023382413e+21 1.691739732198537036e+21 1.765335062551948952e+21 1.778861712718190608e+21 1.782216041994183246e+21 1.784316897016191386e+21 1.786285613236177863e+21 1.788209564960634700e+21 1.790075182332502606e+21 1.791870252043422925e+21 1.793588782016470712e+21
2.545696430857630500e+15 2.521324344482042000e+15 2.497185546235529000e+15 2.473277938943757000e+15 2.449599502628992000e+15 2.426148358840603000e+15 2.402924211658285000e+15 2.379929531373279000e+15 2.357176669441790500e+15 2.334706205543893500e+15 2.312644857900593000e+15 2.291375534520350000e+15 2.272049892899397000e+15 2.258121348728305000e+15 2.259937540300577000e+15 2.308496068091770000e+15 2.496646508100974500e+15 3.102498416860767500e+15 4.959057738804205000e+15 1.056136675946101000e+16 2.738257923262414800e+16 7.780579607423467200e+16 2.288669755561743360e+17 6.812948484375125760e+17 2.035784606003159296e+18 6.086774224234930176e+18 1.816629063717371494e+19 5.386650189865481011e+19 1.566206886538018816e+20 4.303038613234578227e+20 1.015528105430015148e+21 1.702878602343179354e+21 1.657653142152723562e+21 9.487296725022765220e+20 3.939437572099319398e+20 1.423231050273454981e+20 4.893127388997586125e+19 1.674609874472170906e+19 6.290416710860053504e+18 4.046389411132729856e+18 7.067168395643920384e+18 1.931140812496345907e+19 5.653290266004606976e+19 1.637689811880529101e+20 4.478488396404745175e+20 1.046209518511049015e+21 1.720808031706463076e+21 1.636015908373274821e+21 9.214241650224669655e+20 3.810146160520972206e+20 1.388485784747291607e+20 4.926831300411541094e+19 1.828020712438833766e+19 7.793414135668287488e+18 4.262379629561551872e+18 3.069551273911415808e+18 2.667189915741999616e+18 2.552997592101965824e+18 2.606599725871443456e+18 2.930115548944982528e+18 3.983648235209423360e+18 7.193803809012817920e+18 1.682315366111195546e+19 4.540058085920079872e+19 1.283349583907463168e+20 3.543322463230091592e+20 8.693712815731289620e+20 1.591534703527896285e+21 1.757017058021777080e+21 1.139017921167641936e+21 5.452509926169502679e+20 2.557039640187272561e+20 1.457895582780859679e+20 1.097599329083926118e+20 1.056696197065560228e+20 1.293427006288203448e+20 2.101234551719686308e+20 4.304684334208573768e+20 9.114014167495797637e+20 1.553076724046566785e+21 1.854484918876257649e+21 1.762823914939793015e+21 1.630163639032031478e+21 1.560834242215319699e+21 1.530532056564451770e+21 1.515995689401804128e+21 1.507094850767451062e+21 1.500117904979912819e+21 1.493775253259275469e+21 1.487626800496786538e+21
8.501388165945811250e+14 8.419997859298690000e+14 8.339387109663520000e+14 8.259547682736165000e+14 8.180476619313573750e+14 8.102169287599670000e+14 8.024636237796628750e+14 7.947918641425135000e+14 7.872152493164448750e+14 7.797765976829680000e+14 7.726047503696236250e+14 7.660879033520606250e+14 7.613889848302983750e+14 7.619941161216513750e+14 7.783451539714877500e+14 8.417198581875186250e+14 1.045803702433621500e+15 1.671207683312029000e+15 3.558427488173223000e+15 9.224935981534162000e+15 2.621106918936889600e+16 7.710113865296313600e+16 2.295336606897766400e+17 6.860411084183162880e+17 2.052711729099685888e+18 6.140050909073141760e+18 1.832744292804414464e+19 5.434213652562943181e+19 1.579646887846704906e+20 4.336766884496160195e+20 1.021557970880283542e+21 1.706571273764490969e+21 1.653306421174587621e+21 9.428519375419822572e+20 3.907945406447603548e+20 1.410587961972533330e+20 4.845370289417891840e+19 1.655267934898897715e+19 6.198342920355761152e+18 4.000198588894025728e+18 7.070850115548059648e+18 1.943344609631264358e+19 5.698922027103916851e+19 1.651412166353311498e+20 4.513371105727269437e+20 1.052358574722844066e+21 1.724263384969479979e+21 1.631110408165073093e+21 9.146739361413990973e+20 3.765793696512758252e+20 1.360624260851025347e+20 4.718265550001587814e+19 1.645721434328655872e+19 6.071106408394498048e+18 2.584662770618480128e+18 1.417368548885124096e+18 1.034107733840622464e+18 9.369718719824832000e+17 1.007487828131407744e+18 1.349695084868565760e+18 2.428175817645326336e+18 5.682481549580621824e+18 1.541343479698120090e+19 4.426108992626304614e+19 1.279382250278917407e+20 3.558256090888159887e+20 8.743635084244974305e+20 1.597237262836063273e+21 1.749040987165543367e+21 1.107882076356007297e+21 4.984236817607547290e+20 2.022921040924259779e+20 9.032468389798859571e+19 5.398118308199526400e+19 5.025925848763240448e+19 7.481403053173992653e+19 1.577747729296424305e+20 3.858697427952258253e+20 8.964845257509849006e+20 1.593102277307321811e+21 1.814531416616547123e+21 1.441538056310119465e+21 1.075676115180735169e+21 8.963860786807685775e+20 8.247060349405153198e+20 7.959178223981791805e+20 7.823846665885656023e+20 7.740876015628461015e+20 7.675769470771816038e+20 7.616848612305224335e+20
2.839049755789548750e+14 2.811869347122006250e+14 2.784949348322790000e+14 2.758288215459874062e+14 2.731884404601233125e+14 2.705742418881941562e+14 2.679874352436200625e+14 2.654328195817807812e+14 2.629245733451117812e+14 2.605063383455381562e+14 2.583087055002293125e+14 2.567235247572950312e+14 2.569251880120452500e+14 2.624309782765117812e+14 2.837774853919369375e+14 3.525239537065078125e+14 5.631985607159017500e+14 1.198935139416662500e+15 3.107785612082602500e+15 8.829854352104952000e+15 2.597326171393224800e+16 7.732533629039708800e+16 2.311325607354942400e+17 6.917473301113662720e+17 2.070699228905776640e+18 6.194704071198160896e+18 1.849091783611949056e+19 5.482278941156721459e+19 1.593205075907802890e+20 4.370724323606999859e+20 1.027600452381118562e+21 1.710206886793217573e+21 1.648915806147873866e+21 9.370084550546286182e+20 3.876938310311470694e+20 1.398360166814833213e+20 4.801275620661025997e+19 1.639371389926498099e+19 6.139778430185242624e+18 3.987088931293197312e+18 7.107567939533278208e+18 1.958919431499455283e+19 5.748174263144158003e+19 1.665559920495861760e+20 4.548750633107375391e+20 1.058525821231614919e+21 1.727648792600206377e+21 1.626340307472155673e+21 9.085500699519768330e+20 3.730926952089397494e+20 1.343527865968747479e+20 4.621197104141206323e+19 1.575499342286268416e+19 5.464307529956061184e+18 2.013578303960000512e+18 8.618185417875247360e+17 4.873587741026069760e+17 3.969515188544050560e+17 4.741169757856416640e+17 8.248549870478392320e+17 1.918270615358618368e+18 5.206959832284954624e+18 1.503020168939229594e+19 4.413909961743356723e+19 1.285439333445915607e+20 3.582395270623807406e+20 8.798005872747511808e+20 1.602385167985420534e+21 1.744287405202233885e+21 1.093140964750108525e+21 4.800128864704837714e+20 1.830799129806517371e+20 7.105554468804171366e+19 3.485721071988687258e+19 3.139378927366916096e+19 5.642403431382700032e+19 1.405420582762340188e+20 3.722530728240952771e+20 8.944878300854254305e+20 1.607399842122407346e+21 1.768720402058450043e+21 1.220368475122166923e+21 7.070693791001810043e+20 4.587509086304217334e+20 3.627959875201149829e+20 3.275132737775921398e+20 3.137512865402220708e+20 3.073443152146619433e+20 3.034284644700504064e+20 3.003621088871678607e+20
9.481051119876750000e+13 9.390280782868801562e+13 9.300387913895429688e+13 9.211351927196292188e+13 9.123208847851989062e+13 9.035986981282990625e+13 8.949848440351989062e+13 8.865279563647064062e+13 8.783736793712410938e+13 8.709630629701300000e+13 8.656153970772903125e+13 8.662867501864434375e+13 8.848257713064282812e+13 9.567278436899226562e+13 1.188303237505037031e+14 1.897984201872820625e+14 4.039551986212245000e+14 1.046979856984660750e+15 2.974547957973752500e+15 8.749598217923873000e+15 2.604864409215576000e+16 7.786385468596777600e+16 2.330551365580105920e+17 6.978111354935590400e+17 2.089151494272271104e+18 6.250146778854836224e+18 1.865614276798692966e+19 5.530791769437422387e+19 1.606876646032382034e+20 4.404906907020540641e+20 1.033655104749215941e+21 1.713785185264480551e+21 1.644478651673718030e+21 9.311878578086403113e+20 3.846234422300792586e+20 1.386337294409453896e+20 4.758651196490456269e+19 1.624712321752436736e+19 6.092734117459374080e+18 3.985243074044876288e+18 7.155704299903675392e+18 1.975725275554867200e+19 5.798934264218937754e+19 1.679927914102200730e+20 4.584449513636731290e+20 1.064705773947396555e+21 1.730969937782270591e+21 1.621586195082095624e+21 9.026495956798131405e+20 3.699380907274130555e+20 1.330098768745866691e+20 4.561653128141785498e+19 1.542827451661964083e+19 5.230655432337654784e+18 1.812466161355985408e+18 6.728252883788111360e+17 3.036973435797162240e+17 2.165574398845561600e+17 2.969424905370580480e+17 6.528314136265425920e+17 1.757892039312819200e+18 5.077875887981648896e+18 1.499081543413843968e+19 4.435944896379110195e+19 1.294908195043353723e+20 3.609742975951108178e+20 8.853971555950623457e+20 1.607321369284782850e+21 1.740631692730652951e+21 1.084077289732085383e+21 4.714074563498642637e+20 1.756414452698787676e+20 6.423479786939410842e+19 2.833561087185724211e+19 2.509778210905063424e+19 5.048809978224669491e+19 1.354892242233344164e+20 3.696029150568082309e+20 8.975806209287018250e+20 1.614998480023845863e+21 1.745885587535143895e+21 1.122432947022597849e+21 5.481462914120459878e+20 2.718077639563704730e+20 1.663635457316542218e+20 1.289067170684865249e+20 1.155320075004422062e+20 1.103688473517636813e+20 1.079739836831843287e+20 1.065124290691975086e+20
3.166208308719566406e+13 3.135898349836033594e+13 3.105879164817330859e+13 3.076158473323587109e+13 3.046751714675058594e+13 3.017700060392429688e+13 2.989191355538820312e+13 2.961696499382053906e+13 2.936697666666753516e+13 2.918659394167087500e+13 2.920898095604278516e+13 2.983321840621311328e+13 3.225513311044788281e+13 4.005582393783915625e+13 6.396229901279250000e+13 1.361039124500662656e+14 3.527161861098013750e+14 1.002046468723591625e+15 2.947462681251190500e+15 8.774942788484117000e+15 2.623000749704291200e+16 7.851150614836128000e+16 2.350982778265522880e+17 7.040316945187941120e+17 2.107870622962833664e+18 6.306186008709227520e+18 1.882293521966179123e+19 5.579736415928640307e+19 1.620660547310943601e+20 4.439313839022006600e+20 1.039721562285001933e+21 1.717305745082950877e+21 1.639994454624994853e+21 9.253864708805790269e+20 3.815772120033546076e+20 1.374448461775130296e+20 4.716762269430839706e+19 1.610552397199010406e+19 6.049863245835944960e+18 3.987374648291732480e+18 7.208042580077619200e+18 1.993048420725844378e+19 5.850499198238633984e+19 1.694448285850022707e+20 4.620409310130185830e+20 1.070896450149259149e+21 1.734228356081876992e+21 1.616807858419550388e+21 8.968370465018043433e+20 3.669088667703209492e+20 1.317961285006561772e+20 4.514891902573274726e+19 1.522785540089401958e+19 5.121947680704260096e+18 1.735042625687923712e+18 6.063128800815114240e+17 2.413353102462502080e+17 1.563004046585412480e+17 2.387627722097419520e+17 5.986921606756252160e+17 1.714357735286047232e+18 5.064781620861361152e+18 1.506707699066149683e+19 4.469644060431103590e+19 1.305578505265521295e+20 3.638296283739031470e+20 8.910587239040183173e+20 1.612158168039037338e+21 1.737314799585532314e+21 1.076947634940438249e+21 4.661319066861093519e+20 1.721843805009572987e+20 6.161585644687205990e+19 2.606516274199391437e+19 2.304205021955767501e+19 4.875734733497923994e+19 1.345610119374462484e+20 3.706957251405170606e+20 9.024625080083472712e+20 1.620649601355708629e+21 1.735269326231030727e+21 1.082799314434442265e+21 4.880967215171081994e+20 2.030012819854820966e+20 9.476278458169396429e+19 5.679044588150049178e+19 4.368661800609389773e+19 3.905415077252875059e+19 3.727219707022513766e+19 3.644679879938406400e+19
1.057361847765734570e+13 1.047243946557648047e+13 1.037216108051057617e+13 1.027298918006305273e+13 1.017507815743647852e+13 1.007891692443897070e+13 9.986203806298748047e+12 9.901879385497882812e+12 9.841048463687310547e+12 9.848562266212136719e+12 1.005876861150425195e+13 1.087450509725591406e+13 1.350220020830927148e+13 2.155534965409458594e+13 4.585727718521750000e+13 1.188261808662348750e+14 3.375628020644613125e+14 9.929057478267387500e+14 2.955983693565148500e+15 8.836021408456004000e+15 2.644816691925335200e+16 7.919980581567865600e+16 2.371942678625997120e+17 7.103422776729569280e+17 2.126791536055345920e+18 6.362760304186804224e+18 1.899124301138804736e+19 5.629110048485210522e+19 1.634556982048503890e+20 4.473945383111188808e+20 1.045799478928310141e+21 1.720768089522098143e+21 1.635463444533009711e+21 9.196032051799191716e+20 3.785530054560887603e+20 1.362669426463025725e+20 4.675361060074011034e+19 1.596644167828190003e+19 6.008709518453922816e+18 3.991050305020413440e+18 7.262175661314657280e+18 2.010651475770732544e+19 5.902637054006312141e+19 1.709099002525470884e+20 4.656611181292003000e+20 1.077096983492503405e+21 1.737424240149036532e+21 1.611992032498660147e+21 8.910669696462726103e+20 3.639357034868580680e+20 1.306320342037735178e+20 4.472641925071825306e+19 1.507046027385737626e+19 5.055256691810887680e+18 1.699026948407448832e+18 5.807407479904680960e+17 2.194977120111842880e+17 1.361742401492310080e+17 2.203364546795145600e+17 5.839545530988538880e+17 1.709937432781986304e+18 5.090694850046465024e+18 1.518276001520490701e+19 4.507469690280266957e+19 1.316712447605391524e+20 3.667387694070609347e+20 8.967540713358094500e+20 1.616932507020055020e+21 1.734073929991166886e+21 1.070477110767873688e+21 4.619902078353247437e+20 1.700702979134212342e+20 6.040817543091135283e+19 2.522045541367774413e+19 2.240823767381674803e+19 4.843831368470661530e+19 1.350221944451348398e+20 3.730585178959481405e+20 9.079564749258145137e+20 1.625660809685252178e+21 1.729367065386189586e+21 1.065063731148537594e+21 4.650899715907875635e+20 1.784070086302475878e+20 6.983113667417414861e+19 3.191286753389142426e+19 1.898586624181041562e+19 1.456811702851194266e+19 1.301159500926269235e+19 1.241359934596733133e+19
3.531101203661457031e+12 3.497314824500170898e+12 3.463837231744014648e+12 3.430822818595552734e+12 3.398425978257351074e+12 3.367161354737958008e+12 3.338675808864733398e+12 3.318141512923601562e+12 3.320714732966350098e+12 3.391452551941502930e+12 3.666195255905746582e+12 4.551382950611187500e+12 7.264174448478234375e+12 1.545061669247791406e+13 4.003130115083176562e+13 1.137158687901383125e+14 3.344779229484128750e+14 9.957705394325308750e+14 2.976553422746269000e+15 8.909506397148795000e+15 2.668003033358784800e+16 7.990592086317560000e+16 2.393206068418143680e+17 7.167209414361500160e+17 2.145893518459426560e+18 6.419852167751525376e+18 1.916105754328418714e+19 5.678914151757316096e+19 1.648566571485226271e+20 4.508802141237849620e+20 1.051888509438596088e+21 1.724171727666785288e+21 1.630886103939255370e+21 9.138378405995680891e+20 3.755500378387175834e+20 1.350991550609617715e+20 4.634362541538403123e+19 1.582904172171674419e+19 5.968450057472899072e+18 3.995457493005597184e+18 7.317302640996349952e+18 2.028456125311357747e+19 5.955273042083124019e+19 1.723873323155348849e+20 4.693049431536612147e+20 1.083306855354562642e+21 1.740557347598283833e+21 1.607134617539782640e+21 8.853241805634121236e+20 3.609952900980148142e+20 1.294909459094984294e+20 4.432136595864627610e+19 1.492825973038339072e+19 5.002878854657442816e+18 1.676935322713193216e+18 5.688738634460807680e+17 2.112059302700098240e+17 1.294574566104952640e+17 2.151977309089600000e+17 5.824064710353843200e+17 1.718670919734704128e+18 5.129906880239423488e+18 1.531241303828844134e+19 4.546906331024986112e+19 1.328064140963999580e+20 3.696795317588687585e+20 9.024728113464448123e+20 1.621656313844387283e+21 1.730819220659703382e+21 1.064235285034010280e+21 4.582438821626306888e+20 1.684134382614865838e+20 5.967552130944296550e+19 2.485376579208073626e+19 2.225099916442846413e+19 4.859378979172485530e+19 1.359544252563533332e+20 3.758595620937743073e+20 9.136648421593403884e+20 1.630432045638798803e+21 1.725103026913498628e+21 1.054974454557751247e+21 4.549718743724503859e+20 1.691645605438736302e+20 6.108804062968640307e+19 2.341169433150572954e+19 1.062171936531456000e+19 6.302963324782280704e+18 4.831830099948953600e+18 4.314090584678596608e+18
1.179229548990297607e+12 1.167933113002632324e+12 1.156765338017104248e+12 1.145932081637133789e+12 1.135304682860583008e+12 1.125732304301558838e+12 1.118836074586993408e+12 1.119659505000672852e+12 1.143461790396095215e+12 1.236046247534181641e+12 1.534256718288290771e+12 2.448032887668666016e+12 5.205701343081244141e+12 1.348609185084166602e+13 3.830786129500060938e+13 1.126747439608423125e+14 3.354411306748144375e+14 1.002697879377413375e+15 3.001305895374676500e+15 8.987611422302938000e+15 2.691789905166151200e+16 8.062226464046787200e+16 2.414698951097124480e+17 7.231607010856213760e+17 2.165170679096574208e+18 6.477458805066551296e+18 1.933238483071524454e+19 5.729151665751784653e+19 1.662690077683313869e+20 4.543884814901915156e+20 1.057988303693942620e+21 1.727516167486384112e+21 1.626263004947563938e+21 9.080904483879231160e+20 3.725679779372675236e+20 1.339411425025662812e+20 4.593736119820238848e+19 1.569303747471073075e+19 5.928807619405012992e+18 4.000325001519418880e+18 7.373159059700794368e+18 2.046437181656093491e+19 6.008384875727935078e+19 1.738769607046322586e+20 4.729722708864868680e+20 1.089525648771478585e+21 1.743627296021638545e+21 1.602234634814300094e+21 8.796036752280522588e+20 3.580797265636657070e+20 1.283638907462762168e+20 4.392448828209790157e+19 1.479194738680107622e+19 4.955557273432012800e+18 1.659587142849105920e+18 5.616158478968460160e+17 2.074497010297435520e+17 1.272258945723127840e+17 2.145079940467843200e+17 5.852942672283587840e+17 1.731889256460607488e+18 5.173834422981161984e+18 1.544754347282773606e+19 4.587115966684564685e+19 1.339551981385384755e+20 3.726445846435775775e+20 9.082113965000227553e+20 1.626333166902589260e+21 1.727520258539285119e+21 1.058077385864229028e+21 4.546452529007210660e+20 1.669172416720052224e+20 5.910466225758073651e+19 2.464810335026346394e+19 2.225416757139931955e+19 4.891033140519436288e+19 1.370505663199359959e+20 3.788208416034660680e+20 9.194556309440011960e+20 1.635092156968438596e+21 1.721366326814924079e+21 1.047496224576291734e+21 4.492386195150668431e+20 1.651261518657790607e+20 5.782394187756462080e+19 2.044947883885860864e+19 7.781370448983128064e+18 3.521463168003503616e+18 2.087605549988548608e+18 1.599708432314940672e+18
3.938055953422112427e+11 3.899972296789436646e+11 3.863175250178134766e+11 3.828436779601031494e+11 3.795499563053852539e+11 3.771568616656292725e+11 3.775171124716140137e+11 3.855712912054164429e+11 4.167329859230992432e+11 5.171400319911408691e+11 8.249743457051289062e+11 1.753983977738574707e+12 4.543303039676958008e+12 1.290487863978609180e+13 3.795651383036375000e+13 1.129985579710217656e+14 3.377740119655701250e+14 1.011035446834523625e+15 3.027616015291561500e+15 9.067740799664710000e+15 2.715921503542984800e+16 8.134634215340203200e+16 2.436397776810430400e+17 7.296595701984270080e+17 2.184622085251719936e+18 6.535582355223970816e+18 1.950523583451784806e+19 5.779826031290967654e+19 1.676928310982181192e+20 4.579194126429666673e+20 1.064098505126850986e+21 1.730800920491094966e+21 1.621594753310505042e+21 9.023611964867564012e+20 3.696066475482479985e+20 1.327927398970690273e+20 4.553469437959194214e+19 1.555832556491620762e+19 5.889687286757440512e+18 4.005562455445735936e+18 7.429659643257402368e+18 2.064587204087010099e+19 6.061967805612844646e+19 1.753787913029407867e+20 4.766631079043901686e+20 1.095752970681470812e+21 1.746633659551929860e+21 1.597292172337762796e+21 8.739038771671751721e+20 3.551862784420627087e+20 1.272478081903641395e+20 4.353266296623996928e+19 1.465840486828615680e+19 4.910196564928477184e+18 1.643914928320599808e+18 5.559282767225403520e+17 2.052197319691607360e+17 1.264991904192877920e+17 2.153155812475894080e+17 5.896948689539146240e+17 1.746698230545474816e+18 5.219613526101731328e+18 1.558532246465372365e+19 4.627820785099802214e+19 1.351149216031238554e+20 3.756315493393711759e+20 9.139685175718804193e+20 1.630963852893850960e+21 1.724166978034033492e+21 1.051954914017214071e+21 4.511112874596739318e+20 1.654824683927313449e+20 5.859088202717475635e+19 2.449753756558595277e+19 2.231210700712230502e+19 4.928323139630268416e+19 1.382080619804652175e+20 3.818496664206776730e+20 9.252852457804803604e+20 1.639683281711948104e+21 1.717771229204835729e+21 1.040907811924830192e+21 4.449951456992771441e+20 1.628423564145795400e+20 5.640081053394611405e+19 1.934596466118961152e+19 6.793740912588472320e+18 2.578858972550069760e+18 1.165969777348906496e+18 6.909032789415522560e+17
