1.880495763437900391e+13 4.514879814501965625e+13 1.239465862042478281e+14 3.598553134065813125e+14 1.066347321132362125e+15 3.182345262488633500e+15 9.520133349107260000e+15 2.850306460842709200e+16 8.536013792986940800e+16 2.556497520144381760e+17 7.656115768564377600e+17 2.292208776300077824e+18 6.857031154870490112e+18 2.046097644938805248e+19 6.059846729980026880e+19 1.755462789878976020e+20 4.772906128397096714e+20 1.097106212199783596e+21 1.747415133266304827e+21 1.595751125891096510e+21 8.718777817548889784e+20 3.540271223233820099e+20 1.267497903441432576e+20 4.334001155659379507e+19 1.458709302626939290e+19 4.885308825879876608e+18 1.638761879352849920e+18 5.660615331580524800e+17 2.452286171818231680e+17 2.502323534242060480e+17 5.876442296615118080e+17 1.705244992978553856e+18 5.083699100850538496e+18 1.517494038148629504e+19 4.506220450839100621e+19 1.316331595299707126e+20 3.666046135479638426e+20 8.964053373009372119e+20 1.616562812775058113e+21 1.734318678003020988e+21 1.070933902643793887e+21 4.619786945083869102e+20 1.693710219601151263e+20 5.841667598210835251e+19 1.974475420442339328e+19 6.690138933832419328e+18 2.454198725818751488e+18 1.470823057220173568e+18 2.439684000571556352e+18 6.641817432846734336e+18 1.959904841867726029e+19 5.798785103791207219e+19 1.681633223275282104e+20 4.589810631920538092e+20 1.065760908751228895e+21 1.731594225311188517e+21 1.620575028927101403e+21 9.012740806517278638e+20 3.691193917054045389e+20 1.326123229095831634e+20 4.541306235305512141e+19 1.531253042030102323e+19 5.184239975567352832e+18 1.901316448825927168e+18 1.139406268903368832e+18 1.889888103557535744e+18 5.145700370872999936e+18 1.519442762813531546e+19 4.505858294105480397e+19 1.315845846576776479e+20 3.664197237263541862e+20 8.959386871437469942e+20 1.616086713653721039e+21 1.734697638384478716e+21 1.071776408092123202e+21 4.625350680056836915e+20 1.696202709236348355e+20 5.850703228985771622e+19 1.975467875735131341e+19 6.622033319086131200e+18 2.214413643109646080e+18 7.399008703537889280e+17 2.471556274995738240e+17 8.255209770260470400e+16 2.757227384911490800e+16 9.209004121229288000e+15 3.075751840226332000e+15 1.027281445842215125e+15 3.431052864467374375e+14 1.145948936228413750e+14
3.015834983923780859e+13 5.684732197296492969e+13 1.364627888451751094e+14 3.746024924563265000e+14 1.087556521682791875e+15 3.222687307108635500e+15 9.617557962258414000e+15 2.877123590288862400e+16 8.613948555655864000e+16 2.579597698431644160e+17 7.725043511583914240e+17 2.312812245661662720e+18 6.918562298610475008e+18 2.064385725383531315e+19 6.113391356384111821e+19 1.770451244404438794e+20 4.809674102278727270e+20 1.103273493216338117e+21 1.750308042874311148e+21 1.590810218954778214e+21 8.662694565162502062e+20 3.511955922315185357e+20 1.256605019989624914e+20 4.295852003484258304e+19 1.445767489009031987e+19 4.841887755609016320e+18 1.624296091532860160e+18 5.613990280543915520e+17 2.441802700950290880e+17 2.514048516434634240e+17 5.925935514678910720e+17 1.720536508992380160e+18 5.129564038268975104e+18 1.531156786366040678e+19 4.546453474333534618e+19 1.327790022289553326e+20 3.695621947796401029e+20 9.021487831183793848e+20 1.621305945561740607e+21 1.731080674593267778e+21 1.064776735760001008e+21 4.584010511645594092e+20 1.679253493019569357e+20 5.790177307388746957e+19 1.956925885009212211e+19 6.631764231007592448e+18 2.436624463436765696e+18 1.470837850520672256e+18 2.457307009265283072e+18 6.700322848884229120e+18 1.977492172884858880e+19 5.850383084929678541e+19 1.696118456419447931e+20 4.625647004056812257e+20 1.071923511296316801e+21 1.734824597399136109e+21 1.615822008381285597e+21 8.955299010058127933e+20 3.661630859033208422e+20 1.314671938698881434e+20 4.501105513672577843e+19 1.517617708437133517e+19 5.138959364854901760e+18 1.887696254706176256e+18 1.139434129877273344e+18 1.903599035810445824e+18 5.191220303542409216e+18 1.533146472897237197e+19 4.546253677168792371e+19 1.327350445598941676e+20 3.693890562368109937e+20 9.017059526322112430e+20 1.620855135091942752e+21 1.731452490584268210e+21 1.065590736804697735e+21 4.589380836098927493e+20 1.681661637098050355e+20 5.798891670006063923e+19 1.957783232533853798e+19 6.562537003537547264e+18 2.194493945696655104e+18 7.332424212245105920e+17 2.449311459593931840e+17 8.180906803807270400e+16 2.732409926897513200e+16 9.126114656585264000e+15 3.048067196225312500e+15 1.018034978467705500e+15 3.400170364124330000e+14 1.135635212975073906e+14
6.393704259869534375e+13 9.119047227420270312e+13 1.718492851987623750e+14 4.124604489312133750e+14 1.132157144385707250e+15 3.286817451134079500e+15 9.739510592327018000e+15 2.906569883612665200e+16 8.694994994751993600e+16 2.603148919549038720e+17 7.794836285337736960e+17 2.333625466786575360e+18 6.980669373935951872e+18 2.082838805028265984e+19 6.167403223058877645e+19 1.785560914965950956e+20 4.846673964282887537e+20 1.109448388107860312e+21 1.753137891544198283e+21 1.585828826177502446e+21 8.606807203956946371e+20 3.483840039868757443e+20 1.245802294713601393e+20 4.258034676782758298e+19 1.432940126162713600e+19 4.798853492057232384e+18 1.609960840735554048e+18 5.567821184590656640e+17 2.431521800855519680e+17 2.525983138928421440e+17 5.975915127410896640e+17 1.735967916748415744e+18 5.175843576450135040e+18 1.544942112487779328e+19 4.587041130872430592e+19 1.339344223391979110e+20 3.725405569695385518e+20 9.079107023064107581e+20 1.626004005995726504e+21 1.727781788610287632e+21 1.058629743929170592e+21 4.548464474762651238e+20 1.664913912013847593e+20 5.739133712507916288e+19 1.939532362403551232e+19 6.573924060470715392e+18 2.419247362393518080e+18 1.470971849249639936e+18 2.475129049491558912e+18 6.759368956671809536e+18 1.995237327300152934e+19 5.902432738841164186e+19 1.710721968554255647e+20 4.661714864603443364e+20 1.078095855690447323e+21 1.737993443027369329e+21 1.611024607012612997e+21 8.898044795182891663e+20 3.632274783822258504e+20 1.303315702935673405e+20 4.461256395817582592e+19 1.504103971198049280e+19 5.094094035381957632e+18 1.874229149243624960e+18 1.139554750776190592e+18 1.917465271902761728e+18 5.237162802648980480e+18 1.546973930097755955e+19 4.587006726657990656e+19 1.338951625126729810e+20 3.723793459386451886e+20 9.074918698794419487e+20 1.625578146205462692e+21 1.728145866722453225e+21 1.059415282004085441e+21 4.553643544847793521e+20 1.667238893748764017e+20 5.747531415431984742e+19 1.940256048799583027e+19 6.503574281099845632e+18 2.174753329705552896e+18 7.266438809036403200e+17 2.427266843670654080e+17 8.107272615956569600e+16 2.707815844969006800e+16 9.043971116967230000e+15 3.020631691388832000e+15 1.008871690431077625e+15 3.369565771545902500e+14 1.125413096355255938e+14
1.648983510436109375e+14 1.933691037502447500e+14 2.757347053781787500e+14 5.194999381297947500e+14 1.246666679915929000e+15 3.421705229029166500e+15 9.933420134192774000e+15 2.943435490918802800e+16 8.783993611874228800e+16 2.627641105399881280e+17 7.865992294179653120e+17 2.354699796674926592e+18 7.043407346241065984e+18 2.101463325455394406e+19 6.221891163267913318e+19 1.800793121646273495e+20 4.883906692417317110e+20 1.115630506843755250e+21 1.755904252366086472e+21 1.580807597592221843e+21 8.551117665829993841e+20 3.455922640061641523e+20 1.235089053863169393e+20 4.220546484187690598e+19 1.420226335135040922e+19 4.756203866270216192e+18 1.595756243887246848e+18 5.522117091484071040e+17 2.421455516897558720e+17 2.538141360042965120e+17 6.026398292431182080e+17 1.751541786150465792e+18 5.222542767200720896e+18 1.558851239110354330e+19 4.627986593854962074e+19 1.350994940879598060e+20 3.755397942242129347e+20 9.136908624077291520e+20 1.630656350852950262e+21 1.724422518614454436e+21 1.052493305245083238e+21 4.513148133618818089e+20 1.650690636919191962e+20 5.688533076088461722e+19 1.922293492216027546e+19 6.516613821687116800e+18 2.402066055643345408e+18 1.471225100342610688e+18 2.493151597275133952e+18 6.818960529365395456e+18 2.013141701019220787e+19 5.954937880782408909e+19 1.725444610424399462e+20 4.698014888640400589e+20 1.084277550792060699e+21 1.741100279694112850e+21 1.606183476070956401e+21 8.840980386746382418e+20 3.603124748635186135e+20 1.292053800177139384e+20 4.421755888429445939e+19 1.490710761317473690e+19 5.049640378850712576e+18 1.860914045098412544e+18 1.139768145675634304e+18 1.931487943781114112e+18 5.283531592825795584e+18 1.560926236064626074e+19 4.628120522116620288e+19 1.350650124072498954e+20 3.753906870702896579e+20 9.132962029793671905e+20 1.630255094757970412e+21 1.724778271195682570e+21 1.053250427543682941e+21 4.518138097482441032e+20 1.652933627168700170e+20 5.696618667920258662e+19 1.922884937858777088e+19 6.445140383364696064e+18 2.155190186925277184e+18 7.201047104431065600e+17 2.405420626486519360e+17 8.034301180227030400e+16 2.683443138447388400e+16 8.962567120789482000e+15 2.993443280006956500e+15 9.997909898917218750e+14 3.339236899495055000e+14 1.115284130300985625e+14
4.671322197691953750e+14 4.987719787402730000e+14 5.848192440279917500e+14 8.337453917953651250e+14 1.570446929512091250e+15 3.768063680148850500e+15 1.034136669018523200e+16 3.002067271529611600e+16 8.895433908757996800e+16 2.654538340458482240e+17 7.939993087922412800e+17 2.376185802736152064e+18 7.106931120028185600e+18 2.120275748394778214e+19 6.276873912048840704e+19 1.816150118307676815e+20 4.921374015880436122e+20 1.121819496988410118e+21 1.758606715039856722e+21 1.575747183601697948e+21 8.495627844550886687e+20 3.428202805052624077e+20 1.224464651772742861e+20 4.183385001256643789e+19 1.407625492621436109e+19 4.713939233769677824e+18 1.581684946722125568e+18 5.476912513564983680e+17 2.411641584640698880e+17 2.550563076236253120e+17 6.077428373547431680e+17 1.767263338771816192e+18 5.269669356355331072e+18 1.572885665443387597e+19 4.669293326305061274e+19 1.362742946725885215e+20 3.785600023037955277e+20 9.194890271851311268e+20 1.635262340669480632e+21 1.721003370762714481e+21 1.046367792104336654e+21 4.478060775691233526e+20 1.636582832816050340e+20 5.638371696450742682e+19 1.905207932629470822e+19 6.459829025520040960e+18 2.385079261931740160e+18 1.471597731026016000e+18 2.511376216014441984e+18 6.879102455111675904e+18 2.031206709215303680e+19 6.007902362776328602e+19 1.740287237480285143e+20 4.734547738492520366e+20 1.090468199766971384e+21 1.744144633036776145e+21 1.601299269604680925e+21 8.784107958388098335e+20 3.574179805855791186e+20 1.280885513095348060e+20 4.382601022454831514e+19 1.477437019284920730e+19 5.005594821598905344e+18 1.847749869044789248e+18 1.140074337695986432e+18 1.945668198033755904e+18 5.330330434846815232e+18 1.575004502315684250e+19 4.669598168265896755e+19 1.362446685718449521e+20 3.784231733112481382e+20 9.191187107204374200e+20 1.634885331898355679e+21 1.721350216178689901e+21 1.047096551465758491e+21 4.482863772647206420e+20 1.638744989499223900e+20 5.646149659731220070e+19 1.905668525009799578e+19 6.387230584433366016e+18 2.135802923953647104e+18 7.136243761442062080e+17 2.383771022870123200e+17 7.961986543474083200e+16 2.659289815660344000e+16 8.881895939081608000e+15 2.966499684779948500e+15 9.907920148209237500e+14 3.309182718683771250e+14 1.105246770880237031e+14
1.372363099698260250e+15 1.413014678266951500e+15 1.508647328096317250e+15 1.768708215937540000e+15 2.521014935748912000e+15 4.747454977662087000e+15 1.138899881799621800e+16 3.125443295501974400e+16 9.072713012786246400e+16 2.688223197116683200e+17 8.021266141980784640e+17 2.398531247080800256e+18 7.171694913649154048e+18 2.139322527815429734e+19 6.332399800912981197e+19 1.831636946114875228e+20 4.959079936998775194e+20 1.128015128833773273e+21 1.761244901326746288e+21 1.570648231836303229e+21 8.440339616441811599e+20 3.400679678577237033e+20 1.213928518643770163e+20 4.146548557987341107e+19 1.395137723902977024e+19 4.672067452800532480e+18 1.567757150379438336e+18 5.432318181718686720e+17 2.402194674755068480e+17 2.563365859009574400e+17 6.129127167777730560e+17 1.783145717766458112e+18 5.317239094582591488e+18 1.587047700448481690e+19 4.710965609940902707e+19 1.374589093295376957e+20 3.816012829879861903e+20 9.253049594324931052e+20 1.639821340733698998e+21 1.717524858589310878e+21 1.040253571234476851e+21 4.443201678190436680e+20 1.622589670865390469e+20 5.588645921064267776e+19 1.888274374024769126e+19 6.403565432254947328e+18 2.368285925424705024e+18 1.472090089913274368e+18 2.529804698980099072e+18 6.939799880923280384e+18 2.049433800775971635e+19 6.061330087977649766e+19 1.755250711196226683e+20 4.771314064511256494e+20 1.096667400154487849e+21 1.747126036994742288e+21 1.596372644285305061e+21 8.727429632901738660e+20 3.545439003281624269e+20 1.269810128695928259e+20 4.343788853313013350e+19 1.464281695360420045e+19 4.961953828318117888e+18 1.834735565792349440e+18 1.140473363531364992e+18 1.960007199943383296e+18 5.377563130039944192e+18 1.589209850723404390e+19 4.711442795560522547e+19 1.374342057755350958e+20 3.814768977623201219e+20 9.249591465544376648e+20 1.639468212338838995e+21 1.717862221463287759e+21 1.040954026005517042e+21 4.447819836773538202e+20 1.624672137056492585e+20 5.596120652472778752e+19 1.888605447373673267e+19 6.329840200350607360e+18 2.116589961644120576e+18 7.072023489786306560e+17 2.362316265405278720e+17 7.890322828463148800e+16 2.635353944119622400e+16 8.801951293186704000e+15 2.939798988658875000e+15 9.818745593610798750e+14 3.279402843129044375e+14 1.095304620601070156e+14
4.084129027934840000e+15 4.151292730489919500e+15 4.274184892741157000e+15 4.563238764441615000e+15 5.349220591342165000e+15 7.622844793795275000e+15 1.435151533238433600e+16 3.442318601355256400e+16 9.445833036640489600e+16 2.741821779223535040e+17 8.123064574472081920e+17 2.423074225109781504e+18 7.239049548836083712e+18 2.158739938215138099e+19 6.388605742530181530e+19 1.847266981361220977e+20 4.997035278981774049e+20 1.134217548457869836e+21 1.763818509930267148e+21 1.565511378116056711e+21 8.385254902624895631e+20 3.373352596359956398e+20 1.203480303736275436e+20 4.110037699720215757e+19 1.382765379790025933e+19 4.630618799334250496e+18 1.554005671332206080e+18 5.388673102415360000e+17 2.393459918738473920e+17 2.576899957078690560e+17 6.181851374562753280e+17 1.799225776018269696e+18 5.365291647149534208e+18 1.601342059824929997e+19 4.753010129487184691e+19 1.386534465097183232e+20 3.846637571731807273e+20 9.311384294119353876e+20 1.644332723669785641e+21 1.713987502657951236e+21 1.034151003775196725e+21 4.408570111755926241e+20 1.608710332271006843e+20 5.539352186972333670e+19 1.871491579963580416e+19 6.347819465994088448e+18 2.351685634265505280e+18 1.472703169720513024e+18 2.548439495826120704e+18 7.001058642335753216e+18 2.067824501434151731e+19 6.115225053326606336e+19 1.770335903054113014e+20 4.808314508057164513e+20 1.102874744061233332e+21 1.750044033994826187e+21 1.591404259229350232e+21 8.670947482644732969e+20 3.516901384429811139e+20 1.258826938421512438e+20 4.305316461817086771e+19 1.451243750617958810e+19 4.918713912501048320e+18 1.821870109166672384e+18 1.140965284540201856e+18 1.974506144822170624e+18 5.425233531840795648e+18 1.603543414768056934e+19 4.753657561521616486e+19 1.386336992396278661e+20 3.845519529323101553e+20 9.308172585707423662e+20 1.644003094535508066e+21 1.714314814295469720e+21 1.034823217596466332e+21 4.413005544402548163e+20 1.610714230351655731e+20 5.546527937012929331e+19 1.871694353877355315e+19 6.272964589374846976e+18 2.097549735414581248e+18 7.008381052446369280e+17 2.341054608805492160e+17 7.819304248022350400e+16 2.611633622215611600e+16 8.722727251832571000e+15 2.913339634845611500e+15 9.730384176545868750e+14 3.249901904626951250e+14 1.085463597869583281e+14
1.220813208136486000e+16 1.235423288056873800e+16 1.255732155414516600e+16 1.292883085284239600e+16 1.380250608912319800e+16 1.617796982315734400e+16 2.304929269137393600e+16 4.338428390844844800e+16 1.040425675029420960e+17 2.854654967899800960e+17 8.285082139119353600e+17 2.453820129642520576e+18 7.313031806965528576e+18 2.178933294861046579e+19 6.445893885983054234e+19 1.863078540450034811e+20 5.035271273496723456e+20 1.140428029928434827e+21 1.766327447312747987e+21 1.560337219854828569e+21 8.330375857810968412e+20 3.346221477090116895e+20 1.193120304461760922e+20 4.073859564348941107e+19 1.370517461602580480e+19 4.589690651923469312e+18 1.540531059794831616e+18 5.347000109207979520e+17 2.386472862413794240e+17 2.592212670389859840e+17 6.236661363764081920e+17 1.815611375527909120e+18 5.413938256732403712e+18 1.615780649903363891e+19 4.795440717722799309e+19 1.398580833107604603e+20 3.877476040742064620e+20 9.369892400448578519e+20 1.648795876706162835e+21 1.710391829825416856e+21 1.028060445523222200e+21 4.374165350938527662e+20 1.594944020130390016e+20 5.490487142184969830e+19 1.854858510107194573e+19 6.292589456634027008e+18 2.335279874855399424e+18 1.473439873194333440e+18 2.567284989884890112e+18 7.062886550049747968e+18 2.086380542746922598e+19 6.169591476895027200e+19 1.785543706511581839e+20 4.845549711068875981e+20 1.109089818729923871e+21 1.752898175205205869e+21 1.586394775808083493e+21 8.614663530049023508e+20 3.488565989034845798e+20 1.247935238474288988e+20 4.267180957306866074e+19 1.438322160192885350e+19 4.875871670768270336e+18 1.809152536127291136e+18 1.141550221149194880e+18 1.989166293136223488e+18 5.473345581341721600e+18 1.618006343106762957e+19 4.796245654402262630e+19 1.398432246704055255e+20 3.876484307425435976e+20 9.366927894831666299e+20 1.648489340871828832e+21 1.710708529210878067e+21 1.028704486877646946e+21 4.378420138500362732e+20 1.596870434120960901e+20 5.497367833344656179e+19 1.854933905221570560e+19 6.216599152248377344e+18 2.078680696199429376e+18 6.945311274162099200e+17 2.319984337633622080e+17 7.748925198965048000e+16 2.588127138756983200e+16 8.644219800795943000e+15 2.887122073653664500e+15 9.642853652232741250e+14 3.220702547513868125e+14 1.075746347022152500e+14
3.654664772076125600e+16 3.692873921901509600e+16 3.737060311912321600e+16 3.798469429087949600e+16 3.910777557682876000e+16 4.174846325618304000e+16 4.892772086965908000e+16 6.969385966767643200e+16 1.311475577311418080e+17 3.144519524857292160e+17 8.626224729677687040e+17 2.502765086619110400e+18 7.405724857526528000e+18 2.201113810187302093e+19 6.505460675437004390e+19 1.879184578019229041e+20 5.073880153839191982e+20 1.146651211038114972e+21 1.768772209340516663e+21 1.555126237203584516e+21 8.275705444215860756e+20 3.319287995270662062e+20 1.182850752184038359e+20 4.038040996754074010e+19 1.358422878289045299e+19 4.549581365138460160e+18 1.527636771550113792e+18 5.310370666075678720e+17 2.384337454419675840e+17 2.612439581800058560e+17 6.296725567869263360e+17 1.832623091959597056e+18 5.463504533392677888e+18 1.630396898566591898e+19 4.838292567521320141e+19 1.410732014909562716e+20 3.908531784688538747e+20 9.428573019942261883e+20 1.653210222735973941e+21 1.706738371324641804e+21 1.021982247684934730e+21 4.339986705077747057e+20 1.581289994909428285e+20 5.442048009816913510e+19 1.838374688708396442e+19 6.237879361861168128e+18 2.319075789674827264e+18 1.474308806475601664e+18 2.586351325092168704e+18 7.125297244177203200e+18 2.105104248288881050e+19 6.224434178964140032e+19 1.800875072871292600e+20 4.883020345314689679e+20 1.115312208220768829e+21 1.755688020994987655e+21 1.581344857423370781e+21 8.558579748417862369e+20 3.460431854127796060e+20 1.237134330773884273e+20 4.229379487384658739e+19 1.425515923197812326e+19 4.833423882451847168e+18 1.796582048229758464e+18 1.142228455524787840e+18 2.003989074064819968e+18 5.521903411816014848e+18 1.632599810157150413e+19 4.839210303726134886e+19 1.410628583589918474e+20 3.907664225893962875e+20 9.425854766545656873e+20 1.652926317853178855e+21 1.707043907867584758e+21 1.022598188702561337e+21 4.344062850788007608e+20 1.583139917355218371e+20 5.448636690688866714e+19 1.838322774094389453e+19 6.160739334860633088e+18 2.059981313061400576e+18 6.882809069221404160e+17 2.299103794993282880e+17 7.679180605614705600e+16 2.564833239298966400e+16 8.566429017273421000e+15 2.861150538030004500e+15 9.556214491342423750e+14 3.191868844968860000e+14 1.066221315711915156e+14
1.094610410481376960e+17 1.105496072450071840e+17 1.117052899510070560e+17 1.130416161478762880e+17 1.148984282433722080e+17 1.182934333074209280e+17 1.262746883826205760e+17 1.479715148575618240e+17 2.107270677746007680e+17 3.964304128782965760e+17 9.502694915723398400e+17 2.605842918356495360e+18 7.553315631129638912e+18 2.228906649376086835e+19 6.570881203374001357e+19 1.895921420683937055e+20 5.113136415855126774e+20 1.152901737650520850e+21 1.771154994682048545e+21 1.549878558708834501e+21 8.221249177138705203e+20 3.292559100170341581e+20 1.172679665157518459e+20 4.002667839907484467e+19 1.346570164033926349e+19 4.511191345140338176e+18 1.516234133377975808e+18 5.287993718341607680e+17 2.396354397865344960e+17 2.646972580612004480e+17 6.371527926019522560e+17 1.851218746667787520e+18 5.514958230676730880e+18 1.645288685968571392e+19 4.881664799371867750e+19 1.422997946625150321e+20 3.939813612559433728e+20 9.487428573136683008e+20 1.657575281973887238e+21 1.703027657258434298e+21 1.015916759210252698e+21 4.306033610447559721e+20 1.567747680735660278e+20 5.394033679399235584e+19 1.822041308777293619e+19 6.183709918265147392e+18 2.303097435905928448e+18 1.475335643526342656e+18 2.605665870222764032e+18 7.188321739385474048e+18 2.123999690319055258e+19 6.279759722951743898e+19 1.816331118690797814e+20 4.920727200470032056e+20 1.121541498396440658e+21 1.758413141998618018e+21 1.576255169177345327e+21 8.502698063599565537e+20 3.432498016878685061e+20 1.226423525859182346e+20 4.191909267301441536e+19 1.412824092596414464e+19 4.791367811987281920e+18 1.784158317066866176e+18 1.143000739780601216e+18 2.018976396358256896e+18 5.570911662496358400e+18 1.647325047594852352e+19 4.882554811653763891e+19 1.422926774790092554e+20 3.939060195761797857e+20 9.484950522312860631e+20 1.657313396330203972e+21 1.703321498875690746e+21 1.016504672150895460e+21 4.309932902119670415e+20 1.569521853409548042e+20 5.400330888176287744e+19 1.821859645876290765e+19 6.105380636135116800e+18 2.041450081747522304e+18 6.820869527663119360e+17 2.278411469117699520e+17 7.610066732942432000e+16 2.541752003611382400e+16 8.489368770921035000e+15 2.835443465096238500e+15 9.470663416547181250e+14 3.163607426561358750e+14 1.057096934762333750e+14
3.278899705188204800e+17 3.310942422497052160e+17 3.343866198771016320e+17 3.378818341837154560e+17 3.419229390477965440e+17 3.475368617892770560e+17 3.577988708384811520e+17 3.819193732426177280e+17 4.474839314113554560e+17 6.371069840424497920e+17 1.198146813857170944e+18 2.870687089867030528e+18 7.864186136869029888e+18 2.273166638693720064e+19 6.652852886264543642e+19 1.914293798781577134e+20 5.153858971831991665e+20 1.159224004930535424e+21 1.773482951430987055e+21 1.544593264553830908e+21 8.167020433599479153e+20 3.266057574235566244e+20 1.162632393819968635e+20 3.968002650536611840e+19 1.335226469172706304e+19 4.477224637978404352e+18 1.509055583964265728e+18 5.307465530955123200e+17 2.450389326362723520e+17 2.723946883779108800e+17 6.489472974585839360e+17 1.874265255613852928e+18 5.571190789050565632e+18 1.660746950386489754e+19 4.925847958204388147e+19 1.435406873156514120e+20 3.971346074989899940e+20 9.546471454775174758e+20 1.661890853083976040e+21 1.699260200187211547e+21 1.009864334046853857e+21 4.272305906443651645e+20 1.554316983920331653e+20 5.346447976856611226e+19 1.805864540259641958e+19 6.130152050426034176e+18 2.287419515483917824e+18 1.476597172635715072e+18 2.625307564893586944e+18 7.252043012030414848e+18 2.143076154522623590e+19 6.335579832149857894e+19 1.831913447322084311e+20 4.958671447938197094e+20 1.127777291725488652e+21 1.761073121952440779e+21 1.571126377227321868e+21 8.447020358293407662e+20 3.404763522719886868e+20 1.215802151575387177e+20 4.154767668536101274e+19 1.400245864716748186e+19 4.749702113992209408e+18 1.771882397620233984e+18 1.143869218438218368e+18 2.034131579251666176e+18 5.620376416564996096e+18 1.662183438586112410e+19 4.926282646472765440e+19 1.435327609787399700e+20 3.970673132558374011e+20 9.544212436025750323e+20 1.661649951810962850e+21 1.699541857616816505e+21 1.010424280546466464e+21 4.276029502989371310e+20 1.556015420248478843e+20 5.352446837021841818e+19 1.805543221064133837e+19 6.050518633092555776e+18 2.023085549533553152e+18 6.759488169897135360e+17 2.257906254551541760e+17 7.541583836983619200e+16 2.518887511534609600e+16 8.413092996430881000e+15 2.810059318411736500e+15 9.386807321794097500e+14 3.136535736440622500e+14 1.048998753965800312e+14
9.821308015256989440e+17 9.916700102573018880e+17 1.001359132394584192e+18 1.011314477726769024e+18 1.021882650929789056e+18 1.034100022194872320e+18 1.051068931682241920e+18 1.082079624244907392e+18 1.154955448205016320e+18 1.353021340396218368e+18 1.925759904414741760e+18 3.619599252184955392e+18 8.662863209675904000e+18 2.366391746939765965e+19 6.783390123366346752e+19 1.937305657400867553e+20 5.198492097278940283e+20 1.165750774076239512e+21 1.775777633783907615e+21 1.539266314838148907e+21 8.113056591203586540e+20 3.239853711943115735e+20 1.152786215362047181e+20 3.934837367460420813e+19 1.325194042375872307e+19 4.455788732935190528e+18 1.514289385708922624e+18 5.451468597138534400e+17 2.629926220349556160e+17 2.927650460687323520e+17 6.735648908937962240e+17 1.910348883295207424e+18 5.640856561073315840e+18 1.677640941897006490e+19 4.971705881503929139e+19 1.448041841594236764e+20 4.003200795023565128e+20 9.605743865784193516e+20 1.666157545827398058e+21 1.695436445608121205e+21 1.003825353687568876e+21 4.238804664566171566e+20 1.540999247519425823e+20 5.299309461949669376e+19 1.789865441413985485e+19 6.077426962950018048e+18 2.272268428436314880e+18 1.478323297794620928e+18 2.645509816502460416e+18 7.316699616528907264e+18 2.162358518881021542e+19 6.391921622347805491e+19 1.847625111363930030e+20 4.996855429751682499e+20 1.134019251266755756e+21 1.763667565713203921e+21 1.565959147199181095e+21 8.391548484365182566e+20 3.377227449323263754e+20 1.205269579120413737e+20 4.117952484291266970e+19 1.387780847833666560e+19 4.708429544887071744e+18 1.759759466989863936e+18 1.144840192425763200e+18 2.049462142028531200e+18 5.670308011637528576e+18 1.677176799842293555e+19 4.970397722282414899e+19 1.447831922519868867e+20 4.002503978997264548e+20 9.603637748257720893e+20 1.665935365031434650e+21 1.695705546041420677e+21 1.004357351487947145e+21 4.242351854456030495e+20 1.542619801175842488e+20 5.304980987846745293e+19 1.789372222627995648e+19 5.996149055847408640e+18 2.004886392227593216e+18 6.698661718927727360e+17 2.237588226175512320e+17 7.473744009299249600e+16 2.496255760777652800e+16 8.337775669210050000e+15 2.785178532165897500e+15 9.306478983058618750e+14 3.112505721071416250e+14 1.043800592157444219e+14
2.940778594912252928e+18 2.969268820682204672e+18 2.998092570601880576e+18 3.027368829422901760e+18 3.057448703209011712e+18 3.089378492842776576e+18 3.126286674096892416e+18 3.177538059462738944e+18 3.271175368938316288e+18 3.491175811804576256e+18 4.088967584908440064e+18 5.816780123317104640e+18 1.092016045413422080e+19 2.605788381834493952e+19 7.058225543681494221e+19 1.973932816219842806e+20 5.254326166784930611e+20 1.172876913507750773e+21 1.778102474058307994e+21 1.533884388337284547e+21 8.059468063893698642e+20 3.214160357060390420e+20 1.143373987428403118e+20 3.905549832231351091e+19 1.318878160445710950e+19 4.471178642730238976e+18 1.556468277596101888e+18 5.967711982371475200e+17 3.185069673141898240e+17 3.510592661744874880e+17 7.364955304967440640e+17 1.985189634438530816e+18 5.749873769935832064e+18 1.698572240650699162e+19 5.021819385046930227e+19 1.461149944193384612e+20 4.035590122889002353e+20 9.665376858899169935e+20 1.670378347724224856e+21 1.691556622017898217e+21 9.978002971814073467e+20 4.205534677703070188e+20 1.527800112023074243e+20 5.252680782185817702e+19 1.774109652940765798e+19 6.026206010583464960e+18 2.258325022076407296e+18 1.481202626826343936e+18 2.666968768380305408e+18 7.382996100850310144e+18 2.181918344453863014e+19 6.448858247889013965e+19 1.863473493402007306e+20 5.035285016182639821e+20 1.140267231389426254e+21 1.766196122417099178e+21 1.560754139799398384e+21 8.336284299493461197e+20 3.349888978180072407e+20 1.194825301110336389e+20 4.081462725386418586e+19 1.375429866687352422e+19 4.667565087966069760e+18 1.747807027253529344e+18 1.145932400471963136e+18 2.064988158597128704e+18 5.720729459094438912e+18 1.692308226451761971e+19 5.014905236378630554e+19 1.460440671348952760e+20 4.034553773290284646e+20 9.663223709259784520e+20 1.670169023286556754e+21 1.691813132394058482e+21 9.983042169208644567e+20 4.208899150324662927e+20 1.529334187018022093e+20 5.257929852625495654e+19 1.773345418427776614e+19 5.942268013909692416e+18 1.986851641874324992e+18 6.638390407373986560e+17 2.217460977620062400e+17 7.406594732232163200e+16 2.473908442184731600e+16 8.263951401454623000e+15 2.761344403172446000e+15 9.235183161317196250e+14 3.097081582813178750e+14 1.047118502080564062e+14
8.796083407834537984e+18 8.881102709388295168e+18 8.966999798899538944e+18 9.053899517182116864e+18 9.142160176111511552e+18 9.232839205070200832e+18 9.329087790375825408e+18 9.440327836788293632e+18 9.594761392839133184e+18 9.876829080030611456e+18 1.053932627576288870e+19 1.233852863308599910e+19 1.753190796090935296e+19 3.281277904993283686e+19 7.762807425749970125e+19 2.050919884863477187e+20 5.343044121361173709e+20 1.181771716371906560e+21 1.780642007594478862e+21 1.528406536792104501e+21 8.006587129978083082e+20 3.189617934639670231e+20 1.135094666205392896e+20 3.887268459551360614e+19 1.323485953862386893e+19 4.596179049154876416e+18 1.709084838768498688e+18 7.598241041430848000e+17 4.865034792301252480e+17 5.229187387260081920e+17 9.140957269967251200e+17 2.175830771764376576e+18 5.975872605739346944e+18 1.731331113998402970e+19 5.083911092272508109e+19 1.475469289442429174e+20 4.069147046446227784e+20 9.725766100709933056e+20 1.674563231134147150e+21 1.687620286671927640e+21 9.917899582409702113e+20 4.172511935779394028e+20 1.514738088433826202e+20 5.206756618593721549e+19 1.758796359825866752e+19 5.978509086758027264e+18 2.247631603357601792e+18 1.487297986016957440e+18 2.691766836840308736e+18 7.453032953508217856e+18 2.201967010638974976e+19 6.506600684575254938e+19 1.879478928202587177e+20 5.073976649832708178e+20 1.146521666280669577e+21 1.768658552846436270e+21 1.555511998089924444e+21 8.281229777752560763e+20 3.322747608979395707e+20 1.184469165509150966e+20 4.045301005026862694e+19 1.363197373191648870e+19 4.627160296431882240e+18 1.736079482883243264e+18 1.147201827906564480e+18 2.080767290495607552e+18 5.771701665188555776e+18 1.707584622582616269e+19 5.059814176901941658e+19 1.473155178457509888e+20 4.066823853867475927e+20 9.722967707498584474e+20 1.674350324000849658e+21 1.687865190729963012e+21 9.922652033322253025e+20 4.175670583105824358e+20 1.516157782597145068e+20 5.211290070870385459e+19 1.757461688150373786e+19 5.888872673778157568e+18 1.968981371926314752e+18 6.578684893770652160e+17 2.197538591861164160e+17 7.340289337531654400e+16 2.452004076403358800e+16 8.193232984558592000e+15 2.740190051263713000e+15 9.189419600805935000e+14 3.106928781272768125e+14 1.075782372102750938e+14
2.622501782435516006e+19 2.647719975869510451e+19 2.673184656016198042e+19 2.698909771232292454e+19 2.724932604257235354e+19 2.751360278637491814e+19 2.778509034336946176e+19 2.807321317987447194e+19 2.840614784260992614e+19 2.886821939588159078e+19 2.971181999157021901e+19 3.169190381225278669e+19 3.706167451395882189e+19 5.250053772888521114e+19 9.740832923834502349e+19 2.247260511332793713e+20 5.528576502199536189e+20 1.195866332762999095e+21 1.783925425190635045e+21 1.522709320961119486e+21 7.955418499178083123e+20 3.168148613172196147e+20 1.130043060908219761e+20 3.901347623184844390e+19 1.360604250128568525e+19 5.048783275901147136e+18 2.192248216366925312e+18 1.256545064674855936e+18 9.913677174989486080e+17 1.034883797597003136e+18 1.435045679725201920e+18 2.713005233119872000e+18 6.551333297963277312e+18 1.799244251840301261e+19 5.181096994185696870e+19 1.493207232689404314e+20 4.105761409180524872e+20 9.788094824087582147e+20 1.678742693282827469e+21 1.683624949654150971e+21 9.857961175501077217e+20 4.139786075768428298e+20 1.501870250053915116e+20 5.162127171327451136e+19 1.744524812648999731e+19 5.940396099029021696e+18 2.246309246378900736e+18 1.502789191820360960e+18 2.726139492602059264e+18 7.533092518715461632e+18 2.223134707199302451e+19 6.565772610360821350e+19 1.895700508760074813e+20 5.112978389893692129e+20 1.152784724577541554e+21 1.771054925823426429e+21 1.550233309974246195e+21 8.226387344815630582e+20 3.295803802482144051e+20 1.174202076612512154e+20 4.009480683894712730e+19 1.351098668643149210e+19 4.587376222954812928e+18 1.724741772060109312e+18 1.148816034211330176e+18 2.096969779826223360e+18 5.823398991374304256e+18 1.723024282351045632e+19 5.105144833558577152e+19 1.485977846535717519e+20 4.099316471846448005e+20 9.782867652849120051e+20 1.678478684882627985e+21 1.683862299796660814e+21 9.862406323179240817e+20 4.142665361327850127e+20 1.503089826163782451e+20 5.165058608416605798e+19 1.741720224541921690e+19 5.835963291501065216e+18 1.951278748846619904e+18 6.519586976474810880e+17 2.177866569347578880e+17 7.275298232980521600e+16 2.431021322246396400e+16 8.130466023452258000e+15 2.726611709474339000e+15 9.218639157696353750e+14 3.191980394057713125e+14 1.180210331809591250e+14
7.744095555424365773e+19 7.817471104067271066e+19 7.891531746625434419e+19 7.966294916815137997e+19 8.041800922494115840e+19 8.118158461869432832e+19 8.195680893435191296e+19 8.275294203849439642e+19 8.359758325321803366e+19 8.457322780198807142e+19 8.592663767543583539e+19 8.839561770563521741e+19 9.418139050553964954e+19 1.098068020202844979e+20 1.542077948057088819e+20 2.790159487100503982e+20 5.994526362205894738e+20 1.224970155764875264e+21 1.789415147849294021e+21 1.516420559709300326e+21 7.908994093291002921e+20 3.155509912908017828e+20 1.134489497772342641e+20 4.011702468374535373e+19 1.494843558969817293e+19 6.481453362555351040e+18 3.664748167559999488e+18 2.752094067920126464e+18 2.504676377264781824e+18 2.564973146485320704e+18 2.983759885839058944e+18 4.287258228177938944e+18 8.172005098104165376e+18 1.972115835897681920e+19 5.382534263360515277e+19 1.520963368627862897e+20 4.151074918251069440e+20 9.855887813088357908e+20 1.683007489172648231e+21 1.679561905380037755e+21 9.798236213357428081e+20 4.107507794175593677e+20 1.489369221765999165e+20 5.120567533219230515e+19 1.733092773117311386e+19 5.930030078314136576e+18 2.272698278070454272e+18 1.546189795894744320e+18 2.788763861897651712e+18 7.641984707310692352e+18 2.247306142741343437e+19 6.628233616311064986e+19 1.912313319832359076e+20 5.152432776977939169e+20 1.159063740603659715e+21 1.773386191013337629e+21 1.544918497017451250e+21 8.171760895343970222e+20 3.269060909011807109e+20 1.164028095559663780e+20 3.974047277221879808e+19 1.339181541439624192e+19 4.548701912854505472e+18 1.714289960980264704e+18 1.151276830064553344e+18 2.114103122822685440e+18 5.876335617335545856e+18 1.738679599630716518e+19 5.150951292731954790e+19 1.498914304296689992e+20 4.132036622361818563e+20 9.842923117821574513e+20 1.682553573438484120e+21 1.679805039998251827e+21 9.802308223008821740e+20 4.109882760950050324e+20 1.490129647549150003e+20 5.119233353293806797e+19 1.726121136189732250e+19 5.783549299499535360e+18 1.933756179557203456e+18 6.461231666166376960e+17 2.158584490154712640e+17 7.213041706094745600e+16 2.412397857050878800e+16 8.090178403852968000e+15 2.735282367399882500e+15 9.471005912134871250e+14 3.501840989894363125e+14 1.511459275319561562e+14
2.223124455213941391e+20 2.243280274688673382e+20 2.263606333214530273e+20 2.284104872146710364e+20 2.304780243017306931e+20 2.325643102600913224e+20 2.346722961794463171e+20 2.368105722163929743e+20 2.390045948851356959e+20 2.413302626949482414e+20 2.440142787805032612e+20 2.477337408255569756e+20 2.545068059597605110e+20 2.703083208899810427e+20 3.124678127715713024e+20 4.281957038861546947e+20 7.227258063472074424e+20 1.294972283106935964e+21 1.800699095147671192e+21 1.508397257842676990e+21 7.876367054577291756e+20 3.168875255409541775e+20 1.167152566083505521e+20 4.409221917212128051e+19 1.919199977107187302e+19 1.084321246576581427e+19 8.094498907842118656e+18 7.233373024410887168e+18 7.032446074777539584e+18 7.138387593840164864e+18 7.604479246912407552e+18 8.961067185601318912e+18 1.291580323636998963e+19 2.458402789697428685e+19 5.894703233058230272e+19 1.578430788659392020e+20 4.221897598989196329e+20 9.939612054055840645e+20 1.687624731657755427e+21 1.675403580349602333e+21 9.738867935868279849e+20 4.076131218465126482e+20 1.477753857510363628e+20 5.087402308758659891e+19 1.729888263118200218e+19 6.001830260540809216e+18 2.381743113761541632e+18 1.672960264871978240e+18 2.935586912825432064e+18 7.836045593811753984e+18 2.280123620942966374e+19 6.699544299312371302e+19 1.929839560679943700e+20 5.192764602329625395e+20 1.165381409399363076e+21 1.775655849200975348e+21 1.539567484449864548e+21 8.117358881560904335e+20 3.242530954127171256e+20 1.153960734458869023e+20 3.939142590274514125e+19 1.327591092124391424e+19 4.512608993568280576e+18 1.706212127406575360e+18 1.156087400745497344e+18 2.133685166689007360e+18 5.932043690560696320e+18 1.754705098619106509e+19 5.197388813484877414e+19 1.511979829299580436e+20 4.164997519206780109e+20 9.903138735216995860e+20 1.686574593400200233e+21 1.675693984565625881e+21 9.742360937853952983e+20 4.077322279180154307e+20 1.477276842479535718e+20 5.073814901228160614e+19 1.710667253466020659e+19 5.731667546812090368e+18 1.916453727949048320e+18 6.404033135091348480e+17 2.140113778119965440e+17 7.157785587023577600e+16 2.400444471553249600e+16 8.115907748006204000e+15 2.810165064889393500e+15 1.039042399511997375e+15 4.484718924946711875e+14 2.522077294398750625e+14
5.891295114201165988e+20 5.938080008840397455e+20 5.985145662753746452e+20 6.032492954808489083e+20 6.080124367091578962e+20 6.128047232831069880e+20 6.176283429081105039e+20 6.224898298453867889e+20 6.274086938132637286e+20 6.324431596387687465e+20 6.377669104127621202e+20 6.438975849484210668e+20 6.523743701222711624e+20 6.677431438323786711e+20 7.031604320781466337e+20 7.944200247096606720e+20 1.021333321787087127e+21 1.458063172569619235e+21 1.823035620471010755e+21 1.494954353563080851e+21 7.883704533557162803e+20 3.258864847576370381e+20 1.283486990655550587e+20 5.660410542881130906e+19 3.206746012858385203e+19 2.392214908094477926e+19 2.132562319523888333e+19 2.060053546572888474e+19 2.053112882179726950e+19 2.076803448161162445e+19 2.136610460727219814e+19 2.285689760921012634e+19 2.695036033116465152e+19 3.876754613807501312e+19 7.330234256005289574e+19 1.724006560843054449e+20 4.368006251494213550e+20 1.007014691723434394e+21 1.693372907733021098e+21 1.671064867375194571e+21 9.680291373199644426e+20 4.047020985282172682e+20 1.468580119654064620e+20 5.078586696876172902e+19 1.751051939055341158e+19 6.318801771564249088e+18 2.738015902666668544e+18 2.049215030928069632e+18 3.334175469683563008e+18 8.283995555749278720e+18 2.338481892392083866e+19 6.796345700299648205e+19 1.949839969002264986e+20 5.235241567370019471e+20 1.171806067693844562e+21 1.777874819441595253e+21 1.534178721445212324e+21 8.063203687899863450e+20 3.216251996247114383e+20 1.144041816312744182e+20 3.905196866268481126e+19 1.316763943372254822e+19 4.483512759226234368e+18 1.704968299818828544e+18 1.167750933256552704e+18 2.160260621154200320e+18 5.995104930746471424e+18 1.771561228525154099e+19 5.244915625596979610e+19 1.525218575093227192e+20 4.198236959452529951e+20 9.963534311974655754e+20 1.690541738417493901e+21 1.671529673223761560e+21 9.682567854895128904e+20 4.044984095784984904e+20 1.464531794895967519e+20 5.028811905656316723e+19 1.695369539636535706e+19 5.680436944188473344e+18 1.899494290857003008e+18 6.349241823189551360e+17 2.123720192462705280e+17 7.122320810936699200e+16 2.408079557658349600e+16 8.338101117214957000e+15 3.082974727359224000e+15 1.330681277992134000e+15 7.483418714526493750e+14 5.567878976234026875e+14
1.271321112953022317e+21 1.278006582671387132e+21 1.284685103123857146e+21 1.291356017532237251e+21 1.298018741718872752e+21 1.304672918678037856e+21 1.311318876454554173e+21 1.317958984704512754e+21 1.324601673572307173e+21 1.331273337254445056e+21 1.338053572590967718e+21 1.345179348977900061e+21 1.353351694179896656e+21 1.364627717426850562e+21 1.384920542820918624e+21 1.430204782470111429e+21 1.535680944389557060e+21 1.729469988412087075e+21 1.840558238723284926e+21 1.463321069928224129e+21 7.999580658746940457e+20 3.569528800307163955e+20 1.644082215702725263e+20 9.414843122632395981e+19 7.028974611785200435e+19 6.260716721283573350e+19 6.040990559904283034e+19 6.006569834922020864e+19 6.037300569601610547e+19 6.098640302268791194e+19 6.195974458451880346e+19 6.381718386446997094e+19 6.824467493403862630e+19 8.029007522878827725e+19 1.147273839063985684e+20 2.127602666611977093e+20 4.734042888724211302e+20 1.033690866322245943e+21 1.702472042396387639e+21 1.666282517043532268e+21 9.623832865661662003e+20 4.024269589668924621e+20 1.466507752721866752e+20 5.141891049233719296e+19 1.844906607301549670e+19 7.368948442127232000e+18 3.834205744047620608e+18 3.172254123498161152e+18 4.486167263854884352e+18 9.490902251194388480e+18 2.472949527953811046e+19 6.968430199787565875e+19 1.976980387423289016e+20 5.283646812567944561e+20 1.178541548203446764e+21 1.780075599897940197e+21 1.528746272307762954e+21 8.009360075154615173e+20 3.190340198397775053e+20 1.134397985571163505e+20 3.873504439380698726e+19 1.308010061270470042e+19 4.474647247738265088e+18 1.723922012100364800e+18 1.199758142174036992e+18 2.207442119098179072e+18 6.079236786555352064e+18 1.790624842593409024e+19 5.294897320718222131e+19 1.538761127033942180e+20 4.231866236805353308e+20 1.002417493199713993e+21 1.694456137229052150e+21 1.667312533040184951e+21 9.622933039016784691e+20 4.012870457652423557e+20 1.451897242242934702e+20 4.984257106688741376e+19 1.680263301967992627e+19 5.630222177327948800e+18 1.883248900866165248e+18 6.300613487798429440e+17 2.113199045029583680e+17 7.144978737774540000e+16 2.474009311123797200e+16 9.147581667595290000e+15 3.948323718965489000e+15 2.220453164203731250e+15 1.652089661950225250e+15 1.471078865405530250e+15
1.803402290597659673e+21 1.804467687504033087e+21 1.805450125026181775e+21 1.806349425574640353e+21 1.807165434484023624e+21 1.807898034408670626e+21 1.808547186383450800e+21 1.809113047030921691e+21 1.809596302849085014e+21 1.809999122115342107e+21 1.810327858755811672e+21 1.810600697295435465e+21 1.810869033891520315e+21 1.811275453638510379e+21 1.812195735023927165e+21 1.814456120940364300e+21 1.818514289781035237e+21 1.813290661669271765e+21 1.721610001832098398e+21 1.371256313708482396e+21 8.355167064281174508e+20 4.469759250055287276e+20 2.683139821309572547e+20 2.020710626010711654e+20 1.800352970380283412e+20 1.736086134745427804e+20 1.725017939531661967e+20 1.731995855722910843e+20 1.745368557910635643e+20 1.761771100810468065e+20 1.781676280042046095e+20 1.810013378485883699e+20 1.862660563456254935e+20 1.987135786867501957e+20 2.322418542669117522e+20 3.255803051350509486e+20 5.716817378941013197e+20 1.098457728996530848e+21 1.720855150668688392e+21 1.660218205446025773e+21 9.573486893248103055e+20 4.020104587375644508e+20 1.485460099337725542e+20 5.420096137164124979e+19 2.155902686718715904e+19 1.061110013932610355e+19 7.143144406306876416e+18 6.528666536016234496e+18 7.891074606027238400e+18 1.296645498265750938e+19 2.834663728786175181e+19 7.364573763202442035e+19 2.025191632652873236e+20 5.349254791264264520e+20 1.186193086554293142e+21 1.782353304777843278e+21 1.523251175405700252e+21 7.956021428739976724e+20 3.165146015232545260e+20 1.125410016514118779e+20 3.847948193543494861e+19 1.305255671729117389e+19 4.525664733421666816e+18 1.803108963189462272e+18 1.292523544350030080e+18 2.316006724391912960e+18 6.225523646031147008e+18 1.816017790094452326e+19 5.351416885065080832e+19 1.552996779851654431e+20 4.266216327445633434e+20 1.008526054175947751e+21 1.698322242479847113e+21 1.663042639979182817e+21 9.563462754736110305e+20 3.980989835321328927e+20 1.439382966216937800e+20 4.940255354658625126e+19 1.665456759619810509e+19 5.582124181159499776e+18 1.868831962361501696e+18 6.269409529485475840e+17 2.119923969181514240e+17 7.340607911179217600e+16 2.714198197494595600e+16 1.171523802262823600e+16 6.588445810232293000e+15 4.902044163194850000e+15 4.364963991770448000e+15 4.212003300803343500e+15
1.443843229574272909e+21 1.437565274722047099e+21 1.431261823998072717e+21 1.424933682306157117e+21 1.418581649011148063e+21 1.412206512841926377e+21 1.405809037283501539e+21 1.399389918106449347e+21 1.392949659347004424e+21 1.386488210799522742e+21 1.380003908547351675e+21 1.373490379422396580e+21 1.366927493384677360e+21 1.360254849133743440e+21 1.353293323679253135e+21 1.345506179995503690e+21 1.335217585832668168e+21 1.316738691487927370e+21 1.269775142434989146e+21 1.140306384234126770e+21 8.984233337328156017e+20 6.639333869671224443e+20 5.349246429983024742e+20 4.844615663197764977e+20 4.688400491042011873e+20 4.660457094810010911e+20 4.676865677990638387e+20 4.708451128502197289e+20 4.745505565529739100e+20 4.785225568219327365e+20 4.827998341911204332e+20 4.877894345733852365e+20 4.948003960105520333e+20 5.077431533605622907e+20 5.380356553239440261e+20 6.174563939795113083e+20 8.222550936702420255e+20 1.257138176320756777e+21 1.761218773588672774e+21 1.649998763195303985e+21 9.540779654585377096e+20 4.070684757703706542e+20 1.566785101466017792e+20 6.337879313025803059e+19 3.113905980104499200e+19 2.038714012249480397e+19 1.704840595939395379e+19 1.654278005704699494e+19 1.801139841196297216e+19 2.320304968424578253e+19 3.873302253126051430e+19 8.427301844178550784e+19 2.135880737054128210e+20 5.465515071047340524e+20 1.196547926246463898e+21 1.784983243535831269e+21 1.517635711450632421e+21 7.903770918596145316e+20 3.141722464060287222e+20 1.118219930383598715e+20 3.840164274454844211e+19 1.320263263212500787e+19 4.755346011652518912e+18 2.062453876455736832e+18 1.567104083652661504e+18 2.608093933700621824e+18 6.557017008339345408e+18 1.860082972230212403e+19 5.426694189141868544e+19 1.569089085971996344e+20 4.302274685515357225e+20 1.014739248303632548e+21 1.702154257756637626e+21 1.658719000353365295e+21 9.504170137125447270e+20 3.949369401584796303e+20 1.427019849591338435e+20 4.897127489182094131e+19 1.651276549073311334e+19 5.539449555828112384e+18 1.859584929817807872e+18 6.289377537792427520e+17 2.177972560795783680e+17 8.053295433564608000e+16 3.476069666229349600e+16 1.954896745143637200e+16 1.454521980245154200e+16 1.295164078979934200e+16 1.249779036563741800e+16 1.242536132352136800e+16
7.222991087267860972e+20 7.169144754769951457e+20 7.115568959249369006e+20 7.062264629818876232e+20 7.009232680341641626e+20 6.956474077360211886e+20 6.903990044168494776e+20 6.851782676414600315e+20 6.799856801421463388e+20 6.748225595454970921e+20 6.696927552998212895e+20 6.646077735816999731e+20 6.596022463638393324e+20 6.547805599009021624e+20 6.504568867960768430e+20 6.475712397060518707e+20 6.488867591099003699e+20 6.621093268353219297e+20 7.055730336484157030e+20 8.049047161117491855e+20 9.418711110789757665e+20 1.030155740015447507e+21 1.055236386174118920e+21 1.061518537862046941e+21 1.066749167362207908e+21 1.072766386556818948e+21 1.079184783959770530e+21 1.085752236996507075e+21 1.092385247050669883e+21 1.099082892540028912e+21 1.105921139941290017e+21 1.113149428162008056e+21 1.121514316121844351e+21 1.133219250081793311e+21 1.154662573496214094e+21 1.203579218529897677e+21 1.322395115542317367e+21 1.568139766163422052e+21 1.829557365122594243e+21 1.624623137698867315e+21 9.554808180535112499e+20 4.279733957427199345e+20 1.831058866045881876e+20 9.140094135104438272e+19 5.981017466013446144e+19 4.945033753818741146e+19 4.642590616561786061e+19 4.620860232538854195e+19 4.795094906215732838e+19 5.338955476344709939e+19 6.908704304689956454e+19 1.145497638160369091e+20 2.430447840655667364e+20 5.730328547531025940e+20 1.214811779972471980e+21 1.788746352478958911e+21 1.511726168266770219e+21 7.854369485083198095e+20 3.123227293000480850e+20 1.116248691486448681e+20 3.884999768340733952e+19 1.388255396572101837e+19 5.519367547736136704e+18 2.861053499560562176e+18 2.385982538430554112e+18 3.449421445746009600e+18 7.442150193431002112e+18 1.959772679001311232e+19 5.557301978273150566e+19 1.590517627132409610e+20 4.342989480727994696e+20 1.021236591839654183e+21 1.705994992193411744e+21 1.654337385524182385e+21 9.445089515200999588e+20 3.918092492628374979e+20 1.414901999266982789e+20 4.855841392607726797e+19 1.638703638619055923e+19 5.512112724330695680e+18 1.865521194848057856e+18 6.461630772723668480e+17 2.389440565267111040e+17 1.031389796468778240e+17 5.800468442616128000e+16 4.315804295446768000e+16 3.842971270774230400e+16 3.708308798995510400e+16 3.686818629005098400e+16 3.703354766292270400e+16
2.816806651705287311e+20 2.791955512339274465e+20 2.767303810561776026e+20 2.742850336882206638e+20 2.718593934917713920e+20 2.694533606314084598e+20 2.670668825031081001e+20 2.647000479403181015e+20 2.623533696517073142e+20 2.600286310342996132e+20 2.577314250760900444e+20 2.554787659193941688e+20 2.533219036948151665e+20 2.514146719122915328e+20 2.502179099126241034e+20 2.511079685936765010e+20 2.581623762623661015e+20 2.831770957756270510e+20 3.579342092601497354e+20 5.513315911960528159e+20 9.306249494519705764e+20 1.371184469533491200e+21 1.623192017623772561e+21 1.703413125213699965e+21 1.725321441122552906e+21 1.733397618603354227e+21 1.738087246629850579e+21 1.741796237659522466e+21 1.745162666748917318e+21 1.748379741993775137e+21 1.751522066134035333e+21 1.754656185620723663e+21 1.757928721109530182e+21 1.761749354844827156e+21 1.767275904970374775e+21 1.777598447598052049e+21 1.799403792126526882e+21 1.835980026525764026e+21 1.824491658421131018e+21 1.542107447922086117e+21 9.659945870982143017e+20 4.918938319273917809e+20 2.611209114367332188e+20 1.731882104238600028e+20 1.431483906317155205e+20 1.337938727298379940e+20 1.316160533414898893e+20 1.321859627879563592e+20 1.346600826232039997e+20 1.406947306069523497e+20 1.565815966433972060e+20 2.010198576139732582e+20 3.250316553902398505e+20 6.418668057697279017e+20 1.255542428613461934e+21 1.795731760145770480e+21 1.504995612444348908e+21 7.813109680719394243e+20 3.119105916604113879e+20 1.129727338111336940e+20 4.086682541739488051e+19 1.614588143145750323e+19 7.881621771146458112e+18 5.273022835717368832e+18 4.833385527333365760e+18 5.933866754418870272e+18 9.982878584442214400e+18 2.225598340631042867e+19 5.852590923349019034e+19 1.627679596482087158e+20 4.397156213041196564e+20 1.028552110514645107e+21 1.709971040512798884e+21 1.649883802717882941e+21 9.386320285375374295e+20 3.887411051177924362e+20 1.403312963654395986e+20 4.819303325262482637e+19 1.630679198055344333e+19 5.529823460734587904e+18 1.916641611739130624e+18 7.089093363731440640e+17 3.060189205990291840e+17 1.721066187201464000e+17 1.280555513807975040e+17 1.140260865231846880e+17 1.100304800917913120e+17 1.093928250746198720e+17 1.098834558709272160e+17 1.107577413726877440e+17
9.931225470206784307e+19 9.838578871948961382e+19 9.746772098549995930e+19 9.655798283390938317e+19 9.565651170561507328e+19 9.476326229626855424e+19 9.387823995482631373e+19 9.300160073751882957e+19 9.213395113599918080e+19 9.127724594785474970e+19 9.043747790012329165e+19 8.963273421515712102e+19 8.891732642239637094e+19 8.845403362929495245e+19 8.873015685175510630e+19 9.120153940537606144e+19 1.001934010397664870e+20 1.283447298563832545e+20 2.107946591377190093e+20 4.313706763577107415e+20 9.075942504990444093e+20 1.535477709069690601e+21 1.843860663424163774e+21 1.793691042324015481e+21 1.695836402620828484e+21 1.643212662403444507e+21 1.619661333961092891e+21 1.607939276290509505e+21 1.600446624397382648e+21 1.594385682571984634e+21 1.588779339834056770e+21 1.583286347919634989e+21 1.577769693518054031e+21 1.572119427017155281e+21 1.566106402252556599e+21 1.559064275264981959e+21 1.548878916680212283e+21 1.528242508554090316e+21 1.470664842579366642e+21 1.303404755596536185e+21 9.784719756692891894e+20 6.526162819792952361e+20 4.684946742705721836e+20 3.942776382006721905e+20 3.695398738950531973e+20 3.631540383704730829e+20 3.632166341764857856e+20 3.657551369557149614e+20 3.699901482700330107e+20 3.773476602385239900e+20 3.932910891655685079e+20 4.340517089357857423e+20 5.438805369023251743e+20 8.209502737912268063e+20 1.354554542976296288e+21 1.810498242625421181e+21 1.495791706925172523e+21 7.795642032868073144e+20 3.157431602446004388e+20 1.189126675547027210e+20 4.755883235286106931e+19 2.313378122893691699e+19 1.501427373003754291e+19 1.250097476454039757e+19 1.214195789887987507e+19 1.332268749683165184e+19 1.746432389285108736e+19 2.986977724912455680e+19 6.638442745678966784e+19 1.711542038631660585e+20 4.490931209484791972e+20 1.038267928196777116e+21 1.714453170887692911e+21 1.645314747093424275e+21 9.328161037996596920e+20 3.858083005395313623e+20 1.393103847118113505e+20 4.796225789209149440e+19 1.636015963143491379e+19 5.681586476410808320e+18 2.102817455271987200e+18 9.079192924471232000e+17 5.106437143289364480e+17 3.799451178332967680e+17 3.383184410475790080e+17 3.264627887373392640e+17 3.245705089268538240e+17 3.260259755516160000e+17 3.286197856777160320e+17 3.316142067427409280e+17
3.377212611991737958e+19 3.345116010537199616e+19 3.313321764600073830e+19 3.281827367226523238e+19 3.250630903697023795e+19 3.219732183612912845e+19 3.189136132218109952e+19 3.158862948752952115e+19 3.128978533939112346e+19 3.099685628711253606e+19 3.071596795861624832e+19 3.046552033536004096e+19 3.030067367721619866e+19 3.038665586495831245e+19 3.121802625594100531e+19 3.427263932415306957e+19 4.394553341183322522e+19 7.312127048675189555e+19 1.579723681718851011e+20 3.873194777397323366e+20 8.977816912406853714e+20 1.589728606230926590e+21 1.818394042357331788e+21 1.481330130548904690e+21 1.148522921402252132e+21 9.853114399496117944e+20 9.195549231535474606e+20 8.925819935975437763e+20 8.793976122258598134e+20 8.709463617924598333e+20 8.641121164273448387e+20 8.578453210031133819e+20 8.518093504496743219e+20 8.459418358800125788e+20 8.403754965357862584e+20 8.356167744778264904e+20 8.331917929217186857e+20 8.373222941387473551e+20 8.575318931695173632e+20 9.034307181923268035e+20 9.496822819462786580e+20 9.426683063146231890e+20 9.069417385172568637e+20 8.857824212618803937e+20 8.804458633375677153e+20 8.824829847612645704e+20 8.873091730242779218e+20 8.932885081929148006e+20 9.002291867348754760e+20 9.091781019108725228e+20 9.237551580780251054e+20 9.545832933463162880e+20 1.030529850874366263e+21 1.215603359974203589e+21 1.566371345897360196e+21 1.835345505781426422e+21 1.478546021519012921e+21 7.846039571734978888e+20 3.320103225514153738e+20 1.384094393130926408e+20 6.809145540997272371e+19 4.412119311406419968e+19 3.628561961811972915e+19 3.400287666094329037e+19 3.385737260189464986e+19 3.524476254430892851e+19 3.958432231466316595e+19 5.216179561642645914e+19 8.876402468862050304e+19 1.933421199442573066e+20 4.701331736503101030e+20 1.055024431778446836e+21 1.720513039836617638e+21 1.640496874158530757e+21 9.271517812110761656e+20 3.832383455474141102e+20 1.386825309741165117e+20 4.812706688970050765e+19 1.681107963768069325e+19 6.233955430138868736e+18 2.693192152196667392e+18 1.514943759734409984e+18 1.127200386086116224e+18 1.003692632311247744e+18 9.685132965245523200e+17 9.628957866954048000e+17 9.672113116935481600e+17 9.749043696414014720e+17 9.837860249200785920e+17 9.931257711866192640e+17
1.134430601934077747e+19 1.123583835804151398e+19 1.112840644754301747e+19 1.102200336202836378e+19 1.091662799755398963e+19 1.081229650438064128e+19 1.070907653119030682e+19 1.060718979638402048e+19 1.050731931499262362e+19 1.041152961407519539e+19 1.032602295526121062e+19 1.026939447249943347e+19 1.029735457179176960e+19 1.057674501406092902e+19 1.160693487618402099e+19 1.488026750776367718e+19 2.483626099896205722e+19 5.450247661201754522e+19 1.405580070490372669e+20 3.738216090230215803e+20 8.974528607609278956e+20 1.608619840621502267e+21 1.770306151097944506e+21 1.237653706448943972e+21 7.415535239598422098e+20 5.020700833528954225e+20 4.093616144737525432e+20 3.749889557126601114e+20 3.612946786177856963e+20 3.546684642912462438e+20 3.504430218166083912e+20 3.470551238942592205e+20 3.440150207079852278e+20 3.412629272341411922e+20 3.390911871848651817e+20 3.385309288575649710e+20 3.426931683287445668e+20 3.606215073338057032e+20 4.168847531374150287e+20 5.660965385954356756e+20 8.683035942813563617e+20 1.240118385861945459e+21 1.473911109183972311e+21 1.559921737154304147e+21 1.588153636819483230e+21 1.600138138109405561e+21 1.607485762575567421e+21 1.613427339909523309e+21 1.619052620590631617e+21 1.625046579929849266e+21 1.632608174125304775e+21 1.644898446359004447e+21 1.670254843565026050e+21 1.726264025686227026e+21 1.820553243888595501e+21 1.823366801404124463e+21 1.433229586913990017e+21 8.071258407892747551e+20 3.833146692248399380e+20 1.968894491158589604e+20 1.286811011142114345e+20 1.057050745881615237e+20 9.857575930820907827e+19 9.691380743820676301e+19 9.735783888796434432e+19 9.930615341827288269e+19 1.041347832752825631e+20 1.169824136326110740e+20 1.531935596284401746e+20 2.554571893151676826e+20 5.248427282904120033e+20 1.092035413989922832e+21 1.731142130035669598e+21 1.635017377455310111e+21 9.219132408201269740e+20 3.817125783878904709e+20 1.392110028532956692e+20 4.946839681473077248e+19 1.844936023956159283e+19 7.984559608293992448e+18 4.493139178995798016e+18 3.343150443880709120e+18 2.976720777721369088e+18 2.872319575463017984e+18 2.855625255263463424e+18 2.868402132005693952e+18 2.891199886514173440e+18 2.917523767214148608e+18 2.945206279662613504e+18 2.973525239593280000e+18
3.797371876145149952e+18 3.761044174688539648e+18 3.725066311976644096e+18 3.689437863492487680e+18 3.654164218607426048e+18 3.619268117117062656e+18 3.584824204669030912e+18 3.551062534747060224e+18 3.518678581938365952e+18 3.489761800410253312e+18 3.470576831199830528e+18 3.479893462874836480e+18 3.573933115447633408e+18 3.921056071502001664e+18 5.025167930498201600e+18 8.392191934880848896e+18 1.850234641900867174e+19 4.850533486743160422e+19 1.354462109199673917e+20 3.711985735678788239e+20 9.010739094038819635e+20 1.617639471971811459e+21 1.745065472956133802e+21 1.126009729963780080e+21 5.594428476501181071e+20 2.875347625617102275e+20 1.838072826976808796e+20 1.468672464098413445e+20 1.335661250177135739e+20 1.283243780992368312e+20 1.258058185994480845e+20 1.242250665952200622e+20 1.230221176514537062e+20 1.221241641492138394e+20 1.218495568979668992e+20 1.233285654215727514e+20 1.299822403873000489e+20 1.518620574882108867e+20 2.172270272234090660e+20 3.958980688495861432e+20 8.004879977256819098e+20 1.397797980312071569e+21 1.793141401116497412e+21 1.843377785099795300e+21 1.795256190179344646e+21 1.762073268686992703e+21 1.746382212911070708e+21 1.738509743620674814e+21 1.733491317715111772e+21 1.729399265351906886e+21 1.725483822285557596e+21 1.721273573496756634e+21 1.715884580934558679e+21 1.706246181974590620e+21 1.679230800135505052e+21 1.581901255474883068e+21 1.300205853249273856e+21 8.626911777165027574e+20 5.223916297703739884e+20 3.588680083856967598e+20 2.975477960861260186e+20 2.776124280732505866e+20 2.724685495647607521e+20 2.724642558131926467e+20 2.744414438118167675e+20 2.778147581418211246e+20 2.838164802131007570e+20 2.970904950055116472e+20 3.315023584482112963e+20 4.255952394747863368e+20 6.705422221664764559e+20 1.183644860107776590e+21 1.753821879447602070e+21 1.627544517890173567e+21 9.179156162913805271e+20 3.832603094617016238e+20 1.431721540890346127e+20 5.431682543544102093e+19 2.363260376031884083e+19 1.331449054645762458e+19 9.906863220154906624e+18 8.819953945630606336e+18 8.510018409932383232e+18 8.460252207420149760e+18 8.497916086664538112e+18 8.565306237250206720e+18 8.643153327561989120e+18 8.725026416246839296e+18 8.808782709767050240e+18 8.893711692868850688e+18
1.277017768777732352e+18 1.264959147363076352e+18 1.253019407265350912e+18 1.241200365229370624e+18 1.229509682938203392e+18 1.217972507633422592e+18 1.206666338416017664e+18 1.195825459417675264e+18 1.186153741361970176e+18 1.179761551285084672e+18 1.182971972136285184e+18 1.214725674662792960e+18 1.331751731346147840e+18 1.703926379590330624e+18 2.839687453387079168e+18 6.258490521557569536e+18 1.648073537622665421e+19 4.677337709950360781e+19 1.345054983763542180e+20 3.722958836795893350e+20 9.061058726772918190e+20 1.623701478854427935e+21 1.733390866376068956e+21 1.080914713982338466e+21 4.901256041435526595e+20 2.076713985638184714e+20 1.005363273909277164e+20 6.293651788745723904e+19 4.992692170318767718e+19 4.529187775464840397e+19 4.348038256879816704e+19 4.263588117611831296e+19 4.217560467701918925e+19 4.202151001167252685e+19 4.249697811566805811e+19 4.475433731097541018e+19 5.228604644468491878e+19 7.538912734060586598e+19 1.433202401747464356e+20 3.306784443003383316e+20 7.702483320636002796e+20 1.453375118861953139e+21 1.838884306687102812e+21 1.638168937409490715e+21 1.340599417594169262e+21 1.180120686681886949e+21 1.113155520544895009e+21 1.085167769941118026e+21 1.071258967196227600e+21 1.062217803953503207e+21 1.054869749206081733e+21 1.048209675827574473e+21 1.042122647169967849e+21 1.037188594646088548e+21 1.034830080809245999e+21 1.034690859725312360e+21 1.017849523407114732e+21 9.386456369688894505e+20 8.193525444003106652e+20 7.383629415083292754e+20 7.049519003863149445e+20 6.958995384713858253e+20 6.962606465374579589e+20 6.999801995854156923e+20 7.050275872609482834e+20 7.110678842884497080e+20 7.190408701007012823e+20 7.323671303443602473e+20 7.612047647664930816e+20 8.337318674221705462e+20 1.016596772738205745e+21 1.395187922388849263e+21 1.800682517760550633e+21 1.613380712140748358e+21 9.174518444643108782e+20 3.938310754989005865e+20 1.572893943441379820e+20 6.957303747451151974e+19 3.934701137592307712e+19 2.928096456597257830e+19 2.606007814709064090e+19 2.513935871370193306e+19 2.498976572199548518e+19 2.509938767172915200e+19 2.529712657652515635e+19 2.552583621822863360e+19 2.576644306025085747e+19 2.601259114216894874e+19 2.626217235490388787e+19 2.651449748359691878e+19
4.521799920165754880e+17 4.484035165234031360e+17 4.446701651376236800e+17 4.409825412655633280e+17 4.373491387664357120e+17 4.337960870324603520e+17 4.304023305013139840e+17 4.274049994388360320e+17 4.255150199543871360e+17 4.268624351637632000e+17 4.378278179471383680e+17 4.775225943706650880e+17 6.031857900978839040e+17 9.862189728777881600e+17 2.139621196012301312e+18 5.596454149046799360e+18 1.591738443184829850e+19 4.648568088069592678e+19 1.349818974089574154e+20 3.746663894915792896e+20 9.116298229894617498e+20 1.628797658851026403e+21 1.727094017742632124e+21 1.061286844135414432e+21 4.638726499243270472e+20 1.791793442809172460e+20 7.148146745373600973e+19 3.388279050691021210e+19 2.105811213627027456e+19 1.666643527192724275e+19 1.511577846669622272e+19 1.453634160974278451e+19 1.434144623280986317e+19 1.445299190391214490e+19 1.519796849732407296e+19 1.774081329303505920e+19 2.561162996835294413e+19 4.922948980081306010e+19 1.182927984083836600e+20 3.092418210979465789e+20 7.619612381972597309e+20 1.473682889734331040e+21 1.818259131155289211e+21 1.406930574512797254e+21 8.980970046863046083e+20 6.299710801717749350e+20 5.227358825051208417e+20 4.823995224331128013e+20 4.661622146056387953e+20 4.582700398336057672e+20 4.534038958623349801e+20 4.501474019387759002e+20 4.491707203574328197e+20 4.540743386222044119e+20 4.756208949542477496e+20 5.414266446338193490e+20 7.017651494806135767e+20 9.710105601150464819e+20 1.219348445097843229e+21 1.339700522815615926e+21 1.381771333956926964e+21 1.398621238712990433e+21 1.408296481394217452e+21 1.415793901901321863e+21 1.422642127972235739e+21 1.429479385888860930e+21 1.436952988794841465e+21 1.446553537284728160e+21 1.462446565902597751e+21 1.496017383097563611e+21 1.573802406627241624e+21 1.726507633010276827e+21 1.851937139242350412e+21 1.574309628652203540e+21 9.259445676561882153e+20 4.300690962140682650e+20 2.008542474271083725e+20 1.151925395231323259e+20 8.584376521260492390e+19 7.635323229838514586e+19 7.362057484228395008e+19 7.316281439547105280e+19 7.347058415900817818e+19 7.403846789079203840e+19 7.469755699071174246e+19 7.539146250800642458e+19 7.610138899487798067e+19 7.682109801536957645e+19 7.754854525634251981e+19 7.828308743015538688e+19
2.283072038876834240e+17 2.277954310113145280e+17 2.273062956450515520e+17 2.268427287235131840e+17 2.264136024448476800e+17 2.260455806019840960e+17 2.258186131207432960e+17 2.259722503852397120e+17 2.272240792061097280e+17 2.317235078766879040e+17 2.459085285064231040e+17 2.890619580488627840e+17 4.189355010143835520e+17 8.084649391274737920e+17 1.975237187925965568e+18 5.465994330727218176e+18 1.588183911959174144e+19 4.672240163300460954e+19 1.359761074104120115e+20 3.775087198967006495e+20 9.173490548963707453e+20 1.633553435083950260e+21 1.722686944817837244e+21 1.050600417118448124e+21 4.526888103451847557e+20 1.686305875420099052e+20 6.134562114946999910e+19 2.396712944735838618e+19 1.128101381290589594e+19 6.997804178652365824e+18 5.544685534643174400e+18 5.058667263011414016e+18 4.955765349527443456e+18 5.159881505919563776e+18 6.001930418187174912e+18 8.657404006955205632e+18 1.668939690198952755e+19 4.061687628711209370e+19 1.104463402131897876e+20 3.035825044167413596e+20 7.624931154885358387e+20 1.483868885462931735e+21 1.802954383718401180e+21 1.290519499931045593e+21 6.817861662308718346e+20 3.631334141307518321e+20 2.376226823199800689e+20 1.923758364034090598e+20 1.759972223951905423e+20 1.695869059879060111e+20 1.667704169231574958e+20 1.658448197933107118e+20 1.675853600474722796e+20 1.762411412442462945e+20 2.047888364864934707e+20 2.888368334631518863e+20 5.087179064970022093e+20 9.557078494736154624e+20 1.495634880870155026e+21 1.781636566472382480e+21 1.830316062601441968e+21 1.821705743206366577e+21 1.813409704961010041e+21 1.809367295634388025e+21 1.807343701408143114e+21 1.806050050517153612e+21 1.804990680178032378e+21 1.804029557203733053e+21 1.803223803574697591e+21 1.802761604478064394e+21 1.802226992871841989e+21 1.793685326244464296e+21 1.724951045715382764e+21 1.448406639406790738e+21 9.497984912500374897e+20 5.324125124870355681e+20 3.245855792886821028e+20 2.448879606564403610e+20 2.180182421406212751e+20 2.101136432137317908e+20 2.087064365254277530e+20 2.094964984648534917e+20 2.110327255513286902e+20 2.128290472313505382e+20 2.147230969706688020e+20 2.166607347590081413e+20 2.186239650754753659e+20 2.206068592127032689e+20 2.226075165862768476e+20 2.246253813649959813e+20
3.079103999708220800e+17 3.099815687022132480e+17 3.120829839738716800e+17 3.142178433703431680e+17 3.163953393310307840e+17 3.186426146939811840e+17 3.210405727260510720e+17 3.238311360765824000e+17 3.277385117413337600e+17 3.349314486112979840e+17 3.519053730817523840e+17 3.981146123854205440e+17 5.318239466620043520e+17 9.275044850984807680e+17 2.107333762827454976e+18 5.631738951002251264e+18 1.614224744922074522e+19 4.725461338137991578e+19 1.372628231690501161e+20 3.806204500347575337e+20 9.232081050922570220e+20 1.638184213080955159e+21 1.718895263249986224e+21 1.042970264563325862e+21 4.466385646700589875e+20 1.641752635494272205e+20 5.762562661475095347e+19 2.053782369053324493e+19 7.972712817059960832e+18 3.751096723970913280e+18 2.339273049027743744e+18 1.887710048156295168e+18 1.817317709578637056e+18 2.054718702235893760e+18 2.934966864924875776e+18 5.644583209365627904e+18 1.377905441014823526e+19 3.795256693132736102e+19 1.084422010473942221e+20 3.033368273729677558e+20 7.661532620998671073e+20 1.490987212516038279e+21 1.795615157542260048e+21 1.242187281400206983e+21 5.969550531827531776e+20 2.606524946123083940e+20 1.289911824262088622e+20 8.225843564746678272e+19 6.604148718704584294e+19 6.034679756030884250e+19 5.843146740809984410e+19 5.848251374297657344e+19 6.127803359540880179e+19 7.119343565044999782e+19 1.016947539132187935e+20 1.904757039708231762e+20 4.277862787819339776e+20 9.401557418706121523e+20 1.600349380113190617e+21 1.844358884123019575e+21 1.654313487016633041e+21 1.457251671607367434e+21 1.359790565153608827e+21 1.318732641166351925e+21 1.300003768889385943e+21 1.289206472048066429e+21 1.281117205953531609e+21 1.273913484912492020e+21 1.266923066093352518e+21 1.259762926009629540e+21 1.251797532189973021e+21 1.240829036110222721e+21 1.217108484183717839e+21 1.144517869598232412e+21 9.725426620541369057e+20 7.631896295948213289e+20 6.297439446737075569e+20 5.738028261121848115e+20 5.560098771771464090e+20 5.527812032769078067e+20 5.546450115306506813e+20 5.582471809215204557e+20 5.624488251465819095e+20 5.668686909740177162e+20 5.713797761215627919e+20 5.759398546952487567e+20 5.805349042826165617e+20 5.851602762187164877e+20 5.898144348162743992e+20 5.944968765379684598e+20
7.966431572651024640e+17 8.040464410505448960e+17 8.115257379779904000e+17 8.190847695733588480e+17 8.267333084792755200e+17 8.344992379907203840e+17 8.424646729575165440e+17 8.508741495923142400e+17 8.604586776338938880e+17 8.734063428743155200e+17 8.962694281990316800e+17 9.486714396113032960e+17 1.089382559254935936e+18 1.494385287442101504e+18 2.690374302205295616e+18 6.251237033289863168e+18 1.685823432831521997e+19 4.824108319200801587e+19 1.389923052774789939e+20 3.841294231534630994e+20 9.293156385019820769e+20 1.642797325144504664e+21 1.715272292772480287e+21 1.036381411029906358e+21 4.423368080137531556e+20 1.617817992674548122e+20 5.607013844392089190e+19 1.929446152923011482e+19 6.843677231877495808e+18 2.667659677517902848e+18 1.278172958524271872e+18 8.412592525042856960e+17 7.834244069760984320e+17 1.034250101591445888e+18 1.933026901412169728e+18 4.677383750849955840e+18 1.289525674649714074e+19 3.729520312871019315e+19 1.084140256395035116e+20 3.049326032968571945e+20 7.708907407066913833e+20 1.497102648037184635e+21 1.791854815221216182e+21 1.221140842326081929e+21 5.646139275943559168e+20 2.237475289629185147e+20 9.069222130954122035e+19 4.373103624578942566e+19 2.768105552673544602e+19 2.228347826233853133e+19 2.070863289609839411e+19 2.112020888698622771e+19 2.430481076768577126e+19 3.469166641201612800e+19 6.594032666342232064e+19 1.565193413833912812e+20 4.001964842702084506e+20 9.360213500675829268e+20 1.632584015221717991e+21 1.781504910811787690e+21 1.325439479769645187e+21 9.177586456822854451e+20 7.234999445659640136e+20 6.473536595114602004e+20 6.177138510355829883e+20 6.045472319893794980e+20 5.970648277460632207e+20 5.916548879955722240e+20 5.873728807819521556e+20 5.847260055798284288e+20 5.863163008692911473e+20 5.998980601415381811e+20 6.452671955984760177e+20 7.576575998325006008e+20 9.431764998288534405e+20 1.104349400365970883e+21 1.173195837608467104e+21 1.194377962950492946e+21 1.204075151455318442e+21 1.211551282462553014e+21 1.218513549061737153e+21 1.225318309570332066e+21 1.232065930885096800e+21 1.238790640704626885e+21 1.245504678855445578e+21 1.252212206811689255e+21 1.258914351740696134e+21 1.265611102332469117e+21 1.272302021379270377e+21 1.278986511302492946e+21
2.343140943965545984e+18 2.365695223954274304e+18 2.388469920328471040e+18 2.411470189756771328e+18 2.434707302312524288e+18 2.458210798531262976e+18 2.482064901855809024e+18 2.506517580637190144e+18 2.532307209165124608e+18 2.561640975521010176e+18 2.601125353422326272e+18 2.670542980688557056e+18 2.829137024025429504e+18 3.254301209753567232e+18 4.476942159107105280e+18 8.083482727901082624e+18 1.879212758070997402e+19 5.043822549373499802e+19 1.418886769359359017e+20 3.886613005813035827e+20 9.360846696457557770e+20 1.647535518241118749e+21 1.711656663538968035e+21 1.030155881631589728e+21 4.386585018861528023e+20 1.601120339344055992e+20 5.526843515581381837e+19 1.881039944017640653e+19 6.471278803102786560e+18 2.335535349930988544e+18 9.622290613134245120e+17 5.335808936865395200e+17 4.818942548555938560e+17 7.397833403102913280e+17 1.650820750066692608e+18 4.423817295462437888e+18 1.271931827910060851e+19 3.734034831818547200e+19 1.090806021532420014e+20 3.071820920859903263e+20 7.760198899932654469e+20 1.502872701348383556e+21 1.789388400338066473e+21 1.209821610735814836e+21 5.509160575976701952e+20 2.100915758676938588e+20 7.730323006255398912e+19 3.054071399546225459e+19 1.464420273432947302e+19 9.381812410891526144e+18 7.936945829981458432e+18 8.482461246816191488e+18 1.182130418358222234e+19 2.242822221912816026e+19 5.410248069964863078e+19 1.457672386627414262e+20 3.927425696025952911e+20 9.382024622984644526e+20 1.644811728004507501e+21 1.737223887779242181e+21 1.139398891797304705e+21 6.188131431097664799e+20 3.731362648706568028e+20 2.793994925923288351e+20 2.454413536394887168e+20 2.326108443477448458e+20 2.270450115832741888e+20 2.241162740738436301e+20 2.226278498297813402e+20 2.232632372488206090e+20 2.294685775957611643e+20 2.517434410599950909e+20 3.191212629109405123e+20 4.988553589400792596e+20 8.771514439024556114e+20 1.370251761714396135e+21 1.680091535651318792e+21 1.771227797260976259e+21 1.787520245775147729e+21 1.790718943363996320e+21 1.792401427877443404e+21 1.793985339639178199e+21 1.795553523626883940e+21 1.797075491007399461e+21 1.798530818544471900e+21 1.799910231844598841e+21 1.801209822929578361e+21 1.802427926059871109e+21 1.803563771431072301e+21 1.804616943911175979e+21
6.994953061374296064e+18 7.062462952946288640e+18 7.130625285212786688e+18 7.199449375917752320e+18 7.268950733747412992e+18 7.339163291929772032e+18 7.410176048051045376e+18 7.482242803710857216e+18 7.556110845483822080e+18 7.634005375847572480e+18 7.722577943248392192e+18 7.841736859396672512e+18 8.051091128282531840e+18 8.529115643122748416e+18 9.809925180624969728e+18 1.348944234618998784e+19 2.431369065061411226e+19 5.619662183176487731e+19 1.482028499691821793e+20 3.961604104922614333e+20 9.447701990432720814e+20 1.652761071083058627e+21 1.707968076805221646e+21 1.024076038159453782e+21 4.352715770824381563e+20 1.587705264271982920e+20 5.480253717895772570e+19 1.866308028037242061e+19 6.434891098485025792e+18 2.338224255523458048e+18 9.797770708392892160e+17 5.580549034649523840e+17 5.111934829518959360e+17 7.748538794336532480e+17 1.696904454320755968e+18 4.497367110290642944e+18 1.286946121042048819e+19 3.771071099418800128e+19 1.100704926712674222e+20 3.097390137783862559e+20 7.813483514980671160e+20 1.508527325490426937e+21 1.787333966962709496e+21 1.201840171537434149e+21 5.436000414287577743e+20 2.043691910600314716e+20 7.240229366097656218e+19 2.597846096750640333e+19 1.022792195488352666e+19 5.043668630852997120e+18 3.655677055298485760e+18 4.257093498790785536e+18 7.670564718574842880e+18 1.841574569838790042e+19 5.041977191146042163e+19 1.429691673523485901e+20 3.923024126768760095e+20 9.428269731238076744e+20 1.651594830850328101e+21 1.716594249614901641e+21 1.061491055007838765e+21 4.976812381301428060e+20 2.328444994154638868e+20 1.328063662322170102e+20 9.753805145021685760e+19 8.513416471062777037e+19 8.057579131085946880e+19 7.884910059530685645e+19 7.864455168193758822e+19 8.065638460687060173e+19 8.848438552946265293e+19 1.131907299356422799e+20 1.860500833974031811e+20 3.845056410930639012e+20 8.331467194599222804e+20 1.482419882254711128e+21 1.843734144191602622e+21 1.769790219609586270e+21 1.623159067935524258e+21 1.542933966654276370e+21 1.507866608328917910e+21 1.491496370566278414e+21 1.481864535101677240e+21 1.474543851420020638e+21 1.467991512185320505e+21 1.461680685131300602e+21 1.455433005116599828e+21 1.449188578105563283e+21 1.442927665605337678e+21 1.436644123839159337e+21
2.086539136095300403e+19 2.106607229886681088e+19 2.126867364002541568e+19 2.147321658439104512e+19 2.167972863617833779e+19 2.188825584876314624e+19 2.209889949382080922e+19 2.231192587801231770e+19 2.252809522698579968e+19 2.274964664292369203e+19 2.298324787008867942e+19 2.324882898070202368e+19 2.360603386469244928e+19 2.423340113197958349e+19 2.566516237659534541e+19 2.949739815934004838e+19 4.047590082448316006e+19 7.251033613356901990e+19 1.646294009421745684e+20 4.124025651383185572e+20 9.590796283377149542e+20 1.659510717755159740e+21 1.704100804157324657e+21 1.018101531521029767e+21 4.322005456461173883e+20 1.577826389101258015e+20 5.469472504370411110e+19 1.887520910912453427e+19 6.759506286231482368e+18 2.703708647592119808e+18 1.362032719942224384e+18 9.492119006127056640e+17 9.091902229767482880e+17 1.180657254154007552e+18 2.115739830019676160e+18 4.945562565101307904e+18 1.339568313967843123e+19 3.845704195689304883e+19 1.114309062827341414e+20 3.126408331152189686e+20 7.869207540739633316e+20 1.514183272058395034e+21 1.785377239733177942e+21 1.194989917790786814e+21 5.384560184882188124e+20 2.013309393284798874e+20 7.036475442034411110e+19 2.432365290665158656e+19 8.715429761273760768e+18 3.589702244762955776e+18 2.233847385434406656e+18 2.864933368704429056e+18 6.326540959280424960e+18 1.718346225314012979e+19 4.948796802939353498e+19 1.428621953210192364e+20 3.942524461285560812e+20 9.483077544271590195e+20 1.656725686294754886e+21 1.706713997613316440e+21 1.029842777312908804e+21 4.524890715834411254e+20 1.822169002327371284e+20 8.054315446879676006e+19 4.504622630401844019e+19 3.289339991833980928e+19 2.874412601154722611e+19 2.747843295220134707e+19 2.775667844081960550e+19 3.027851932464115302e+19 3.869379410578962022e+19 6.424718970176340787e+19 1.389481277805084836e+20 3.436781231075447276e+20 8.169206840305593876e+20 1.519388801393244504e+21 1.826522924580165124e+21 1.483505354419216056e+21 1.089491766357455143e+21 8.874793219319659233e+20 8.059708295402098524e+20 7.736623513562488504e+20 7.589847080558568407e+20 7.503700458905552814e+20 7.438222619492511908e+20 7.379873931467242865e+20 7.324096859870975754e+20 7.269361109936552018e+20 7.215153681944832901e+20 7.161303072879715287e+20
6.177819819168378880e+19 6.236550623202999501e+19 6.295829871912008909e+19 6.355662793471737856e+19 6.416055261209971098e+19 6.477014999686732186e+19 6.538555195403510579e+19 6.600705307385074483e+19 6.663543435262788403e+19 6.727293233276272640e+19 6.792614079199937331e+19 6.861469832428975718e+19 6.939729588222159258e+19 7.044950910734000947e+19 7.229650289785067110e+19 7.650678477315021210e+19 8.774270672925040640e+19 1.196640216331742085e+20 2.105728213205312143e+20 4.541094071850964091e+20 9.897100249846069330e+20 1.670728375713307296e+21 1.699771792003793158e+21 1.012319583569229251e+21 4.298603239016873984e+20 1.576284294058445373e+20 5.543705210474942464e+19 1.994474118658909389e+19 7.948726036194112512e+18 3.941396064669613056e+18 2.624316237423840256e+18 2.228348240909549824e+18 2.203190477941569280e+18 2.490492111612982784e+18 3.446461771527393280e+18 6.312801829753049088e+18 1.484582415848013005e+19 4.012512164817675059e+19 1.136897547440047882e+20 3.163571634651743519e+20 7.930747046324746322e+20 1.519997952429016482e+21 1.783409044200754512e+21 1.188521900088190829e+21 5.340731404879739617e+20 1.992209102328735662e+20 6.931010110555146650e+19 2.366422098123164058e+19 8.196395353713071104e+18 3.122526050240018944e+18 1.790642214657953024e+18 2.442841744575299072e+18 5.944081730031417344e+18 1.690456864025602662e+19 4.950135722347860787e+19 1.436839972266556785e+20 3.970351719609137889e+20 9.540952056691155272e+20 1.661301250900489404e+21 1.700803180437442658e+21 1.015022978176129303e+21 4.348483750654679450e+20 1.640784589597165814e+20 6.242758306918948864e+19 2.706496384129521664e+19 1.507278221295448064e+19 1.109079744016470221e+19 9.995042471639332864e+18 1.044850287803728077e+19 1.316289001458663219e+19 2.182593107794284544e+19 4.780155104259371827e+19 1.235003038136241193e+20 3.312823288507295334e+20 8.144626015493525340e+20 1.533950971071590302e+21 1.796932068883343081e+21 1.290069927368985412e+21 7.435741295281053368e+20 4.666607261521850532e+20 3.581302524289309082e+20 3.183005324431157494e+20 3.030303625319332577e+20 2.961724522831130788e+20 2.921631893459269386e+20 2.891228673227404739e+20 2.864204988801807155e+20 2.838446804759747297e+20 2.813245820500350730e+20 2.788364236259091087e+20
1.788393871773036708e+20 1.804811472465022484e+20 1.821371387777125908e+20 1.838074720268132680e+20 1.854922634361122324e+20 1.871916469522629591e+20 1.889058078987095900e+20 1.906350843336618148e+20 1.923802703279272755e+20 1.941435233863324467e+20 1.959310794180559176e+20 1.977613754334234870e+20 1.996893483174546637e+20 2.018790998475982766e+20 2.048209902840950292e+20 2.099783631005503980e+20 2.216975722669977764e+20 2.527026487906678538e+20 3.386427568545188413e+20 5.665772530127241871e+20 1.065577676486428066e+21 1.694205910183027671e+21 1.694067053534029808e+21 1.007061856897808073e+21 4.296030156642941665e+20 1.598758397684132413e+20 5.864098567981418906e+19 2.350257864910569472e+19 1.164999447926928589e+19 7.715028875066141696e+18 6.446753873053412352e+18 6.092093500067659776e+18 6.106411170594272256e+18 6.434112381214487552e+18 7.434895981223218176e+18 1.035926067975614259e+19 1.898891100955956838e+19 4.447612918974511514e+19 1.185517711468767805e+20 3.224073379515210793e+20 8.008815563669929984e+20 1.526373237614217265e+21 1.781390740324113449e+21 1.182183792511540789e+21 5.300104816876364759e+20 1.974913751323665367e+20 6.865081135958374810e+19 2.340279890149711053e+19 8.074536033967965184e+18 3.050642194954951168e+18 1.740544734729529344e+18 2.411627239727009280e+18 5.950355854234349568e+18 1.701250289726809702e+19 4.989994021997490995e+19 1.448868648055999037e+20 4.001651735637019197e+20 9.600289966269707059e+20 1.665670927086397161e+21 1.696246796677310841e+21 1.006016912761083003e+21 4.266920248811464950e+20 1.570991898809571082e+20 5.602877487136752435e+19 2.091875217670908314e+19 9.052150112672676864e+18 5.151342311612333056e+18 4.123046866591367168e+18 4.644302872849494016e+18 7.442176404996591616e+18 1.624126937521524326e+19 4.251232574393410355e+19 1.189789720775190938e+20 3.288694382340316856e+20 8.172276541809958584e+20 1.542179189715389645e+21 1.781618041421879050e+21 1.204610227976733983e+21 5.955707915563485102e+20 2.885346207385542001e+20 1.694887419341453066e+20 1.270718716102315213e+20 1.120142347073169818e+20 1.063087639784554332e+20 1.037574793273171313e+20 1.022686415152781230e+20 1.011408907416903188e+20 1.001395426357771305e+20 9.918609415424773325e+19 9.825426031124065485e+19
4.853417054322016911e+20 4.893531814348629606e+20 4.933916339062018540e+20 4.974571347867024097e+20 5.015497586087085343e+20 5.056695916950102344e+20 5.098167597254875546e+20 5.139915101531366359e+20 5.181944583994062275e+20 5.224273230744095293e+20 5.266951212964510433e+20 5.310127231500519997e+20 5.354244181703443743e+20 5.400623052057160581e+20 5.453203681399823401e+20 5.523719569768298578e+20 5.646949992022198190e+20 5.924518546327518577e+20 6.640739809678234747e+20 8.489757652266026271e+20 1.249960872511357583e+21 1.746009292423365657e+21 1.683671143630527005e+21 1.003282920435965100e+21 4.354521741609873572e+20 1.692173558762329211e+20 6.913984826046887526e+19 3.444344274920293990e+19 2.280792821104526541e+19 1.901738195430680166e+19 1.787018380436797440e+19 1.762958089787351450e+19 1.775648263224748851e+19 1.819747058596056474e+19 1.931390729152887603e+19 2.235954347436904038e+19 3.112479404715944346e+19 5.678508846437099930e+19 1.311213141915324416e+20 3.353370018080319734e+20 8.135319120665563628e+20 1.534467141952006259e+21 1.779301949921781350e+21 1.175892526346443555e+21 5.262188784832936673e+20 1.960811917635741614e+20 6.831702484904973926e+19 2.346792584545940685e+19 8.280060965865356288e+18 3.307114896452385792e+18 2.019855173750120704e+18 2.710889137196855296e+18 6.288098721887303680e+18 1.745255936113170022e+19 5.063002459235273114e+19 1.464153281895102874e+20 4.035899698607508029e+20 9.661258570003450429e+20 1.669966570587929969e+21 1.692117222868715307e+21 9.989918352092799959e+20 4.217565812519128924e+20 1.538938479835826094e+20 5.358530999555648717e+19 1.876505741488759194e+19 7.011111007862297600e+18 3.161934585835410944e+18 2.166270506871901952e+18 2.718996651332672000e+18 5.563785484949654528e+18 1.446228997335156531e+19 4.098939285242861978e+19 1.181559958939166474e+20 3.298590798606486077e+20 8.218138045201081958e+20 1.548453510745158844e+21 1.774348852146161058e+21 1.169548278693892588e+21 5.394738236554923868e+20 2.230633670251827036e+20 1.009321549808965714e+20 5.787763037927759872e+19 4.303286001445106483e+19 3.782246306501969510e+19 3.585620801693673062e+19 3.497841719372607898e+19 3.446660449183003034e+19 3.407913808744153907e+19 3.373525155705698714e+19 3.340794250549293875e+19
1.110539443438040777e+21 1.117192671261233250e+21 1.123853618175229034e+21 1.130521756630952706e+21 1.137196554273009172e+21 1.143877479064160698e+21 1.150564014463651152e+21 1.157255704454515786e+21 1.163952287193543475e+21 1.170654091773000810e+21 1.177363216071598146e+21 1.184087023110546784e+21 1.190848517919473140e+21 1.197717133198645264e+21 1.204899970708336280e+21 1.213011443250962104e+21 1.223863398323019842e+21 1.242721570617249759e+21 1.284245242296803000e+21 1.384059877986035040e+21 1.593605094339962733e+21 1.830013321416599667e+21 1.654975326758322569e+21 1.003140785844641858e+21 4.588554881775917466e+20 1.992845007511279043e+20 1.010653648827951022e+20 6.710734182919454720e+19 5.591623345009284710e+19 5.248357585782176154e+19 5.166835368599885414e+19 5.175294835449997722e+19 5.220414806792455782e+19 5.296920238512001843e+19 5.440573660702765875e+19 5.775415591972139008e+19 6.676360626048853606e+19 9.248437363783480115e+19 1.663240898203630961e+20 3.684247156996464312e+20 8.403194797944147804e+20 1.547613278348094210e+21 1.777097421759729893e+21 1.169627908115642581e+21 5.229777929907360236e+20 1.953354024599376364e+20 6.866409749802022502e+19 2.421931736245712486e+19 9.177100481060472832e+18 4.260763775585394688e+18 3.002164239250762240e+18 3.718857083324148736e+18 7.339599580238112768e+18 1.860924625390536294e+19 5.207286073950692147e+19 1.486322077908543406e+20 4.076191336220288614e+20 9.725979592908712182e+20 1.674286358745991873e+21 1.688090216629404434e+21 9.926479769778404721e+20 4.179304384910451016e+20 1.519758943838254203e+20 5.248524362327646208e+19 1.796536996406471680e+19 6.319181597408342016e+18 2.511638054914085888e+18 1.537009989084918272e+18 2.109201858538155008e+18 4.988948644403570688e+18 1.397521055903018189e+19 4.074667686341907251e+19 1.185941335572446577e+20 3.320170002777196462e+20 8.270338250443955896e+20 1.554075541643489706e+21 1.770210721167045296e+21 1.153331182601031647e+21 5.176345002082395750e+20 1.995363941702665503e+20 7.704094589999031910e+19 3.402738004136842445e+19 1.934907518746116506e+19 1.434379206439337779e+19 1.259368251356693914e+19 1.193419949171660186e+19 1.164000581744922214e+19 1.146856079194912563e+19 1.133881678541450035e+19 1.122369298653445325e+19
1.753617085538603893e+21 1.756579180341085602e+21 1.759467161048041652e+21 1.762280515838402626e+21 1.765018745353328656e+21 1.767681363767347642e+21 1.770267901549212074e+21 1.772777913149937418e+21 1.775210999037471228e+21 1.777566869471817368e+21 1.779845529645981368e+21 1.782047817505267778e+21 1.784176965688941609e+21 1.786243134066979766e+21 1.788276538988866044e+21 1.790365313431682154e+21 1.792763300050457592e+21 1.796185237261051232e+21 1.802515095980361384e+21 1.815672899304047772e+21 1.836049523148616368e+21 1.812726358670781186e+21 1.555290528306888442e+21 1.007915515212799541e+21 5.289795962037621228e+20 2.871886284060675277e+20 1.936530119077488886e+20 1.615473226751453430e+20 1.515205120883266028e+20 1.490581943388862874e+20 1.491564051098106921e+20 1.501397082103810949e+20 1.514868105988839834e+20 1.531430321126729646e+20 1.554473900545792082e+20 1.595797023937693286e+20 1.691051911284662600e+20 1.945259396902183240e+20 2.656701320593000038e+20 4.585659380119945216e+20 9.070186068079750676e+20 1.574955725636666393e+21 1.774550451216208626e+21 1.163408431519985959e+21 5.212652080584023081e+20 1.964610725635022848e+20 7.094227010837344256e+19 2.692343144227938714e+19 1.204515493283894067e+19 7.203818908845050880e+18 5.992305782357086208e+18 6.752455216136955904e+18 1.043209142963972710e+19 2.181451488663602381e+19 5.554831804334921318e+19 1.527972683633804575e+20 4.133310072676385423e+20 9.801288126285398671e+20 1.678824177847587832e+21 1.684040994026965959e+21 9.865562169856883425e+20 4.145318394926242857e+20 1.505427242799894692e+20 5.188519895267148595e+19 1.766797485971585229e+19 6.127746529272460288e+18 2.358755280200713216e+18 1.401703841237180928e+18 1.989837252092396544e+18 4.901108894385187840e+18 1.397196192541424845e+19 4.098503331265603174e+19 1.195089226865574052e+20 3.346219600166321521e+20 8.325081684536304599e+20 1.559467222262751166e+21 1.767150581075051020e+21 1.143682846516296024e+21 5.076948732684800492e+20 1.905468080009024307e+20 6.861346535181950157e+19 2.586631026178864742e+19 1.133167222022921216e+19 6.425490300240990208e+18 4.758672956858844160e+18 4.176645805296446464e+18 3.957468165035801088e+18 3.859751754938129408e+18 3.802841987502702080e+18 3.759794842921203200e+18
1.584995321068827443e+21 1.579584028364240060e+21 1.574127558931605881e+21 1.568626728378514801e+21 1.563082354231528653e+21 1.557495255537816175e+21 1.551866252141998899e+21 1.546196162996007076e+21 1.540485801594945536e+21 1.534735962885885526e+21 1.528947384895379603e+21 1.523120635453514711e+21 1.517255777119180947e+21 1.511351375628173836e+21 1.505401565608050950e+21 1.499387362970212237e+21 1.493250882973861937e+21 1.486818221938984092e+21 1.479563385341611868e+21 1.469842152059889517e+21 1.452130919396993925e+21 1.406660551036078916e+21 1.275345841099263181e+21 1.001053229514386047e+21 6.986176852727748362e+20 5.159167993130900521e+20 4.399667592616826634e+20 4.144529948194798961e+20 4.079342723322774815e+20 4.080291424126646354e+20 4.103801084436550124e+20 4.135198330101027963e+20 4.169906649017697567e+20 4.207416694602423992e+20 4.250596648947048776e+20 4.309457088900327670e+20 4.414212740147498189e+20 4.653736653823069389e+20 5.280130347224243241e+20 6.935560460334429635e+20 1.074954743670861332e+21 1.637819157363366298e+21 1.770292260209265476e+21 1.157280051779145564e+21 5.240198697972354908e+20 2.031016011653492572e+20 7.893366773834337485e+19 3.541393005341893018e+19 2.075730617236584858e+19 1.604691548343656038e+19 1.493776881101021798e+19 1.579437228444479488e+19 1.957807051060127334e+19 3.109385264948289126e+19 6.504433553056631194e+19 1.627160545281357906e+20 4.239798643738753761e+20 9.907582785842486968e+20 1.684116269598648041e+21 1.679883683684447945e+21 9.806002688062953882e+20 4.114150941383404421e+20 1.494199443695594045e+20 5.159966758754295808e+19 1.768575003638151373e+19 6.251707662713750528e+18 2.521460383729472512e+18 1.582194636740912640e+18 2.186497377075198464e+18 5.129519235756294144e+18 1.428510128166391194e+19 4.153943579582661427e+19 1.207366920294992937e+20 3.375201004530251203e+20 8.381707093753807503e+20 1.564787816260255613e+21 1.764420823292946153e+21 1.136274192233782837e+21 5.018052105373439099e+20 1.864855468627477791e+20 6.541901094222218035e+19 2.301077776125229056e+19 8.610452492540359680e+18 3.766642476345973760e+18 2.137584832798343936e+18 1.584879173021832448e+18 1.392036152769278464e+18 1.319497301344179712e+18 1.287222269497409024e+18 1.268474105080796160e+18
8.597799614764576932e+20 8.537922883396328489e+20 8.478277843169224950e+20 8.418866759345898783e+20 8.359691834684309504e+20 8.300755211433533768e+20 8.242058976247489495e+20 8.183605173985918321e+20 8.125395848473934561e+20 8.067433165153113211e+20 8.009719782363265761e+20 7.952259977300810138e+20 7.895063061934596424e+20 7.838153744963015803e+20 7.781603553217612349e+20 7.725626052808600453e+20 7.670865017771374674e+20 7.619263460207259812e+20 7.576658573553454285e+20 7.560307652051054100e+20 7.618835414516519404e+20 7.870661565391485010e+20 8.491917166132882309e+20 9.365893170971981906e+20 9.818738591654099026e+20 9.761172922041236193e+20 9.655955111735411343e+20 9.637520998982835241e+20 9.670667278218402202e+20 9.724032361205365473e+20 9.784504816670117724e+20 9.847543787827649577e+20 9.911849336499393004e+20 9.977627028172906168e+20 1.004682021836769591e+21 1.012563283086368702e+21 1.023255480811659198e+21 1.042169929863025787e+21 1.084601352572452209e+21 1.189429985687192994e+21 1.424755106872854577e+21 1.760501164888923832e+21 1.755674183638594093e+21 1.150936874973935960e+21 5.396637601250236826e+20 2.259060117265185178e+20 1.037601145807216804e+20 6.098581628330989978e+19 4.673055081196668518e+19 4.231817869604835328e+19 4.147387031649961574e+19 4.258154023544132403e+19 4.659983927892893696e+19 5.830499604468795802e+19 9.230435342107859354e+19 1.895888554940798730e+20 4.491310803504145367e+20 1.010455619385781912e+21 1.691699504714665427e+21 1.675454770405370757e+21 9.748265335330267464e+20 4.087795015304807055e+20 1.488310317369827983e+20 5.185546612255256576e+19 1.824831615214319411e+19 6.924254368217933824e+18 3.236880264673856000e+18 2.319658414354973696e+18 2.944345224963543040e+18 5.922976401695667200e+18 1.516591795239291699e+19 4.266027028368831283e+19 1.225175737189923062e+20 3.409204154976043008e+20 8.441779889734951895e+20 1.570150446752543539e+21 1.761759300543026823e+21 1.129627043867927642e+21 4.973025893015108977e+20 1.840982046308452925e+20 6.399475255485777510e+19 2.194734184849592730e+19 7.677372642814147584e+18 2.883385054401644544e+18 1.276789634374975744e+18 7.373062442853455360e+17 5.545408246007855360e+17 4.909767281988154880e+17 4.672569403151601280e+17 4.568734295587392000e+17
3.479469018281805742e+20 3.449472652060646441e+20 3.419704691570284298e+20 3.390163948231729480e+20 3.360849230483533988e+20 3.331759346835397673e+20 3.302893114498429747e+20 3.274249384762500055e+20 3.245827118623724012e+20 3.217625613150371185e+20 3.189645180042568663e+20 3.161889180606694687e+20 3.134370129339366769e+20 3.107128000843951636e+20 3.080285135956619428e+20 3.054210889425283318e+20 3.030015138600570061e+20 3.011025588219443282e+20 3.007193142640472883e+20 3.048079660994742190e+20 3.219847089504349716e+20 3.759751618002929582e+20 5.217849495356333097e+20 8.308308217436287795e+20 1.241551201941743206e+21 1.519995206988238946e+21 1.623378577333943009e+21 1.654675554047892652e+21 1.666528883754591322e+21 1.673190115526770164e+21 1.678288432571108557e+21 1.682856333556963607e+21 1.687218747200616268e+21 1.691495972555280876e+21 1.695773712213819261e+21 1.700216590044939944e+21 1.705277114045336912e+21 1.712249407907957834e+21 1.724713102706053480e+21 1.751397554909667394e+21 1.804875510756958274e+21 1.853461499877701452e+21 1.685052105224046248e+21 1.140119143460253073e+21 5.900283619603458294e+20 2.943374557781410120e+20 1.767726883917319045e+20 1.356621145074953585e+20 1.223848905910364570e+20 1.187592378599660093e+20 1.186372400913201725e+20 1.204241561698128855e+20 1.250327552348005663e+20 1.370654859148720374e+20 1.706022003729444700e+20 2.651280524459378278e+20 5.158377405319040205e+20 1.056051631721301017e+21 1.705826225127659667e+21 1.670272436501725839e+21 9.695090018502646170e+20 4.074337165319245660e+20 1.496930123086724137e+20 5.359179467715625779e+19 2.030582049286790349e+19 9.105375522113044480e+18 5.474815316870469632e+18 4.593677414820777472e+18 5.252449573312137216e+18 8.278943515830012928e+18 1.761679743591380992e+19 4.534434786003597722e+19 1.258125122632094351e+20 3.456694371958508093e+20 8.511125106129150935e+20 1.575770419294824825e+21 1.759071604011600183e+21 1.123244766587461698e+21 4.933112954315381801e+20 1.823159890768209510e+20 6.320345123056017408e+19 2.152240033891006874e+19 7.381042863914437632e+18 2.632780115330208256e+18 1.043813760353691008e+18 5.125159662017207680e+17 3.347629458208410880e+17 2.751372426699763520e+17 2.549837778656768000e+17 2.480292645370175040e+17
1.244214877328256205e+20 1.232706445396283064e+20 1.221300623625854484e+20 1.209996570358059008e+20 1.198793451007284675e+20 1.187690441097843671e+20 1.176686735388835840e+20 1.165781575220143882e+20 1.154974330462094131e+20 1.144264745044328776e+20 1.133653672522431037e+20 1.123145279721169060e+20 1.112753648334150697e+20 1.102522551531230495e+20 1.092584697167207956e+20 1.083339180615227146e+20 1.075982863042869985e+20 1.074100228922754499e+20 1.088408197914557645e+20 1.150810174789794529e+20 1.355084372379703706e+20 1.966619125279827886e+20 3.654527602190058783e+20 7.575537371176625766e+20 1.366739885697685520e+21 1.795142418895823438e+21 1.839635991098562445e+21 1.767787764325940199e+21 1.719984034482168267e+21 1.697794431000615322e+21 1.687012461271300964e+21 1.680420538299767849e+21 1.675255575142020415e+21 1.670539417218105737e+21 1.665930596855833952e+21 1.661298617047392715e+21 1.656556314882016018e+21 1.651542710349209534e+21 1.645792088373216674e+21 1.637787116090457850e+21 1.622011186188014584e+21 1.576599139576632836e+21 1.430404652234475045e+21 1.100167188250217415e+21 7.167647942097118167e+20 4.776890965557596652e+20 3.759738832759883694e+20 3.404822493359414968e+20 3.301391478317316833e+20 3.286439029351772979e+20 3.303733503421465231e+20 3.338436046286686781e+20 3.398361267336706130e+20 3.524067195766761718e+20 3.839721381761821573e+20 4.693263097049256428e+20 6.922991688531045253e+20 1.169915270860986909e+21 1.736816776014849638e+21 1.662724942644137427e+21 9.654982151363778314e+20 4.098509155276598149e+20 1.548191925419238359e+20 5.969467568578505114e+19 2.677867881766237389e+19 1.574479459813006746e+19 1.221359082344741478e+19 1.141088144040200602e+19 1.214478701501561037e+19 1.525543415243860787e+19 2.470932777078715597e+19 5.264517217885307699e+19 1.335651691438733722e+20 3.543600014855393116e+20 8.607404863152307569e+20 1.582241592986237665e+21 1.756311108950652617e+21 1.116969775092369981e+21 4.895989503703667835e+20 1.808543099148926321e+20 6.274018577499547238e+19 2.142658978853433754e+19 7.413642517093443584e+18 2.710600530150560256e+18 1.138693450669124992e+18 6.150122027262401280e+17 4.417235021970791680e+17 3.855154252087495680e+17 3.684368183723639680e+17 3.644497468486727680e+17
4.253801601643643699e+19 4.213543072207518106e+19 4.173661540403809485e+19 4.134153573681782784e+19 4.095015784865577370e+19 4.056244862993929830e+19 4.017837666109521920e+19 3.979791499663377203e+19 3.942104950880817971e+19 3.904780388355568435e+19 3.867831449557190246e+19 3.831305468550576538e+19 3.795350653875970048e+19 3.760417304065354957e+19 3.727860484281312870e+19 3.701745006990357299e+19 3.694249959960717722e+19 3.741839645147087667e+19 3.953546218405769216e+19 4.654214423338675405e+19 6.801360032373347942e+19 1.312784507799914086e+20 3.070067765268793262e+20 7.272571714199093248e+20 1.410095278922760716e+21 1.833796531254553215e+21 1.630494027081778201e+21 1.294461118922168992e+21 1.108177739585748861e+21 1.030443052690606653e+21 9.986860679051100815e+20 9.836099415142105088e+20 9.742953472098407547e+20 9.669467925320248852e+20 9.602775311932736143e+20 9.538634580114191155e+20 9.475920286244081500e+20 9.415171031061274296e+20 9.359339962384289628e+20 9.317605496346895974e+20 9.315539567158101279e+20 9.410578597782595830e+20 9.651898444626981028e+20 9.806328312942901330e+20 9.385764352643688038e+20 8.698571431383974543e+20 8.288933117760838042e+20 8.149917470160964813e+20 8.137293398814071194e+20 8.172187221118590648e+20 8.225035305230250803e+20 8.288506446398648484e+20 8.368943961389617644e+20 8.494498246928341402e+20 8.750201814139194573e+20 9.373515677103787868e+20 1.093621868084169277e+21 1.423273350295601283e+21 1.799111110910915641e+21 1.646709567370863313e+21 9.651129731362428027e+20 4.232544009157357732e+20 1.725116924272970301e+20 7.870988887405998899e+19 4.632354348262307430e+19 3.558802710549817754e+19 3.228307878942957568e+19 3.168376747302737920e+19 3.261331548867112960e+19 3.591388335420912026e+19 4.554321046768910336e+19 7.360644073640401306e+19 1.544901048682632970e+20 3.746600311346747802e+20 8.782652416558407352e+20 1.591279755536650994e+21 1.753412852147279626e+21 1.110779386430709563e+21 4.862716717935809659e+20 1.798371754673043866e+20 6.272911426921525248e+19 2.178539697345549107e+19 7.903473148035628032e+18 3.248597601865064448e+18 1.696863751962416128e+18 1.184001384822679040e+18 1.018438199372255232e+18 9.689577521480704000e+17 9.583096014068951040e+17 9.606902846601510400e+17
1.434984476269641114e+19 1.421363753061432525e+19 1.407873259573929165e+19 1.394511782347322163e+19 1.381278135061233254e+19 1.368171189776178586e+19 1.355189970808817869e+19 1.342333936068533862e+19 1.329603819899254579e+19 1.317004157867633254e+19 1.304550849213586022e+19 1.292293808491074560e+19 1.280384812515567821e+19 1.269280716045340058e+19 1.260352109234087526e+19 1.257706189563877786e+19 1.273644873643986739e+19 1.344996757719730586e+19 1.581888358058690970e+19 2.312512401389885850e+19 4.505079284430299136e+19 1.093004831652081009e+20 2.880552847077643715e+20 7.191786845638122537e+20 1.426978833054153572e+21 1.820582564474800833e+21 1.428635591645039165e+21 8.897648206621381755e+20 5.967871541816533975e+20 4.787285641477571215e+20 4.346412136947089408e+20 4.173134846979827958e+20 4.091924146434162688e+20 4.041998215541951693e+20 4.002867180058054492e+20 3.967908108965055693e+20 3.935684477218617426e+20 3.908063151365653791e+20 3.892692663124307476e+20 3.913001267871264932e+20 4.037607013016602542e+20 4.456229790436885135e+20 5.613456023550882611e+20 8.111374014492800451e+20 1.152349307818263577e+21 1.393848457641588163e+21 1.489476106457209635e+21 1.521210958948780999e+21 1.534537493151714116e+21 1.542657991569899782e+21 1.549205284662018310e+21 1.555370167521789608e+21 1.561837903497756410e+21 1.569719237953999077e+21 1.581924487232447316e+21 1.606354593565513613e+21 1.661553304515998384e+21 1.769641501920832782e+21 1.854378311204690461e+21 1.597219125000443527e+21 9.731227302796440371e+20 4.674443124998979584e+20 2.263188524063591956e+20 1.351299373411774464e+20 1.038295398402952561e+20 9.379984967456582861e+19 9.109093532237229261e+19 9.105095915575459840e+19 9.251594679930206618e+19 9.630162035127551590e+19 1.062646184294752748e+20 1.342010304293604884e+20 2.135996200534638264e+20 4.285548845788462449e+20 9.185656550912714342e+20 1.607731584707870065e+21 1.750177348086912516e+21 1.104759518464858259e+21 4.839159075257649725e+20 1.799615681189264753e+20 6.388780413607742669e+19 2.332519328408405197e+19 9.584704448461035520e+18 4.988809018576312320e+18 3.468340831619560448e+18 2.977565841144483328e+18 2.831132018420273152e+18 2.799904696530209792e+18 2.807330184393378304e+18 2.827838875534206976e+18
4.908401297864883200e+18 4.863696844677657600e+18 4.819441591411206144e+18 4.775631547747478528e+18 4.732262922628931584e+18 4.689332440446162944e+18 4.646838288864215040e+18 4.604782958110349824e+18 4.563181746749687808e+18 4.522088238165459456e+18 4.481670610245316608e+18 4.442440200664160256e+18 4.405936110664456704e+18 4.376775729980267008e+18 4.368796311172409344e+18 4.423448392210492416e+18 4.664870200380017664e+18 5.464685220419934208e+18 7.934147580575443968e+18 1.538516079500018074e+19 3.759021689119656346e+19 1.025290304466444124e+20 2.832210189618944082e+20 7.197214327682663711e+20 1.436289808676797809e+21 1.810461637297714233e+21 1.330731748509012197e+21 6.998824120249603850e+20 3.589843954627746202e+20 2.233390817322938532e+20 1.744401326997075067e+20 1.568788692359485522e+20 1.500732283782389760e+20 1.469054683694699643e+20 1.449793723777279099e+20 1.435205406959388918e+20 1.423579306680417157e+20 1.416980523375396127e+20 1.423982749846719529e+20 1.470921959789012746e+20 1.635625879659862426e+20 2.139796493331933430e+20 3.553531121337831260e+20 6.935409790444306432e+20 1.256504703418550977e+21 1.723486702021849383e+21 1.846680352186110312e+21 1.822244517720819761e+21 1.794445961278871306e+21 1.780485278503813513e+21 1.773682007685618467e+21 1.769599606709944058e+21 1.766429409869179912e+21 1.763495132726469067e+21 1.760480490768509436e+21 1.756960765092986618e+21 1.751339070753220067e+21 1.735388820352852034e+21 1.668701342459358085e+21 1.434429245226896065e+21 9.906707862705677271e+20 5.875857849448016118e+20 3.759867127823626404e+20 2.930625016449487667e+20 2.650552347227298202e+20 2.570215418800263004e+20 2.559198509856468173e+20 2.573510497189365678e+20 2.601966034845407314e+20 2.651812611405256131e+20 2.758131868085303706e+20 3.028302977159533691e+20 3.766951980485217485e+20 5.738366120073491251e+20 1.020702744214151234e+21 1.644110389417343975e+21 1.745808861819053801e+21 1.099212963146343383e+21 4.843669614043881800e+20 1.834137992510927012e+20 6.847229106513513677e+19 2.833051336811257037e+19 1.476511391669441331e+19 1.026168971802008166e+19 8.806331632039569408e+18 8.371846368497371136e+18 8.279086678110773248e+18 8.300994527954886656e+18 8.361713172712654848e+18 8.435909045658970112e+18
1.953697474356614400e+18 1.941776795129033728e+18 1.930035957089075200e+18 1.918473955448992768e+18 1.907089961841007360e+18 1.895883643795439360e+18 1.884856121013608960e+18 1.874012830210904832e+18 1.863372106223436800e+18 1.852990884397708288e+18 1.843041685415889664e+18 1.834043202212886272e+18 1.827550957925844224e+18 1.828225959118000640e+18 1.850030556764542976e+18 1.934784418449975808e+18 2.207725532871783936e+18 3.043763360195008512e+18 5.563968552881229824e+18 1.310946953798084198e+19 3.553877145774256538e+19 1.010758219034747208e+20 2.833566131723979981e+20 7.233916842498908488e+20 1.443315547708194030e+21 1.805621282443622613e+21 1.290009596786299109e+21 6.260539568985741722e+20 2.688259623148248433e+20 1.274212664237389251e+20 7.709625303343189197e+19 5.964385920434187469e+19 5.346166707282293555e+19 5.108383407386902528e+19 4.999818182331834368e+19 4.939258720774275891e+19 4.908558109234900173e+19 4.928625347941883904e+19 5.087088406353350656e+19 5.653522782921623142e+19 7.426972498581808742e+19 1.270458930296846254e+20 2.755820164172273091e+20 6.425144798548813414e+20 1.291136514824844870e+21 1.808305814434437923e+21 1.735514301016897749e+21 1.450231964089043649e+21 1.274320033400097866e+21 1.198160892683711676e+21 1.166463541429429469e+21 1.151169405784243306e+21 1.141576002137436848e+21 1.133938922554871251e+21 1.127010862532198924e+21 1.120465122910067753e+21 1.114448582052937990e+21 1.109397386456330273e+21 1.103653861495285613e+21 1.079166052269002588e+21 9.874647375803594834e+20 8.387721540052434289e+20 7.275082861149970760e+20 6.777158648955619246e+20 6.620231421931837194e+20 6.598923317596331704e+20 6.626085947471281521e+20 6.671242418350566932e+20 6.726773148317649469e+20 6.798393745510206013e+20 6.912504249637694341e+20 7.149467738772058931e+20 7.736758176549940756e+20 9.244786580930662236e+20 1.261713296692179370e+21 1.723769988320565133e+21 1.736485544334777123e+21 1.094917271678740988e+21 4.930205494273984430e+20 1.966812915242598728e+20 8.319828244704600064e+19 4.360863153538858189e+19 3.032261859238039142e+19 2.601226135393952973e+19 2.472253643076469555e+19 2.444552940064623411e+19 2.450849811967608422e+19 2.468652901367495066e+19 2.490449061375339315e+19 2.513730090657161626e+19
1.591120861200719104e+18 1.596214930545797376e+18 1.601456878613785344e+18 1.606847270689662464e+18 1.612386847243227392e+18 1.618076845864660480e+18 1.623919966196304640e+18 1.629923259407886592e+18 1.636106782758949632e+18 1.642529521953810176e+18 1.649367034087154944e+18 1.657144004309588224e+18 1.667430800802992896e+18 1.684929781133388544e+18 1.723723998025453056e+18 1.825991341397100032e+18 2.118038781738008064e+18 2.977969789678464512e+18 5.536385935588170752e+18 1.316269594570192691e+19 3.579785077224229683e+19 1.018933525010074501e+20 2.856089250941583688e+20 7.284492574049738424e+20 1.449713672045063045e+21 1.803155876419136389e+21 1.271729364456069136e+21 5.975790004109370982e+20 2.363251855772880077e+20 9.371343410091941888e+19 4.319841669175195238e+19 2.589760338667921408e+19 1.997809173473058406e+19 1.789756789182276403e+19 1.711880529675379507e+19 1.682179727044513178e+19 1.682346763960609587e+19 1.733527610100277248e+19 1.924297805506348646e+19 2.527211105277244211e+19 4.350885855689585459e+19 9.726547838631082394e+19 2.486745893732193075e+20 6.263238537920721715e+20 1.304840081254179930e+21 1.814460038550949200e+21 1.554733642119731216e+21 1.028709303478167273e+21 7.152264488849085563e+20 5.845717037261505167e+20 5.350606839821433569e+20 5.153949454731025449e+20 5.061039166103107666e+20 5.004854931478204252e+20 4.965515022336530186e+20 4.944941919515973386e+20 4.969255364390164890e+20 5.120148170055360184e+20 5.614485780021919089e+20 6.887047446774744351e+20 9.218250357977922929e+20 1.163359142967989633e+21 1.290531941984011289e+21 1.334598407083153687e+21 1.351461200859230634e+21 1.361086744162385527e+21 1.368638953083637072e+21 1.375581983986460131e+21 1.382494405331445088e+21 1.389931069066518987e+21 1.399144770069334852e+21 1.413648303024495657e+21 1.443227135333787501e+21 1.512170247838161437e+21 1.659099880135443087e+21 1.838302488510998774e+21 1.702414318887773405e+21 1.092816362347894800e+21 5.248384951960219156e+20 2.383463862117598495e+20 1.274899127443880018e+20 8.890787139066435994e+19 7.622645853892852122e+19 7.240579275900395520e+19 7.157192877277797581e+19 7.174233695559571866e+19 7.225260597753874842e+19 7.288061750989853491e+19 7.355219890136705434e+19 7.424261313497609011e+19
3.340781925647433216e+18 3.369633815351452672e+18 3.398797251393491456e+18 3.428275002834935808e+18 3.458070030261941248e+18 3.488185810551532032e+18 3.518627309304322048e+18 3.549403892899739648e+18 3.580538049994348544e+18 3.612091513532946432e+18 3.644243500430322688e+18 3.677525052739174912e+18 3.713520927393095680e+18 3.756971854477985792e+18 3.822070938180445696e+18 3.951320379941364224e+18 4.271991755962239488e+18 5.165064670570496000e+18 7.769705912510973952e+18 1.548066447289968640e+19 3.831230803649144422e+19 1.049153614537882665e+20 2.898816124290350121e+20 7.349348139998167695e+20 1.456270744051767312e+21 1.801547942535385055e+21 1.261391570025566175e+21 5.851331513927341179e+20 2.241625734605447168e+20 8.192487721373800858e+19 3.163960254600197325e+19 1.449326697182976205e+19 8.698762938812369920e+18 6.732199213415937024e+18 6.063059484906070016e+18 5.873949272663676928e+18 5.983528403282464768e+18 6.606354289590200320e+18 8.636739079433594880e+18 1.482569669328528589e+19 3.333662371340102861e+19 8.772120017205231616e+19 2.408804338358084239e+20 6.237306695393725645e+20 1.313263417021129818e+21 1.811831441336508613e+21 1.457917886530115338e+21 8.133468972915123814e+20 4.322744012821295268e+20 2.755179124928537559e+20 2.182851427783226163e+20 1.976074485345001472e+20 1.896036359511355228e+20 1.860646343901604741e+20 1.845549954471874068e+20 1.852951142845894820e+20 1.914430503367097713e+20 2.130521852208365896e+20 2.783555380223637258e+20 4.550581573507184067e+20 8.414556155678434263e+20 1.378914714574446658e+21 1.731639906180270129e+21 1.820197286008380981e+21 1.821686649228696748e+21 1.815646287846107251e+21 1.812502342340369711e+21 1.811151965499043348e+21 1.810491727522249048e+21 1.810066975781954519e+21 1.809772622270451679e+21 1.809744235620912595e+21 1.810437659572453507e+21 1.812504190682036175e+21 1.812750810703394767e+21 1.775767739749000282e+21 1.565000513699368665e+21 1.087305138290110759e+21 6.150886879730645074e+20 3.569501377503235277e+20 2.536004764421594153e+20 2.178303240202583081e+20 2.068061021283531162e+20 2.043142127223926620e+20 2.047109020733805691e+20 2.060857022185827533e+20 2.077979571873092403e+20 2.096335523485919150e+20 2.115210547475146015e+20 2.134366927614292460e+20
9.514040046914682880e+18 9.604683121626413056e+18 9.696209369458878464e+18 9.788627219142287360e+18 9.881945342736971776e+18 9.976172983043465216e+18 1.007132093130390118e+19 1.016740445505036083e+19 1.026445206537436570e+19 1.036253177385187942e+19 1.046182973254093005e+19 1.056288576449824768e+19 1.066729878822597222e+19 1.077983958166069043e+19 1.091477840413571277e+19 1.111483447136688947e+19 1.150791158025381274e+19 1.247685256456028365e+19 1.516632183945910477e+19 2.298716113801239757e+19 4.599953354110084710e+19 1.129730436321212498e+20 2.987162511113515827e+20 7.447350714193737155e+20 1.463996907609128436e+21 1.800226757377887568e+21 1.253755348713089532e+21 5.782466431235189637e+20 2.190338575299580723e+20 7.770140110367195136e+19 2.778488651377666867e+19 1.079255872053663334e+19 5.075746883802641408e+18 3.160666717579163648e+18 2.534101082900829184e+18 2.384773005806043648e+18 2.534220152482578944e+18 3.200425735046568448e+18 5.286204640618449920e+18 1.156734594073081037e+19 3.028037382846205952e+19 8.518818155784288666e+19 2.397557027187645481e+20 6.260056921921894482e+20 1.320235395380617413e+21 1.810470706421195080e+21 1.416556784071113441e+21 7.272045559924408975e+20 3.217470021260467896e+20 1.558707122970119373e+20 9.612757453589287731e+19 7.532785139165639475e+19 6.801201057037209600e+19 6.543124219368247296e+19 6.498049419983713894e+19 6.685773928361628467e+19 7.431958952534951526e+19 9.781517953397265203e+19 1.671824686962554962e+20 3.576111668678915523e+20 7.973919960679449887e+20 1.461281398032619799e+21 1.843452868817633411e+21 1.728965632827034173e+21 1.527891950427329528e+21 1.418127751903368446e+21 1.371083599545359139e+21 1.350142462703808283e+21 1.338624642810089570e+21 1.330343660732705145e+21 1.323130088307052773e+21 1.316196937629788537e+21 1.309137866820758798e+21 1.301370562174283153e+21 1.291038069483304911e+21 1.270189218676696678e+21 1.207307335102688395e+21 1.043063302120739701e+21 8.123972225877219738e+20 6.475926387630625260e+20 5.735097369727555338e+20 5.483086513204090634e+20 5.423872255047515505e+20 5.432803376574594417e+20 5.465032463926173368e+20 5.505245459420891054e+20 5.548304362533888328e+20 5.592495729772726190e+20 5.637249462008268063e+20 5.682376133950356849e+20
2.818872712534616064e+19 2.845887380237515571e+19 2.873159588815067136e+19 2.900691754194092032e+19 2.928486330397934387e+19 2.956545842324780237e+19 2.984872983425162854e+19 3.013470907948994560e+19 3.042344105727158272e+19 3.071501021592432640e+19 3.100961899460596122e+19 3.130782272913317888e+19 3.161123312441570509e+19 3.192462493205301248e+19 3.226224461800922726e+19 3.266670088101060198e+19 3.326551702784874906e+19 3.444031596184044339e+19 3.733193075178752410e+19 4.533921795485777101e+19 6.848460229577392947e+19 1.354162440196856545e+20 3.205354151422380605e+20 7.639763661103219343e+20 1.475409040930299707e+21 1.799028961408239534e+21 1.246983893471811600e+21 5.734964118688456376e+20 2.166040681148961915e+20 7.636209274133726822e+19 2.686254298544302899e+19 1.002634370996989338e+19 4.374212015724359680e+18 2.492773225435459584e+18 1.889518301897977600e+18 1.760408739053374464e+18 1.930213840561239040e+18 2.620410429958187520e+18 4.742184185553501184e+18 1.109551986584925184e+19 2.998764072490432512e+19 8.537990501567802573e+19 2.412222091799545119e+20 6.302019852218007552e+20 1.326862335918985445e+21 1.810166337993986540e+21 1.398017723698663916e+21 6.937906150627383706e+20 2.815471196537750159e+20 1.133960492865960018e+20 5.314013977223529267e+19 3.243910877869110067e+19 2.542518881657973965e+19 2.321329769829892096e+19 2.315745529793116160e+19 2.545504012679429325e+19 3.340272438760405402e+19 5.759839868165234688e+19 1.284595305283519283e+20 3.237958158234049577e+20 7.825317060976503685e+20 1.488948536823150543e+21 1.824991572011346297e+21 1.460948624303179170e+21 1.017783443235891577e+21 7.862900773669763809e+20 6.930993789311067095e+20 6.570255879830288466e+20 6.414926572836223713e+20 6.330591828442521272e+20 6.271490431840535183e+20 6.224263026067691274e+20 6.190828576846932869e+20 6.190822965118742036e+20 6.285198683497046999e+20 6.634977250825961472e+20 7.556888941518958100e+20 9.222018005096009564e+20 1.084611768958050370e+21 1.158327840009469034e+21 1.178642362798260224e+21 1.186902776549022892e+21 1.193698204741987205e+21 1.200407058147149349e+21 1.207122209872450683e+21 1.213837231237447025e+21 1.220549256296880669e+21 1.227258265807105556e+21 1.233964448686938259e+21 1.240667663036725330e+21
8.307288579570750259e+19 8.385752286302812570e+19 8.464939176858838630e+19 8.544855573517601997e+19 8.625507862922472653e+19 8.706902528107071078e+19 8.789046243932779315e+19 8.871946162335336038e+19 8.955610765837472563e+19 9.040052422266863616e+19 9.125295032574523802e+19 9.211396925946272154e+19 9.298519400924233728e+19 9.387131915242920346e+19 9.478626339652044390e+19 9.577155632851589530e+19 9.695136351973756109e+19 9.869704408732786688e+19 1.021182648703922668e+20 1.105196947817886188e+20 1.336417360418388869e+20 1.993099271394677555e+20 3.797083947664635331e+20 8.103152784112504013e+20 1.497486790359279993e+21 1.797962930475821433e+21 1.240364105495392813e+21 5.702223031009439908e+20 2.160600345121178255e+20 7.700665522691619226e+19 2.795156934174884250e+19 1.128172881711308186e+19 5.699705609571239936e+18 3.855965532939814400e+18 3.279753100191687680e+18 3.174585551652960256e+18 3.368510944049690624e+18 4.086343211000159744e+18 6.247064106365036544e+18 1.267306218146800230e+19 3.173665912621722829e+19 8.757936164188566323e+19 2.445709547723950326e+20 6.358300640992198656e+20 1.333727937541581046e+21 1.810300714161480663e+21 1.387678004586904289e+21 6.792696324884585513e+20 2.664988006329394790e+20 9.848936609314296627e+19 3.841152123947515085e+19 1.786898486617285837e+19 1.100214427586299494e+19 8.933592274050130944e+18 9.023915421362534400e+18 1.148301625642121626e+19 1.964270729150146970e+19 4.420844354536991949e+19 1.159462321687474995e+20 3.138747242857630269e+20 7.806717666237853204e+20 1.501039238695143604e+21 1.803056892063952404e+21 1.301673234363672166e+21 7.247726794485092844e+20 4.261719288915285115e+20 3.086319285192458240e+20 2.658334857837711196e+20 2.498611267752799109e+20 2.431302241453517373e+20 2.396699255026758451e+20 2.377507239977421046e+20 2.376535609730761032e+20 2.420326145189210358e+20 2.592588449280613089e+20 3.129415028493901496e+20 4.606663465567414518e+20 7.918640620056448860e+20 1.277796539295096111e+21 1.635435667433984360e+21 1.756902875863025189e+21 1.780649693286865306e+21 1.785213294797133447e+21 1.787272452697883935e+21 1.789095387393663959e+21 1.790884831485071983e+21 1.792626910315822186e+21 1.794303390396822585e+21 1.795905133866538500e+21 1.797428123731271614e+21
2.376548705089312522e+20 2.397961377703564411e+20 2.419552138630904545e+20 2.441322190998440509e+20 2.463272742132003635e+20 2.485405006357548564e+20 2.507720213591333274e+20 2.530219635273796813e+20 2.552904662165463040e+20 2.575777037271730422e+20 2.598839552744711782e+20 2.622098134458762527e+20 2.645568076808069775e+20 2.669292689544922399e+20 2.693399063455082742e+20 2.718264828877014958e+20 2.745016699678361518e+20 2.777019889494590423e+20 2.824318629146907116e+20 2.916793645619113820e+20 3.142427651456490537e+20 3.752323020046337311e+20 5.397337085562119782e+20 9.297117747381187379e+20 1.548145146055167836e+21 1.796854725347580838e+21 1.233379459072880280e+21 5.696758454101197455e+20 2.190576730084199301e+20 8.134832246964474675e+19 3.278717781675165286e+19 1.631781726997648589e+19 1.083768231264157286e+19 9.063165500087670784e+18 8.545675474660280320e+18 8.496331892018121728e+18 8.746290050584951808e+18 9.523084730787868672e+18 1.175159638310987571e+19 1.827087940096493773e+19 3.750113894592522650e+19 9.371331032861078323e+19 2.515558079316645315e+20 6.442543272884724040e+20 1.341735994968285381e+21 1.810645219830351266e+21 1.380130547401857171e+21 6.712934750146145812e+20 2.601408018982862520e+20 9.308903264822938829e+19 3.341946829377956250e+19 1.305299357750249267e+19 6.278746433167300608e+18 4.275491234871228928e+18 4.426546085467009024e+18 6.959356790225961984e+18 1.524102024058109133e+19 4.007588448086289613e+19 1.125148833243794473e+20 3.123393259711402476e+20 7.836347769826111652e+20 1.508684408877220364e+21 1.792090124814117765e+21 1.233428298265358238e+21 6.041583262699281449e+20 2.799755086057229844e+20 1.534446131011356590e+20 1.084162436743812547e+20 9.260734406601737830e+19 8.684572912061846323e+19 8.462322788302959411e+19 8.404435055659855053e+19 8.537568072925288858e+19 9.139206589182546739e+19 1.109196014891537039e+20 1.693084859823593554e+20 3.318566139908398776e+20 7.194449350075297300e+20 1.353526594790903251e+21 1.814327183101729178e+21 1.807333469545336668e+21 1.659295398886417629e+21 1.568295441092330914e+21 1.527780139732652524e+21 1.509381367236990337e+21 1.499096765795645260e+21 1.491614461557541175e+21 1.485068569351168197e+21 1.478820047715086369e+21 1.472652188980501807e+21
6.242966858638399898e+20 6.291754853719385047e+20 6.340822029066815406e+20 6.390168173871375319e+20 6.439793039956798341e+20 6.489696343359763251e+20 6.539877770300207923e+20 6.590336996246257664e+20 6.641073744044232540e+20 6.692087958581418394e+20 6.743380329021788652e+20 6.794953847705999770e+20 6.846818460806014566e+20 6.899004939438804173e+20 6.951606246591438520e+20 7.004900886411390484e+20 7.059720611400658452e+20 7.118545783111133430e+20 7.188761631554552463e+20 7.292279513423119647e+20 7.493446393024986481e+20 7.975506967961581650e+20 9.213004377358136771e+20 1.209560221848206574e+21 1.660283796332722782e+21 1.792559862527158387e+21 1.224874556784126198e+21 5.765521949797744640e+20 2.318262452092244787e+20 9.591509879428956160e+19 4.799846367983368602e+19 3.183676382622532403e+19 2.655920453846078669e+19 2.495388735373073613e+19 2.459549731059010765e+19 2.470286117740608717e+19 2.510970378073058918e+19 2.604438367619014246e+19 2.843185206756464640e+19 3.511024212043943117e+19 5.449515424912390554e+19 1.108345526077903667e+20 2.686482497377176453e+20 6.604374111900448850e+20 1.353266868530029265e+21 1.811280093915189608e+21 1.373449488601606521e+21 6.657178538879232246e+20 2.569719342037583462e+20 9.115756351045384602e+19 3.197378888757050573e+19 1.179048346585355469e+19 5.092467660203813888e+18 3.130537206201441792e+18 3.315972796020950528e+18 5.895326719289135104e+18 1.427082004577803264e+19 3.934216054195232768e+19 1.124216948043509596e+20 3.138950250900848640e+20 7.884340251643225047e+20 1.514993001939464880e+21 1.786785409086831460e+21 1.204953949242035536e+21 5.585270799868774318e+20 2.267953998718218076e+20 9.780172867418746061e+19 5.227527450826079437e+19 3.664875969260392448e+19 3.129544910525489152e+19 2.955512569850780467e+19 2.948593571338331341e+19 3.135163948716107776e+19 3.796500690607686451e+19 5.829495116024544461e+19 1.182476810912173261e+20 2.856698099071285658e+20 6.925933812887964877e+20 1.378882576779012211e+21 1.829034456517890540e+21 1.584100929908850295e+21 1.165903025217268613e+21 9.294070822300958065e+20 8.313273366660988273e+20 7.927442632798387569e+20 7.758362812882591416e+20 7.664194707308302828e+20 7.595568876693718303e+20 7.535714884565321646e+20 7.478982384305564549e+20
1.320221047583975670e+21 1.326830192290112471e+21 1.333427146829965558e+21 1.340011175309087343e+21 1.346581536663876141e+21 1.353137484885502198e+21 1.359678269443821797e+21 1.366203136296798126e+21 1.372711330625810072e+21 1.379202104674586984e+21 1.385674740687180923e+21 1.392128618528620151e+21 1.398563415531251040e+21 1.404979697591121871e+21 1.411380667799353164e+21 1.417777338978740994e+21 1.424203829676807815e+21 1.430762561632019415e+21 1.437757526803831063e+21 1.446084799911429407e+21 1.458355732825435013e+21 1.481945191622991413e+21 1.535752626565250286e+21 1.654026324114993578e+21 1.821827516676376101e+21 1.760761954586374963e+21 1.210201804769701659e+21 6.039592855964258140e+20 2.725470768484019405e+20 1.400208423351406100e+20 9.327944395949752320e+19 7.776713857172578304e+19 7.299331639174413517e+19 7.184876542256080486e+19 7.193950294881310310e+19 7.249399477236944896e+19 7.334748979877145805e+19 7.472372980606458266e+19 7.753052512364175360e+19 8.455301834533152358e+19 1.040469372809983590e+20 1.597876734407141949e+20 3.149739428431658353e+20 6.990015385493825126e+20 1.375056043254867296e+21 1.812682733529664848e+21 1.366838250516049035e+21 6.614913132687754527e+20 2.556359388123339817e+20 9.118725415888309453e+19 3.252412169711709798e+19 1.253351566081294746e+19 5.913740742141257728e+18 3.992791469215898624e+18 4.211369151361032704e+18 6.835087033586023424e+18 1.529965645362494874e+19 4.059427834756587520e+19 1.142711618989380403e+20 3.172301307011926589e+20 7.943783051460335370e+20 1.521034636168462074e+21 1.783627307280393306e+21 1.191053090699072504e+21 5.402937772396492227e+20 2.075561601866034708e+20 7.844528667177967616e+19 3.301946851958795059e+19 1.755156749243771699e+19 1.237319937132093850e+19 1.081311186207232000e+19 1.092908642513863066e+19 1.299369868870400614e+19 1.984953851160587059e+19 4.055935679420971418e+19 1.013406565851918172e+20 2.711778551281966449e+20 6.861291527003179581e+20 1.390397406004604568e+21 1.819036133981807444e+21 1.426294593300172374e+21 8.397609419695850783e+20 5.121841606556364964e+20 3.795295599118058127e+20 3.306234672908799836e+20 3.121634628751985869e+20 3.041878466584668406e+20 2.997661343595036017e+20 2.965508622205449667e+20 2.937533570172749742e+20
1.809270464001369965e+21 1.809725286800656957e+21 1.810096393754168525e+21 1.810383716130714550e+21 1.810587200706886238e+21 1.810706809795392831e+21 1.810742521280598376e+21 1.810694328686125515e+21 1.810562241343577391e+21 1.810346284856988402e+21 1.810046502408091599e+21 1.809662958424526946e+21 1.809195748846095827e+21 1.808645029725579510e+21 1.808011096531399606e+21 1.807294602909064888e+21 1.806497160414179885e+21 1.805622968287414977e+21 1.804683172626949210e+21 1.803707089969100620e+21 1.802767814593553629e+21 1.802012891551092703e+21 1.801438516804544889e+21 1.798027382127280521e+21 1.766324619322382615e+21 1.598317136727656104e+21 1.169310423418307609e+21 6.811151283589421466e+20 3.881482943603623854e+20 2.655173800505020580e+20 2.221428184990993613e+20 2.084402300770183741e+20 2.050432060238688420e+20 2.051454122022439485e+20 2.064453874215899955e+20 2.081997599837704028e+20 2.102468237095342572e+20 2.127920160445398057e+20 2.166785278730246226e+20 2.244936878676578140e+20 2.439015080818802033e+20 2.969556458670116045e+20 4.422258994621745070e+20 7.994205463330269430e+20 1.425103140912813310e+21 1.816013028027489583e+21 1.359599425200231547e+21 6.593080860608648970e+20 2.571736086120407368e+20 9.425276367958581248e+19 3.615574071416546918e+19 1.638505103814470246e+19 9.867479819348310016e+18 8.010632001946264576e+18 8.284582249964056576e+18 1.097225375970761728e+19 1.953712320186183680e+19 4.504054557259166515e+19 1.192232198111151227e+20 3.233550275458868183e+20 8.022555557933754614e+20 1.527527957334737027e+21 1.781188863765909602e+21 1.182199802812418753e+21 5.315700054533163581e+20 2.000680065965362708e+20 7.163503699648788890e+19 2.650898365467023770e+19 1.118733894165161370e+19 6.100583904630411264e+18 4.614414009987993600e+18 4.802150367916830720e+18 6.950011084047284224e+18 1.393024258609989632e+19 3.489034348365940326e+19 9.629731534747934720e+19 2.678453022470178079e+20 6.872195133351219692e+20 1.398166577625253020e+21 1.812807488239985754e+21 1.355291295790176666e+21 6.989122054348692521e+20 3.342934464155485471e+20 1.879536899478395945e+20 1.353091201199136113e+20 1.166869861686686188e+20 1.097591829686801695e+20 1.067816210613200978e+20 1.051341568596129710e+20 1.039375208531400950e+20
1.397606019455465554e+21 1.391169272306477564e+21 1.384712872565000110e+21 1.378237597779820806e+21 1.371744221343417106e+21 1.365233512341757231e+21 1.358706235403124081e+21 1.352163150536176042e+21 1.345605012932065493e+21 1.339032572654489436e+21 1.332446574001728782e+21 1.325847753917081846e+21 1.319236837661227876e+21 1.312614526631260717e+21 1.305981463718134022e+21 1.299338134589957472e+21 1.292684586671582216e+21 1.286019630737251631e+21 1.279338576672465617e+21 1.272626810845665165e+21 1.265841440538530415e+21 1.258857238722605744e+21 1.251292858483366691e+21 1.241840741624257708e+21 1.225158776569574457e+21 1.179194063091702432e+21 1.050609129493597127e+21 8.396245594029950239e+20 6.664627073252483400e+20 5.819760824904204943e+20 5.517782052622267187e+20 5.439898210916527636e+20 5.442438434990325760e+20 5.472610388648360673e+20 5.512343602099082363e+20 5.555796577212506440e+20 5.601713101761206682e+20 5.651740058245231411e+20 5.712577607343623373e+20 5.804729221092223222e+20 5.988798689693214966e+20 6.438865030006728294e+20 7.616811878480569958e+20 1.046707563369221980e+21 1.541710789111222108e+21 1.822187446710836134e+21 1.350092678507411538e+21 6.624577865595773256e+20 2.663497483979054776e+20 1.053962743161290260e+20 4.799369035768367514e+19 2.852773033351241318e+19 2.219080346964756070e+19 2.047494394730569318e+19 2.087863338129061069e+19 2.369641608014066483e+19 3.240177144521302016e+19 5.807522566659021210e+19 1.324938686270104371e+20 3.369059029618710938e+20 8.153433973317106401e+20 1.535799801919380652e+21 1.778946008334520812e+21 1.175065426252750651e+21 5.262346369181786440e+20 1.967494588814783283e+20 6.926155478220841779e+19 2.450153634152966963e+19 9.322562398999117824e+18 4.300590197715522560e+18 2.854032216524091392e+18 3.076967107953610752e+18 5.270861025787625472e+18 1.233762850469115085e+19 3.350664790680171725e+19 9.547388980534286746e+19 2.684975712434676367e+20 6.910622008085969633e+20 1.404849343368098480e+21 1.809971933699170370e+21 1.325420739950438515e+21 6.448900587308715868e+20 2.685277621022510285e+20 1.180829339620781588e+20 6.444174310365496934e+19 4.592060790517748531e+19 3.946093612716252365e+19 3.706980851120508928e+19 3.604412127013117542e+19 3.547716096159583846e+19
6.839051848674295153e+20 6.787251973726862049e+20 6.735727446217122120e+20 6.684478840307791954e+20 6.633506686678028780e+20 6.582811473224507064e+20 6.532393645870563983e+20 6.482253609702917407e+20 6.432391731102170481e+20 6.382808342872265851e+20 6.333503758428570911e+20 6.284478313284243292e+20 6.235732488870352650e+20 6.187267284553901015e+20 6.139085337794982707e+20 6.091194299101396337e+20 6.043617001626100040e+20 5.996422101812020511e+20 5.949816373820138455e+20 5.904422538092972605e+20 5.862114183143030129e+20 5.828512824156439183e+20 5.820351182580835942e+20 5.886279368770520351e+20 6.158207857574633800e+20 6.925353587549722378e+20 8.481614687673674629e+20 1.032206763703122133e+21 1.138217088170527425e+21 1.173265716169313878e+21 1.185946066585223692e+21 1.194051297854681252e+21 1.201180466132272284e+21 1.208039720887123968e+21 1.214813204653542474e+21 1.221572632965645337e+21 1.228378917501276520e+21 1.235358713586977341e+21 1.242867944687893742e+21 1.251951504016510812e+21 1.265667980955797684e+21 1.292750369566960386e+21 1.356252855473034494e+21 1.502887709323096490e+21 1.747225953403683996e+21 1.818224575894157787e+21 1.332520795077969445e+21 6.803879022140272148e+20 2.974031841662230856e+20 1.398820899848655995e+20 8.361511161630605312e+19 6.472472049014801203e+19 5.880558004219953152e+19 5.745799991477780480e+19 5.820926554793398272e+19 6.134965452542575411e+19 7.030994910114474394e+19 9.603194483559035699e+19 1.698778295669502116e+20 3.719286651714343404e+20 8.434754906311305462e+20 1.549417433166392590e+21 1.776672550246155289e+21 1.168523988126511923e+21 5.225264807746387313e+20 1.954224380173342147e+20 6.898395191310789018e+19 2.461737440255492506e+19 9.585085630945331200e+18 4.624555483821586432e+18 3.211950156760357376e+18 3.463638873198568448e+18 5.696520699086384128e+18 1.284122686652078490e+19 3.420521689162294477e+19 9.669814543896071373e+19 2.710697512641144422e+20 6.962709198219407524e+20 1.411347988256659603e+21 1.808555718442239394e+21 1.311003757240118936e+21 6.233539483807927501e+20 2.446640025507193815e+20 9.364765591217306010e+19 3.998510279996878848e+19 2.161448656524645171e+19 1.535889944024065638e+19 1.318769593486091264e+19 1.238562743766483354e+19 1.204206456800374374e+19
2.642014607709318676e+20 2.618604738179482255e+20 2.595384906690399437e+20 2.572353890817163264e+20 2.549510469937535058e+20 2.526853425442822226e+20 2.504381541104946053e+20 2.482093603904117801e+20 2.459988406254547763e+20 2.438064752419608330e+20 2.416321477502329487e+20 2.394757504121211126e+20 2.373372012083207864e+20 2.352164946773654241e+20 2.331138542878605967e+20 2.310301891622171771e+20 2.289684630762636575e+20 2.269377978170665533e+20 2.249657711406173716e+20 2.231352642694848840e+20 2.216947781238848553e+20 2.213879335773364552e+20 2.244308102631202816e+20 2.373506670398078321e+20 2.787150693168472719e+20 3.960874435910875873e+20 6.770589929469533225e+20 1.147180520584958575e+21 1.566307825575638335e+21 1.738862842524799336e+21 1.777457802943247679e+21 1.784847952765906584e+21 1.787418535871232344e+21 1.789340019860234568e+21 1.791145358583487791e+21 1.792886647973256364e+21 1.794565851915090919e+21 1.796193680443269186e+21 1.797813776510270046e+21 1.799558971101736075e+21 1.801809908628349780e+21 1.805606288376063853e+21 1.813426612424962736e+21 1.828348046816955859e+21 1.834410814444542886e+21 1.714643382275756261e+21 1.284573587822237712e+21 7.348264297424967434e+20 3.881007805565890724e+20 2.396802406437477089e+20 1.863254544824995676e+20 1.689357967714758820e+20 1.641366950031030354e+20 1.637876414113107476e+20 1.654741445289575711e+20 1.694466236035282043e+20 1.789465938071953408e+20 2.043297204051801866e+20 2.752637019917219922e+20 4.674238068137120236e+20 9.138856375212846612e+20 1.578038530200831263e+21 1.774053502245464965e+21 1.162223023039227625e+21 5.207953469167967273e+20 1.965183808360048230e+20 7.122193595296820429e+19 2.727915040827646771e+19 1.241255818055835443e+19 7.529996789089592320e+18 6.167170899666297856e+18 6.462855022121113600e+18 8.748331919434780672e+18 1.597935109590171443e+19 3.753042017750917939e+19 1.004914444572877128e+20 2.760039764644971479e+20 7.032224943553215201e+20 1.418313104510534025e+21 1.807646009350940262e+21 1.301974811769775063e+21 6.131597369176335319e+20 2.353945739843250094e+20 8.501607193757735322e+19 3.166023165223557939e+19 1.345043344915869901e+19 7.301858812587005952e+18 5.218565389093426176e+18 4.497432720846455296e+18 4.231973025473795584e+18
9.284802444014395392e+19 9.198143870947639296e+19 9.112272795237459558e+19 9.027182466026920346e+19 8.942866183092338688e+19 8.859317297427401933e+19 8.776529213480584806e+19 8.694495396321565082e+19 8.613209393485289882e+19 8.532664900937760768e+19 8.452855961085311386e+19 8.373777556446062182e+19 8.295427388406297395e+19 8.217811206090260480e+19 8.140958769530119782e+19 8.064971668040463155e+19 7.990166559870645043e+19 7.917504235224847155e+19 7.849874756020153549e+19 7.795946005898367795e+19 7.781682264447798477e+19 7.884760824714380902e+19 8.336888111147384832e+19 9.823375845248796262e+19 1.432023990191352218e+20 2.710253957750143386e+20 5.920940023788623626e+20 1.186153211641291604e+21 1.744092133375151702e+21 1.834252277546668786e+21 1.689604731552433439e+21 1.582058486676397228e+21 1.532402190412009177e+21 1.510419489356094636e+21 1.498860098511282110e+21 1.490935780978529141e+21 1.484234092092381463e+21 1.477922819893166604e+21 1.471710572900657136e+21 1.465473310729746776e+21 1.459093339014966018e+21 1.452303735448999559e+21 1.444314898879205343e+21 1.432552997898149429e+21 1.407699843066835501e+21 1.336400834145193296e+21 1.147357362630853394e+21 8.518720568766477107e+20 6.152976221070195425e+20 5.001373070373957796e+20 4.577713919982225981e+20 4.452917990423273144e+20 4.435723079072887603e+20 4.456917595203996221e+20 4.495669179177840148e+20 4.553871603054063124e+20 4.658619993879633592e+20 4.896542145234169364e+20 5.515549060062486200e+20 7.147635662774219571e+20 1.090373393959052771e+21 1.643775922241166115e+21 1.769536415903253004e+21 1.156085524923333214e+21 5.239379072776904376e+20 2.036308863382950052e+20 7.969825034535931085e+19 3.626001694083889562e+19 2.162063168142279475e+19 1.687481730901951898e+19 1.561988198650989363e+19 1.601622187512267366e+19 1.840583649332799488e+19 2.575823476452392960e+19 4.748099723509884518e+19 1.107456975316351222e+20 2.868231993210503496e+20 7.145449845122199716e+20 1.427017207188267729e+21 1.806947134559296684e+21 1.294758001276045492e+21 6.069417246384328540e+20 2.312250718258059018e+20 8.189034310625099776e+19 2.894985956378573619e+19 1.090398120861053338e+19 4.830087179736646656e+18 2.790895342788084224e+18 2.103420128739350272e+18 1.867970018885094912e+18
3.155387176442804224e+19 3.125438734509171507e+19 3.095772451241768960e+19 3.066385719174854656e+19 3.037275954522744422e+19 3.008440597788377907e+19 2.979877116083077120e+19 2.951583010435776512e+19 2.923555837983187354e+19 2.895793278930130125e+19 2.868293337354618470e+19 2.841054943145785754e+19 2.814079755240581120e+19 2.787377563340149146e+19 2.760982467568650650e+19 2.735001341345460634e+19 2.709758989618790810e+19 2.686232924709590630e+19 2.667355528136346419e+19 2.661913400924700672e+19 2.696218250664445133e+19 2.848986331541311078e+19 3.355114378232146330e+19 4.910311052716961792e+19 9.529131741209296896e+19 2.265815664135713915e+20 5.613283217223404093e+20 1.199766672038652543e+21 1.782757021097487237e+21 1.685020529342737023e+21 1.252077553132230410e+21 9.682063989293615677e+20 8.452124501380278518e+20 7.970079453158920684e+20 7.767241337425441587e+20 7.661618961501479240e+20 7.589191587020764611e+20 7.528182260638711808e+20 7.471376935821081313e+20 7.416743982014686822e+20 7.364785822366005985e+20 7.319232873876025508e+20 7.291944958842980270e+20 7.317587044886101361e+20 7.489095300346786611e+20 8.000628582768567910e+20 8.995947259698653430e+20 9.991374023504062054e+20 1.032296383315825000e+21 1.029288606402816246e+21 1.026856333707245912e+21 1.029512102804285161e+21 1.034706294478514946e+21 1.040929133246142743e+21 1.047774904746169991e+21 1.055634538957156778e+21 1.066207330494759830e+21 1.084635969707392762e+21 1.125502493484201804e+21 1.225868069632831914e+21 1.450507998167153246e+21 1.769200636041199616e+21 1.753506083675953431e+21 1.149711034368983826e+21 5.408147336372646052e+20 2.279842280584126136e+20 1.061398840095347016e+20 6.347184526403392307e+19 4.925188079030815949e+19 4.482101348853644493e+19 4.384803448954331136e+19 4.451388440306112922e+19 4.716065847144855142e+19 5.473753289635812966e+19 7.658303245417121382e+19 1.396558564002173092e+20 3.145863197019631780e+20 7.384235012864186778e+20 1.440944913076551418e+21 1.806485358021445419e+21 1.288089731177705636e+21 6.024187922662077235e+20 2.292290179330076180e+20 8.108735849207873536e+19 2.860211646908781363e+19 1.072489867704627814e+19 4.719105144076380160e+18 2.713857775716402688e+18 2.048847733687083520e+18 1.832017149325531648e+18
1.062515751198057677e+19 1.052426208219349606e+19 1.042433354293820826e+19 1.032536279601627750e+19 1.022734083318904218e+19 1.013025874379433984e+19 1.003410773905058406e+19 9.938879227156172800e+18 9.844565038317598720e+18 9.751158101892290560e+18 9.658654474600658944e+18 9.567059418729156608e+18 9.476405606915846144e+18 9.386807653597956096e+18 9.298625449973968896e+18 9.212953390941138944e+18 9.133085714933965824e+18 9.068905431169138688e+18 9.050029154193642496e+18 9.165169600379229184e+18 9.679951209966508032e+18 1.138903925271319962e+19 1.666407850855875584e+19 3.253219840459823514e+19 7.936689497945110938e+19 2.124498483040480788e+20 5.531596554620067512e+20 1.207832837774010221e+21 1.789358654767060222e+21 1.573037464086401778e+21 9.617274008006620611e+20 5.674946525530106757e+20 3.997995604859185398e+20 3.373722697772413747e+20 3.141778277929563587e+20 3.045993131867226767e+20 2.996466429271733043e+20 2.962714274221484933e+20 2.934695130404303667e+20 2.909669882145033093e+20 2.888596425568246825e+20 2.877404924358362726e+20 2.894793822274344059e+20 2.996206812046786560e+20 3.339695088496870031e+20 4.331905788785706926e+20 6.733764374246529434e+20 1.082832949982509400e+21 1.464465415176842379e+21 1.639834231787431133e+21 1.690657529823659557e+21 1.705836606446212743e+21 1.712674540999951778e+21 1.717368364911066350e+21 1.721459996164559471e+21 1.725500484697339462e+21 1.730006511029245968e+21 1.736137135470059717e+21 1.746990368410820149e+21 1.770021241051758461e+21 1.815376642471037501e+21 1.851112070580861403e+21 1.676410031313877205e+21 1.138316337083153514e+21 5.943478835952121283e+20 3.007025355272799519e+20 1.837236386683763098e+20 1.428215295254859448e+20 1.296396315296772588e+20 1.260448328181129708e+20 1.258431173000543109e+20 1.272455011190107996e+20 1.305677471106367652e+20 1.386415927800055235e+20 1.604420100126622024e+20 2.218656474735761490e+20 3.906910620200103444e+20 7.980415128085790720e+20 1.469757309275049820e+21 1.806559233288595046e+21 1.281427987259452031e+21 5.995038514490503332e+20 2.293213162019648307e+20 8.247743973430268723e+19 3.047787905879859610e+19 1.278454754071842202e+19 6.858398574037097472e+18 4.897706210113742848e+18 4.265620093950082048e+18 4.077960235151234560e+18
3.638262856772320768e+18 3.605252196086317056e+18 3.572574696838155264e+18 3.540227350624820224e+18 3.508207183614505472e+18 3.476511264510733824e+18 3.445136730168760320e+18 3.414080861093849088e+18 3.383341309737354240e+18 3.352916783686644224e+18 3.322809093086223872e+18 3.293029283547457536e+18 3.263616006019067392e+18 3.234690539385202688e+18 3.206621596614619648e+18 3.180518956497668096e+18 3.159711993540519424e+18 3.154178105064126464e+18 3.193805836098716672e+18 3.368111615989618176e+18 3.945116140046050816e+18 5.726649137328418816e+18 1.110578757384256307e+19 2.717369640365894451e+19 7.449410414665973760e+19 2.088994777904636887e+20 5.531583803170831073e+20 1.214649015563812340e+21 1.791369072635010089e+21 1.521533217359594783e+21 8.357330039858625249e+20 3.964450642938390774e+20 2.109032974463970509e+20 1.431414446266745979e+20 1.192296589001577267e+20 1.105114138629280236e+20 1.069397988245610004e+20 1.051114713861972460e+20 1.039056893388880773e+20 1.030142438655880561e+20 1.025343634063595438e+20 1.030975430813257892e+20 1.067013016984007148e+20 1.192964772183346545e+20 1.581067258119505183e+20 2.695753232836613243e+20 5.542866466996755497e+20 1.103291918702801322e+21 1.678239929724666380e+21 1.855089352835709272e+21 1.778076973216731234e+21 1.701075181366161965e+21 1.663268109644225839e+21 1.646082440180496597e+21 1.636857244065689502e+21 1.630400444406833349e+21 1.624797470968178278e+21 1.619251690092349096e+21 1.613077450472360509e+21 1.604699888249809928e+21 1.588791604298808033e+21 1.544949037581849854e+21 1.407314461151707791e+21 1.095372533853375431e+21 7.269625064503490642e+20 4.938712084462598226e+20 3.940376218547201638e+20 3.592119783241784361e+20 3.491700299358472110e+20 3.478342946731797381e+20 3.495963242812350136e+20 3.528162836633212027e+20 3.577463630177874739e+20 3.668578254898530877e+20 3.879969038516748943e+20 4.437847993053534618e+20 5.933825643984371057e+20 9.511499310056413594e+20 1.537241378145591362e+21 1.807430520619851579e+21 1.274220863694774206e+21 6.001849234828275220e+20 2.341450209942830449e+20 8.881489733123440640e+19 3.736971076791477862e+19 1.990868246771956941e+19 1.410785386976392192e+19 1.223722754068600218e+19 1.168388590432655770e+19 1.157164359673573581e+19
1.466187779775933184e+18 1.457573506724011776e+18 1.449094165624337920e+18 1.440748974308081664e+18 1.432537167332342528e+18 1.424458004458911488e+18 1.416510795974753536e+18 1.408694980068737536e+18 1.401010352620183040e+18 1.393457756796101632e+18 1.386041149050970368e+18 1.378773786460055552e+18 1.371696759873593600e+18 1.364934504912017920e+18 1.358861070411764224e+18 1.354598128946470912e+18 1.355506620095000320e+18 1.371654447412874752e+18 1.433197194979586048e+18 1.630446912028216064e+18 2.233801768405910784e+18 4.052195850675844096e+18 9.499872454191261696e+18 2.573043349561599590e+19 7.348619710696540570e+19 2.090626732299749622e+20 5.560604537499384545e+20 1.221160426174348263e+21 1.792914732552520204e+21 1.499095620078286143e+21 7.866704304045427261e+20 3.328594814974357668e+20 1.418817962159754609e+20 7.262631999198584832e+19 4.864426572095330714e+19 4.033637081885565747e+19 3.733156429419466752e+19 3.611822685646725120e+19 3.554012622966742221e+19 3.527844222575030272e+19 3.543016427891563725e+19 3.663645560878787789e+19 4.092791127867815526e+19 5.436364456737927168e+19 9.456503469884648653e+19 2.097352948805772247e+20 5.088350710656068485e+20 1.108064610412408603e+21 1.736795854862229438e+21 1.759204158999232250e+21 1.388039735514628620e+21 1.117269641982383227e+21 9.955944348943375401e+20 9.469743953792067174e+20 9.260952147277160120e+20 9.149508539672423301e+20 9.071868752602426245e+20 9.007349841941114388e+20 8.952153757967104082e+20 8.914447234351350415e+20 8.923232523693258179e+20 9.048278371515986084e+20 9.372362541660739994e+20 9.711234073014570844e+20 9.527133815626436444e+20 8.991418234280131953e+20 8.643335509771411784e+20 8.526426420558396129e+20 8.522187857504196362e+20 8.560671592391971963e+20 8.614910748406571336e+20 8.677294254787049554e+20 8.750661675059339592e+20 8.851953747917608059e+20 9.033680900792276746e+20 9.446462166969188352e+20 1.048351875457072890e+21 1.290464932074471555e+21 1.679774791485881582e+21 1.804901833559742611e+21 1.264833336391158727e+21 6.108994468587443323e+20 2.523902813947715256e+20 1.092462845256644690e+20 5.857520438536493466e+19 4.149821772484583424e+19 3.596328480761794970e+19 3.432166923353806029e+19 3.398647314659368960e+19 3.409009057168202547e+19
1.240010833849424128e+18 1.244384303221196800e+18 1.248872913073571840e+18 1.253477079676355584e+18 1.258197234172566272e+18 1.263033831378846464e+18 1.267987375762119168e+18 1.273058499060771328e+18 1.278248192427698944e+18 1.283558502113211904e+18 1.288994613503081472e+18 1.294571091820447488e+18 1.300330575398615040e+18 1.306399766041445632e+18 1.313157131910672128e+18 1.321735212481165056e+18 1.335525120009381888e+18 1.364682730525699584e+18 1.439624634617601024e+18 1.651441780287566848e+18 2.272860276354092032e+18 4.119766325960397824e+18 9.627078311613745152e+18 2.600907680711499366e+19 7.417905807838619238e+19 2.108550399192448369e+20 5.602518146739621069e+20 1.227724524111870820e+21 1.794446215795949961e+21 1.487615998797618086e+21 7.663872087237613322e+20 3.094196599515236925e+20 1.175972487221585838e+20 4.823412742686892032e+19 2.437478092645579571e+19 1.626173259062308864e+19 1.347362309029653914e+19 1.248273509874249523e+19 1.212786846143659622e+19 1.208928028678935552e+19 1.246569033815123558e+19 1.390489416988803072e+19 1.845803059177573171e+19 3.224816075279031910e+19 7.310811683899591066e+19 1.900264127734813164e+20 4.951049908984435835e+20 1.112693670376352776e+21 1.750892225762178367e+21 1.656392421141824930e+21 1.075645900194437136e+21 6.644909818440636170e+20 4.835437675935054561e+20 4.151816660078057226e+20 3.894934415871929876e+20 3.787426353400642929e+20 3.731949754775506780e+20 3.697700319435399496e+20 3.681431904007349207e+20 3.703243520848785572e+20 3.831639080241455432e+20 4.259580876026349486e+20 5.444227739632892641e+20 8.026023323787513037e+20 1.161862805587269648e+21 1.421260895261541270e+21 1.524443320689121559e+21 1.557933984753125425e+21 1.571456710953183216e+21 1.579407978733670236e+21 1.585668866087463158e+21 1.591443681007836070e+21 1.597289247230985765e+21 1.603897059819543855e+21 1.612969254382399390e+21 1.629199961357244170e+21 1.664567730440092778e+21 1.740673511207746929e+21 1.844473985735544799e+21 1.761675283834131448e+21 1.245905249966430880e+21 6.487054314353548329e+20 3.086330476795976090e+20 1.701190216913450107e+20 1.210286522663142523e+20 1.048263098935818813e+20 9.997440820290065203e+19 9.895994542680545690e+19 9.923723887111068058e+19 9.995206427473099162e+19
2.659874632550274560e+18 2.683026512031373312e+18 2.706426192268069888e+18 2.730075830969700864e+18 2.753977613160333312e+18 2.778133760107838976e+18 2.802546555506406912e+18 2.827218424036953600e+18 2.852152165491545600e+18 2.877351656323249152e+18 2.902823949985523712e+18 2.928585567734724096e+18 2.954681340313364480e+18 2.981240841920777216e+18 3.008647419955611136e+18 3.038044469214479360e+18 3.072851804628019200e+18 3.123307360451115008e+18 3.220069333231185408e+18 3.454947302083298304e+18 4.102811224872785920e+18 5.985939872681838592e+18 1.155822559206850150e+19 2.808942941222592922e+19 7.664771579164686746e+19 2.143224213942705848e+20 5.657834437679096791e+20 1.234763714599865549e+21 1.796016631010068791e+21 1.479947959591097598e+21 7.561430495807943475e+20 2.999480275779946414e+20 1.088545634014288609e+20 3.985280885077851341e+19 1.617551447535828787e+19 8.176709107558439936e+18 5.478731996377361408e+18 4.569381451627730432e+18 4.292981384071263744e+18 4.332289111442717184e+18 4.788743011234132992e+18 6.316661400545953792e+18 1.098617401674636493e+19 2.497713950836751155e+19 6.629328318963505562e+19 1.844370716435503514e+20 4.929572408219745649e+20 1.118297403234231255e+21 1.756042826319028027e+21 1.605586324295695204e+21 9.317627085227023401e+20 4.591505730006271263e+20 2.527246748553745531e+20 1.763550169293130957e+20 1.492312889408550994e+20 1.393129425714287739e+20 1.353643806568433418e+20 1.338245304285316710e+20 1.342863952769532559e+20 1.389683963788714148e+20 1.555407327794827100e+20 2.062280405640113684e+20 3.484271387935912755e+20 6.895519053155548529e+20 1.260402898245158699e+21 1.733763211673645875e+21 1.849781100633589547e+21 1.814633728845297222e+21 1.780669340151752688e+21 1.763936204467127976e+21 1.755820109658813628e+21 1.750960472368141042e+21 1.747200919006507434e+21 1.743745600759740236e+21 1.740251440383058248e+21 1.736372689097545744e+21 1.731121056151722525e+21 1.720249987394860745e+21 1.683250640687649522e+21 1.542270900156236300e+21 1.187101178896901210e+21 7.470484732171036918e+20 4.625159411051302093e+20 3.389740987208482816e+20 2.949310769601200783e+20 2.813046469596454912e+20 2.783229618964314849e+20 2.789621644583780352e+20 2.808290701175434772e+20 2.831196396445113385e+20
7.603018941635233792e+18 7.675507438206228480e+18 7.748701753852949504e+18 7.822608577429310464e+18 7.897234666468464640e+18 7.972586856459267072e+18 8.048672087749289984e+18 8.125497484928661504e+18 8.203070592549885952e+18 8.281400081515343872e+18 8.360497861948270592e+18 8.440385411782996992e+18 8.521112728170308608e+18 8.602815089893916672e+18 8.685883063842952192e+18 8.771471687489640448e+18 8.863025504859540480e+18 8.970846067695066112e+18 9.125770910464097280e+18 9.420133346769027072e+18 1.013035118877008691e+19 1.208328802109296845e+19 1.774635180599958323e+19 3.442841956958355456e+19 8.330440007031652352e+19 2.217014968571910226e+20 5.744389193683380470e+20 1.243323791784933065e+21 1.797741095515417739e+21 1.473527042558554800e+21 7.493756731909864161e+20 2.953057058415245394e+20 1.054684136992149668e+20 3.698282382481194189e+19 1.350629247485669786e+19 5.594224999415273472e+18 2.943754596739200512e+18 2.068628215984467456e+18 1.822155840961222400e+18 1.890733882953394688e+18 2.378878381085705216e+18 3.947492879119089664e+18 8.685471816923561984e+18 2.282791630649971098e+19 6.453811708618833101e+19 1.837463694291524321e+20 4.948788607336446034e+20 1.124390321626771096e+21 1.759341262166387327e+21 1.583264447453124624e+21 8.748589642450696929e+20 3.813119841342389617e+20 1.665912534803301007e+20 8.776922683758336410e+19 6.035124692747481088e+19 5.087550852396481741e+19 4.761424029451371315e+19 4.684664935527068467e+19 4.812955519855108915e+19 5.372168159158310502e+19 7.148170512787040666e+19 1.243833146156120637e+20 2.733052965915731231e+20 6.414704977047449764e+20 1.293014661092869669e+21 1.809840982874565378e+21 1.723395101957282333e+21 1.421321859425020150e+21 1.235998499102738350e+21 1.156066630852734222e+21 1.123051856648408924e+21 1.107338251269573444e+21 1.097638170781848699e+21 1.090007336103967719e+21 1.083139862930187223e+21 1.076716389803719000e+21 1.070989072612008002e+21 1.066969588696568955e+21 1.066361250473384215e+21 1.065307733045645541e+21 1.030758559693707280e+21 9.236287262042258145e+20 8.046997874459537572e+20 7.383954265046901064e+20 7.142349903549409526e+20 7.089913815373246628e+20 7.107214284848529408e+20 7.148627587975706051e+20 7.198302539452841984e+20 7.250903691033803489e+20
2.255553240285529293e+19 2.277189864078252032e+19 2.299033244871410483e+19 2.321085327589629542e+19 2.343348075445407744e+19 2.365823470958115226e+19 2.388513518729209037e+19 2.411420253478400000e+19 2.434545763734003712e+19 2.457892262507715789e+19 2.481462298697501901e+19 2.505259389775507046e+19 2.529289916312300749e+19 2.553568795485768499e+19 2.578136471830467789e+19 2.603109801056998195e+19 2.628834436073455616e+19 2.656341181877059174e+19 2.688712578979724902e+19 2.735174548912696525e+19 2.823341042440341504e+19 3.035803463889754522e+19 3.618985237649118822e+19 5.302696504350163763e+19 1.020054405588269957e+20 2.402954286654645207e+20 5.920167602943073976e+20 1.256401346251176542e+21 1.799992490892436177e+21 1.467394037223277724e+21 7.439578965230785659e+20 2.925633804592542515e+20 1.041698726586559693e+20 3.625337740961165312e+19 1.298547892513890304e+19 5.153246667145630720e+18 2.538632348198422528e+18 1.684640884773530880e+18 1.454657778201741056e+18 1.539069044973190400e+18 2.045557013616348928e+18 3.641555628136877056e+18 8.434423158478326784e+18 2.271329265670544589e+19 6.479508458321298227e+19 1.850022815034292306e+20 4.984263658154832036e+20 1.130791423872751108e+21 1.762178308946737496e+21 1.572075642867171197e+21 8.514880946382948270e+20 3.525693433547820237e+20 1.361189948931626435e+20 5.691401847614889165e+19 2.956619214361335808e+19 2.030884601039651635e+19 1.731423006885607014e+19 1.683157103848116019e+19 1.841643239547950899e+19 2.435336121637659443e+19 4.259369663468390810e+19 9.644162970300846899e+19 2.481303793219635446e+20 6.265073477359868314e+20 1.306215409670134694e+21 1.814474520656186966e+21 1.546219171121103110e+21 1.010304279466381804e+21 6.913612158179808379e+20 5.586133716712494858e+20 5.084718455539514737e+20 4.887011674825612329e+20 4.794686783690983342e+20 4.739155678988439388e+20 4.699056273691333755e+20 4.672972354789773804e+20 4.677595931169210368e+20 4.768584057714427822e+20 5.102245569999613460e+20 6.047238947133979361e+20 8.111075675727084913e+20 1.095852748733620158e+21 1.298740300921935233e+21 1.379180059533514375e+21 1.406451486149611618e+21 1.418804561074433556e+21 1.427019337625408635e+21 1.433950841790413930e+21 1.440445103529059156e+21 1.446774739746062860e+21
6.666952841504681984e+19 6.730177792978257510e+19 6.793990824215655219e+19 6.858397178970998374e+19 6.923402143869539123e+19 6.989011049487129805e+19 7.055229273228367462e+19 7.122062247288136499e+19 7.189515482034459443e+19 7.257594635538191155e+19 7.326305721161107866e+19 7.395655728636021965e+19 7.465654483110182912e+19 7.536320210554480230e+19 7.607696200276711834e+19 7.679900691721116058e+19 7.753276233299730432e+19 7.828836846332577382e+19 7.909606707645307290e+19 8.004627111511269376e+19 8.140944197967852339e+19 8.399419802018275328e+19 9.021234451929990758e+19 1.072040997911000842e+20 1.556382118854525256e+20 2.913708560831441142e+20 6.353701085744861020e+20 1.282547304431364080e+21 1.803819188160814121e+21 1.460988790377643246e+21 7.395020553431648829e+20 2.912674921313849180e+20 1.044300629772490998e+20 3.711160292687746662e+19 1.406289867998610227e+19 6.316346548224886784e+18 3.742125349367655424e+18 2.913485734817300480e+18 2.704187776985813504e+18 2.808669000469088256e+18 3.337691704198490112e+18 4.964867780173475840e+18 9.814914227040053248e+18 2.422757285769141043e+19 6.666246923552974438e+19 1.877970565884756951e+20 5.032555056723410289e+20 1.137701939899265188e+21 1.764920017038132380e+21 1.564805857760756892e+21 8.399239847890867978e+20 3.410694282870148956e+20 1.251658964364265062e+20 4.628681531869349478e+19 1.912537012532871168e+19 9.998614158004027392e+18 7.115320232903586816e+18 6.740481429726246912e+18 8.442622568181678080e+18 1.453327483714746368e+19 3.304134630575606989e+19 8.750870253610334618e+19 2.409202047916401623e+20 6.243443262758099354e+20 1.314500064867618914e+21 1.811803634647357194e+21 1.453678036117948727e+21 8.051872046373492490e+20 4.221732561064793211e+20 2.647249920754386534e+20 2.073099683858055168e+20 1.866234452958828954e+20 1.786486625629811180e+20 1.750901359411454935e+20 1.733627776193365606e+20 1.732767694443203789e+20 1.767897177531451638e+20 1.905099077858197176e+20 2.336016576311686595e+20 3.560576665880663163e+20 6.549569116742050120e+20 1.175516790072845926e+21 1.652685041052063629e+21 1.823068907688021459e+21 1.831109711270032179e+21 1.817876076648663351e+21 1.810164851398977520e+21 1.806523311088190095e+21 1.804528331104176833e+21 1.803084679043499426e+21
1.924284717283593421e+20 1.941859162815931351e+20 1.959584397821524050e+20 1.977461532446295982e+20 1.995491681513127936e+20 2.013675964542442537e+20 2.032015505937989960e+20 2.050511435645079716e+20 2.069164891244536136e+20 2.087977024335571845e+20 2.106949019754525164e+20 2.126082153207912202e+20 2.145377963823942861e+20 2.164838770503474545e+20 2.184469216791392420e+20 2.204280892622202798e+20 2.224306160546157036e+20 2.244639516129046692e+20 2.265561306793574400e+20 2.287907738773108490e+20 2.314176900642100019e+20 2.351829959499167498e+20 2.423100601291911004e+20 2.593754826029592084e+20 3.054001888231740539e+20 4.317427735057402429e+20 7.494827614983069368e+20 1.344448676863305581e+21 1.811768343634232214e+21 1.453401581966607778e+21 7.368600308386311700e+20 2.928503937166007009e+20 1.077704954836807680e+20 4.110105972471667098e+19 1.830164656985585459e+19 1.066805749029946368e+19 8.161239087989141504e+18 7.385103224347454464e+18 7.223837200805108736e+18 7.375826361017047040e+18 7.954524806788833280e+18 9.638522847839967232e+18 1.456626413785554534e+19 2.911717992356930355e+19 7.186124036826488013e+19 1.937390240798378230e+20 5.106813870573816381e+20 1.145986547090241749e+21 1.767810755294992269e+21 1.558827245211646427e+21 8.324349747638937846e+20 3.355109191913582756e+20 1.209192465546051256e+20 4.260116428398551040e+19 1.566320733595999642e+19 6.636316584573587456e+18 3.811276968347415040e+18 3.484133820102112256e+18 5.241335768477677568e+18 1.142248634024167014e+19 3.013105104123864678e+19 8.512101587844081254e+19 2.399385616951202284e+20 6.267264879732332954e+20 1.321409212865087799e+21 1.810497858216376140e+21 1.414273313353271345e+21 7.236611599124208026e+20 3.178417269299437896e+20 1.518930008774632735e+20 9.215191681872537190e+19 7.136759221490737152e+19 6.404953344089538560e+19 6.139729714199543808e+19 6.066326060170089267e+19 6.162341632763647590e+19 6.628472534499563930e+19 8.147079328335375565e+19 1.271689639609715753e+20 2.570600642422421914e+20 5.850646705047875092e+20 1.198496642343997276e+21 1.767858624202874028e+21 1.796476237088728809e+21 1.560507193285011571e+21 1.398070928928153534e+21 1.325292057068365414e+21 1.294531454653440721e+21 1.279517067324281324e+21 1.269998930128211542e+21
5.182155957685355151e+20 5.224410104996604150e+20 5.266938472706175795e+20 5.309741575966288118e+20 5.352819905289163899e+20 5.396173926078574100e+20 5.439804078280007352e+20 5.483710776414252564e+20 5.527894410743838147e+20 5.572355351858510561e+20 5.617093965445133107e+20 5.662110657500187197e+20 5.707406010391102095e+20 5.752981190113871135e+20 5.798839162999491133e+20 5.844988328316089795e+20 5.891453361122257142e+20 5.938307572841963848e+20 5.985769480910041252e+20 6.034490930768293396e+20 6.086416277112165499e+20 6.147340639232990904e+20 6.234493645184989921e+20 6.398724269679365325e+20 6.786805451860271432e+20 7.794579016989280829e+20 1.027855342759343817e+21 1.488889646491684045e+21 1.827299850452427866e+21 1.441966760310735110e+21 7.391605078116444406e+20 3.024572110037773189e+20 1.197262793609447834e+20 5.386124057207839949e+19 3.140544324298805248e+19 2.397070798873624166e+19 2.161624032172580864e+19 2.097787573835562189e+19 2.095039976250614989e+19 2.123583044232059699e+19 2.194911535608597299e+19 2.377011566956954419e+19 2.883979003176033894e+19 4.354367937598241997e+19 8.646360523429319475e+19 2.085317815655083213e+20 5.253706616682174874e+20 1.158276946010158006e+21 1.771344171426279326e+21 1.553165507102847533e+21 8.264500832606464246e+20 3.321747576702392074e+20 1.191608326028120228e+20 4.148244074467395174e+19 1.478116051706111795e+19 5.845447529155116032e+18 3.062850252143139840e+18 2.765350582964995072e+18 4.558852422550279168e+18 1.081120981429281997e+19 2.969892103568296346e+19 8.517783825155245670e+19 2.412855414839501455e+20 6.308317327882816061e+20 1.327953549798534021e+21 1.810208614512829923e+21 1.396459436522451239e+21 6.919483627887153644e+20 2.799205841709841777e+20 1.119217349094270894e+20 5.173286282744596890e+19 3.105357657819923251e+19 2.402355659014065357e+19 2.171888976321707213e+19 2.135375809784933990e+19 2.269965591087527936e+19 2.778684421631720243e+19 4.352647029842396774e+19 9.022310514981216256e+19 2.228950622683893596e+20 5.613882626448178545e+20 1.207581334578644386e+21 1.788423903790269465e+21 1.642060983849385198e+21 1.140747891792949150e+21 8.154958315149152748e+20 6.757486693909033124e+20 6.221026455587149578e+20 6.005751398541011190e+20 5.902195286991684895e+20
1.163835686140291842e+21 1.170529318365513384e+21 1.177226236999980155e+21 1.183925856506493796e+21 1.190627584233300820e+21 1.197330820463203713e+21 1.204034958471148601e+21 1.210739384605874061e+21 1.217443478433341899e+21 1.224146613059291185e+21 1.230848155975106167e+21 1.237547471452712206e+21 1.244243927525401559e+21 1.250936916565948891e+21 1.257625916184722145e+21 1.264310669693436822e+21 1.270991721103090778e+21 1.277672001280704250e+21 1.284361530180218913e+21 1.291091353590622061e+21 1.297954826254147125e+21 1.305229712098393326e+21 1.313737713858769322e+21 1.325889218735579857e+21 1.348598411783183270e+21 1.400398979001199624e+21 1.520980160715949605e+21 1.735302288978925584e+21 1.836218328689836294e+21 1.417266784343590175e+21 7.549983887766855352e+20 3.350671676507515781e+20 1.566652183866187121e+20 9.215085273773688422e+19 7.034486420076210586e+19 6.336898225796508058e+19 6.141664685207566746e+19 6.116412372755828736e+19 6.151892836841521971e+19 6.218632210459684045e+19 6.327935763997614899e+19 6.546817593778375885e+19 7.086286654027595776e+19 8.575513520370683085e+19 1.284461156885523661e+20 2.490578534437860147e+20 5.611179541072754115e+20 1.182201870593735786e+21 1.776853366768703898e+21 1.547290842474793402e+21 8.213344073972018053e+20 3.302305710888443576e+20 1.189300943185711432e+20 4.192682770552060314e+19 1.547270440008440218e+19 6.631663533673355264e+18 3.892885430942898688e+18 3.625661819838030336e+18 5.455464176620272640e+18 1.177742404948630118e+19 3.083752252376503501e+19 8.678108307651210445e+19 2.440885628570823229e+20 6.360417487604172718e+20 1.334607475908977361e+21 1.810324089148415934e+21 1.386373554079870484e+21 6.780086035603885916e+20 2.656470367994924237e+20 9.786496771085769114e+19 3.787548110912983040e+19 1.735618496714045235e+19 1.046779561684563968e+19 8.298150358880750592e+18 8.068179884361946112e+18 9.558376156850192384e+18 1.482198380168946893e+19 3.083869296587051008e+19 7.812765319287534387e+19 2.124183918793198797e+20 5.559084749440166134e+20 1.214415362636793512e+21 1.791642321322862969e+21 1.550179988707174253e+21 9.085727104329488794e+20 4.969162934048707707e+20 3.224102760484340367e+20 2.579521380862785290e+20 2.344905449674324050e+20 2.252502089634465055e+20
1.775115218317374128e+21 1.777471745386937057e+21 1.779750565640827044e+21 1.781951268566959391e+21 1.784073456970087268e+21 1.786116747123287917e+21 1.788080768916025246e+21 1.789965165999022408e+21 1.791769595933881532e+21 1.793493730360149934e+21 1.795137255226421543e+21 1.796699871214479868e+21 1.798181294731854086e+21 1.799581260558323941e+21 1.800899529278782439e+21 1.802135908544233079e+21 1.803290314225472504e+21 1.804362946539824873e+21 1.805354797194148839e+21 1.806269108303514829e+21 1.807115562267490124e+21 1.807922272707831661e+21 1.808769798453825372e+21 1.809885180776221770e+21 1.811881188045926957e+21 1.816187928125538042e+21 1.824331124154413613e+21 1.824188000076219286e+21 1.725109027852593398e+21 1.345946035792851763e+21 8.024572329097147187e+20 4.295085335269544428e+20 2.630207622004170424e+20 2.021111814437468242e+20 1.820372787220937114e+20 1.763007303262687396e+20 1.754430188633452380e+20 1.762430920741406638e+20 1.776401924038011126e+20 1.793461134012735160e+20 1.814639124750780006e+20 1.846234564792803656e+20 1.908099103996549857e+20 2.059393884444990505e+20 2.472083748918080307e+20 3.616739920189664133e+20 6.557625518981653463e+20 1.238576184966632178e+21 1.787804120003654975e+21 1.540410297752594940e+21 8.175734771893587149e+20 3.306605652771706634e+20 1.212750640346074808e+20 4.499453913754872218e+19 1.881246642863625011e+19 1.008751825070736384e+19 7.413292642797281280e+18 7.196526428770244608e+18 9.081150980340610048e+18 1.548586970536990925e+19 3.471489774123571200e+19 9.106959824646856704e+19 2.493782016209442570e+20 6.431645686239135007e+20 1.342000090096404267e+21 1.810606131889307648e+21 1.378923784592854876e+21 6.702039379629063537e+20 2.595120814273489469e+20 9.270956447579180237e+19 3.313434989780086374e+19 1.279089128686345830e+19 5.992528814776155136e+18 3.884270234864081920e+18 3.708980338663116288e+18 5.261026785986974720e+18 1.061757817720945664e+19 2.682353234675991757e+19 7.458666037136673997e+19 2.101577706483493437e+20 5.568991409380105912e+20 1.220899681129379660e+21 1.793028314927749399e+21 1.509819338431791628e+21 8.132008569070177485e+20 3.689915143307657871e+20 1.817460706304980746e+20 1.135557256343402414e+20 8.967213749256713011e+19 8.113810278975912346e+19
1.540843963553693041e+21 1.535101849451821793e+21 1.529321144663403135e+21 1.523502672181030027e+21 1.517647255200799130e+21 1.511755716905888645e+21 1.505828880252416819e+21 1.499867567756274565e+21 1.493872601281711047e+21 1.487844801826919285e+21 1.481784989296500146e+21 1.475693982233074336e+21 1.469572597419810226e+21 1.463421649100044501e+21 1.457241947067115110e+21 1.451034291430458130e+21 1.444799457626755695e+21 1.438538152836561371e+21 1.432250888652868026e+21 1.425937608694983819e+21 1.419596599650642035e+21 1.413221307377474339e+21 1.406791019975377945e+21 1.400243487043235873e+21 1.393393280488884404e+21 1.385678030437334122e+21 1.375289246930320753e+21 1.355757505975431201e+21 1.303028458903500489e+21 1.155836341693970776e+21 8.951267745737173893e+20 6.597236545819381596e+20 5.364586047947868733e+20 4.895107726474522788e+20 4.753276016278138388e+20 4.730694157670180454e+20 4.749207086494354637e+20 4.781803236235816468e+20 4.819556828794515620e+20 4.860035453497226035e+20 4.904073045654919578e+20 4.956851382915099525e+20 5.034686154331945697e+20 5.186116664748640174e+20 5.552003306066115297e+20 6.517376742985498624e+20 8.953029350512569876e+20 1.374549481298981552e+21 1.811036110270883430e+21 1.530224772863396151e+21 8.173642774400140575e+20 3.375171493049008783e+20 1.306084600502888530e+20 5.518677998659840410e+19 2.935363320040094925e+19 2.081368586899118490e+19 1.827152436170119373e+19 1.817115537752034509e+19 2.017133048563012403e+19 2.670273066011856896e+19 4.609302748319077171e+19 1.026984674225016832e+20 2.614237474835992740e+20 6.554747390863490417e+20 1.351726881709819691e+21 1.811078549918458053e+21 1.372316162471187972e+21 6.646060924483461448e+20 2.562987879611560428e+20 9.073293532904508621e+19 3.164306373739740365e+19 1.148111864307181568e+19 4.756582502308020224e+18 2.686418607798262784e+18 2.540339970625043968e+18 4.128160281147404800e+18 9.551251232152862720e+18 2.591851814339361997e+19 7.411724470040420352e+19 2.108533735698653184e+20 5.602409191452968878e+20 1.227373597441597637e+21 1.794417714108872262e+21 1.491704297034032087e+21 7.759604822013817651e+20 3.220546843092034519e+20 1.313318164621536788e+20 6.224414769885215949e+19 3.837906959344847258e+19 3.017030342626371174e+19
8.130339406844753347e+20 8.072407400126528881e+20 8.014722862246564987e+20 7.957287568880440443e+20 7.900103237346193572e+20 7.843171527217515069e+20 7.786494040938882007e+20 7.730072324455479378e+20 7.673907867872971981e+20 7.618002106183799276e+20 7.562356420206399324e+20 7.506972138162335252e+20 7.451850539160047452e+20 7.396992862450086052e+20 7.342400334141953147e+20 7.288074246699358618e+20 7.234016198020671734e+20 7.180228812912048210e+20 7.126717922449774346e+20 7.073499148528957522e+20 7.020617795705164268e+20 6.968208926557327852e+20 6.916678680318347837e+20 6.867250667180824986e+20 6.823605374554211615e+20 6.796737460739584819e+20 6.818814098321414554e+20 6.978286425227995382e+20 7.476531647340865126e+20 8.548532813001250570e+20 9.872540332515521987e+20 1.058257557768729919e+21 1.072511975782487556e+21 1.075184559754467738e+21 1.079340789118767858e+21 1.085020363817358066e+21 1.091329531931701281e+21 1.097863843410754798e+21 1.104492071205652791e+21 1.111203070875574862e+21 1.118087000187881914e+21 1.125450645131408703e+21 1.134215092135480263e+21 1.147094651200605258e+21 1.171925547394826109e+21 1.230044941364635107e+21 1.369552466089366258e+21 1.637034969314438676e+21 1.844782677734815171e+21 1.508468738793689055e+21 8.268981635074036859e+20 3.628253625726526423e+20 1.602135266911167119e+20 8.611642744441377587e+19 6.088092031435726848e+19 5.273592755111974502e+19 5.052628616864251085e+19 5.073612103822816870e+19 5.302923178580654490e+19 5.981386334909044326e+19 7.933701738551787520e+19 1.357077476551305462e+20 2.931054427378944573e+20 6.828152400200689254e+20 1.368328079549354476e+21 1.812063831313132028e+21 1.365856807870333977e+21 6.601283793257125642e+20 2.545878143112414822e+20 9.036522471039742771e+19 3.178941881498224230e+19 1.181535910901736038e+19 5.164189407669700608e+18 3.129527968547656192e+18 3.009370349645147136e+18 4.629234931070339072e+18 1.011412662483974349e+19 2.663460543564716851e+19 7.524860819163688141e+19 2.130783005575943291e+20 5.648086543747189965e+20 1.234059935553920434e+21 1.795889316770612249e+21 1.481705057763528802e+21 7.598168340823953900e+20 3.044548031029936783e+20 1.135724817636197499e+20 4.458341028966535987e+19 2.086925684070507315e+19 1.282265865139598336e+19
3.248865344562379489e+20 3.220664338955192893e+20 3.192681851050580378e+20 3.164916667136684851e+20 3.137367571062625403e+20 3.110033344465707991e+20 3.082912766992596337e+20 3.056004616537461883e+20 3.029307669507285320e+20 3.002820701197285458e+20 2.976542486504348058e+20 2.950471801653011087e+20 2.924607428969046344e+20 2.898948170807784243e+20 2.873492890942557389e+20 2.848240638270709760e+20 2.823191017437309501e+20 2.798345299784692531e+20 2.773709754175186207e+20 2.749305633860096164e+20 2.725199119619251896e+20 2.701591089585288643e+20 2.679086189251604972e+20 2.659498805680547103e+20 2.648262745957589320e+20 2.661595431863293051e+20 2.747443270993520886e+20 3.043656896820048691e+20 3.914780124794776453e+20 6.105666118221563167e+20 1.014989481624312480e+21 1.439207207411983319e+21 1.654649209602899444e+21 1.717095024655924462e+21 1.733596601987291939e+21 1.740031244810657726e+21 1.744126253066940318e+21 1.747553762200428216e+21 1.750738183751964557e+21 1.753806910733382058e+21 1.756816525067491475e+21 1.759837262504097219e+21 1.763044735464921629e+21 1.766937278611409338e+21 1.772915869756115386e+21 1.784633483472986440e+21 1.809289343715350413e+21 1.845078629965569458e+21 1.800585337275866153e+21 1.444204266767169618e+21 8.595186889825749565e+20 4.385068895534721270e+20 2.468436750269161800e+20 1.759284361196122276e+20 1.521647788022105047e+20 1.450519811910174802e+20 1.437414053223277855e+20 1.447935631422440899e+20 1.478588060001923564e+20 1.552274755150741504e+20 1.747685827285922611e+20 2.294797371814095749e+20 3.805262586806700605e+20 7.527297285593238077e+20 1.404361176990275076e+21 1.814444383514529890e+21 1.359061293593303712e+21 6.571299199057119150e+20 2.549224222136585421e+20 9.215493399693672448e+19 3.412431600219009434e+19 1.435615445117413171e+19 7.793916973588887552e+18 5.809746434252058624e+18 5.730108531419713536e+18 7.395534043548504064e+18 1.295221283761231872e+19 2.962484877134989312e+19 7.861936996369340826e+19 2.174070113513684992e+20 5.710622919513325568e+20 1.241461807127692050e+21 1.797447073402362528e+21 1.474488901904183067e+21 7.509778546147380429e+20 2.969841368162737848e+20 1.070669370698291610e+20 3.850993694531701965e+19 1.498756216761994445e+19 7.044111174352260096e+18
1.156331405237028782e+20 1.145617197219392389e+20 1.134998941245087416e+20 1.124475840360590705e+20 1.114047103052680397e+20 1.103711943230552965e+20 1.093469580225565491e+20 1.083319238790720881e+20 1.073260149150845665e+20 1.063291547167276728e+20 1.053412674866914427e+20 1.043622782062708326e+20 1.033921131235441705e+20 1.024307012192207995e+20 1.014779786012120351e+20 1.005339016737923072e+20 9.959848658941122970e+19 9.867192743801528320e+19 9.775495030196461568e+19 9.684987387116426035e+19 9.596378657708500582e+19 9.511806339535346074e+19 9.437686832045385318e+19 9.393248113446332006e+19 9.436040625481095578e+19 9.737914404290617344e+19 1.080867486962703729e+20 1.413149618930653757e+20 2.377513238805909012e+20 4.904417425692445901e+20 1.008514694553885737e+21 1.619865855136870957e+21 1.854382454202669990e+21 1.774985233122513125e+21 1.679388594523788018e+21 1.631066528655446114e+21 1.609495578835517440e+21 1.598471995158253535e+21 1.591178976986751042e+21 1.585141227158260941e+21 1.579497947455200690e+21 1.573947878873455133e+21 1.568366560824996659e+21 1.562644880953795412e+21 1.556542879920894247e+21 1.549348044327506412e+21 1.538722141496390189e+21 1.516113366773368619e+21 1.449510651530521608e+21 1.259172070404498915e+21 9.258638814938751304e+20 6.299057673333275361e+20 4.760009884153731482e+20 4.167593273091063808e+20 3.978805179098350879e+20 3.936999864501013053e+20 3.946939835862106767e+20 3.977953552802060698e+20 4.026626146387804815e+20 4.112473533396580434e+20 4.302889707724821627e+20 4.794709112148902543e+20 6.111041330387613123e+20 9.319041187043677307e+20 1.489977220398993113e+21 1.819647466400668975e+21 1.350966852480566034e+21 6.578674503346399478e+20 2.605086210491924808e+20 9.948081950204243149e+19 4.207869708339457229e+19 2.257286752937881190e+19 1.615253670466714010e+19 1.427127041100723610e+19 1.428365326734171546e+19 1.604273451659185562e+19 2.170807432190849434e+19 3.853505873559515955e+19 8.780889947233699430e+19 2.271616596624083517e+20 5.816405542359316562e+20 1.251015003743634850e+21 1.799247309086372659e+21 1.468158026426723074e+21 7.447117662874305823e+20 2.930776954096613458e+20 1.045034335321061130e+20 3.648846977832143258e+19 1.317121702089251635e+19 5.311598454826321920e+18
3.946432895422568858e+19 3.909061737681095885e+19 3.872040602539463475e+19 3.835366284956898099e+19 3.799035607869962650e+19 3.763045421995703501e+19 3.727392605641230746e+19 3.692074064774486426e+19 3.657086733357470925e+19 3.622427575008545997e+19 3.588093588363739136e+19 3.554081823448854528e+19 3.520389431293730406e+19 3.487013812802022195e+19 3.453953065237048934e+19 3.421207319795721011e+19 3.388782748675682304e+19 3.356703567530829824e+19 3.325047986751958630e+19 3.294055895115932058e+19 3.264451396641137459e+19 3.238408838518022963e+19 3.222445794037495398e+19 3.236083499613120102e+19 3.337743786543985869e+19 3.701928476912941466e+19 4.846924399550377984e+19 8.286262768283131904e+19 1.821918743958529966e+20 4.457638785423287255e+20 1.004181843557652627e+21 1.673927249733000102e+21 1.789879074107328561e+21 1.416552099926130033e+21 1.106882462332633612e+21 9.624887636233068216e+20 9.048801873671390495e+20 8.809072191403748229e+20 8.687911502940296970e+20 8.607359895448097915e+20 8.540708629750088991e+20 8.479011175001650627e+20 8.419511291439792783e+20 8.362051990105906217e+20 8.308901120487375503e+20 8.267759827660611256e+20 8.261395915434813030e+20 8.351402223960231772e+20 8.668431095027405947e+20 9.308225813962227712e+20 9.883048651519341363e+20 9.847609800455847936e+20 9.564225386711279206e+20 9.414947555633169695e+20 9.391472612699228078e+20 9.424172008177935319e+20 9.478063147136466289e+20 9.541481665640928379e+20 9.614838042865552589e+20 9.711360090378698752e+20 9.873861548070550897e+20 1.022620226625346339e+21 1.109661878028277121e+21 1.315393901371527528e+21 1.666126707830384230e+21 1.823711378869423964e+21 1.338338935709162537e+21 6.691267919357951345e+20 2.812079901399585587e+20 1.228347961819108803e+20 6.633714861610583654e+19 4.727166416097088307e+19 4.115429574534452838e+19 3.953291275478839296e+19 3.979062785372934144e+19 4.178596641065488384e+19 4.766838529454573978e+19 6.465314080129594163e+19 1.138981697309191864e+20 2.526378260105025946e+20 6.047028480992789135e+20 1.266889749717180744e+21 1.801814779013466423e+21 1.461972620976099688e+21 7.395874501608583987e+20 2.907835365117453926e+20 1.036977564403613532e+20 3.626508584813190758e+19 1.316063060249786573e+19 5.382203922904724480e+18
1.327586870875279360e+19 1.314923440525229875e+19 1.302380365085488333e+19 1.289956509017208832e+19 1.277650747342040474e+19 1.265461965586803098e+19 1.253389059733310054e+19 1.241430936389486387e+19 1.229586513226816922e+19 1.217854720834350899e+19 1.206234508235686093e+19 1.194724859500390810e+19 1.183324844062034739e+19 1.172033767054710784e+19 1.160851620357336269e+19 1.149780433365630362e+19 1.138828319257115648e+19 1.128021594507563008e+19 1.117441080038213837e+19 1.107330831336931942e+19 1.098423804812409037e+19 1.092917249305753600e+19 1.097393717237944934e+19 1.131565525158491750e+19 1.254424648723564544e+19 1.642193093876167475e+19 2.818458308253004186e+19 6.313945526659847782e+19 1.638970329132870861e+20 4.321983082030330020e+20 1.005777727569624302e+21 1.690337233624594121e+21 1.716855422317821690e+21 1.144336592785660707e+21 6.869370770715090616e+20 4.772476588449786757e+20 3.973197991413833400e+20 3.676098628859178516e+20 3.555470346254789509e+20 3.495014473523706593e+20 3.455027470652860006e+20 3.422289050422245458e+20 3.392840546205210378e+20 3.366780687456830095e+20 3.348407713063716782e+20 3.351886241183345541e+20 3.419534344360417034e+20 3.673096701450621420e+20 4.433928818010826998e+20 6.354866784158684283e+20 9.894047050112061932e+20 1.361786918921378202e+21 1.557540549858049917e+21 1.620729317329985602e+21 1.640749900785747231e+21 1.649765760188124758e+21 1.655789638054130221e+21 1.660938098796201509e+21 1.665952465357380256e+21 1.671422211006828642e+21 1.678565959591595606e+21 1.690663934359760798e+21 1.716128741920841400e+21 1.770650306468876648e+21 1.846897533479842218e+21 1.777368677983978783e+21 1.308204368257645281e+21 7.080854299895636951e+20 3.443353671511565926e+20 1.919729135352902451e+20 1.374239866605507379e+20 1.193869385751997481e+20 1.140517142377035530e+20 1.131368472579085763e+20 1.140684489327291269e+20 1.166945487556885545e+20 1.230877794967519560e+20 1.402180538047471616e+20 1.885169175968524206e+20 3.232056812603654144e+20 6.634897709976188355e+20 1.300829984624913154e+21 1.806590062392331993e+21 1.455406996006662832e+21 7.356461770284247286e+20 2.902524567118149059e+20 1.047770321172339589e+20 3.795822023020206490e+19 1.508170149003539046e+19 7.396121400013625344e+18
4.444356174926039040e+18 4.401859852180029952e+18 4.359769383257318400e+18 4.318080901431610880e+18 4.276790577082445824e+18 4.235894616717372416e+18 4.195389264374353408e+18 4.155270802676786176e+18 4.115535558906302464e+18 4.076179923890201600e+18 4.037200407750265856e+18 3.998593809452226048e+18 3.960357723241199616e+18 3.922492058205322752e+18 3.885003588822404096e+18 3.847919586631698432e+18 3.811328650108167168e+18 3.775503000496052736e+18 3.741264787723277824e+18 3.711083253826139648e+18 3.692360935166154752e+18 3.707276034082087424e+18 3.822257446044038656e+18 4.236222799424745472e+18 5.544454179761449984e+18 9.525224521725171712e+18 2.146251542169196544e+19 5.680785816851014451e+19 1.586024496463850045e+20 4.298009408753420206e+20 1.010224403746964767e+21 1.697575728831494619e+21 1.680502656859260322e+21 1.020755201420115313e+21 4.999603580092471706e+20 2.627185189619970867e+20 1.738030432933876531e+20 1.422375626474093117e+20 1.307934128977110794e+20 1.261911636526970307e+20 1.239026138673697751e+20 1.224211879045873336e+20 1.212940679204083139e+20 1.205248602396211937e+20 1.205786436820374323e+20 1.229955654031746335e+20 1.323958746539339121e+20 1.622520912323430973e+20 2.496668306297497846e+20 4.806040345439704187e+20 9.627910531612889580e+20 1.561426205366856450e+21 1.844145971485643112e+21 1.823703047800042029e+21 1.760860588723531940e+21 1.726368522731706909e+21 1.710531006603966284e+21 1.702285103730142478e+21 1.696728146058158539e+21 1.692022797233948197e+21 1.687440743274122314e+21 1.682459643241803022e+21 1.675985811621564908e+21 1.664182217871235482e+21 1.631026063130772636e+21 1.516599586805223522e+21 1.216478782272361988e+21 8.041524242030614282e+20 5.132821474602608886e+20 3.810605205553325670e+20 3.330743098823509279e+20 3.181778265295635087e+20 3.149990561527025500e+20 3.159233073007505572e+20 3.185580815413158871e+20 3.227323706474939023e+20 3.302763071258337608e+20 3.473741000761299436e+20 3.921450470737309860e+20 5.135210780917453947e+20 8.170479935262203576e+20 1.382517720634895892e+21 1.816787983192170693e+21 1.447413153490287198e+21 7.344498312062405181e+20 2.939311523494475203e+20 1.103438556177390469e+20 4.421226537846919168e+19 2.160945621726979277e+19 1.405905204036371456e+19
1.485412448358203392e+18 1.471197622920019712e+18 1.457118773235061504e+18 1.443174599569885696e+18 1.429363814992818432e+18 1.415685144923641600e+18 1.402137328188614400e+18 1.388719118873190144e+18 1.375429292394816768e+18 1.362266664802086144e+18 1.349230149398442496e+18 1.336318927308071424e+18 1.323532960241458688e+18 1.310874522191754496e+18 1.298352792220834048e+18 1.285997608937999616e+18 1.273900667392614144e+18 1.262338916310183936e+18 1.252144159761256960e+18 1.245810093336653312e+18 1.250808075956320512e+18 1.289518058245829888e+18 1.428968797024852992e+18 1.869869650410974720e+18 3.212858976702077952e+18 7.252194220873176064e+18 1.931924142950217318e+19 5.500310050081976320e+19 1.577190387404854067e+20 4.312323640559744451e+20 1.015722402865963729e+21 1.702360167488632127e+21 1.664132954409581937e+21 9.714827536378117489e+20 4.291783497270956524e+20 1.830612861831362642e+20 9.140973125608135066e+19 5.941419748438460006e+19 4.833115109723381760e+19 4.435073109309325312e+19 4.276631584056062771e+19 4.201240704834742682e+19 4.161769627851859558e+19 4.158259708703394202e+19 4.237979622346094182e+19 4.557828099453177037e+19 5.589194999726520730e+19 8.712559467992283546e+19 1.777928073973228175e+20 4.206406385645084344e+20 9.480455721950005166e+20 1.625596677333243134e+21 1.823021134474513482e+21 1.518717550343196246e+21 1.235591149447433683e+21 1.099061456897087504e+21 1.043576792665752994e+21 1.019991347596388467e+21 1.007723237673109946e+21 9.993668404898742927e+20 9.924343499647497011e+20 9.862683817992219525e+20 9.812000339449836995e+20 9.788816447931327447e+20 9.833445037557316321e+20 9.985760050901411430e+20 1.006567066267010073e+21 9.570734663461635359e+20 8.700015408671822971e+20 8.124157782055965164e+20 7.902780671746038825e+20 7.857781170743393649e+20 7.880180484001654374e+20 7.926839038092001935e+20 7.984052190033481564e+20 8.051634221704828682e+20 8.142715945337204244e+20 8.300495758024985805e+20 8.650893927126290924e+20 9.533308211253423636e+20 1.167998052786677088e+21 1.562731263859821642e+21 1.834481372949219639e+21 1.434588359334024970e+21 7.409218566094792950e+20 3.096366559524922982e+20 1.287993966597416878e+20 6.359161053710308147e+19 4.140685798128835789e+19 3.412171664574551654e+19
4.961907599815343360e+17 4.914411203849909120e+17 4.867369392422583040e+17 4.820777816276849280e+17 4.774632169900931200e+17 4.728928190755827840e+17 4.683661671240787840e+17 4.638828470144133760e+17 4.594424589968530560e+17 4.550446356027095040e+17 4.506891001078993920e+17 4.463758380637921920e+17 4.421056145144387200e+17 4.378815204889510400e+17 4.337136063672432000e+17 4.296327599762238720e+17 4.257322745922240000e+17 4.222923551577231360e+17 4.201530425305630720e+17 4.218312025783848960e+17 4.348661049719108480e+17 4.818396245674393600e+17 6.303837640390714880e+17 1.083012351827779328e+18 2.445758651812474368e+18 6.528961753529724928e+18 1.871147646542230733e+19 5.471865425386004480e+19 1.583227876913667441e+20 4.339647057754804060e+20 1.021582570573890322e+21 1.706380784154138378e+21 1.655550455725005472e+21 9.505862884911569961e+20 4.026918213129990963e+20 1.547725166869032796e+20 6.270699977155757670e+19 3.075902050518190080e+19 1.987314741809980621e+19 1.613714498167349658e+19 1.481099850917649203e+19 1.431849737773650534e+19 1.418538837534046822e+19 1.441274965213463962e+19 1.547833666552924160e+19 1.896745621078167962e+19 2.964483242915771187e+19 6.148226332606219878e+19 1.536108593946275676e+20 4.013379114606510735e+20 9.454505641653650063e+20 1.645511446105989054e+21 1.758460838959632876e+21 1.232334064991978652e+21 7.738928561856931430e+20 5.573477054508331172e+20 4.736877467673511199e+20 4.422310949355468882e+20 4.292470122894464123e+20 4.226632304146550620e+20 4.185198571716986143e+20 4.160161869551211643e+20 4.164790153609440133e+20 4.250299534861539082e+20 4.564542380695989780e+20 5.473033247425449165e+20 7.568317459715455713e+20 1.077733053972803092e+21 1.338636789591214391e+21 1.451555129791472206e+21 1.488862489132815090e+21 1.503735224946698748e+21 1.512414357961379152e+21 1.519235547020262375e+21 1.525516411589214863e+21 1.531836399969216758e+21 1.538860004647719404e+21 1.548187387518622630e+21 1.564272211212226265e+21 1.598915434155257889e+21 1.676770860499365790e+21 1.808018936375938122e+21 1.826886801925717623e+21 1.403858376404653048e+21 7.677754752001956905e+20 3.593837845672432763e+20 1.843203093433342362e+20 1.209082900711689748e+20 9.961821305350265242e+19 9.298926819036299264e+19
1.657185998224964800e+17 1.641321641973439360e+17 1.625609150092481920e+17 1.610047068970090240e+17 1.594633961848853760e+17 1.579368406510054080e+17 1.564249009426377600e+17 1.549274416183454720e+17 1.534443393179597120e+17 1.519755000674844800e+17 1.505209189906678400e+17 1.490808537311665280e+17 1.476563451307556480e+17 1.462507786849827520e+17 1.448745592219568320e+17 1.435591136581852960e+17 1.423988331600626880e+17 1.416766977592236000e+17 1.422405537647943200e+17 1.466301427390061760e+17 1.624527535002508480e+17 2.124934876223427520e+17 3.649924546780629120e+17 8.242833725908481280e+17 2.201840608766425088e+18 6.324215856512205824e+18 1.861807210673304371e+19 5.494533452917931213e+19 1.594311737373820191e+20 4.371464498314258678e+20 1.027569464837352980e+21 1.710122311642075890e+21 1.649705802917748670e+21 9.396452298011141734e+20 3.916972070331019428e+20 1.444199404614633390e+20 5.273498131632701440e+19 2.099036312840914944e+19 1.023574585354388480e+19 6.604674761142557696e+18 5.373903934830315520e+18 4.973206275688126464e+18 4.930863127699260416e+18 5.250279920658017280e+18 6.414386203290857472e+18 1.002338248961914880e+19 2.088654932489392538e+19 5.311048089971553075e+19 1.462393775279456256e+20 3.968275298044983378e+20 9.483407524954067436e+20 1.654208749267788497e+21 1.723166420667960394e+21 1.094124120595807470e+21 5.553131771270085345e+20 3.025599944514019656e+20 2.067249715657793864e+20 1.724838480059650540e+20 1.599993916642919383e+20 1.550273337528415683e+20 1.528947983317205647e+20 1.526359064005967872e+20 1.557419800501569454e+20 1.680723065348173005e+20 2.069661939407946056e+20 3.186612958881075036e+20 5.990426949652110377e+20 1.118311833123289170e+21 1.640491954939397407e+21 1.836778089183463080e+21 1.833491255630481064e+21 1.807299459871943950e+21 1.792878423832669716e+21 1.785998462286637564e+21 1.782133622484075020e+21 1.779311195384898912e+21 1.776801421153494106e+21 1.774337761638308643e+21 1.771770841451063149e+21 1.768711705862550847e+21 1.762869342622369448e+21 1.740007091517540008e+21 1.633515588773688115e+21 1.309953923250577998e+21 8.377688078350871429e+20 4.963783338954012754e+20 3.392690996021489172e+20 2.814350916675329065e+20 2.627662023406366884e+20 2.579466780676802150e+20
5.534360556768672000e+16 5.481378146506766400e+16 5.428902944934096800e+16 5.376930125976472800e+16 5.325454876425804800e+16 5.274472492435855200e+16 5.223978414260707200e+16 5.173968469424062400e+16 5.124439507017978400e+16 5.075391350776881600e+16 5.026832668592485600e+16 4.978798507721774400e+16 4.931402940295851200e+16 4.884996424731829600e+16 4.840637645512576000e+16 4.801506286900175200e+16 4.777134951904839200e+16 4.796084626778396000e+16 4.943910521480697600e+16 5.476878172632779200e+16 7.162562807344631200e+16 1.229996323387509600e+17 2.777443007621444800e+17 7.420293586665086720e+17 2.132818435234932992e+18 6.293016483986155520e+18 1.869748182886638387e+19 5.534557558758829261e+19 1.607155223413956280e+20 4.404929329933647872e+20 1.033605500450106245e+21 1.713734993193382183e+21 1.644773874703009317e+21 9.321070960584116142e+20 3.859760621836506235e+20 1.401555448231285555e+20 4.911312718737675878e+19 1.762137256114232525e+19 6.973970269347575808e+18 3.399439907393052160e+18 2.207938573335899136e+18 1.840759934480212736e+18 1.830550054139270912e+18 2.183638355452172544e+18 3.388300459314381824e+18 7.059561712510062592e+18 1.805035098673351680e+19 5.059463171635685786e+19 1.445896873669495194e+20 3.974086373368548557e+20 9.532360881608314061e+20 1.659861970393344246e+21 1.707148731524988535e+21 1.038231781545246851e+21 4.709610380214916874e+20 2.059232448687325512e+20 1.061436290151610941e+20 7.115630371000619008e+19 5.903297602401242317e+19 5.479153684116489011e+19 5.351476125513034957e+19 5.417035603442440602e+19 5.827336435475184845e+19 7.183992840997371904e+19 1.128173183931885158e+20 2.301527598325748859e+20 5.324605865400605737e+20 1.126435332431126069e+21 1.736395785003572396e+21 1.799570378823790756e+21 1.530377475421254451e+21 1.331891744891033092e+21 1.241772607949929972e+21 1.204440653464484708e+21 1.187120416795269530e+21 1.176813711070715445e+21 1.168909370714073596e+21 1.161842563812178133e+21 1.155133416889532678e+21 1.148769072953372574e+21 1.143098664701600989e+21 1.138363195190806577e+21 1.129063673498841907e+21 1.082392960909258785e+21 9.530601441152727777e+20 8.006928019629758218e+20 7.097711201237613937e+20 6.741720824238436516e+20 6.644915895818210509e+20 6.645188821481439887e+20
1.848224982590871200e+16 1.830531094422406000e+16 1.813006600042745200e+16 1.795649878323261600e+16 1.778459344160408800e+16 1.761433471634701600e+16 1.744570840328676000e+16 1.727870397795335000e+16 1.711332065551467200e+16 1.694958778354531200e+16 1.678762343424693000e+16 1.662781168644311200e+16 1.647133322355216600e+16 1.632175433556184400e+16 1.618978626962378600e+16 1.610754097201916000e+16 1.617123022665321800e+16 1.666905982475385800e+16 1.846430081841232800e+16 2.414267192050083600e+16 4.144894916062565600e+16 9.357979264893862400e+16 2.500075608406073280e+17 7.187544035117687040e+17 2.122322221969507072e+18 6.320113731945928704e+18 1.883559425707877171e+19 5.580660977618595840e+19 1.620660815643242004e+20 4.439092662564913152e+20 1.039665304969654043e+21 1.717266735333688214e+21 1.640122294998363537e+21 9.257288131312960143e+20 3.820420410750747279e+20 1.379421107149165363e+20 4.762509474323918848e+19 1.640082169483418419e+19 5.851809197752017920e+18 2.317263112124010496e+18 1.146037880608479232e+18 7.927089180161848320e+17 7.948726609616899840e+17 1.161985827269788160e+18 2.387766314956956160e+18 6.102164585866511360e+18 1.720181379697446707e+19 5.004654079416405197e+19 1.448687693272536187e+20 3.997179031522262385e+20 9.588216979043920118e+20 1.664569481062982091e+21 1.698981834734244987e+21 1.014771847469675184e+21 4.394021870767055176e+20 1.714411179844570317e+20 7.087246092210504499e+19 3.584500297678440038e+19 2.393105298079723520e+19 1.998054006405320294e+19 1.902289502731793203e+19 2.001512039219467469e+19 2.448963792394918298e+19 3.853471339309974323e+19 8.035381138780869427e+19 1.999316637267931300e+20 5.104200623260866314e+20 1.130982633807832678e+21 1.757651880199118914e+21 1.675006103403201036e+21 1.151027210363316994e+21 7.855270121629366354e+20 6.249952669419784110e+20 5.635657687724264653e+20 5.395775419072417628e+20 5.286828125887582044e+20 5.223244595454816420e+20 5.177318397456877486e+20 5.144135140492387287e+20 5.135229760413631775e+20 5.193115338563924787e+20 5.439809079057311334e+20 6.174529245774177894e+20 7.868222668134466191e+20 1.041081171169852260e+21 1.240003825755246821e+21 1.322052457647629926e+21 1.348953323439668593e+21 1.360920387812272374e+21 1.369074477346657665e+21
6.172190092296623000e+15 6.113100712944883000e+15 6.054577158948343000e+15 5.996613833553411000e+15 5.939205757579302000e+15 5.882348234899440000e+15 5.826037405683760000e+15 5.770273231333961000e+15 5.715065554416707000e+15 5.660454105449458000e+15 5.606568291668164000e+15 5.553805868560933000e+15 5.503368182503022000e+15 5.458863376906173000e+15 5.431108831382693000e+15 5.452515075801410000e+15 5.620168299970299000e+15 6.224874405309457000e+15 8.137673998775002000e+15 1.396753784699283000e+16 3.152886702240297600e+16 8.422683351505123200e+16 2.421581898364473280e+17 7.152141226543911680e+17 2.131484385303118592e+18 6.367016084702370816e+18 1.899430383447347200e+19 5.629079622703119565e+19 1.634462568837848105e+20 4.473638797563406582e+20 1.045740467637669331e+21 1.720732757444266820e+21 1.635535215145679585e+21 9.197522918839433298e+20 3.787208763041927660e+20 1.364216458601510830e+20 4.685336996549641011e+19 1.589977770418475418e+19 5.445605531911824384e+18 1.945296663323365120e+18 7.879183605155248640e+17 4.418302521018915840e+17 4.497490059702810240e+17 8.243272348248020480e+17 2.064785263439015424e+18 5.816123694066397184e+18 1.701896651430847078e+19 5.015922575898063667e+19 1.458000011511503258e+20 4.026194990726382879e+20 9.646462990608243098e+20 1.668941021158550274e+21 1.693612917013811298e+21 1.002808001846004548e+21 4.264989251895283548e+20 1.588878914998671114e+20 5.862268475433811968e+19 2.378894179588881203e+19 1.201819959624046592e+19 8.192365684448620544e+18 7.355106668920577024e+18 8.474295723423002624e+18 1.310364920881351066e+19 2.739195560031503565e+19 6.972835602591695667e+19 1.906934334452246774e+20 5.053445314923733975e+20 1.136365485941077443e+21 1.763579490915662168e+21 1.604311605111323886e+21 9.525911028938356818e+20 5.033141422171244462e+20 3.080816302262682255e+20 2.356318412843153162e+20 2.095182675663640986e+20 1.995703981135355904e+20 1.951993936539962573e+20 1.929799062753707950e+20 1.922954253848620237e+20 1.945369720303221801e+20 2.048907163457643479e+20 2.386614239265634386e+20 3.368621828126877942e+20 5.861552198808299110e+20 1.058779225349761401e+21 1.563283154722749415e+21 1.792713689251323314e+21 1.826296380607101927e+21 1.819866632967076970e+21 1.814310658497305379e+21
2.061212542588399500e+15 2.041479534502479000e+15 2.021935529428698500e+15 2.002578700380827500e+15 1.983407439096339250e+15 1.964420561894014250e+15 1.945618017309451500e+15 1.927003009001604250e+15 1.908589097840097500e+15 1.890419912770756750e+15 1.872629068244301000e+15 1.855621653425960500e+15 1.840613013008025000e+15 1.831247032428629750e+15 1.838441807132555250e+15 1.894902101834418500e+15 2.098590313498948750e+15 2.742929565651724000e+15 4.706793115469185000e+15 1.062260679752618000e+16 2.837501655147430800e+16 8.157957382602985600e+16 2.409630299196197760e+17 7.183023857606534400e+17 2.147325312463351296e+18 6.420871518147213312e+18 1.916089320329954918e+19 5.678558840772140237e+19 1.648438849411197501e+20 4.508463053381416387e+20 1.051828045863014236e+21 1.724137677522611208e+21 1.630939574275215983e+21 9.139225124650563666e+20 3.756187116714119004e+20 1.351393016971029053e+20 4.632342255664318874e+19 1.563998362774328525e+19 5.278906900302902272e+18 1.810725022918432512e+18 6.649817423728619520e+17 3.239065157159348480e+17 3.353682942919656320e+17 7.152392533646336000e+17 1.968289397147534080e+18 5.754699974922780672e+18 1.705944169967357747e+19 5.049529322090903962e+19 1.469560581558498591e+20 4.057332560940571034e+20 9.705597654302777672e+20 1.673167832633398526e+21 1.689178874024940536e+21 9.947853856643731948e+20 4.199669101468640215e+20 1.538034985951383060e+20 5.420452666208740147e+19 1.963985148601751552e+19 7.987529778304046080e+18 4.228294112335150592e+18 3.442693900730867200e+18 4.616941256521206784e+18 9.328151541701980160e+18 2.378408136694663578e+19 6.654246552907509760e+19 1.886476723277315768e+20 5.061953856975917548e+20 1.142309035735344611e+21 1.766756651105536705e+21 1.573191950754404368e+21 8.720216667243431854e+20 3.919692313379557212e+20 1.843720373003851530e+20 1.081993671084302664e+20 8.157328756253271654e+19 7.221216940632531763e+19 6.879307633333540454e+19 6.764961417898306765e+19 6.810289131478263398e+19 7.157730484166778880e+19 8.344325375177098854e+19 1.196922102863371305e+20 2.242783388052406927e+20 4.974799043323842396e+20 1.053609107359165448e+21 1.682451002768366240e+21 1.838513256935578141e+21 1.640134338053297406e+21 1.470681771351952065e+21 1.390540303012495884e+21
6.883446600698281250e+14 6.817548622640531250e+14 6.752280568849246250e+14 6.687639222799373750e+14 6.623619438050826250e+14 6.560221600586610000e+14 6.497455617303892500e+14 6.435367677502437500e+14 6.374104712046688750e+14 6.314116391139115000e+14 6.256767936673397500e+14 6.206153213076545000e+14 6.174547509240486250e+14 6.198728829948205000e+14 6.388869462668972500e+14 7.074968795260000000e+14 9.245467163879042500e+14 1.586098121611721500e+15 3.578925759033756500e+15 9.559118678947070000e+15 2.748219740662368400e+16 8.117598158009566400e+16 2.420028804903506240e+17 7.236426418605223680e+17 2.165511383079809280e+18 6.477391029229703168e+18 1.933112413090965914e+19 5.728682063891214336e+19 1.662549596006929203e+20 4.543531037232431104e+20 1.057926850947358786e+21 1.727482662622770758e+21 1.626310958447069757e+21 9.081539141268744438e+20 3.726035964607044649e+20 1.339429184347986493e+20 4.587661218311799603e+19 1.546159203249626522e+19 5.192483032036076544e+18 1.755538757482100224e+18 6.206304529737227520e+17 2.838056613794390080e+17 2.980722835369802880e+17 6.825309707751633920e+17 1.947544554141043968e+18 5.768607707301882880e+18 1.717541830394668646e+19 5.090859497453703987e+19 1.481941951832670863e+20 4.089323468042559816e+20 9.765125799352004772e+20 1.677311639412647920e+21 1.685029211589107515e+21 9.881046922402554184e+20 4.155948191410444698e+20 1.512373909534311711e+20 5.242077597534348902e+19 1.814816327814930842e+19 6.605031144192960512e+18 2.892495303870055936e+18 2.135287915654336000e+18 3.340421678759175680e+18 8.109274632099585024e+18 2.270859747251780813e+19 6.586048064795803648e+19 1.890318291545150259e+20 5.090651388846796308e+20 1.148464101961698509e+21 1.769350531460318364e+21 1.558705556391904674e+21 8.400447018308899963e+20 3.510243090563612017e+20 1.401962453764830331e+20 6.317596096574846566e+19 3.654741470425352602e+19 2.746700776498158387e+19 2.442117056092436890e+19 2.368229758099467878e+19 2.455796083545852723e+19 2.848846072713501901e+19 4.091430582467044147e+19 7.807903198201002394e+19 1.849772721701749064e+20 4.666313989230448476e+20 1.052323555467333468e+21 1.713351228805350949e+21 1.737463347639772250e+21 1.263347980072912421e+21 9.003324859846891930e+20 7.356295246523037123e+20
2.298735818737424688e+14 2.276729126287832188e+14 2.254932923237736250e+14 2.233346694943128750e+14 2.211970698726013750e+14 2.190807507806434062e+14 2.169872304182641875e+14 2.149215265645470625e+14 2.128987954855438438e+14 2.109649948912180000e+14 2.092581780368630312e+14 2.081916040613442500e+14 2.090042784152450312e+14 2.154076850272235000e+14 2.385180830175517812e+14 3.116327338817904375e+14 5.344843585096785625e+14 1.205796141748843000e+15 3.220314428734820500e+15 9.258003866195112000e+15 2.734589561355233200e+16 8.152598456299238400e+16 2.438020497745924480e+17 7.297736720759557120e+17 2.184596399394985472e+18 6.535145344620806144e+18 1.950359013501042688e+19 5.779312618928458957e+19 1.676781982712351293e+20 4.578831759854229914e+20 1.064036252760347378e+21 1.730767759214243217e+21 1.621641492944662823e+21 9.024179066907361280e+20 3.696313056569347277e+20 1.327815872931970253e+20 4.545991600039150387e+19 1.531119790310772736e+19 5.133142640267071488e+18 1.726957035605595136e+18 6.025562361668352000e+17 2.697093780000303680e+17 2.865352257431175040e+17 6.753671027083851520e+17 1.952202744945382912e+18 5.807984570122458112e+18 1.731752849754781901e+19 5.135033678995517440e+19 1.494667930265986990e+20 4.121745415620664361e+20 9.824883429724343501e+20 1.681392331432053965e+21 1.680941025407509987e+21 9.818856444822304850e+20 4.119617609239046390e+20 1.495216853142796698e+20 5.152143114178830336e+19 1.754667318136685978e+19 6.108966614112463872e+18 2.436242095093661184e+18 1.699583350476459008e+18 2.927570686301749248e+18 7.746225434753898496e+18 2.248164798982540083e+19 6.601979733133314458e+19 1.902380130032248095e+20 5.126261618596376740e+20 1.154690322234993148e+21 1.771761847094767780e+21 1.550237152896543359e+21 8.255321517896922563e+20 3.353241112927012127e+20 1.245058421714862899e+20 4.764254748798402560e+19 2.117261070119817626e+19 1.224373858797437542e+19 9.345909658832250880e+18 8.755379972605716480e+18 9.786483996520138752e+18 1.389776524316449792e+19 2.658440726851334554e+19 6.426089033550079590e+19 1.724900488934692946e+20 4.582603676421700321e+20 1.055507660878356021e+21 1.722942050689654456e+21 1.670067433575459324e+21 1.044877253405030089e+21 5.750015009006341325e+20 3.642975916056857149e+20
