1.877847368040513672e+13 4.509273216888622656e+13 1.238009599215524062e+14 3.594372037565051250e+14 1.065099002680106750e+15 3.178566760609367500e+15 9.508644614623342000e+15 2.846808610190096400e+16 8.525361705156110400e+16 2.553254125938709120e+17 7.646244058528744960e+17 2.289206601568601600e+18 6.847918570801032192e+18 2.043346235943401882e+19 6.051665198768187802e+19 1.753136877342090199e+20 4.767109022386379817e+20 1.096116588198447153e+21 1.746937870701230817e+21 1.596563721022212145e+21 8.728196382070051963e+20 3.545102973346562048e+20 1.269383644938367140e+20 4.340696541536752435e+19 1.461010473036223693e+19 4.893106819643772928e+18 1.641318472203794176e+18 5.666690896546147840e+17 2.446595813454203840e+17 2.477108467751252800e+17 5.797888799960896000e+17 1.681543906764432640e+18 5.012525864542523392e+18 1.496208763466921779e+19 4.443268827084576358e+19 1.298317806421240054e+20 3.619277742160541778e+20 8.872410200949434614e+20 1.608837870552388731e+21 1.739420394977854489e+21 1.080943480199826899e+21 4.678560202629235343e+20 1.717609825133351731e+20 5.927195388805086413e+19 2.003728187815623885e+19 6.787126319279396864e+18 2.481340532875848704e+18 1.463551195768945920e+18 2.388110995793869824e+18 6.477394898464886784e+18 1.910562246157740032e+19 5.653672247324480307e+19 1.640749333551360901e+20 4.488081460303094743e+20 1.048059255626983145e+21 1.721919977826724348e+21 1.634085779934419354e+21 9.180584643129847316e+20 3.778444309109667267e+20 1.360094112316308685e+20 4.660967025954054963e+19 1.571933485581173146e+19 5.319037677109941248e+18 1.939990625260319488e+18 1.132734325911115136e+18 1.828790308271543040e+18 4.948954411632537600e+18 1.460268806711033651e+19 4.331030993851866317e+19 1.265886029790493082e+20 3.534507131958344417e+20 8.704351577253264753e+20 1.594220855508013154e+21 1.748476302980025156e+21 1.099683010501461934e+21 4.790218901523486474e+20 1.763321595729170268e+20 6.090792377381164646e+19 2.057648419805171712e+19 6.899192004822684672e+18 2.307424000445852672e+18 7.710619017468092160e+17 2.575895990495686720e+17 8.604514962785324800e+16 2.874158893567369600e+16 9.600427815438930000e+15 3.206777901771141000e+15 1.071141055111645750e+15 3.577868062667385000e+14 1.195093836536847812e+14
3.010623228256266797e+13 5.676407390056539062e+13 1.362867223128260469e+14 3.741455564571391250e+14 1.086245565841865750e+15 3.218775914436777500e+15 9.605726211157520000e+15 2.873528296799436000e+16 8.603009001076080000e+16 2.576268347123604480e+17 7.714913633626442240e+17 2.309732467583364608e+18 6.909216857644670976e+18 2.061564913668443750e+19 6.105007191623270400e+19 1.768069716118308454e+20 4.803750094400642744e+20 1.102267491062021751e+21 1.749833976008908997e+21 1.591641708073263563e+21 8.672217761252035789e+20 3.516822914173737370e+20 1.258501780328216822e+20 4.302582379828692582e+19 1.448079922364890522e+19 4.849721873937415168e+18 1.626863212066283520e+18 5.620063662558521600e+17 2.436002318644928960e+17 2.488469513707766080e+17 5.846278739590232320e+17 1.696504144160697088e+18 5.057399067626527744e+18 1.509576471285416755e+19 4.482640153341105766e+19 1.309538146180377477e+20 3.648298037806767800e+20 8.929103584478996726e+20 1.613615298404667359e+21 1.736306171480340169e+21 1.074818065548775129e+21 4.642684132635871150e+20 1.703071865998210499e+20 5.875363078725999821e+19 1.986054439435658854e+19 6.728302006362519552e+18 2.463548597316961280e+18 1.463297094976201472e+18 2.405057853397382656e+18 6.533923684899146752e+18 1.927565423509892710e+19 5.703583268665831424e+19 1.654783144528606331e+20 4.522965734106543555e+20 1.054141106053580063e+21 1.725297528181572502e+21 1.629503202029243466e+21 9.123087996173961134e+20 3.748521034821247959e+20 1.348457490206327931e+20 4.620058381908196557e+19 1.558049755165482394e+19 5.272887315591349248e+18 1.926001154816748288e+18 1.132409060012990848e+18 1.841696208595481088e+18 4.992152343280301056e+18 1.473285702408043110e+19 4.369427103263766938e+19 1.276841885334316974e+20 3.562945526724421222e+20 8.760507358459846984e+20 1.599127243869828678e+21 1.745547306970480116e+21 1.093528189741605716e+21 4.753619711520054313e+20 1.748409322497173750e+20 6.037511127997982310e+19 2.039444027878735053e+19 6.837922928278120448e+18 2.286906819943316736e+18 7.642028781436450560e+17 2.552978743419546240e+17 8.527958668712211200e+16 2.848586457939290000e+16 9.515008862626782000e+15 3.178245870677844000e+15 1.061610735834220500e+15 3.546034371535538750e+14 1.184461033998207188e+14
6.380741901929218750e+13 9.102673558502975000e+13 1.715879895064237500e+14 4.119083152253986250e+14 1.130725342315142000e+15 3.282712401149944500e+15 9.727270382883788000e+15 2.902869503981762400e+16 8.683757337858332800e+16 2.599731680134309440e+17 7.784443735931709440e+17 2.330466867273145856e+18 6.971087573095684096e+18 2.079947570944961741e+19 6.158813542015149670e+19 1.783123043869786112e+20 4.840621823654711132e+20 1.108426036845331743e+21 1.752667400810730619e+21 1.586679299057627955e+21 8.616433742093714719e+20 3.488741459471731917e+20 1.247709752287228887e+20 4.264798917709244826e+19 1.435263442192678093e+19 4.806722460090077184e+18 1.612538049065119488e+18 5.573890464506531840e+17 2.425609407922124800e+17 2.500035519615970240e+17 5.895141492223302400e+17 1.711600223845305088e+18 5.102674798050257920e+18 1.523063195146119578e+19 4.522355951955477299e+19 1.320851649988124180e+20 3.677521469572401725e+20 8.985982443565635338e+20 1.618349374255612297e+21 1.733131218768508748e+21 1.068702052887615898e+21 4.607036042408763720e+20 1.688650629838745108e+20 5.823976776799263130e+19 1.968536567387990016e+19 6.670011666749785088e+18 2.445952927609803776e+18 1.463159711906418688e+18 2.422196352296947200e+18 6.590971183358387200e+18 1.944719984757750170e+19 5.753927972748495258e+19 1.668930914679158211e+20 4.558075722849068646e+20 1.060233619986165006e+21 1.728615980737094222e+21 1.624875126956508840e+21 9.065769179909121638e+20 3.718804019836355215e+20 1.336916462483836273e+20 4.579504340387284582e+19 1.544288766531406848e+19 5.227155972940106752e+18 1.912165201754568192e+18 1.132174163222539520e+18 1.854749019223831808e+18 5.035747411633948672e+18 1.486418844456560230e+19 4.408159591305026765e+19 1.287888941158789120e+20 3.591584513163915428e+20 8.816855066736322150e+20 1.603992158725305270e+21 1.742556129310455366e+21 1.087381590553645154e+21 4.717250695821329695e+20 1.733616475922508022e+20 5.984688004922681754e+19 2.021399784313309184e+19 6.777196936899934208e+18 2.266571960032058880e+18 7.574048564913615360e+17 2.530265371795426560e+17 8.452083491831702400e+16 2.823241552860440400e+16 9.430349987550862000e+15 3.149967649143464000e+15 1.052165062630101500e+15 3.514483348625388125e+14 1.173921382025114219e+14
1.645327546774730938e+14 1.929621109653614062e+14 2.752210182736105000e+14 5.186809026165352500e+14 1.244937481078582000e+15 3.417224348638466000e+15 9.920581479418592000e+15 2.939609600824554800e+16 8.772434081375400000e+16 2.624132690345874240e+17 7.855331148893114880e+17 2.351461002826299904e+18 7.033585496660907008e+18 2.098500622516432486e+19 6.213093035733345075e+19 1.798298172487826473e+20 4.877725185130640835e+20 1.114591839404844515e+21 1.755437719946562109e+21 1.581677138908270821e+21 8.560846250534456525e+20 3.460857680967096074e+20 1.237006891329945272e+20 4.227343480039795917e+19 1.422560158965902131e+19 4.764106424656732160e+18 1.598343102402308096e+18 5.528180324493671680e+17 2.415429073970792320e+17 2.511820350966495040e+17 5.944494018017739520e+17 1.726834665261217024e+18 5.148357966620824576e+18 1.536670117550428979e+19 4.562419288033862451e+19 1.332259036601207685e+20 3.706948965253062328e+20 9.043044588519359775e+20 1.623039464732705161e+21 1.729896011587350692e+21 1.062595820761582141e+21 4.571615267320524964e+20 1.674345289582116209e+20 5.773032783500309299e+19 1.951173223073724416e+19 6.612250735465208832e+18 2.428552160417367040e+18 1.463139070934424064e+18 2.439527890381485056e+18 6.648541932912702464e+18 1.962027258615003955e+19 5.804709999581998285e+19 1.683193462537815327e+20 4.593412120934492406e+20 1.066336432036157063e+21 1.731874842609452319e+21 1.620202181074519851e+21 9.008630512406322217e+20 3.689292359621824348e+20 1.325470313004970148e+20 4.539301911658301850e+19 1.530649449771364147e+19 5.181840032135193600e+18 1.898481666382461696e+18 1.132029618299186560e+18 1.867949780650985728e+18 5.079743071009798144e+18 1.499669256249355264e+19 4.447231326875398963e+19 1.299027892179608699e+20 3.620425023034529546e+20 8.873392649314155889e+20 1.608814957595179090e+21 1.739503221426787451e+21 1.081243608963195077e+21 4.681111228601027789e+20 1.718942215259305083e+20 5.932319209122668544e+19 2.003514296299508122e+19 6.717009234849268736e+18 2.246417802658450944e+18 7.506672946510941440e+17 2.507754064719722880e+17 8.376883388936528000e+16 2.798122144200376800e+16 9.346444268249254000e+15 3.121941165725865500e+15 1.042803623784081875e+15 3.483214607953926875e+14 1.163477453837611406e+14
4.660467013080604375e+14 4.976248328522236875e+14 5.835430896986026250e+14 8.321359132750332500e+14 1.567882879498427250e+15 3.762654674886151000e+15 1.032736009477278000e+16 2.998056534942918000e+16 8.883488823287944000e+16 2.650931363091726720e+17 7.929053193201338880e+17 2.372864999538427904e+18 7.096865053640581120e+18 2.117240473512574157e+19 6.267864330744859034e+19 1.813597344912263414e+20 4.915061903181746668e+20 1.120764550166848602e+21 1.758144524768653607e+21 1.576635872941481132e+21 8.505457174730424975e+20 3.433170668307916390e+20 1.226392555939888169e+20 4.190213657635440230e+19 1.409969453908771635e+19 4.721874130237052928e+18 1.584281011597710336e+18 5.482967643142810880e+17 2.405498912219267520e+17 2.523863721840358080e+17 5.994379390345076480e+17 1.742212629729771520e+18 5.194456167344804864e+18 1.550398696272530227e+19 4.602833514426814464e+19 1.343761054278387794e+20 3.736581469681047306e+20 9.100287794047782748e+20 1.627684939859176456e+21 1.726601032292585177e+21 1.056499742187597595e+21 4.536421130901294285e+20 1.660155022744147722e+20 5.722527434487246029e+19 1.933963076257755136e+19 6.555014757920728064e+18 2.411345017502244352e+18 1.463235276137319168e+18 2.457053951865017856e+18 6.706640584985404416e+18 1.979488592364343706e+19 5.855933024450209382e+19 1.697571611268277207e+20 4.628975611346426921e+20 1.072449171309976486e+21 1.735073628355873735e+21 1.615484993940189872e+21 8.951674261221804605e+20 3.659985144354982461e+20 1.314118329792551977e+20 4.499448129960347238e+19 1.517130744386751283e+19 5.136935910726799360e+18 1.884949463148955648e+18 1.131975416789904384e+18 1.881299547035131648e+18 5.124142808957303808e+18 1.513037970266524672e+19 4.486645202157128090e+19 1.310259437476845322e+20 3.649467983698132992e+20 8.930118004290463990e+20 1.613595000471171367e+21 1.736389042841535119e+21 1.075114635451392459e+21 4.645200670643885834e+20 1.704385703637093908e+20 5.880400970592557466e+19 1.985786182880197427e+19 6.657355068552412160e+18 2.226442743985904384e+18 7.439896552701672960e+17 2.485443023511624960e+17 8.302352339978400000e+16 2.773226236426956400e+16 9.263285258805750000e+15 3.094164065928710500e+15 1.033525454338645500e+15 3.452224804335100000e+14 1.153127448181668750e+14
1.369080213166977000e+15 1.409610903056874250e+15 1.505052557333434000e+15 1.764711767910604500e+15 2.515978257956991500e+15 4.739437458293756000e+15 1.137209846281331400e+16 3.121069870371683600e+16 9.060197246530630400e+16 2.684497821917822400e+17 8.010024568434062080e+17 2.395125303434809344e+18 7.161379091783079936e+18 2.136213431058431590e+19 6.323175592168633958e+19 1.829025583160962253e+20 4.952635969386875453e+20 1.126943943104296518e+21 1.760787438612235158e+21 1.571556143724446351e+21 8.450268385608278999e+20 3.405679572495308554e+20 1.215866180195584246e+20 4.153407793182690509e+19 1.397491454333358490e+19 4.680033417094773760e+18 1.570361946197061120e+18 5.438362780498025600e+17 2.395933188007274240e+17 2.536282750546551040e+17 6.044918838699722240e+17 1.757747171583836672e+18 5.240984969189322752e+18 1.564251195606302925e+19 4.643602799027404800e+19 1.355358531339341169e+20 3.766419988379368161e+20 9.157709827531997184e+20 1.632285174059067245e+21 1.723246770642526405e+21 1.050414184677683364e+21 4.501452946262371205e+20 1.646079012759294771e+20 5.672457113914368000e+19 1.916904828626412749e+19 6.498299527400133632e+18 2.394330444854206464e+18 1.463448651621817600e+18 2.474776248923130880e+18 6.765272046404761600e+18 1.997105366241759232e+19 5.907600772211367936e+19 1.712066189981018685e+20 4.664766866454082355e+20 1.078571461471876153e+21 1.738211860137598779e+21 1.610724198139543683e+21 8.894902643734273065e+20 3.630881459167327683e+20 1.302859805069157171e+20 4.459940053686050816e+19 1.503731599583864627e+19 5.092440064130046976e+18 1.871567523974740480e+18 1.132011563403685504e+18 1.894799390161015552e+18 5.168950150710727680e+18 1.526526028564403405e+19 4.526404133211943731e+19 1.321584280334953185e+20 3.678714317950675845e+20 8.987028980303530557e+20 1.618331649983043338e+21 1.733214061028611457e+21 1.068995054951871414e+21 4.609518369666927821e+20 1.689946108090651443e+20 5.828929548204925747e+19 1.968214074829552845e+19 6.598229726018881536e+18 2.206645194948114176e+18 7.373714057048983040e+17 2.463330469175456640e+17 8.228484453570027200e+16 2.748551890618876400e+16 9.180866693429548000e+15 3.066634484167467000e+15 1.024330322703988750e+15 3.421514452412915000e+14 1.142873680955325156e+14
4.074139843887907500e+15 4.141005694793257000e+15 4.263525292225756500e+15 4.551987592508085000e+15 5.336719845003725000e+15 7.607100978035336000e+15 1.432647295724929800e+16 3.437043760341350800e+16 9.432191791144481600e+16 2.737920307529281600e+17 8.111459609512527360e+17 2.419576035189026816e+18 7.228474351857841152e+18 2.155555348676065690e+19 6.379163295469060096e+19 1.844596219480031560e+20 4.990458177938847826e+20 1.133130167329360183e+21 1.763366161737994732e+21 1.566438582062290305e+21 8.395281798731396547e+20 3.378383735836222423e+20 1.205427416489471017e+20 4.116926437309062349e+19 1.385128505634442650e+19 4.638614467594859520e+18 1.556618613909803520e+18 5.394703584437172480e+17 2.387075823475487040e+17 2.549426410882881920e+17 6.096467655405214720e+17 1.773474969128785152e+18 5.287983768037437440e+18 1.578232277617898291e+19 4.684733703754209690e+19 1.367052527518745723e+20 3.796465718492637430e+20 9.215308533897320202e+20 1.636839548793390891e+21 1.719833723466046767e+21 1.044339510311240204e+21 4.466710019755915346e+20 1.632116452926611784e+20 5.622818294659958374e+19 1.899997254571073536e+19 6.442101497501213696e+18 2.377508029394240000e+18 1.463780162416198912e+18 2.492697146422240256e+18 6.824441907195396096e+18 2.014879036389370675e+19 5.959717059766508749e+19 1.726678037714383995e+20 4.700786551031166403e+20 1.084702920935948812e+21 1.741289067907082879e+21 1.605920429114712916e+21 8.838317827514031145e+20 3.601980384452160389e+20 1.291694035363129917e+20 4.420774766327229645e+19 1.490450975267162931e+19 5.048348996741305344e+18 1.858334809819295488e+18 1.132138086896263936e+18 1.908450410916502528e+18 5.214168670948755456e+18 1.540134483993984410e+19 4.566511061256087142e+19 1.333003128355863265e+20 3.708164943915010621e+20 9.044123376255538299e+20 1.623024271566806712e+21 1.729978751267702571e+21 1.062885246848898695e+21 4.574063660632370053e+20 1.675622599575956029e+20 5.777901229539192013e+19 1.950796614638908211e+19 6.539628537459008512e+18 2.187023580425627648e+18 7.308120187153664000e+17 2.441414644330589760e+17 8.155273867916155200e+16 2.724097173001275200e+16 9.099182344928142000e+15 3.039351069501613500e+15 1.015218164549610250e+15 3.391089213271466875e+14 1.132722327886682812e+14
1.217768074399242400e+16 1.232295174653798000e+16 1.252512570097336200e+16 1.289548721800319400e+16 1.376733125219230800e+16 1.613891088082990400e+16 2.300013260888185200e+16 4.330614632291435200e+16 1.038781003131414400e+17 2.850404502689317760e+17 8.272934165067795200e+17 2.450210526538281472e+18 7.302175293233733632e+18 2.175670287568405709e+19 6.436228330317841203e+19 1.860347450716993946e+20 5.028559675793466982e+20 1.139324497901879951e+21 1.765880602341723341e+21 1.561283780471776346e+21 8.340499561939987333e+20 3.351283081523054510e+20 1.195076563182271037e+20 4.080776711084757811e+19 1.372889581243703910e+19 4.597714337526936064e+18 1.543151222223966464e+18 5.353009340686094080e+17 2.379958714551271360e+17 2.564338236421680960e+17 6.150082260623363840e+17 1.789503450708542720e+18 5.335563274267486208e+18 1.592353768678511411e+19 4.726239913404899328e+19 1.378844787078101729e+20 3.826720440651667866e+20 9.273082089030459064e+20 1.641347460000332644e+21 1.716362393955210101e+21 1.038276075958100820e+21 4.432191661360008397e+20 1.618266558200730419e+20 5.573607659210368614e+19 1.883239323587230106e+19 6.386419018812434432e+18 2.360879247491262464e+18 1.464232674650143744e+18 2.510820933418378752e+18 6.884157721443593216e+18 2.032811263240454963e+19 6.012285922944295731e+19 1.741408015378444780e+20 4.737035331874643640e+20 1.090843163440122298e+21 1.744304789669112971e+21 1.601074324979211043e+21 8.781921930791170867e+20 3.573280996357609882e+20 1.280620321827405496e+20 4.381949379579480474e+19 1.477287845335562240e+19 5.004659294708140032e+18 1.845250344235677184e+18 1.132355074692790528e+18 1.922253774043912448e+18 5.259802028558696448e+18 1.553864403762255258e+19 4.606968956319431066e+19 1.344516693792216023e+20 3.737820775120148234e+20 9.101398941170149622e+20 1.627672233637953667e+21 1.726683596496860348e+21 1.056785584977270407e+21 4.538835866067214664e+20 1.661414353001708585e+20 5.727312330827580211e+19 1.933532456448564019e+19 6.481546874782151680e+18 2.167576341175759616e+18 7.243109734303706880e+17 2.419693820931104000e+17 8.082714972110480000e+16 2.699860383962314400e+16 9.018228237676568000e+15 3.012313783332848500e+15 1.006190446610934625e+15 3.360969544010095000e+14 1.122696805278130781e+14
3.645378207899380800e+16 3.683344124717416000e+16 3.727276088547116000e+16 3.788404360161662400e+16 3.900359013822139200e+16 4.163861261041158400e+16 4.880580667678145600e+16 6.954051253806056800e+16 1.309039946680489600e+17 3.139396704117920640e+17 8.612995573450223360e+17 2.498988253072168960e+18 7.394527710213096448e+18 2.197765674407947059e+19 6.495563384484911514e+19 1.876391882901874934e+20 5.067032442625355284e+20 1.145531567387184333e+21 1.768331258798880588e+21 1.556092214523493876e+21 8.285924625773116785e+20 3.324379282247162921e+20 1.184815846037062124e+20 4.044985375808608666e+19 1.360803494125866189e+19 4.557630363425465856e+18 1.530262174152894720e+18 5.316340713773219840e+17 2.377674755175224640e+17 2.584142484603046400e+17 6.208919427115306240e+17 1.806151973447020032e+18 5.384047771370428416e+18 1.606648937738749542e+19 4.768156398702299546e+19 1.390739095277245235e+20 3.857187690937101844e+20 9.331029755158895002e+20 1.645808339683035316e+21 1.712833289815475094e+21 1.032224233970909970e+21 4.397897215275563745e+20 1.604528600491612570e+20 5.524822462145350042e+19 1.866630567107596288e+19 6.331256043835164672e+18 2.344451205825789440e+18 1.464814731600752384e+18 2.529157632230495744e+18 6.944432843646730240e+18 2.050904296020275610e+19 6.065311996069639782e+19 1.756257041555180093e+20 4.773513907175215596e+20 1.096991799751638385e+21 1.747258571962098385e+21 1.596186526298257490e+21 8.725717023198340710e+20 3.544782367863015997e+20 1.269637971200222003e+20 4.343461043036782592e+19 1.464241207491550413e+19 4.961367726606554112e+18 1.832313314536665344e+18 1.132662774890275968e+18 1.936210811043090432e+18 5.305854071250750464e+18 1.567716879954095309e+19 4.647780827715910042e+19 1.356125694543583642e+20 3.767682721152799212e+20 9.158853374432578109e+20 1.632274907775402770e+21 1.723329087161711985e+21 1.050696437624048583e+21 4.503834296392234435e+20 1.647320547275266130e+20 5.677159197018163610e+19 1.916420266287097446e+19 6.423980155237808128e+18 2.148301935659579648e+18 7.178677571872820480e+17 2.398166329214514240e+17 8.010802617139694400e+16 2.675840227885702800e+16 8.938004371674826000e+15 2.985527038733546000e+15 9.972533574821646250e+14 3.331220547095880625e+14 1.112864531494789219e+14
1.091778629005424160e+17 1.102591657558680480e+17 1.114073957054445120e+17 1.127359226304291520e+17 1.145841142864628160e+17 1.179682378248684640e+17 1.259319768132396960e+17 1.475913657488970560e+17 2.102491973004796480e+17 3.956719635935728000e+17 9.486756138315349760e+17 2.601731637593310208e+18 7.541605016817117184e+18 2.225455196744272691e+19 6.560732211841558938e+19 1.893064799303632486e+20 5.106150209416894874e+20 1.151765997699220505e+21 1.770720334916247355e+21 1.550864009075601965e+21 8.231562478401005814e+20 3.297679266285208207e+20 1.174653257893019156e+20 4.009637988539995750e+19 1.348958475883546010e+19 4.519259823447693312e+18 1.518859588801726976e+18 5.293873843730930560e+17 2.389491126668763840e+17 2.618196789027363200e+17 6.282428049981811200e+17 1.824374760809541376e+18 5.434401280758616064e+18 1.621215267461158502e+19 4.810581835319545037e+19 1.402745339205400330e+20 3.887876264995543450e+20 9.389154131102992957e+20 1.650221719156249592e+21 1.709246917936162013e+21 1.026184334343699169e+21 4.363826151238548193e+20 1.590902014426178519e+20 5.476461616504591155e+19 1.850172177669127373e+19 6.276633227591181312e+18 2.328247848142771200e+18 1.465551865316963840e+18 2.547734409635626496e+18 7.005297920688257024e+18 2.069162124235677696e+19 6.118801648471999283e+19 1.771226199682935357e+20 4.810223094889348465e+20 1.103148442735723938e+21 1.750149970986245292e+21 1.591257675762075959e+21 8.669705127338858250e+20 3.516483571593126216e+20 1.258746298684167455e+20 4.305306973458022400e+19 1.451310112991470797e+19 4.918471543311182848e+18 1.819523375344665600e+18 1.133061902496507136e+18 1.950323329884170752e+18 5.352329147033419776e+18 1.581693060874094797e+19 4.688949755291423539e+19 1.367830857132398019e+20 3.797751690020102472e+20 9.216484327143369605e+20 1.636831668938267427e+21 1.719915721061427577e+21 1.044618167533322371e+21 4.469058250295862886e+20 1.633340365398750659e+20 5.627438202451623117e+19 1.899458722776424448e+19 6.366923848710690816e+18 2.129198848996715776e+18 7.114818755933335040e+17 2.376830643004013120e+17 7.939533029376606400e+16 2.652036767815330800e+16 8.858524436453542000e+15 2.959009259959211500e+15 9.884263507068233750e+14 3.302046407539216875e+14 1.103432393428095156e+14
3.270267335197183360e+17 3.302091773735911680e+17 3.334793085287008640e+17 3.369516937905656960e+17 3.409688977398952320e+17 3.465563698192864000e+17 3.567848969193558400e+17 3.808512801770974080e+17 4.462997657623377280e+17 6.356193548485843200e+17 1.195787732560699904e+18 2.865735625763230208e+18 7.851444408319991808e+18 2.269558844382580326e+19 6.642397876393604710e+19 1.911367780621665239e+20 5.146729577894393938e+20 1.158072103940288807e+21 1.773054992278029861e+21 1.545598243182196818e+21 8.177426421811719700e+20 3.271205736840212644e+20 1.164614063688065679e+20 3.974996206199315661e+19 1.337620747284125491e+19 4.485297232330539008e+18 1.511666158173455616e+18 5.313105424172010240e+17 2.443171782883109120e+17 2.694532557660335040e+17 6.398906705281614080e+17 1.847027916744638720e+18 5.489504220556641280e+18 1.636342576390726861e+19 4.853805650827696538e+19 1.414891664424572846e+20 3.918810694084284908e+20 9.447467854139714437e+20 1.654587414939387298e+21 1.705603768468004405e+21 1.020156731445217985e+21 4.329978338224487793e+20 1.577386714258014536e+20 5.428528948764399206e+19 1.833870301991695770e+19 6.222621182545042432e+18 2.312343528780426240e+18 1.466520483978306048e+18 2.566629761338057728e+18 7.066835317301786624e+18 2.087593926813442867e+19 6.172766387750944768e+19 1.786317058912192758e+20 4.847164097414772163e+20 1.109312722420198408e+21 1.752978555630115881e+21 1.586288417540896457e+21 8.613888222859220746e+20 3.488383687862371615e+20 1.247944636592971448e+20 4.267484542849592525e+19 1.438493755726540390e+19 4.875969378570844160e+18 1.806881557646020864e+18 1.133554557580691584e+18 1.964594540594825984e+18 5.399233037842079744e+18 1.595794244788962099e+19 4.730478982458600653e+19 1.379632925604076913e+20 3.828028595639367107e+20 9.274289406803325747e+20 1.641341895777446789e+21 1.716444003186053218e+21 1.038551131914994844e+21 4.434507015238417121e+20 1.619472994719294095e+20 5.578145753125676646e+19 1.882646519536473702e+19 6.310373502680964096e+18 2.110265617784064000e+18 7.051528764951653120e+17 2.355685642305576320e+17 7.868906388946620800e+16 2.628454030840565600e+16 8.779841980721807000e+15 2.932818460255709000e+15 9.797701028135190000e+14 3.274060580998294375e+14 1.095022081040376250e+14
9.795006737362165760e+17 9.889741632360723200e+17 9.985964628324328960e+17 1.008483705471311616e+18 1.018981985963502976e+18 1.031126153107776384e+18 1.048013953200162304e+18 1.078921706097352832e+18 1.151630503140698112e+18 1.349337033998646016e+18 1.921134881424995840e+18 3.612273977318733312e+18 8.647526015787197440e+18 2.362468886703439872e+19 6.772470644655095808e+19 1.934295243241580790e+20 5.191207845945023529e+20 1.164582399526286787e+21 1.775356824594830066e+21 1.540290883202630812e+21 8.123553611775895142e+20 3.245028732261191516e+20 1.154775272787011830e+20 3.941849204810419405e+19 1.327589724751366144e+19 4.463821118162998784e+18 1.516840558914576384e+18 5.456415838197372160e+17 2.621892293211308160e+17 2.897123018086647680e+17 6.643122591358677760e+17 1.882665022447275264e+18 5.557977824495650816e+18 1.652896806838468198e+19 4.898688530130623693e+19 1.427260866734647378e+20 3.950062562745004851e+20 9.506013557502705664e+20 1.658906075657823060e+21 1.701904266686225973e+21 1.014141805009192485e+21 4.296354865982069146e+20 1.563984043562346742e+20 5.381042950827340595e+19 1.817745906567672218e+19 6.169440105289020416e+18 2.296963591816480768e+18 1.467949391292522496e+18 2.586075920832630784e+18 7.129282243666919424e+18 2.106224403717714330e+19 6.227233051841428685e+19 1.801532634487196221e+20 4.884339293027979756e+20 1.115484330776984551e+21 1.755743916051105579e+21 1.581279395687829340e+21 8.558268258129594286e+20 3.460481828425686712e+20 1.237232360246589850e+20 4.229991542614159360e+19 1.425791739355255808e+19 4.833863946811031552e+18 1.794392992853211136e+18 1.134146974553214976e+18 1.979031830014904576e+18 5.446575755136690176e+18 1.610022160564187136e+19 4.772372194700268339e+19 1.391532688188283945e+20 3.858514380648643297e+20 9.332266191865454264e+20 1.645804971226887881e+21 1.712914445531059061e+21 1.032495682466385625e+21 4.400179868363789435e+20 1.605717627671156818e+20 5.529278293835768627e+19 1.865982372524011110e+19 6.254324816706095104e+18 2.091500905799920384e+18 6.988804275742750720e+17 2.334731381414147520e+17 7.798934640737174400e+16 2.605107897588901200e+16 8.702129860535991000e+15 2.907133658541413000e+15 9.714662574050688750e+14 3.249107551599754375e+14 1.089496862964587031e+14
2.932773102590932992e+18 2.961065519134531584e+18 2.989688308208719360e+18 3.018760247149163520e+18 3.048631894331351552e+18 3.080347970314795008e+18 3.117032235383304192e+18 3.168035267906576896e+18 3.261356659780677120e+18 3.480842816846565888e+18 4.077525309859532800e+18 5.802432705964877824e+18 1.089749256472025088e+19 2.601071643947884134e+19 7.046368015447036723e+19 1.970794212991017615e+20 5.246854361682339430e+20 1.171691005926047744e+21 1.777689384427830116e+21 1.534928635538506777e+21 8.070053792314496123e+20 3.219360303195273953e+20 1.145368921722162217e+20 3.912566410060832768e+19 1.321262079927327130e+19 4.479038587775045632e+18 1.558825766458248960e+18 5.970597765389666560e+17 3.174821933289480320e+17 3.477523215589672320e+17 7.269002371221440000e+17 1.956907103172294144e+18 5.665640230916527104e+18 1.673469602168718746e+19 4.947801974440499610e+19 1.440099327735472620e+20 3.981844124703189893e+20 9.564923295063103242e+20 1.663180791307565007e+21 1.698148626983280443e+21 1.008140025479121994e+21 4.262960511980957204e+20 1.550699621220949033e+20 5.334065996480008192e+19 1.801864333245973914e+19 6.117758236966795264e+18 2.282785685810470144e+18 1.470523915874202880e+18 2.606765650361356288e+18 7.193339692431374336e+18 2.125124723933644800e+19 6.282274332345359565e+19 1.816880262235893596e+20 4.921754601133737902e+20 1.121663154849873396e+21 1.758445688503262249e+21 1.576231249703256719e+21 8.502847185059223962e+20 3.432777207352064082e+20 1.226608965595218412e+20 4.192826975293150003e+19 1.413204877709919846e+19 4.792170125656664064e+18 1.782075072498477056e+18 1.134857759416115072e+18 1.993655072640995840e+18 5.494379914613688320e+18 1.624379808212802765e+19 4.814634353247712051e+19 1.403531057090624225e+20 3.889210085054438441e+20 9.390412275697407754e+20 1.650220283917633585e+21 1.709327566847287230e+21 1.026452165428481491e+21 4.366076078651043348e+20 1.592073463924493517e+20 5.480832330093757235e+19 1.849465042240814694e+19 6.198773867706271744e+18 2.072903731476633600e+18 6.926645453250033920e+17 2.313971403267742400e+17 7.729664869528611200e+16 2.582049697367140000e+16 8.625919201379019000e+15 2.882495102364297500e+15 9.640621383845657500e+14 3.232710478843353125e+14 1.092436766863427031e+14
8.771775862016228352e+18 8.856201453108992000e+18 8.941495590113300480e+18 9.027782824286572544e+18 9.115420832086394880e+18 9.205465360110426112e+18 9.301062734877556736e+18 9.411620360442802176e+18 9.565296529937938432e+18 9.846399367149967360e+18 1.050732277476267418e+19 1.230312740200120115e+19 1.748762445820814950e+19 3.274324850190874624e+19 7.748590181877512602e+19 2.047522793334723052e+20 5.335289110007984947e+20 1.180565000261268406e+21 1.780237579051712381e+21 1.529470641364334281e+21 8.017257206858823762e+20 3.194838452147693158e+20 1.137091467077669683e+20 3.894250672616438989e+19 1.325818828427227955e+19 4.603467656978202624e+18 1.710842121360226560e+18 7.594917780142831360e+17 4.848340060627730560e+17 5.189254204179594240e+17 9.037162519949895680e+17 2.146497551013161728e+18 5.889818658360622080e+18 1.705821214249354240e+19 5.008840638621734502e+19 1.454143056621076972e+20 4.014788098217044869e+20 9.624595447953904108e+20 1.667421827618793587e+21 1.694336409790136975e+21 1.002152157125463638e+21 4.229811150041932104e+20 1.537551870084606525e+20 5.287791871080716698e+19 1.786423841801569075e+19 6.069585986863956992e+18 2.271842434675913984e+18 1.476297012976510720e+18 2.630771309372993536e+18 7.261097913111803904e+18 2.144505228795719270e+19 6.338100186662501581e+19 1.832380201928250819e+20 4.959426549454581268e+20 1.127849672514974908e+21 1.761083627659157570e+21 1.571144601640357855e+21 8.447627064277958656e+20 3.405269353305046385e+20 1.216074301800943944e+20 4.155993426761703424e+19 1.400737592786832794e+19 4.750939169804028928e+18 1.769981895072236032e+18 1.135742566261388032e+18 2.008521528408796672e+18 5.542705823351614464e+18 1.638873976662534144e+19 4.857274191813042176e+19 1.415629307381127414e+20 3.920117051886424556e+20 9.448725398071990026e+20 1.654587232012577538e+21 1.705683892194034582e+21 1.020420921745874485e+21 4.332194912773381816e+20 1.578539716834099528e+20 5.432804493923862938e+19 1.833093400385219584e+19 6.143717783350352896e+18 2.054474148324314368e+18 6.865062824002050560e+17 2.293419688685496960e+17 7.661249427959998400e+16 2.559436974285789200e+16 8.552812913479920000e+15 2.860525554346022000e+15 9.591970799107435000e+14 3.241433180144261875e+14 1.120563091218683906e+14
2.615170627496411955e+19 2.640212233962474701e+19 2.665497631013907251e+19 2.691040715680632013e+19 2.716878684786983731e+19 2.743118471780453990e+19 2.770075811169825997e+19 2.798691688142578483e+19 2.831779396971599462e+19 2.877758294702821376e+19 2.961827821615385805e+19 3.159363134784374374e+19 3.695322540004657562e+19 5.236571428479213568e+19 9.720032111632259482e+19 2.243219388919520625e+20 5.520257702273038418e+20 1.194629136155055489e+21 1.783531772013208142e+21 1.523793730057159574e+21 7.966162382302676255e+20 3.173377986403655352e+20 1.132030130672618045e+20 3.908178823241348710e+19 1.362767613083372954e+19 5.054293251653561344e+18 2.192173617758557440e+18 1.254334954177806336e+18 9.877709630561876480e+17 1.028895493766895360e+18 1.422547306879042560e+18 2.681261135070430720e+18 6.462076127985120256e+18 1.773187544909239706e+19 5.104836114280394752e+19 1.471593114973108306e+20 4.050783545337709199e+20 9.686221132454268764e+20 1.671660546181505745e+21 1.690465177283029893e+21 9.961798883989903114e+20 4.196955999242776740e+20 1.524597574616878612e+20 5.242807998418709709e+19 1.772020862436662886e+19 6.030954502092855296e+18 2.270225610814524160e+18 1.491418685089058304e+18 2.664298118198291968e+18 7.338808800171976704e+18 2.164993118043735245e+19 6.395331598280192819e+19 1.848091386558038016e+20 4.997403388269249823e+20 1.134046128934805045e+21 1.763657817720617697e+21 1.566020018022396461e+21 8.392610384283087667e+20 3.377958746123267604e+20 1.205629268168274903e+20 4.119504173328619930e+19 1.388405098758503629e+19 4.710331252615542784e+18 1.758277501795415040e+18 1.136968023078007424e+18 2.023800430641108736e+18 5.591726634459363328e+18 1.653522785588410573e+19 4.900311694005098086e+19 1.427829792132112712e+20 3.951237542453320745e+20 9.507203837319977370e+20 1.658905234169628721e+21 1.701983951899252752e+21 1.014402287548816556e+21 4.298535652116519977e+20 1.565115632713088696e+20 5.385191741361168384e+19 1.816866629810615501e+19 6.089156761737682944e+18 2.036215284143388928e+18 6.804097866247316480e+17 2.273121434218886400e+17 7.594155754318204800e+16 2.537745380350091200e+16 8.487626134843685000e+15 2.846090458943414500e+15 9.617851474331386250e+14 3.324890811773726250e+14 1.223973857042625625e+14
7.722412701238059008e+19 7.795277226161510810e+19 7.868819335795249971e+19 7.943056358757457920e+19 8.018028465102785741e+19 8.093844117819054490e+19 8.170816146633841050e+19 8.249869121555665715e+19 8.333758869744579379e+19 8.430722668141700710e+19 8.565399839682576384e+19 8.811459629568825754e+19 9.388689997205987328e+19 1.094838485669223301e+20 1.538132838712597217e+20 2.784376469066077962e+20 5.984851067003249623e+20 1.223675758798362640e+21 1.789038247874932244e+21 1.517526513642766860e+21 7.919782523459643638e+20 3.160714142082095514e+20 1.136432263576476713e+20 4.018031214322853478e+19 1.496479211013506662e+19 6.481530331929242624e+18 3.659112583779047936e+18 2.744200883827298816e+18 2.495269854527685632e+18 2.553029766620917248e+18 2.965106139176636416e+18 4.248996503875575296e+18 8.075388692599028736e+18 1.945098408229888819e+19 5.304690812215528653e+19 1.499030163770659635e+20 4.095469897922259190e+20 9.753348611248101786e+20 1.675990271301255954e+21 1.686526414189003276e+21 9.902277846961518019e+20 4.164544432911632302e+20 1.512008465061451530e+20 5.200881006387576013e+19 1.760444602574030848e+19 6.019939732829644800e+18 2.296186887325092864e+18 1.534312342904051712e+18 2.725931874838933504e+18 7.445190696556849152e+18 2.188464209897718579e+19 6.455820402761274163e+19 1.864188484935827128e+20 5.035828167314734449e+20 1.140260033427236061e+21 1.766169288930086355e+21 1.560857896787630359e+21 8.337801030964058522e+20 3.350848726462114693e+20 1.195277902408058798e+20 4.083404474018010726e+19 1.376254924048995942e+19 4.670832784382061568e+18 1.747455277350144000e+18 1.139033196861261824e+18 2.039996433295711744e+18 5.641953485688718336e+18 1.668378277349374362e+19 4.943800488356827955e+19 1.440138083263798641e+20 3.982576576055111844e+20 9.565847578596077732e+20 1.663173761485434520e+21 1.698228278716449948e+21 1.008396595626632282e+21 4.265097643319304520e+20 1.551800548578907914e+20 5.337991944719382118e+19 1.800784823616103629e+19 6.035100122569480192e+18 2.018139450440821504e+18 6.743884695828476160e+17 2.253215339644739520e+17 7.529795225058208000e+16 2.518403614932350800e+16 8.444795311813445000e+15 2.853769976838993000e+15 9.865484404518261250e+14 3.631728260043153750e+14 1.552748906803497812e+14
2.217069735983171174e+20 2.237089332755020513e+20 2.257277380138796319e+20 2.277636102301971251e+20 2.298169831161994936e+20 2.318889196610733670e+20 2.339823660766270915e+20 2.361059010342197985e+20 2.382849496193452278e+20 2.405953187345016095e+20 2.432634384972417597e+20 2.469655880984297472e+20 2.537174779606157230e+20 2.694867532140090163e+20 3.115827765414194053e+20 4.271681999911161037e+20 7.214271321423765832e+20 1.293560164136842953e+21 1.800358908832545767e+21 1.509528372073286337e+21 7.887114783875356426e+20 3.173953361512803205e+20 1.168947235726204764e+20 4.413988887532988006e+19 1.919226864730053837e+19 1.082682412721300685e+19 8.072044641068131328e+18 7.208310520881291264e+18 7.005512525728055296e+18 7.108540302469413888e+18 7.567494922115144704e+18 8.903909071477537792e+18 1.279932147410480128e+19 2.429184953886740890e+19 5.814119028358955827e+19 1.556090529450333635e+20 4.165650689945812992e+20 9.836515355105452360e+20 1.680685763877952029e+21 1.682493125552146481e+21 9.843093233840841032e+20 4.133026539097482854e+20 1.500300671700051231e+20 5.167309829770034381e+19 1.757057184760031027e+19 6.090697424895766528e+18 2.404402510519167488e+18 1.660165865202459136e+18 2.871343522312225280e+18 7.636303320188856320e+18 2.220534083841413530e+19 6.525104157303010918e+19 1.881192509870700954e+20 5.075127147899032699e+20 1.146514551840126271e+21 1.768621817634399191e+21 1.555658131196318319e+21 8.283207233363547259e+20 3.323951225008968827e+20 1.185033637837718979e+20 4.047835359272453734e+19 1.364431387054669005e+19 4.633907452651740160e+18 1.738995225390964736e+18 1.143433054115661056e+18 2.058619004528854528e+18 5.694909949336637440e+18 1.683594091563775386e+19 4.987894922134958899e+19 1.452569380368829481e+20 4.014147430007628104e+20 9.624661793043417661e+20 1.667392431178434216e+21 1.694417399509663351e+21 1.002404179965167534e+21 4.231880449479591854e+20 1.538594065155038249e+20 5.291205666975304909e+19 1.784850780151461888e+19 5.981584434030164992e+18 2.000286446310386176e+18 6.684834864038251520e+17 2.234120187004099520e+17 7.472406964165038400e+16 2.505695299425190000e+16 8.467582564830805000e+15 2.927247245871655500e+15 1.077592799662127250e+15 4.607264283669532500e+14 2.556502089452642812e+14
5.876997640038892831e+20 5.923498886907503575e+20 5.970278508830987387e+20 6.017337394128478536e+20 6.064678034533230838e+20 6.112307772034496594e+20 6.160248488379812413e+20 6.208565517493134950e+20 6.257453907341339525e+20 6.307495737606656492e+20 6.360427323443622707e+20 6.421423539428449321e+20 6.505871942845269279e+20 6.659219718505364193e+20 7.013006459873306870e+20 7.925160603380082278e+20 1.019422149361002611e+21 1.456490655935028527e+21 1.822809296335545303e+21 1.496121681117733978e+21 7.894164674663514112e+20 3.263518490626063073e+20 1.284824182816471450e+20 5.660448519501057229e+19 3.201929149332766310e+19 2.385627799969146880e+19 2.125266260994196685e+19 2.052393942437860966e+19 2.045162146539916083e+19 2.068455339242783949e+19 2.127439430558050714e+19 2.274385554223428403e+19 2.677667588663348838e+19 3.841642565554895258e+19 7.243477659665293312e+19 1.701003578195056067e+20 4.311085575928602296e+20 9.966812407647333253e+20 1.686548197570402320e+21 1.678281856818651857e+21 9.784654645669403034e+20 4.103754765338932019e+20 1.491021912284768502e+20 5.157971984631269786e+19 1.777920922926732083e+19 6.405435876115782656e+18 2.758633783214972928e+18 2.034269609592435200e+18 3.267265632928690688e+18 8.080032274568972288e+18 2.278016890140430336e+19 6.619754726435175629e+19 1.900660695111131136e+20 5.116572411761974968e+20 1.152879380719796748e+21 1.771027178692391993e+21 1.550419110429092741e+21 8.228850512134935675e+20 3.297303951016817459e+20 1.174938051930806354e+20 4.013224731086715290e+19 1.353368750668594176e+19 4.603946583515310592e+18 1.737333007740783872e+18 1.154646023130908160e+18 2.084187751240145408e+18 5.755152463637494784e+18 1.699628185009325670e+19 5.033050947838686003e+19 1.465167695807190467e+20 4.045988081225574646e+20 9.683667197197371310e+20 1.671561281923803513e+21 1.690551810336314884e+21 9.964253897506780611e+20 4.198884303677596631e+20 1.525496565317194875e+20 5.244841478230569779e+19 1.769075380718947942e+19 5.928727821175337984e+18 1.982778390123538176e+18 6.628190977548675840e+17 2.217093798547773760e+17 7.434701313556641600e+16 2.512456992189650400e+16 8.685603329079239000e+15 3.197392107397416500e+15 1.367051465996644500e+15 7.585577866121642500e+14 5.582183763773669375e+14
1.269236885020303950e+21 1.275896178023163494e+21 1.282548797470023614e+21 1.289194097360793764e+21 1.295831504518603342e+21 1.302460673468654420e+21 1.309081945260644893e+21 1.315697706912569623e+21 1.322316419078556221e+21 1.328964546393853657e+21 1.335721877608174715e+21 1.342825943611838824e+21 1.350979457294053147e+21 1.362244621250096267e+21 1.382549920406234726e+21 1.427915587335692222e+21 1.533670219940502176e+21 1.728223171597865583e+21 1.840744196929435992e+21 1.464559046984147927e+21 8.009086583974534840e+20 3.572911648081595597e+20 1.644067543098565919e+20 9.400938476028695347e+19 7.009886390709250458e+19 6.239556631417084314e+19 6.018826235029662925e+19 5.983746300205512294e+19 6.013887992442187776e+19 6.074530808438497280e+19 6.170744957841081139e+19 6.354074442770830950e+19 6.790535132333439386e+19 7.977290455228588032e+19 1.136989753258776822e+20 2.103208440607773164e+20 4.676383715017420964e+20 1.023428728320477495e+21 1.695864043951860482e+21 1.673633856694749495e+21 9.728212180094344233e+20 4.080784974695168737e+20 1.488807035296213565e+20 5.220403079920120627e+19 1.871121923539778355e+19 7.449751810251630592e+18 3.849120667341285888e+18 3.151434831169467904e+18 4.412816850594704384e+18 9.278925324597360640e+18 2.411238073204167066e+19 6.789356260875359027e+19 1.927248425047850353e+20 5.163960302305430077e+20 1.159562383417539035e+21 1.773420448964670128e+21 1.545134747618697544e+21 8.174792851706904576e+20 3.271021957558610166e+20 1.165117040987234140e+20 3.980859851072949453e+19 1.344369854557052928e+19 4.594111821196598272e+18 1.755758571420467712e+18 1.186088095943047168e+18 2.130239690591681792e+18 5.836322745612392448e+18 1.717850065623784858e+19 5.080627764638535680e+19 1.478063284330842358e+20 4.078210353060087726e+20 9.742930895340320850e+20 1.675681583526879953e+21 1.686631901213280174e+21 9.904606325818363740e+20 4.166111470296392008e+20 1.512510767677112648e+20 5.198931883704396186e+19 1.753493700240232653e+19 5.876892659338648576e+18 1.965983987849874944e+18 6.577685218112482560e+17 2.205907558649863040e+17 7.454766573241262400e+16 2.577147919043307600e+16 9.487171202095922000e+15 4.056267199028631500e+15 2.250769890655976750e+15 1.656330817492482750e+15 1.466497864692227000e+15
1.803048050068534591e+21 1.804135216336315089e+21 1.805140182874516095e+21 1.806062769591415210e+21 1.806902819144038089e+21 1.807660211538250433e+21 1.808334905799480967e+21 1.808927059000121885e+21 1.809437365979514143e+21 1.809868027455051923e+21 1.810225502219207967e+21 1.810528296040784986e+21 1.810828770368986546e+21 1.811272381251005710e+21 1.812243328863738266e+21 1.814591703564987400e+21 1.818835866042191577e+21 1.814002948206737228e+21 1.722881471102580687e+21 1.372641199951064596e+21 8.362265999885069189e+20 4.469762598756964762e+20 2.679424533076531937e+20 2.015463526508435866e+20 1.794484625779959726e+20 1.729925324720442900e+20 1.718676888381122478e+20 1.725510408392072888e+20 1.738745847243230085e+20 1.755000613385106555e+20 1.774717803769699369e+20 1.802745575079522468e+20 1.854722511315881165e+20 1.977459544541884580e+20 2.307913194627209298e+20 3.228146913759722865e+20 5.658405803712616202e+20 1.088545763053124583e+21 1.714753513204737901e+21 1.667721806500056793e+21 9.677532183349336474e+20 4.076234875906899968e+20 1.507504391229073326e+20 5.496676493964346163e+19 2.180397503734841754e+19 1.067522479821463142e+19 7.141319233508318208e+18 6.490756572752866304e+18 7.799925552567554048e+18 1.273508738017564467e+19 2.770603468651448320e+19 7.182059290054924698e+19 1.974855328625741660e+20 5.228605244700114944e+20 1.167180838405413536e+21 1.775904425993864217e+21 1.539785636727104995e+21 8.121219152450815263e+20 3.245452311350333932e+20 1.155949115662891909e+20 3.954602240369174118e+19 1.341339399078360474e+19 4.643836767490610176e+18 1.834085357346931712e+18 1.277948160773325568e+18 2.237323720345584896e+18 5.979277117333149696e+18 1.742359589546154394e+19 5.134689558681839206e+19 1.491644542136142070e+20 4.111146809609686876e+20 9.802658192081953751e+20 1.679758217917519102e+21 1.682657728517134615e+21 9.845105077213580493e+20 4.133570332238039613e+20 1.499646382141541253e+20 5.153581042249138995e+19 1.738213271739763917e+19 5.827172973928683520e+18 1.951010643738023680e+18 6.544507932229448960e+17 2.211862919533184320e+17 7.646717881837139200e+16 2.814987404050676000e+16 1.203560400801311000e+16 6.678414048820717000e+15 4.914619257953958000e+15 4.351354514018556500e+15 4.189345738076138000e+15
1.445853358075148763e+21 1.439610271820586942e+21 1.433341643710056890e+21 1.427048269408498352e+21 1.420730939136728367e+21 1.414390432551269564e+21 1.408027504058734215e+21 1.401642840098635252e+21 1.395236934353117250e+21 1.388809722847561253e+21 1.382359517074948096e+21 1.375879885555671237e+21 1.369350535477998649e+21 1.362710579807655035e+21 1.355779410746821313e+21 1.348015702636194693e+21 1.337729291150815920e+21 1.319186184835265462e+21 1.271958129376176112e+21 1.141763307952574431e+21 8.987129661702628966e+20 6.632455946135282647e+20 5.337309739884739297e+20 4.830531561102004060e+20 4.673378604785659412e+20 4.644934833060586455e+20 4.660992674215433339e+20 4.692275727198818796e+20 4.729039354142509629e+20 4.768461404169445048e+20 4.810904075497122693e+20 4.860373612299623465e+20 4.929772742861674906e+20 5.057654238230856335e+20 5.356625465295062958e+20 6.140432211197181297e+20 8.164570363046558433e+20 1.248350342899468075e+21 1.756380938942764024e+21 1.657689953598221844e+21 9.643461721482317005e+20 4.125935003398294077e+20 1.588237344308379320e+20 6.409354117965445530e+19 3.133482899387988378e+19 2.040208639217605837e+19 1.699678405653922611e+19 1.645419578631172710e+19 1.786846335651731456e+19 2.291829216876574720e+19 3.803610953063116800e+19 8.238528890595192013e+19 2.084796680127849759e+20 5.344078134012128788e+20 1.177557962367139840e+21 1.778777153902750204e+21 1.534312673319587152e+21 8.068687062732216730e+20 3.221637818572138742e+20 1.148569464478539448e+20 3.946023533206734438e+19 1.355974864799435162e+19 4.871241839177567232e+18 2.091566935591174912e+18 1.550601923355926016e+18 2.526890640529100800e+18 6.306379202351733760e+18 1.785433466461514957e+19 5.207399999256434278e+19 1.507072420904359363e+20 4.145789701100953928e+20 9.863465829401273303e+20 1.683806678556051243e+21 1.678628326322895585e+21 9.785762166184057242e+20 4.101287662713931039e+20 1.486934060926928159e+20 5.109107725745513267e+19 1.723558676312335155e+19 5.782854574681895936e+18 1.941178711575374848e+18 6.562192367030782720e+17 2.268819704176195520e+17 8.352429710899824000e+16 3.571150685898500800e+16 1.981595699194741200e+16 1.458250457718974600e+16 1.291120906987765800e+16 1.243050295168538600e+16 1.234823033935000800e+16
7.240593944875076157e+20 7.186886697769924035e+20 7.133447399556748411e+20 7.080276983810334392e+20 7.027376369293201244e+20 6.974746527547793080e+20 6.922388685978785546e+20 6.870304940498347622e+20 6.818500105953124024e+20 6.766987306597053891e+20 6.715804864593503191e+20 6.665067305591962337e+20 6.615119315588959437e+20 6.566999815675040236e+20 6.523835637947308442e+20 6.494982185154412544e+20 6.507937731192679301e+20 6.639374758956639191e+20 7.071597886604313887e+20 8.058726274234096026e+20 9.416921914111399035e+20 1.028745073309269885e+21 1.053076785863584121e+21 1.059029057546267263e+21 1.064120147643809661e+21 1.070068030185083634e+21 1.076441471858413535e+21 1.082972287505048928e+21 1.089571400739794321e+21 1.096235703793326096e+21 1.103039528944605463e+21 1.110229096255083250e+21 1.118541996511662703e+21 1.130155679235312189e+21 1.151395364163672211e+21 1.199812777696228803e+21 1.317549479677223764e+21 1.562268878662829605e+21 1.827516406070463169e+21 1.632492553324255248e+21 9.653111380533263729e+20 4.332638260273461985e+20 1.850920899885597327e+20 9.197106287797089075e+19 5.986270599621931008e+19 4.932059611651665101e+19 4.622739969451995955e+19 4.597075767254476390e+19 4.765651553864160051e+19 5.295175739292106752e+19 6.823783429991711539e+19 1.125175998490148864e+20 2.378214660007215759e+20 5.608649483616366100e+20 1.196005978722475704e+21 1.782886076704397984e+21 1.528537717738244932e+21 8.018881171253336474e+20 3.202705574463678710e+20 1.146378449074110136e+20 3.989776123247850291e+19 1.423302619366533120e+19 5.630010642712203264e+18 2.885274854052590080e+18 2.364476747476282880e+18 3.362580578190718976e+18 7.183987968648965120e+18 1.883824569385015706e+19 5.335163013575009075e+19 1.527818808935592755e+20 4.185101725600888914e+20 9.927194584139462083e+20 1.687873628626034622e+21 1.674539622881251295e+21 9.726608262989786644e+20 4.069345469338868777e+20 1.474467203398192333e+20 5.066473598272235110e+19 1.710504695248414925e+19 5.753789210540201984e+18 1.946437932781749248e+18 6.731205108779160320e+17 2.478216606178156160e+17 1.059608278769951040e+17 5.879699812500942400e+16 4.326859301637142400e+16 3.830959834719046400e+16 3.688326445887448000e+16 3.663914585249658400e+16 3.679215625807491200e+16
2.825066086188254167e+20 2.800253473834217636e+20 2.775639029726049731e+20 2.751221559712122798e+20 2.726999922583057859e+20 2.702973134789172920e+20 2.679140684114565857e+20 2.655503469889960018e+20 2.632066621783361454e+20 2.608847951027441500e+20 2.585903288299146772e+20 2.563402444621401293e+20 2.541856891721084436e+20 2.522801821380315709e+20 2.510836100984975524e+20 2.519694506105855345e+20 2.590066370353481974e+20 2.839660079680823624e+20 3.585611082649130762e+20 5.515392538779476951e+20 9.300163387519725732e+20 1.369717439674407191e+21 1.621455357581942063e+21 1.701782242097266426e+21 1.723803866352882024e+21 1.731941255550395220e+21 1.736664079538132877e+21 1.740395594896494821e+21 1.743781182237129572e+21 1.747016736069868585e+21 1.750177751051741430e+21 1.753330903408841064e+21 1.756622355051432903e+21 1.760460314390383559e+21 1.765999202296764826e+21 1.776326244294307611e+21 1.798170905367018734e+21 1.835237697578265477e+21 1.826459691367621460e+21 1.549611527077763744e+21 9.745440356162100265e+20 4.965257153715280282e+20 2.626636471451918664e+20 1.733517223251449610e+20 1.427962296931416474e+20 1.332547614494769316e+20 1.310020549069701612e+20 1.315264542579944489e+20 1.339389966057316352e+20 1.398294115982808678e+20 1.553166503750366003e+20 1.986209358453738701e+20 3.195911641177493996e+20 6.298426370925293732e+20 1.237388948911141683e+21 1.790508947993959596e+21 1.521919277923077718e+21 7.976866120091267236e+20 3.198009082958286684e+20 1.159545060425111798e+20 4.189501326423617536e+19 1.648087805314021581e+19 7.978034256591196160e+18 5.283226169361940480e+18 4.797611070930446336e+18 5.832017071080697856e+18 9.707816150721241088e+18 2.147444561621121843e+19 5.626822487027615334e+19 1.564258051113041265e+20 4.237922441283195372e+20 9.999321138929003397e+20 1.692097143075471098e+21 1.670378132552478360e+21 9.667731521389622723e+20 4.037991596059948483e+20 1.462527216566233825e+20 5.028566184950274458e+19 1.701973845927235584e+19 5.769497610949826560e+18 1.996597141479920640e+18 7.352519333633678080e+17 3.143932631531838080e+17 1.744578421806888000e+17 1.283833459565254880e+17 1.136692684699335520e+17 1.094370825551723200e+17 1.087127098681670560e+17 1.091666812851353920e+17 1.100209595378839360e+17
9.962482714136215552e+19 9.869943294358069248e+19 9.778239044950119219e+19 9.687363171382014771e+19 9.597309488143638528e+19 9.508073531742702797e+19 9.419655895143509197e+19 9.332072216733673062e+19 9.245383103298211021e+19 9.159783765898618470e+19 9.075872523831615488e+19 8.995455071589818368e+19 8.923953248700388147e+19 8.877616612962882355e+19 8.905089317096798618e+19 9.151696172008752742e+19 1.004918238490770309e+20 1.285918004719997583e+20 2.108948178512546365e+20 4.311006462662971884e+20 9.066747127040008520e+20 1.534272655628118262e+21 1.843581565141043642e+21 1.794652571741897622e+21 1.697519581930834625e+21 1.645214200244635959e+21 1.621804946747534606e+21 1.610160171196654289e+21 1.602722325733135614e+21 1.596708575099310047e+21 1.591146919935031116e+21 1.585697935387293385e+21 1.580225500071184302e+21 1.574620789503483970e+21 1.568657498586928382e+21 1.561677772783425946e+21 1.551594926960991797e+21 1.531198070826973528e+21 1.474310083059798245e+21 1.308475476593415291e+21 9.838059181693409690e+20 6.554726371851505500e+20 4.688744025004048384e+20 3.934103056420485857e+20 3.681761770129298555e+20 3.615979354549302067e+20 3.615740756087510794e+20 3.640548617131115807e+20 3.682196914634768384e+20 3.754371863505005445e+20 3.910242863857622712e+20 4.308078821679406121e+20 5.380528951687611679e+20 8.095877475200274268e+20 1.338326669739064820e+21 1.806691439019111219e+21 1.512754276909828014e+21 7.957613566518329344e+20 3.235346052657546527e+20 1.218353810620134851e+20 4.854111727512466227e+19 2.342677651057686118e+19 1.506951666136885862e+19 1.246978847722424730e+19 1.206413829502268621e+19 1.317775364431552102e+19 1.714432124694681395e+19 2.903919274576885350e+19 6.406749154827567104e+19 1.647289964501149286e+20 4.330541829280070369e+20 1.009607515452992782e+21 1.696882065826653929e+21 1.666101791281487806e+21 9.609396637339457946e+20 4.007971607078657065e+20 1.451958751992930140e+20 5.004041509365343846e+19 1.706722611216945152e+19 5.918414271459957760e+18 2.180948405695257088e+18 9.327677977761873920e+17 5.176207683704008320e+17 3.809171720843477120e+17 3.372586120993650560e+17 3.247007935021772160e+17 3.225511343560743680e+17 3.238977955878539520e+17 3.264322241583325440e+17 3.293834978556636160e+17
3.388197757422431846e+19 3.356132967691928371e+19 3.324368946563905126e+19 3.292903213331288474e+19 3.261733878299521434e+19 3.230860773082311475e+19 3.200288836499645235e+19 3.170038256463017574e+19 3.140174847483590656e+19 3.110901037795352576e+19 3.082828391203246899e+19 3.057793826385336730e+19 3.041303983373730611e+19 3.049853157258162586e+19 3.132810981825730150e+19 3.437702387582261248e+19 4.403251739699173786e+19 7.315643555680127386e+19 1.578602690916694753e+20 3.868408447027062374e+20 8.967017616057789317e+20 1.588660293630446797e+21 1.818840183610672153e+21 1.483186115290832044e+21 1.150917388464694624e+21 9.878672465665302200e+20 9.221680519821559071e+20 8.952237654379680236e+20 8.820592940899015066e+20 8.736249952884157317e+20 8.668064865400651776e+20 8.605546339609001329e+20 8.545325423748587192e+20 8.486765274607002583e+20 8.431151761410569011e+20 8.383425195835652833e+20 8.358485796383898993e+20 8.397586648063082496e+20 8.593994851500874793e+20 9.042660643904579174e+20 9.495082628179123241e+20 9.416520748558541128e+20 9.049244079673176228e+20 8.830632065452089016e+20 8.773929496708131062e+20 8.792818339951276196e+20 8.840293399427848602e+20 8.899497504269145211e+20 8.968247564465213276e+20 9.056659834651448443e+20 9.200049903101953966e+20 9.502229950760524186e+20 1.024605779744412795e+21 1.206426457109179400e+21 1.554928089761429848e+21 1.834648888250035864e+21 1.495279886499364209e+21 8.003186648260187259e+20 3.395789141867011768e+20 1.411898139083517297e+20 6.894962242671486566e+19 4.429361206093094093e+19 3.621999046922323149e+19 3.384936748987386266e+19 3.365541466450691686e+19 3.497381327846256230e+19 3.913663649520403251e+19 5.120272345877065728e+19 8.632082542556145254e+19 1.868039962215948616e+20 4.540382499739231191e+20 1.026507513765184406e+21 1.703400369054206394e+21 1.661581069553775149e+21 9.552408112199625605e+20 3.981523566456645878e+20 1.445293052532097679e+20 5.018827241482193306e+19 1.750975425363499008e+19 6.465373723621004288e+18 2.766888992654574592e+18 1.535644924466447104e+18 1.130083861662513408e+18 1.000546049874597632e+18 9.632827688316952320e+17 9.569013960853699840e+17 9.608940234741877760e+17 9.684108757279432960e+17 9.771645099128431360e+17 9.863914373608327680e+17
1.138194890982559539e+19 1.127357919912508416e+19 1.116623993683525018e+19 1.105992428423382835e+19 1.095463121428597350e+19 1.085037692570536755e+19 1.074722903176487322e+19 1.064540896358642074e+19 1.054559868722367693e+19 1.044985937264932864e+19 1.036438292711191757e+19 1.030773291581424435e+19 1.033552387266830131e+19 1.061430688275798426e+19 1.164257103703965901e+19 1.491000406979145933e+19 2.484818114807575347e+19 5.446153205080646451e+19 1.403671590285785006e+20 3.732595913986843607e+20 8.962998163284513260e+20 1.607596488998668206e+21 1.770937908648814313e+21 1.239325775060822393e+21 7.432087116535238492e+20 5.035629201777334026e+20 4.107725626698085171e+20 3.763700542786855240e+20 3.626668999071365202e+20 3.560392316888215060e+20 3.518147208379017462e+20 3.484281879405177078e+20 3.453886280459335107e+20 3.426340661601160397e+20 3.404508089966434058e+20 3.398521201647881421e+20 3.438963746761569731e+20 3.614779402476638044e+20 4.167913665795253862e+20 5.638396882161151508e+20 8.630483231170267709e+20 1.234074920237408715e+21 1.469461471257857360e+21 1.556552992277861761e+21 1.585150394189464207e+21 1.597248208200634728e+21 1.604634319725199098e+21 1.610590429467075150e+21 1.616219851523895591e+21 1.622206155717091787e+21 1.629731329579315888e+21 1.641906951396058989e+21 1.666963075734478520e+21 1.722458644090615759e+21 1.817418526084774232e+21 1.827531073267788677e+21 1.448701368627127124e+21 8.214751037966404813e+20 3.902897031749502239e+20 1.992839246963706429e+20 1.291908550022691553e+20 1.055333520948145029e+20 9.816318917066378445e+19 9.640876514741487206e+19 9.679949038765778534e+19 9.867480824354136064e+19 1.033259124634282721e+20 1.156713648953296486e+20 1.504373530973539205e+20 2.487283066949581537e+20 5.088740763335422771e+20 1.064198897852177449e+21 1.714931944545552433e+21 1.656412128117080982e+21 9.499204254803481068e+20 3.965350101157439078e+20 1.450104396883298222e+20 5.150504422228915814e+19 1.913202495944408269e+19 8.202830205820205056e+18 4.554536534908235264e+18 3.351711835266506240e+18 2.967390507054581248e+18 2.856805131848633344e+18 2.837844154697879552e+18 2.849663119194698752e+18 2.871938350057410560e+18 2.897882730670084608e+18 2.925230876049920000e+18 2.953227803925286912e+18
3.810142798065393664e+18 3.773845253402372608e+18 3.737895779159212032e+18 3.702293976936314880e+18 3.667045252606615040e+18 3.632172334242285568e+18 3.597749770823929344e+18 3.564007262532966912e+18 3.531639152837434368e+18 3.502731406861107200e+18 3.483538027447659008e+18 3.492796492056944128e+18 3.586630224640209408e+18 3.933102551002585600e+18 5.035220324382435328e+18 8.396195172842800128e+18 1.848813738110261248e+19 4.843715181352910029e+19 1.352251547166869422e+20 3.706001392757802926e+20 8.998834661736621015e+20 1.616629472789688484e+21 1.745749473957837013e+21 1.127486102720334529e+21 5.605712319354174177e+20 2.883145433167293317e+20 1.844288765956157932e+20 1.474302016417685996e+20 1.341087724215219159e+20 1.288601773308814131e+20 1.263392509477708104e+20 1.247573136418024161e+20 1.235526192798189486e+20 1.226499088546440151e+20 1.223611157970201313e+20 1.237976213700789207e+20 1.303245612506181140e+20 1.518320316655389245e+20 2.161505254205720166e+20 3.922437292762259784e+20 7.925532242401293763e+20 1.388624026195997753e+21 1.789509629204870463e+21 1.844042869581677330e+21 1.796947885416782758e+21 1.763888453584834003e+21 1.748226424296362738e+21 1.740392817517688521e+21 1.735423169177816924e+21 1.731385686734413234e+21 1.727531422436556800e+21 1.723398194873735315e+21 1.718135054211690791e+21 1.708791865642566550e+21 1.682709838057603072e+21 1.588297388065549189e+21 1.311284532686801076e+21 8.733367155334804931e+20 5.276949998901105787e+20 3.602105512516972708e+20 2.971316946895614771e+20 2.765353735222076703e+20 2.711472609324178801e+20 2.710408600301332726e+20 2.729542168238163558e+20 2.762470547927638016e+20 2.820750144172229263e+20 2.948851375794860196e+20 3.279915470758894633e+20 4.185277656471097836e+20 6.552490876639025562e+20 1.157981293806477902e+21 1.739730010048681738e+21 1.649276002528054739e+21 9.457030351345333043e+20 3.979412728977105879e+20 1.488980767531565056e+20 5.630591942129990042e+19 2.427633065077932442e+19 1.349636761047908966e+19 9.932350248782780416e+18 8.792390657800399872e+18 8.464110190452658176e+18 8.407621398728359936e+18 8.442446527122198528e+18 8.508290173311338496e+18 8.585015341974648832e+18 8.665900568911866880e+18 8.748705722001191936e+18 8.832687607586778112e+18
1.281281644807596544e+18 1.269230972360748288e+18 1.257298570953903104e+18 1.245486262595718912e+18 1.233801704774915328e+18 1.222270011840880128e+18 1.210968563522120704e+18 1.200131262419792640e+18 1.190460802968629248e+18 1.184063966324579584e+18 1.187252944369925376e+18 1.218935373767276032e+18 1.335740192725489920e+18 1.707240287245203200e+18 2.840955574955931648e+18 6.253572716574398464e+18 1.645721437713726874e+19 4.669475773253023334e+19 1.342709584751458222e+20 3.716773541271692247e+20 9.048908282984428995e+20 1.622694793939690193e+21 1.734102416017627546e+21 1.082310481484105384e+21 4.910339126684202435e+20 2.081547996161334641e+20 1.008310428850877071e+20 6.316158848557704806e+19 5.012775069213525606e+19 4.548437215612388966e+19 4.366986841325970227e+19 4.282383894944188006e+19 4.236157844903664026e+19 4.220249302424049254e+19 4.266341001955839181e+19 4.487740624513803878e+19 5.227985939261288448e+19 7.500207967398617088e+19 1.418526595216659579e+20 3.264785505341941350e+20 7.612274570900650066e+20 1.443111459135739658e+21 1.838168505190234456e+21 1.644512613839151563e+21 1.346681195099286929e+21 1.184871325219710829e+21 1.117236931605462778e+21 1.089006377562848100e+21 1.075026284129217675e+21 1.065974241750661464e+21 1.058633728656542269e+21 1.051980650759407010e+21 1.045880540543395693e+21 1.040871135088521904e+21 1.038287400617686991e+21 1.037727606789422842e+21 1.020663272682526605e+21 9.413364201944656118e+20 8.203369153589190328e+20 7.372013370279210516e+20 7.025783936980881244e+20 6.930168079880153989e+20 6.931707597783813325e+20 6.967904006091729797e+20 7.017675594121023324e+20 7.077266635805949952e+20 7.155527410638433812e+20 7.285276539653763891e+20 7.564229238850969928e+20 8.264337436914709955e+20 1.003552606889742828e+21 1.375258874735266890e+21 1.791563635493704040e+21 1.635423343666424709e+21 9.446118310639838167e+20 4.082209389159567852e+20 1.628629212227732439e+20 7.144581198261936947e+19 3.988353833540228710e+19 2.935736169282517811e+19 2.597953529477403853e+19 2.500446732960628736e+19 2.483496891990243738e+19 2.493620548534328115e+19 2.512939366215036928e+19 2.535481323596573082e+19 2.559252872236262605e+19 2.583589537368214323e+19 2.608270814298872218e+19 2.633224508746131866e+19
4.534322893886500480e+17 4.496537149496416640e+17 4.459179911353959680e+17 4.422277190282997120e+17 4.385913804593710720e+17 4.350350636573503360e+17 4.316375834958725120e+17 4.286356728471482240e+17 4.267390482446832640e+17 4.280740811224301440e+17 4.390102091939043200e+17 4.786251038602298240e+17 6.040555019888974080e+17 9.863931534573619200e+17 2.137699787891308288e+18 5.588210166495480832e+18 1.589014253587875840e+19 4.640220244501664563e+19 1.347394104479085199e+20 3.740331609435308032e+20 9.103944889034325361e+20 1.627791140745765192e+21 1.727828351637020213e+21 1.062660576303358018e+21 4.647031553280147456e+20 1.795560724182436086e+20 7.165831845283803136e+19 3.398606073094349210e+19 2.113580019327191450e+19 1.673533992254948966e+19 1.518153106923378893e+19 1.460052744111913370e+19 1.440363811958795059e+19 1.451015982858369229e+19 1.524043153299532186e+19 1.773936409614134477e+19 2.547913651728731750e+19 4.871036231882196582e+19 1.166734830991493857e+20 3.048185160220626780e+20 7.525053037511089848e+20 1.463112726098333663e+21 1.819607449368364057e+21 1.416650415078747406e+21 9.056668456842774446e+20 6.344748939138530017e+20 5.257648405976842240e+20 4.848733900711812137e+20 4.684425355067382825e+20 4.604827733233741332e+20 4.555864208516707123e+20 4.522955052237781074e+20 4.512329514037502935e+20 4.558870281729108214e+20 4.767225085636744315e+20 5.407008234432455639e+20 6.975253282514512118e+20 9.636880668897700741e+20 1.212788103397331698e+21 1.334895965839459615e+21 1.377639177353967174e+21 1.394655858585161433e+21 1.404366900417881178e+21 1.411865032013681263e+21 1.418701088166091948e+21 1.425514668283673182e+21 1.432938629485342753e+21 1.442415673412067000e+21 1.457975476501468938e+21 1.490666401376265568e+21 1.566527929757877404e+21 1.717660925484208488e+21 1.851815641093929435e+21 1.595990903666254807e+21 9.512797117020480471e+20 4.437152138598730301e+20 2.060391303214460764e+20 1.167479022351138816e+20 8.607561093955120333e+19 7.612509389349289984e+19 7.323231437929610445e+19 7.271597727901033267e+19 7.299923526485616230e+19 7.355396183384615322e+19 7.420363289341970022e+19 7.488930844392008909e+19 7.559133837025134182e+19 7.630319747076802150e+19 7.702274474402575155e+19 7.774930382492606464e+19
2.281536237253521280e+17 2.276273731949335360e+17 2.271234579322359360e+17 2.266448020777729920e+17 2.262002611512064000e+17 2.258164524626576000e+17 2.255731891520029440e+17 2.257096110903263680e+17 2.269420648251523200e+17 2.314162032217214080e+17 2.455586399699001600e+17 2.886177138684439040e+17 4.182406725619158400e+17 8.070469686208367360e+17 1.971666650282080000e+18 5.455956452599989248e+18 1.585239842794679910e+19 4.663557120774351258e+19 1.357271562120384020e+20 3.768622423006077911e+20 9.160946853492026245e+20 1.632546202270426464e+21 1.723443077494024700e+21 1.051974506356762083e+21 4.534945669925431542e+20 1.689709834849578516e+20 6.148192331248033792e+19 2.402841503598256128e+19 1.131624233731190989e+19 7.024099296908692480e+18 5.567787911819783168e+18 5.080196580945483776e+18 4.975295241936726016e+18 5.174345647907209216e+18 6.001521449255858176e+18 8.612524798244202496e+18 1.651173790817549517e+19 4.004731221064233779e+19 1.087608174910154506e+20 2.990480801608096154e+20 7.528334405615258173e+20 1.473213866043270758e+21 1.805285313971442942e+21 1.301653426344504328e+21 6.896777010890765763e+20 3.670169142817720238e+20 2.396030651188871823e+20 1.936412262596325868e+20 1.770120488688556442e+20 1.705128693195418501e+20 1.676564050940215951e+20 1.666885943563029709e+20 1.683302844897938637e+20 1.767031444198167347e+20 2.044339706345472000e+20 2.862615201531173274e+20 5.011519963423113216e+20 9.418220344077093437e+20 1.483060867925960819e+21 1.777028284378672529e+21 1.829697926060556943e+21 1.821943560742205915e+21 1.813800053043143115e+21 1.809816875927327736e+21 1.807845836370059198e+21 1.806606422523915796e+21 1.805603103246160495e+21 1.804700435142201573e+21 1.803959839465703735e+21 1.803591830561164100e+21 1.803309540268386025e+21 1.795923032651521589e+21 1.732164424110233879e+21 1.466071555059982270e+21 9.700253420223317934e+20 5.439435518197833400e+20 3.286879577501285745e+20 2.455750176793108480e+20 2.174217430552837489e+20 2.090596708272831201e+20 2.074850263414470083e+20 2.082061371706210714e+20 2.097064001666247229e+20 2.114776694575540142e+20 2.133501736917662106e+20 2.152672922977150239e+20 2.172101984670749491e+20 2.191726841872498033e+20 2.211527542604092211e+20 2.231498200336483287e+20
3.061121264196523520e+17 3.081372083233313280e+17 3.101918042342536960e+17 3.122790979075156480e+17 3.144082577084385920e+17 3.166063719340620800e+17 3.189541969895336320e+17 3.216932290338806400e+17 3.255464012433521280e+17 3.326786207412732160e+17 3.495736904740892160e+17 3.956507373527637760e+17 5.290679276342061440e+17 9.239735722915165440e+17 2.101568937175323392e+18 5.619337885880846336e+18 1.611001627909489254e+19 4.716382377720516608e+19 1.370068109545477571e+20 3.799602347795765658e+20 9.219345601668276552e+20 1.637176085703961608e+21 1.719673076057549308e+21 1.044352550771010699e+21 4.474380357552706683e+20 1.645037770131137495e+20 5.774823526914796749e+19 2.058483405107773440e+19 7.993479250913675264e+18 3.762871667877816832e+18 2.347838739263893504e+18 1.894696264630200320e+18 1.822289113453514240e+18 2.054567584247098368e+18 2.919755506396015616e+18 5.584320821591034880e+18 1.358425773803450982e+19 3.736067975997275341e+19 1.067197011317835366e+20 2.987292966025649193e+20 7.563690212637949297e+20 1.480311455097975210e+21 1.798401258074825294e+21 1.253860242277368070e+21 6.049057583743139840e+20 2.642212819602965791e+20 1.304922708317926523e+20 8.298459970280811725e+19 6.649674746659377152e+19 6.070655940861784883e+19 5.874911405455711437e+19 5.875688122689041203e+19 6.145146977053666509e+19 7.107691646765180518e+19 1.007348507778434662e+20 1.871791863005340631e+20 4.189628915615791841e+20 9.234624255255867556e+20 1.585977164498562449e+21 1.845714442750928093e+21 1.662296391725437420e+21 1.463993782776834032e+21 1.365016240987144192e+21 1.323285189423654765e+21 1.304327547067869168e+21 1.293472369783813177e+21 1.285385330601314746e+21 1.278204278131070599e+21 1.271243230192790143e+21 1.264114442827559600e+21 1.256184610125592658e+21 1.245304099762925732e+21 1.222066682808223924e+21 1.151326399204856824e+21 9.811091393778911805e+20 7.688387774363838710e+20 6.309134889157525504e+20 5.723987929968738959e+20 5.535454311558912410e+20 5.499147632636800532e+20 5.516163257420476580e+20 5.551384668649364521e+20 5.592876156493032980e+20 5.636640317686336061e+20 5.681345189797001298e+20 5.726547832341263155e+20 5.772101131797485322e+20 5.817956316736084378e+20 5.864097282445330350e+20 5.910518759047515341e+20
7.907531657979265280e+17 7.980171222287284480e+17 8.053549551298790400e+17 8.127703531528039680e+17 8.202730454848752640e+17 8.278908406352570880e+17 8.357056842114817280e+17 8.439616578717039360e+17 8.533884524121729280e+17 8.661702163168373760e+17 8.888473622456908800e+17 9.410074952615720960e+17 1.081312120052587904e+18 1.485414784620062208e+18 2.679015491439382528e+18 6.233003488909039616e+18 1.681968673154358272e+19 4.814279367879570227e+19 1.387258048588971704e+20 3.834525221090902671e+20 9.280212346871520952e+20 1.641788147154338185e+21 1.716071935120670982e+21 1.037774481648956998e+21 4.431361710931677676e+20 1.621066601664346522e+20 5.618810726029145702e+19 1.933654033019854438e+19 6.859420532166141952e+18 2.674381254569945600e+18 1.281673328725920256e+18 8.431699066272926720e+17 7.832975599461310720e+17 1.028934564065247744e+18 1.912452190303353856e+18 4.611160938217225216e+18 1.269272095544297882e+19 3.669037731296743424e+19 1.066642105144300667e+20 3.002644632008779366e+20 7.610086752156208333e+20 1.486426736568620548e+21 1.794895069581633126e+21 1.233031560147611156e+21 5.725685777068738478e+20 2.271882185222160712e+20 9.201182543739496038e+19 4.425699692636077261e+19 2.792997125626213581e+19 2.243502975100287386e+19 2.081755892069733171e+19 2.118555124098804941e+19 2.426821936844581274e+19 3.436143313957030298e+19 6.475357356659538330e+19 1.529450991126167552e+20 3.908851935744867041e+20 9.182661290692584407e+20 1.618114542568851898e+21 1.788350507778598240e+21 1.340026528544505987e+21 9.275833095487402803e+20 7.292724916728389960e+20 6.513563033101493862e+20 6.210702349892072243e+20 6.076808029797976637e+20 6.001211558985004483e+20 5.946770492792033772e+20 5.903562815001307382e+20 5.876122678645628600e+20 5.889194672681634365e+20 6.016942068784292168e+20 6.449966287994594263e+20 7.534693737623309517e+20 9.357427520223439749e+20 1.097918136609785643e+21 1.168348312975371403e+21 1.189826580901075091e+21 1.199468408786356273e+21 1.206884099325396255e+21 1.213805406457298944e+21 1.220578283394744189e+21 1.227297432966619726e+21 1.233995069611564073e+21 1.240682800788381630e+21 1.247364604766022009e+21 1.254041563755275616e+21 1.260713662840446910e+21 1.267380473312731988e+21 1.274041409567771591e+21
2.325185509512762880e+18 2.347321090462876672e+18 2.369670710177120256e+18 2.392239436695997952e+18 2.415038440039628800e+18 2.438097128118177792e+18 2.461499495189015040e+18 2.485492989680842240e+18 2.510814587217664512e+18 2.539667416991337984e+18 2.578645837166300672e+18 2.647495970464753152e+18 2.805350590553231360e+18 3.229269466808364544e+18 4.449149740477505536e+18 8.048372298913609728e+18 1.873606133907324109e+19 5.032122425814802432e+19 1.416009051398752174e+20 3.879585173684092928e+20 9.347639911615168512e+20 1.646524495980549112e+21 1.712478485178182009e+21 1.031560431679421678e+21 4.394595522649047695e+20 1.604357361157003346e+20 5.538454107680020890e+19 1.885041993796524442e+19 6.484899834709166080e+18 2.340108147463251456e+18 9.635641177280934400e+17 5.333083528194188160e+17 4.795525037621969920e+17 7.321766408429190400e+17 1.627744161273554176e+18 4.354479806983513600e+18 1.251186386052866253e+19 3.672536415978792960e+19 1.073062721508407214e+20 3.024570277383832863e+20 7.660488910418073354e+20 1.492204350742582526e+21 1.792612335289653002e+21 1.221818993803738218e+21 5.588615113150380769e+20 2.134787483116916244e+20 7.855600046811219558e+19 3.099583307056389734e+19 1.482108062371281715e+19 9.460995743788787712e+18 7.973379214957876224e+18 8.475025543809829888e+18 1.171090502186349568e+19 2.202080660327761920e+19 5.282792034095436595e+19 1.420716190270464819e+20 3.832061125202066145e+20 9.200183423040745636e+20 1.630495460080184197e+21 1.746856737652781613e+21 1.157029555202069103e+21 6.294923200600017469e+20 3.782252906193549394e+20 2.820639648608295322e+20 2.472202848017880842e+20 2.340818390865072620e+20 2.284064186370822963e+20 2.254275475950706688e+20 2.238855126078365041e+20 2.243960265882849116e+20 2.302453065143795384e+20 2.514911444739863020e+20 3.160492409278456791e+20 4.892744403408084009e+20 8.585086109577101967e+20 1.351302236881156833e+21 1.670900602765229162e+21 1.767892280261949522e+21 1.785749051874753905e+21 1.789312939740437938e+21 1.791117258504793227e+21 1.792770560739563274e+21 1.794395224010764845e+21 1.795970540772106699e+21 1.797478869237052998e+21 1.798911778650912719e+21 1.800265619913102590e+21 1.801538803469641056e+21 1.802730577903452684e+21 1.803840528032405389e+21
6.940727734766190592e+18 7.006983124784418816e+18 7.073871944245123072e+18 7.141403258189191168e+18 7.209592309167566848e+18 7.278472729557018624e+18 7.348133116989775872e+18 7.418826578907194368e+18 7.491298822795241472e+18 7.567770797796635648e+18 7.654881706749099008e+18 7.772503019725725696e+18 7.980132755613281280e+18 8.455910527986726912e+18 9.732938329180884992e+18 1.340408832855988838e+19 2.420628332193631027e+19 5.602710084013006848e+19 1.478613880169904865e+20 3.954042579024404152e+20 9.434070246041096028e+20 1.651745306133303132e+21 1.708812866289756799e+21 1.025491901965251510e+21 4.360741285115491779e+20 1.590930693412839424e+20 5.491686400522432512e+19 1.870114574900335411e+19 6.446486756051662848e+18 2.340729454803841536e+18 9.790088605376128000e+17 5.556406609674517760e+17 5.066569743582147200e+17 7.649541012624456960e+17 1.671300936761346816e+18 4.424864524387823616e+18 1.265700726365642342e+19 3.708544885048495309e+19 1.082715146420234158e+20 3.049572779763153633e+20 7.712911629715709624e+20 1.497870436012351029e+21 1.790717865185698906e+21 1.213906143598851916e+21 5.515326372456705556e+20 2.077294762959274312e+20 7.362858214407639040e+19 2.640809814168721818e+19 1.037978679205340774e+19 5.098007831184075776e+18 3.667246027968572928e+18 4.224479513072061440e+18 7.533890867940517888e+18 1.797866395371719885e+19 4.910546644373320499e+19 1.392053602110193664e+20 3.826291727379547423e+20 9.244309102925119488e+20 1.637426440351857246e+21 1.727427963537223844e+21 1.080263239731126075e+21 5.085558265347671327e+20 2.375012522224730440e+20 1.347771923181871759e+20 9.853024840743909786e+19 8.578731138310555238e+19 8.110945915838275584e+19 7.932960930665911091e+19 7.906986903444748698e+19 8.095309005904194765e+19 8.841200787235076506e+19 1.120419302356399391e+20 1.818855660632015176e+20 3.729462871188534067e+20 8.096112138814273618e+20 1.457640757947759591e+21 1.839381352943306408e+21 1.777589666438939673e+21 1.630664151631796109e+21 1.548641142244499522e+21 1.512694928570752434e+21 1.496018754599928201e+21 1.486310177177097732e+21 1.478994562942106862e+21 1.472475343211916689e+21 1.466206989063568753e+21 1.460004729464207704e+21 1.453806483226007699e+21 1.447591762791375045e+21 1.441354164438941303e+21
2.070262014442470195e+19 2.089957003654180864e+19 2.109838437938734285e+19 2.129908365281434010e+19 2.150169462252972032e+19 2.170626256419377971e+19 2.191288786988770918e+19 2.212183567515180237e+19 2.233386416906401382e+19 2.255120781498741555e+19 2.278052186016947405e+19 2.304170011941642650e+19 2.339427836724722893e+19 2.401646987567022080e+19 2.544152524012708659e+19 2.926257374402824192e+19 4.021661341016773427e+19 7.218787486187071078e+19 1.641381117034940006e+20 4.115118165006695137e+20 9.576261897679532196e+20 1.658481225029121475e+21 1.704970642150343836e+21 1.019527602410509304e+21 4.330022571806355620e+20 1.581015244227613164e+20 5.480474077329770086e+19 1.890874514134507110e+19 6.766449766348481536e+18 2.701462359459513344e+18 1.356418037486846720e+18 9.418521203350439680e+17 8.995935611846368000e+17 1.165536879253147904e+18 2.084620054208005632e+18 4.866846711224985600e+18 1.317513409869527245e+19 3.781839873341338419e+19 1.096043146446436762e+20 3.078001686235847721e+20 7.767777123084936151e+20 1.503541081255784481e+21 1.788913717713969611e+21 1.207110981353679094e+21 5.463744246748885811e+20 2.046734202820569006e+20 7.157828027311575040e+19 2.474320475942059622e+19 8.858230685090067456e+18 3.635307813011706880e+18 2.236690708781177088e+18 2.823261323746325504e+18 6.179674235025206272e+18 1.673275422263720755e+19 4.815005064941978419e+19 1.390478636406366044e+20 3.844718134268314911e+20 9.297734638529761772e+20 1.642689590084959207e+21 1.718108066302777623e+21 1.049015691121907466e+21 4.633876281675804180e+20 1.866844215785848832e+20 8.224077838306428518e+19 4.573617802915417293e+19 3.323497062219567104e+19 2.896356106926573978e+19 2.764417307079517389e+19 2.786704979432830566e+19 3.025914344109185843e+19 3.830042935563735040e+19 6.275905328955201946e+19 1.343705849446535332e+20 3.313800494380382290e+20 7.915417184638858691e+20 1.493015060023269130e+21 1.829650978041520456e+21 1.503646299990198583e+21 1.104385978121972482e+21 8.960946466822064701e+20 8.116622071140842209e+20 7.782650170475148739e+20 7.632112542551350968e+20 7.544714117836106629e+20 7.478839726782759567e+20 7.420381630854298337e+20 7.364589869483320934e+20 7.309869281155410821e+20 7.255685044535512269e+20 7.201858330644659569e+20
6.129710147938575974e+19 6.187355405297791795e+19 6.245533285192551629e+19 6.304248824631612211e+19 6.363507702956385075e+19 6.423317446095694234e+19 6.483691031799681843e+19 6.544657683675967488e+19 6.606295189333203354e+19 6.668826663547813069e+19 6.732910261594836173e+19 6.800506561629857382e+19 6.877475166205451469e+19 6.981345410300652749e+19 7.164549124978031821e+19 7.583683260906840064e+19 8.704229430331385446e+19 1.188999619901559603e+20 2.096557473002804675e+20 4.528515726004421263e+20 9.880304210103430021e+20 1.669659939724094079e+21 1.700672753966686142e+21 1.013752467772415934e+21 4.306536586104072438e+20 1.579353352880807936e+20 5.553420478567875379e+19 1.996502355323284685e+19 7.942121047686168576e+18 3.925326265067713024e+18 2.604604219544121856e+18 2.206610640359841280e+18 2.178918012995103744e+18 2.460351756345049088e+18 3.399847001013065728e+18 6.217733482015361024e+18 1.460694322971214029e+19 3.946295875140786586e+19 1.118260947380810875e+20 3.114504229463398810e+20 7.828443490089516401e+20 1.509375108071185711e+21 1.787096905572912726e+21 1.200692527409194598e+21 5.419764200127937249e+20 2.025483811863431741e+20 7.051523796350664704e+19 2.407861699494589235e+19 8.335239456343061504e+18 3.164552276112544768e+18 1.789916655742240256e+18 2.397253747495279616e+18 5.792138306181053440e+18 1.644531019052610560e+19 4.814487507199177523e+19 1.398245844599419863e+20 3.871565200627922371e+20 9.354479598211602842e+20 1.647391539160363303e+21 1.712527895167711052e+21 1.034336342484224049e+21 4.457231359130181960e+20 1.684622718438559908e+20 6.402275060699870822e+19 2.764668844719299379e+19 1.530445156298460570e+19 1.119994921617566925e+19 1.005044394913163878e+19 1.044829725409510810e+19 1.303175948737157734e+19 2.131663785644752896e+19 4.618387045404342682e+19 1.187481923009284506e+20 3.186557895906356101e+20 7.883450645893105582e+20 1.507240657056867549e+21 1.804463594508071207e+21 1.316977103927957520e+21 7.616995855075070444e+20 4.753794180402043290e+20 3.625079676926947492e+20 3.210620950128125542e+20 3.052285527082692772e+20 2.981768474583519724e+20 2.940995553533260268e+20 2.910335320213731082e+20 2.883196244241024614e+20 2.857369651135636767e+20 2.832115496198906839e+20 2.807185344323487662e+20
1.774807375632946299e+20 1.790929240469634744e+20 1.807189469621333197e+20 1.823589127057387356e+20 1.840129338381488947e+20 1.856811403912730706e+20 1.873637137110439363e+20 1.890609877249164247e+20 1.907737519481562399e+20 1.925041580920766792e+20 1.942584326020225434e+20 1.960549920830224794e+20 1.979487203544027955e+20 2.001035686825544581e+20 2.030094567755617403e+20 2.081284303603407585e+20 2.198030654576697999e+20 2.507469048544276644e+20 3.365844533526714778e+20 5.643519344566650798e+20 1.063324853158016057e+21 1.693039814056848392e+21 1.695018182165064319e+21 1.008491553255060931e+21 4.303653363292314010e+20 1.601455567542187459e+20 5.869928494399732941e+19 2.348306850545260544e+19 1.160277662143661670e+19 7.657542350156019712e+18 6.384815901403810816e+18 6.027307413536143360e+18 6.038245128400643072e+18 6.359187438476765184e+18 7.342491568753345536e+18 1.021708230592376627e+19 1.870069713256665498e+19 4.375987320543273779e+19 1.166228412658109153e+20 3.174136697215924306e+20 7.905589469838666629e+20 1.515779698227050971e+21 1.785232739605192376e+21 1.194400345270095708e+21 5.378971034515248906e+20 2.008039064648665661e+20 6.984819895993783091e+19 2.381285324301672858e+19 8.210280532358874112e+18 3.089945704239779840e+18 1.737091237802401792e+18 2.362942056514246144e+18 5.794126441950576640e+18 1.654544653439889203e+19 4.852560075435559322e+19 1.409831807407725773e+20 3.901908375486602281e+20 9.412778605200377119e+20 1.651887300484999414e+21 1.708222682278691602e+21 1.025381826281692725e+21 4.375287052882545869e+20 1.614380041043299860e+20 5.758259182962515968e+19 2.146129760482998272e+19 9.245543017967097856e+18 5.222564398736987136e+18 4.140570911879800320e+18 4.605885739598118400e+18 7.271514008701586432e+18 1.568823566122510131e+19 4.083816902050547302e+19 1.141332116011891753e+20 3.160503353153706394e+20 7.907485178579687834e+20 1.515449301593010209e+21 1.791149083031427613e+21 1.234259684648383939e+21 6.148068676539797996e+20 2.970031777979492598e+20 1.730106850971061780e+20 1.287568951435428659e+20 1.130612686739212370e+20 1.071381274926834811e+20 1.045120724244793917e+20 1.029965495784289567e+20 1.018582318189153649e+20 1.008517055773560013e+20 9.989487243490297446e+19 9.896024343141860966e+19
4.819843520886399304e+20 4.859296915353749422e+20 4.899013671746289009e+20 4.938994504269410468e+20 4.979240154377492234e+20 5.019751482874732872e+20 5.060529745874284052e+20 5.101577419802247168e+20 5.142900665906107515e+20 5.184516690316956795e+20 5.226475721549843005e+20 5.268926630327595827e+20 5.312312827382803988e+20 5.357956883130949304e+20 5.409803516325688771e+20 5.479601313374661509e+20 5.602176271883240735e+20 5.879297189316423844e+20 6.595733022133489500e+20 8.447052568251179991e+20 1.246539070191491875e+21 1.744693523337867952e+21 1.684737581808285385e+21 1.004681168438168781e+21 4.361168322928949985e+20 1.693749342756531405e+20 6.908176118660296704e+19 3.430488977925723341e+19 2.263926074802791219e+19 1.883606788439085466e+19 1.768202327665429914e+19 1.743614734982939648e+19 1.755720844327860019e+19 1.798893392440722227e+19 1.908532832176683418e+19 2.207852519773630054e+19 3.069486202669072794e+19 5.592379793717846016e+19 1.290436421166620017e+20 3.301954695145065021e+20 8.031028198251934515e+20 1.523929181159396475e+21 1.783307636866473263e+21 1.188149674571539677e+21 5.340850388084154040e+20 1.993762033975462461e+20 6.950435149322076160e+19 2.387135250961156506e+19 8.410388586296676352e+18 3.341331384120180736e+18 2.011257490595199488e+18 2.656637723039501312e+18 6.125064666567164928e+18 1.697515079023898214e+19 4.923529250634370253e+19 1.424650982743228744e+20 3.935190770901995356e+20 9.472747902834224660e+20 1.656311814483275153e+21 1.704316904870758318e+21 1.018377585861188518e+21 4.325506322493729669e+20 1.582011179893374321e+20 5.511873558041970278e+19 1.929202549201238426e+19 7.190678968124023808e+18 3.219911588242255360e+18 2.170626673538990336e+18 2.667030854255097344e+18 5.378180006138010624e+18 1.389003257437964902e+19 3.928341832564918682e+19 1.132435189085777428e+20 3.168923807961302958e+20 7.951006091246419313e+20 1.521791955195726397e+21 1.784831007019644748e+21 1.200209019424417776e+21 5.590351055425516995e+20 2.313745827095861002e+20 1.040927583714790277e+20 5.912880492402027725e+19 4.362229911845615206e+19 3.818725890960387277e+19 3.614489498965949645e+19 3.524096397570492826e+19 3.471976288761073254e+19 3.432851582025411379e+19 3.398272323473729126e+19 3.365413289421066650e+19
1.104889740886902964e+21 1.111463766969136316e+21 1.118045788823503766e+21 1.124635302182773850e+21 1.131231798286708376e+21 1.137834769033754313e+21 1.144443722249006350e+21 1.151058226991365226e+21 1.157678048061799793e+21 1.164303545381042782e+21 1.170936859795570950e+21 1.177585433601408369e+21 1.184272460791207428e+21 1.191067895408833069e+21 1.198180368133927207e+21 1.206228870918193283e+21 1.217039022214936003e+21 1.235917651083055858e+21 1.277643067241587016e+21 1.378154888731102806e+21 1.589506642700599820e+21 1.829047494866797068e+21 1.656396856593724473e+21 1.004438883645272621e+21 4.592355547833865339e+20 1.991139375794425364e+20 1.006654855732597064e+20 6.661873337452864307e+19 5.539033051518464819e+19 5.193806935139187098e+19 5.110904963135273370e+19 5.118136445007093760e+19 5.161965353995541709e+19 5.236834996175326413e+19 5.377785840655330509e+19 5.706739647519087002e+19 6.592334840910547354e+19 9.121401277326604698e+19 1.638561624265524183e+20 3.629608127447841505e+20 8.297457751255361782e+20 1.537206396286301635e+21 1.781294536999450444e+21 1.181912758473514025e+21 5.308127381349345526e+20 1.986042307011429335e+20 6.983297247944715469e+19 2.460763619779656090e+19 9.293386209293715456e+18 4.281113867029390336e+18 2.979488092419621888e+18 3.649957687899132416e+18 7.160559967243692032e+18 1.811225647184032973e+19 5.064875991261869670e+19 1.446275532917905490e+20 3.974472502856155136e+20 9.536502499875908485e+20 1.660766778675381404e+21 1.700504313007992209e+21 1.012043021668165353e+21 4.286800691238574490e+20 1.562560323223507763e+20 5.400517535257518080e+19 1.848451651183436595e+19 6.492950585328463872e+18 2.564465025792220160e+18 1.536294010228826368e+18 2.051758292404430592e+18 4.796430692425840640e+18 1.339170186094910054e+19 3.901682048630267085e+19 1.136234553524207944e+20 3.189171289117280174e+20 8.001298469654624993e+20 1.527511037805212729e+21 1.781258317754712982e+21 1.184372905490879349e+21 5.372538470074841170e+20 2.077575029858330870e+20 8.005970055663653683e+19 3.511985575589857690e+19 1.977465815880872755e+19 1.454343941942340198e+19 1.271720409636669440e+19 1.203198612480911360e+19 1.172895045715273933e+19 1.155431976092279194e+19 1.142328276002774016e+19 1.130749868171086848e+19
1.751016519765495644e+21 1.754009340640116081e+21 1.756930094648801100e+21 1.759778276348470231e+21 1.762553392094890426e+21 1.765254961128528151e+21 1.767882518393110135e+21 1.770435622409160884e+21 1.772913877876149846e+21 1.775317001157350261e+21 1.777645010546279055e+21 1.779898779424272155e+21 1.782081644065015464e+21 1.784204073211286520e+21 1.786297206380988727e+21 1.788451932116202815e+21 1.790930284703312773e+21 1.794471088849280303e+21 1.801026906898462671e+21 1.814694835600014180e+21 1.836193302120137753e+21 1.814582998816154190e+21 1.557790596665089458e+21 1.009014394394383352e+21 5.286229572522162913e+20 2.861225186726293668e+20 1.923037373912635802e+20 1.600810341464196055e+20 1.499955525422184202e+20 1.474942573490195333e+20 1.475598161671161446e+20 1.485120359332960666e+20 1.498273714443576607e+20 1.514484587788206735e+20 1.537076537152281313e+20 1.577653392159223316e+20 1.671292850764490015e+20 1.921353380220776940e+20 2.621650969132832850e+20 4.523208011717695242e+20 8.962192732565715026e+20 1.564903509515870667e+21 1.779017977541661819e+21 1.175684542593581449e+21 5.290373749698128773e+20 1.996774521650701271e+20 7.206700351135020646e+19 2.727062576145645568e+19 1.212093320288307814e+19 7.183372392310074368e+18 5.928160474635377664e+18 6.641086385130441728e+18 1.020889775654686310e+19 2.126979431190755328e+19 5.406767732034218394e+19 1.487147694277152276e+20 4.030451346814276731e+20 9.610907015691882988e+20 1.665454408154583138e+21 1.696667031565839630e+21 1.005954441830222397e+21 4.252354849751949640e+20 1.547965330527425659e+20 5.339326016430931149e+19 1.818118094681997312e+19 6.297667208862728192e+18 2.408389793416802304e+18 1.397858575727161344e+18 1.928834703195345664e+18 4.703564273286299648e+18 1.337903798708785152e+19 3.923306192452455629e+19 1.144819086480240640e+20 3.213928254676143964e+20 8.054284298321504502e+20 1.533011955536927654e+21 1.778629447595799085e+21 1.174887577315721347e+21 5.272833731300287447e+20 1.987056836769883095e+20 7.157107463991215718e+19 2.689999905657033933e+19 1.169965563532585984e+19 6.568117619361153024e+18 4.825520959444876288e+18 4.218022830512317952e+18 3.990239045371427328e+18 3.889563680411668480e+18 3.831585049092206080e+18 3.788101403199253504e+18
1.589645054805692121e+21 1.584332114080284017e+21 1.578974271151635694e+21 1.573572313376256688e+21 1.568127030145600979e+21 1.562639212498082333e+21 1.557109652404180353e+21 1.551539141078552412e+21 1.545928464398273741e+21 1.540278389730472624e+21 1.534589627272860795e+21 1.528862715830651322e+21 1.523097684682209231e+21 1.517293052238692614e+21 1.511442860599115514e+21 1.505527889000937292e+21 1.499489557403996258e+21 1.493151799755300405e+21 1.485981667659598529e+21 1.476311507381576532e+21 1.458532734092234195e+21 1.412562829532881224e+21 1.279507501450948248e+21 1.002003444869404819e+21 6.968476002044868035e+20 5.128474257132872008e+20 4.363846663651761193e+20 4.106520253078166569e+20 4.040150264825439846e+20 4.040253342883819028e+20 4.063026566178768159e+20 4.093717551139915039e+20 4.127718115091322634e+20 4.164493696707539108e+20 4.206860784164664771e+20 4.264684111048892088e+20 4.367750730271782994e+20 4.603704316380767191e+20 5.221382489181637837e+20 6.856445602645761065e+20 1.063926318608677077e+21 1.628784637160300478e+21 1.775245007036186624e+21 1.169440691381945238e+21 5.316361163611769405e+20 2.061871570771246121e+20 7.993738413658041549e+19 3.564211092356971315e+19 2.071334615436488704e+19 1.590506227163428045e+19 1.475018260969586893e+19 1.555729753308080128e+19 1.922655244442191462e+19 3.041733038667548262e+19 6.342626747201006797e+19 1.584866052972076728e+20 4.135425113598869504e+20 9.716467805902979727e+20 1.670934943607756947e+21 1.692723913688997954e+21 9.999944875091592479e+20 4.220693792387574661e+20 1.536454838662430720e+20 5.309421779617968947e+19 1.819141560274105958e+19 6.416158649247507456e+18 2.566242199731913216e+18 1.573515216383550464e+18 2.120184245551184640e+18 4.925149318480930816e+18 1.368092014283123712e+19 3.976349068406185984e+19 1.156516519127626056e+20 3.241613859476098253e+20 8.109212156210323128e+20 1.538450129454293844e+21 1.776285361386501439e+21 1.167566747610337378e+21 5.213332370894368932e+20 1.945924025698130985e+20 6.834346648743955661e+19 2.402009415073350451e+19 8.957358297024004096e+18 3.889382341143585280e+18 2.184998229088119296e+18 1.607023447647325440e+18 1.405691591550587392e+18 1.330282808126678016e+18 1.297018581861615872e+18 1.277910588364050944e+18
8.650326991810438103e+20 8.590900541961071493e+20 8.531698734279302840e+20 8.472723816361320776e+20 8.413977975520266813e+20 8.355463340718522368e+20 8.297181987376389161e+20 8.239135950920667628e+20 8.181327266870405366e+20 8.123758091526263276e+20 8.066431067437200835e+20 8.009350431952420209e+20 7.952525380903150551e+20 7.895980273677344440e+20 7.839785583395163341e+20 7.784151702715477524e+20 7.729712862403998515e+20 7.678383404239068856e+20 7.635914468540046377e+20 7.619305526289782538e+20 7.676413447012774052e+20 7.923432423742583603e+20 8.530866074533030789e+20 9.374548133653875261e+20 9.788941170155658936e+20 9.705882101167812772e+20 9.589414097342669783e+20 9.566378815261856236e+20 9.597346511628274237e+20 9.649366829262315192e+20 9.708778000719481405e+20 9.770851210445996687e+20 9.834220995883468063e+20 9.899065283699546522e+20 9.967301829706350592e+20 1.004507812292587028e+21 1.015072678829469860e+21 1.033792351803412185e+21 1.075852938242062418e+21 1.179972848498379981e+21 1.414755684325171921e+21 1.754330274826833887e+21 1.761612367774267736e+21 1.162672875131287765e+21 5.468541372599948411e+20 2.286314382223177482e+20 1.044172659842048000e+20 6.086631076818376294e+19 4.633423700112492134e+19 4.181830232917227930e+19 4.092229999839600640e+19 4.197459279114016358e+19 4.587321319787609293e+19 5.725039682670026752e+19 9.031238872718920909e+19 1.850115712790748856e+20 4.384355290110651924e+20 9.913220741325676872e+20 1.678816024200853324e+21 1.688519793540393075e+21 9.942005707991036723e+20 4.193748515548273705e+20 1.530208825047840522e+20 5.332931002705494016e+19 1.873916059189730918e+19 7.075830212229853184e+18 3.269274024919131136e+18 2.298479996611648512e+18 2.864933203477969920e+18 5.703891501417579520e+18 1.454255989299291546e+19 4.085262545039826125e+19 1.173676775034180895e+20 3.274283608051169362e+20 8.167632341192305541e+20 1.543940913874763514e+21 1.773994985560190484e+21 1.160980106216802615e+21 5.167598491476605010e+20 1.921565015317999452e+20 6.689542776545610138e+19 2.294376070240672973e+19 8.015356979904846848e+18 2.998585653812945408e+18 1.317144245184858368e+18 7.525663120780107520e+17 5.613836922676434560e+17 4.949867476731157120e+17 4.703032582106681600e+17 4.595815184455137280e+17
3.506119578358069985e+20 3.476247257518650163e+20 3.446599430202873610e+20 3.417174950531346596e+20 3.387972669592776212e+20 3.358991438476386632e+20 3.330230116865022362e+20 3.301687598318550385e+20 3.273362885633243873e+20 3.245255316423730135e+20 3.217365239339194122e+20 3.189696041995035607e+20 3.162260233374296965e+20 3.135097686986860790e+20 3.108330355078028329e+20 3.082326338610844140e+20 3.058191657048395612e+20 3.039242318921756180e+20 3.035393937687335404e+20 3.076102049690484081e+20 3.247208528636555428e+20 3.785011015362075034e+20 5.236816739137083146e+20 8.310750514203286569e+20 1.238932177986565702e+21 1.515172793750127116e+21 1.617965576937461776e+21 1.649266684753156768e+21 1.661181229169104388e+21 1.667885079845516083e+21 1.673014439749018452e+21 1.677609798955002757e+21 1.681999744323420160e+21 1.686306118390032892e+21 1.690615574593352499e+21 1.695094249787211383e+21 1.700198831769466438e+21 1.707236464400493969e+21 1.719829474687729533e+21 1.746858506255614870e+21 1.801470975283165659e+21 1.853766882851933651e+21 1.692624313143016030e+21 1.150593942656162595e+21 5.960588615423527485e+20 2.960688831077532303e+20 1.764564257841358111e+20 1.345583911012660838e+20 1.209886887588712776e+20 1.172430157825662157e+20 1.170529403419377828e+20 1.187691107865346048e+20 1.232462500097947566e+20 1.349504910874947748e+20 1.675831358039292314e+20 2.596525199511550689e+20 5.046026148388534354e+20 1.037059727414285828e+21 1.693555850007024763e+21 1.683593921658559136e+21 9.888178842994012324e+20 4.179417736719940977e+20 1.538242561695755469e+20 5.502249823473839309e+19 2.075912145811320013e+19 9.220975162297267200e+18 5.471332949289357312e+18 4.536130337179664384e+18 5.135713515874770944e+18 8.020651747058247680e+18 1.694978213445493350e+19 4.348137498192874701e+19 1.205774065775017001e+20 3.320331365900065178e+20 8.235411075447049421e+20 1.549710486870343025e+21 1.771676678587930116e+21 1.154645911962887520e+21 5.126931632214035005e+20 1.903263208771130491e+20 6.608291416542330061e+19 2.250914642808459264e+19 7.713530448738623488e+18 2.743912860216833536e+18 1.080576600276069760e+18 5.243373505546682240e+17 3.382114543293260160e+17 2.757605917673913280e+17 2.546386786682155200e+17 2.473368624879147520e+17
1.254545258650432307e+20 1.243070095860127826e+20 1.231696069348470948e+20 1.220422359879589888e+20 1.209248155053854065e+20 1.198172652343791780e+20 1.187195068197112873e+20 1.176314665329310925e+20 1.165530834503264174e+20 1.154843339536485908e+20 1.144253051300175217e+20 1.133764146592386417e+20 1.123390695327169413e+20 1.113176393507498230e+20 1.103253674412277105e+20 1.094020762035240141e+20 1.086671841465824215e+20 1.084783266071436001e+20 1.099047359968170803e+20 1.161293459588129915e+20 1.365079038123488543e+20 1.975154732774128681e+20 3.658967201901659423e+20 7.570257297608102380e+20 1.364860510160734388e+21 1.793534101497343377e+21 1.840532634415299035e+21 1.770921537343028986e+21 1.724264857900542591e+21 1.702591316971158503e+21 1.692070794823913439e+21 1.685649039867134083e+21 1.680622984194356937e+21 1.676035415461483512e+21 1.671552148250975535e+21 1.667045526381591265e+21 1.662430441072177971e+21 1.657549800622524203e+21 1.651948471511760503e+21 1.644139449215829410e+21 1.628691390333029188e+21 1.583932686795048485e+21 1.438659308858497303e+21 1.107544027890722144e+21 7.199750318235727954e+20 4.769495636499536282e+20 3.732121358222327808e+20 3.368963797757912023e+20 3.262204269820337848e+20 3.245664129778869862e+20 3.261908366444378849e+20 3.295572166248529920e+20 3.353964451130154025e+20 3.476509623408129475e+20 3.784260283941847695e+20 4.617186079389990912e+20 6.799730466175136563e+20 1.151625359342433468e+21 1.726043258784752599e+21 1.676384880440113889e+21 9.846107790596609147e+20 4.201873795141613650e+20 1.588229950510480097e+20 6.101480627180234342e+19 2.712616818030676787e+19 1.575503665612446310e+19 1.210370723294561485e+19 1.124531331295382938e+19 1.191803276353140531e+19 1.488448919819498291e+19 2.392535973008884531e+19 5.065643156865800602e+19 1.281849239272193884e+20 3.405485660155757199e+20 8.330365478209302036e+20 1.556386426329564709e+21 1.769294646182848233e+21 1.148408115397732860e+21 5.089005830141086269e+20 1.888148480738353480e+20 6.559736111938257715e+19 2.240275715419422720e+19 7.739747663986867200e+18 2.816756682502114816e+18 1.170918837381611008e+18 6.224074254302859520e+17 4.407464290089958400e+17 3.816761341752929920e+17 3.635788891590634240e+17 3.591893981859368960e+17
4.290273725903247770e+19 4.250111994943588762e+19 4.210322187905431142e+19 4.170900957012452147e+19 4.131844998760901018e+19 4.093151084693703066e+19 4.054816154035737395e+19 4.016837591571689472e+19 3.979214060401166746e+19 3.941947996601878938e+19 3.905053081842620826e+19 3.868576625862674022e+19 3.832666607277992346e+19 3.797772473783100211e+19 3.765246560677376000e+19 3.739145261426469274e+19 3.731622022267197030e+19 3.779063410033660723e+19 3.990266664646633062e+19 4.689370787023483699e+19 6.831805978318766080e+19 1.314457147576739922e+20 3.068065161776209592e+20 7.262904766939568538e+20 1.408501681115386610e+21 1.833706386371697443e+21 1.633789542282998579e+21 1.300301335489715634e+21 1.115208382430191026e+21 1.037951175901122527e+21 1.006393659907577086e+21 9.914185571243832115e+20 9.821708883428988682e+20 9.748771439843964355e+20 9.682578282059945738e+20 9.618907711701292155e+20 9.556625738980385096e+20 9.496222780950168207e+20 9.440499894386339348e+20 9.398183217270692250e+20 9.393563281188466196e+20 9.480879422963886326e+20 9.703756188041525330e+20 9.826254135480464179e+20 9.366792929570114765e+20 8.646678029366700278e+20 8.218332084607879741e+20 8.070963009966938522e+20 8.054652727973973852e+20 8.087586957791854592e+20 8.139042872922874839e+20 8.201220503668479754e+20 8.280123371000074076e+20 8.403262257261034865e+20 8.653985068534979625e+20 9.265581330805355971e+20 1.080347666236918333e+21 1.407696824667425473e+21 1.792047337257994289e+21 1.660862602927446163e+21 9.836467144788274053e+20 4.331712651987946701e+20 1.761846408750131773e+20 7.972017636983085466e+19 4.636355647904447693e+19 3.528802041511623066e+19 3.185858116235966464e+19 3.119869473636578099e+19 3.206205303777984922e+19 3.521367786816429670e+19 4.442632751983983002e+19 7.128486529684227686e+19 1.487897498450242765e+20 3.605858330711417815e+20 8.505014668811915756e+20 1.565784964873169142e+21 1.766806416531914490e+21 1.142234206198960095e+21 5.054819243292246671e+20 1.877409783001517261e+20 6.555767384696966349e+19 2.274464312595906150e+19 8.216754067438454784e+18 3.343223925601412608e+18 1.717884045025328128e+18 1.180186651546290176e+18 1.006134015252092160e+18 9.536349909111955200e+17 9.417971331895174400e+17 9.435978072413758720e+17
1.447416466115035136e+19 1.433824752230031155e+19 1.420361553488689766e+19 1.407025685644647424e+19 1.393815991158349005e+19 1.380731370395730944e+19 1.367770875318520627e+19 1.354933990282370458e+19 1.342221473252402586e+19 1.329637875592912077e+19 1.317199089453628826e+19 1.304954953614581760e+19 1.293056961798115738e+19 1.281961058154612531e+19 1.273035021937110221e+19 1.270377484741620941e+19 1.286264374459120230e+19 1.357445604872438374e+19 1.593810090878030438e+19 2.322837622908762522e+19 4.510638954301296640e+19 1.092183359765067203e+20 2.876108274264493261e+20 7.180241383073752023e+20 1.425456795934106321e+21 1.820790765521743380e+21 1.431334513042332582e+21 8.936014838376373944e+20 6.009460973836067144e+20 4.829784288816271852e+20 4.389229478627793961e+20 4.216104183674639483e+20 4.134992258465849672e+20 4.085144718243715482e+20 4.046080022918207242e+20 4.011172383047221248e+20 3.978967855163387412e+20 3.951278169380545495e+20 3.935585888572844933e+20 3.954826640985421251e+20 4.076195736703054643e+20 4.485623483259708375e+20 5.619880004514703606e+20 8.075976179289734513e+20 1.144916398942087283e+21 1.385258810576345760e+21 1.480917220426237346e+21 1.512723502094337180e+21 1.526073370900051526e+21 1.534197438778342113e+21 1.540741709475495805e+21 1.546901402234057654e+21 1.553361825622499787e+21 1.561229375879503938e+21 1.573402967783999275e+21 1.597772312457936896e+21 1.653009507021185876e+21 1.762489773711403516e+21 1.854858937190867796e+21 1.611804737969341596e+21 9.900063594183040696e+20 4.762376585587897795e+20 2.290824944879499346e+20 1.352643709939184599e+20 1.029896873693337682e+20 9.260841450283363533e+19 8.976159207446580429e+19 8.964726682592082330e+19 9.103297102898344755e+19 9.465947916779583898e+19 1.042047678281308570e+20 1.309632871968885309e+20 2.070901011940317266e+20 4.139828825674302751e+20 8.909665601633394360e+20 1.583046215934152016e+21 1.764073155497151431e+21 1.136175793217910473e+21 5.030029503916308562e+20 1.877871090092940984e+20 6.666757545924810342e+19 2.424720411882985472e+19 9.864528603136714752e+18 5.050936855768546304e+18 3.456847680061714432e+18 2.940889506060908544e+18 2.785501586793110016e+18 2.750747341425053696e+18 2.756455425254519808e+18 2.775845158272934912e+18
4.948976016304386048e+18 4.904336552960833536e+18 4.860140208021972992e+18 4.816383084783496192e+18 4.773061484286622720e+18 4.730172220540773376e+18 4.687713566780203008e+18 4.645688089238664192e+18 4.604111135896750080e+18 4.563036262668566528e+18 4.522631388823503360e+18 4.483406895895438848e+18 4.446898818421090816e+18 4.417715087074139136e+18 4.409664134984578048e+18 4.464109050123407872e+18 4.704923127911026688e+18 5.502928229477419008e+18 7.966958722933563392e+18 1.540166168249221939e+19 3.755818869056754483e+19 1.023571500906479780e+20 2.826839369648926228e+20 7.184868534461502587e+20 1.434781195018329653e+21 1.810714312946382275e+21 1.332805671857013391e+21 7.021169931435299308e+20 3.609507975557928714e+20 2.251469882555906130e+20 1.761849732178196890e+20 1.586013300864764805e+20 1.517880329162468884e+20 1.486175514159101706e+20 1.466900583846144573e+20 1.452293759313701437e+20 1.440622322101363999e+20 1.433895029294980137e+20 1.440520372704514048e+20 1.486343952443242250e+20 1.647763439255635886e+20 2.142554456792999854e+20 3.531946743000203264e+20 6.866101486357033779e+20 1.245688193994947822e+21 1.716283494150183059e+21 1.845557510054138872e+21 1.824101516671501992e+21 1.797383955199576506e+21 1.783865311775979471e+21 1.777303382129208197e+21 1.773398403059460866e+21 1.770387137915892007e+21 1.767612472484159816e+21 1.764776916792664392e+21 1.761499747161174966e+21 1.756317260226783347e+21 1.741425818537270182e+21 1.677491652447122489e+21 1.447604483728256270e+21 1.003296651592868692e+21 5.934602030147082650e+20 3.763730464606921032e+20 2.908957368866055782e+20 2.618990791544678318e+20 2.534835266425150833e+20 2.522108629347601940e+20 2.535347657853086269e+20 2.562709894522453361e+20 2.610764203251411845e+20 2.713014501629706895e+20 2.972435137174442476e+20 3.681990449517190840e+20 5.582669547071670845e+20 9.939806811176954757e+20 1.621499710864922509e+21 1.760458258254939292e+21 1.130431367955041616e+21 5.032367514904750981e+20 1.910962314491403960e+20 7.114236753556863386e+19 2.915400745910694298e+19 1.494927868508882534e+19 1.022812702460556698e+19 8.698126681941442560e+18 8.237090879137115136e+18 8.133880080301271040e+18 8.150706754176653312e+18 8.208120595218677760e+18 8.279584864318572544e+18
1.962798167889343232e+18 1.950817665303558912e+18 1.939013865940750848e+18 1.927385782134736896e+18 1.915932601683991552e+18 1.904654006808706304e+18 1.893551128365109248e+18 1.882629405284775680e+18 1.871907148427837184e+18 1.861441191276665344e+18 1.851403717891217408e+18 1.842312374385103872e+18 1.835719486804661760e+18 1.836276351969649920e+18 1.857915886994167296e+18 1.942368599929292544e+18 2.214602547432364288e+18 3.048710696916517888e+18 5.563299667219910656e+18 1.309211122487272243e+19 3.547194340769888666e+19 1.008667507554142290e+20 2.827775016415142216e+20 7.221145754819163587e+20 1.441803840357594825e+21 1.805891619927915495e+21 1.291813078407847084e+21 6.275981685633659699e+20 2.698513899049502310e+20 1.281844523317411512e+20 7.775867195896897536e+19 6.027060568622428979e+19 5.407595577249474970e+19 5.169353219527680819e+19 5.060565926944156877e+19 4.999779672061050880e+19 4.968601761372551578e+19 4.987365806648248730e+19 5.142030419992149197e+19 5.697216296687509504e+19 7.437467918581392998e+19 1.261969850972780462e+20 2.722189103997652500e+20 6.340692138923344527e+20 1.278901514490185777e+21 1.804059238605875053e+21 1.742650095211233411e+21 1.460685080795005583e+21 1.284758888659072319e+21 1.208367941513146008e+21 1.176598462223716712e+21 1.161320352464540140e+21 1.151775717573150769e+21 1.144195462466480767e+21 1.137317346160420061e+21 1.130791308838338691e+21 1.124703510607697936e+21 1.119331545563368391e+21 1.112696456743571161e+21 1.086414852023349674e+21 9.916887616640538378e+20 8.383580136319212585e+20 7.229113509077239726e+20 6.708714603186870026e+20 6.542228190562922004e+20 6.516838969658585907e+20 6.541888171203406070e+20 6.585552066606783529e+20 6.639640308392760443e+20 6.709368281481847767e+20 6.820065615448976916e+20 7.049162296276304527e+20 7.616464013323223695e+20 9.077616431003306557e+20 1.238167716896489079e+21 1.706450174103446094e+21 1.752472466776553685e+21 1.125468256830105584e+21 5.113951836047454372e+20 2.040278012544323748e+20 8.557775027419303117e+19 4.415178375797587149e+19 3.022667078140406989e+19 2.569568200689997005e+19 2.432735588294867763e+19 2.401945088710019482e+19 2.406745187322041549e+19 2.423578834783279104e+19 2.444575907419884749e+19 2.467108635425373798e+19
1.580366642863324672e+18 1.585199702052872448e+18 1.590176246738915840e+18 1.595296805628111616e+18 1.600562081576215040e+18 1.605973272918934016e+18 1.611533036692520960e+18 1.617248371875366656e+18 1.623139257063678208e+18 1.629264519888864512e+18 1.635799320552153088e+18 1.643267225303742720e+18 1.653235297436087296e+18 1.670395970538292992e+18 1.708802329575822080e+18 1.810541613243936000e+18 2.101646495222350848e+18 2.959390992700882432e+18 5.511874104997902336e+18 1.312100457112014438e+19 3.570570583069205299e+19 1.016566933810596086e+20 2.849975944387310715e+20 7.271372772690378097e+20 1.448192031615235654e+21 1.803444906609164157e+21 1.273443713301401043e+21 5.988735589485960233e+20 2.370079982246173409e+20 9.409631892136142438e+19 4.346714018446893056e+19 2.612615321534827725e+19 2.019276134828944998e+19 1.810728229518576230e+19 1.732630622793130598e+19 1.702717225136691610e+19 1.702424633245582746e+19 1.752313885602761933e+19 1.939269288743948288e+19 2.530825171973908890e+19 4.320895905851079066e+19 9.599768970982708019e+19 2.448431044539858944e+20 6.172641591013429740e+20 1.292082541408667566e+21 1.811992494848949617e+21 1.565550946704983065e+21 1.040356687165489545e+21 7.241252178100365558e+20 5.918751831610834289e+20 5.417349557565998367e+20 5.218492364966899220e+20 5.124844182682829455e+20 5.068373028252199158e+20 5.028746813405691249e+20 5.007438943038931599e+20 5.029548547395500769e+20 5.173994632916497859e+20 5.650859867043675505e+20 6.884416980419055452e+20 9.160473485699267953e+20 1.154176608933011259e+21 1.280412397106327716e+21 1.324062618037612708e+21 1.340682579449413894e+21 1.350180263195664974e+21 1.357655391704882086e+21 1.364539028839272284e+21 1.371394405284994613e+21 1.378762275061562868e+21 1.387864996615447904e+21 1.402133931715684467e+21 1.431154813545765667e+21 1.498930166487834165e+21 1.645104355845134352e+21 1.832185090966392930e+21 1.720461155180385927e+21 1.121337782582996238e+21 5.419116818857250652e+20 2.447979792855263805e+20 1.290571164425092301e+20 8.864768651178119987e+19 7.532044449061190042e+19 7.126836403878082150e+19 7.034381015919162163e+19 7.047070694499326362e+19 7.095311446112153600e+19 7.155833638691971891e+19 7.220865540627888538e+19 7.287814606379633869e+19
3.295577690994291200e+18 3.323620767814901760e+18 3.351963907290754560e+18 3.380609740558641664e+18 3.409561088215114752e+18 3.438821284529343488e+18 3.468395147881590784e+18 3.498291886951493632e+18 3.528533804737790464e+18 3.559182367432422400e+18 3.590416283185978880e+18 3.622765355605381632e+18 3.657810897221236736e+18 3.700283517310497280e+18 3.764345988119148544e+18 3.892409002983153152e+18 4.211467531526704640e+18 5.101665141722313728e+18 7.699647014755308544e+18 1.539260785509976064e+19 3.817274277250803302e+19 1.046296901944391926e+20 2.892192375655617004e+20 7.335749597759847793e+20 1.454731551662913618e+21 1.801857781710007566e+21 1.263086232437760459e+21 5.863435444424308163e+20 2.247266458156118835e+20 8.217563225875723059e+19 3.177154454820593254e+19 1.458350178823062323e+19 8.774651856855165952e+18 6.803031122799525888e+18 6.131700817355234304e+18 5.940525041731206144e+18 6.045555042806771712e+18 6.655417317512078336e+18 8.647290684296840192e+18 1.472134109039027405e+19 3.289198048914710118e+19 8.629582922317881344e+19 2.368549500110514422e+20 6.143994445112933089e+20 1.300308195827629687e+21 1.810174891055601680e+21 1.469998993302878421e+21 8.244007500168708751e+20 4.388134274491049574e+20 2.796176859133681336e+20 2.214323466453100462e+20 2.004162845999295693e+20 1.922926337277466378e+20 1.887035015736698143e+20 1.871517315935190712e+20 1.878060689634097562e+20 1.937162882654119199e+20 2.146391983333834097e+20 2.780338543781885379e+20 4.501084976054609510e+20 8.289822142882253373e+20 1.363457892626474992e+21 1.722559624376174248e+21 1.816867627427080176e+21 1.820577440398609220e+21 1.815307334021140709e+21 1.812501448383244009e+21 1.811358578762958504e+21 1.810865591708299559e+21 1.810597865578353394e+21 1.810464189633593082e+21 1.810617286754602582e+21 1.811560448253343826e+21 1.814115574282757341e+21 1.815785401844228162e+21 1.783614807571100336e+21 1.583388991167121850e+21 1.110200158400118915e+21 6.286624964942624195e+20 3.609997682460165407e+20 2.529769178634296033e+20 2.153961544786213274e+20 2.037061689288722350e+20 2.009545499956693565e+20 2.012297069780249477e+20 2.025291398351379169e+20 2.041811191562290463e+20 2.059610979810349548e+20 2.077941456311876321e+20 2.096553164147740836e+20
9.374033467260209152e+18 9.462251254947043328e+18 9.551318625988761600e+18 9.641243593456906240e+18 9.732034408741797888e+18 9.823699887939753984e+18 9.916250388016994304e+18 1.000970072861092250e+19 1.010407894202043392e+19 1.019945247773374669e+19 1.029600668357469389e+19 1.039427985585708646e+19 1.049586720888778342e+19 1.060552923595107328e+19 1.073750600441638707e+19 1.093442630895788851e+19 1.132392136297300992e+19 1.228801107293428736e+19 1.496887947553219584e+19 2.276994249248619315e+19 4.572959188434303386e+19 1.125576153201791959e+20 2.979306603961966264e+20 7.432767824953602212e+20 1.462421566839186784e+21 1.800559100138639065e+21 1.255454885910400729e+21 5.794291756181799567e+20 2.195553506826442834e+20 7.790449515069723443e+19 2.786747046558890803e+19 1.083286041648585318e+19 5.101499526443386880e+18 3.181282897653601280e+18 2.552486407955023360e+18 2.401056412009417216e+18 2.545888632716802048e+18 3.198959421321502720e+18 5.245731244927883264e+18 1.141049703391745229e+19 2.977891070995654656e+19 8.369366382048973619e+19 2.356296750526800527e+20 6.165221464279756308e+20 1.307193565097416720e+21 1.809202760608044548e+21 1.429099677460979515e+21 7.378570669019107164e+20 3.271386586745072517e+20 1.584785650722227159e+20 9.765514051511597466e+19 7.647355012500257178e+19 6.902390720732139520e+19 6.638905154356369818e+19 6.589544666582316646e+19 6.768673031674221363e+19 7.490886531663801549e+19 9.770721918719836160e+19 1.651089394687410504e+20 3.506140827860708229e+20 7.818670140739678372e+20 1.443443234501169250e+21 1.840717046564197237e+21 1.738678019124485161e+21 1.539852348440957157e+21 1.429765795422351655e+21 1.382461998632122974e+21 1.361469957690162938e+21 1.349997378251273011e+21 1.341796508994921038e+21 1.334673461905493328e+21 1.327829999703375479e+21 1.320848033061781635e+21 1.313119512285743153e+21 1.302735470901603074e+21 1.281737108474218676e+21 1.218869317927977615e+21 1.053700792569538019e+21 8.175720190596313252e+20 6.459801943400273674e+20 5.679465050039828480e+20 5.410703979396073390e+20 5.344821410603113513e+20 5.350785099560511078e+20 5.381319380351537644e+20 5.420262831213832438e+20 5.462190077146582221e+20 5.505291155938470134e+20 5.548963674501990973e+20 5.593007434904863375e+20
2.776992423027162317e+19 2.803289885000608563e+19 2.829835113771511398e+19 2.856630407061326234e+19 2.883678099379548570e+19 2.910980594702322483e+19 2.938540463988473446e+19 2.966360736874586931e+19 2.994445774856056422e+19 3.022803885905092198e+19 3.051455153995764941e+19 3.080454885689334989e+19 3.109963824373069005e+19 3.140458415638416589e+19 3.173360457468018688e+19 3.212922474042101350e+19 3.271871841229115392e+19 3.388295764998064128e+19 3.676051667956608205e+19 4.474350129587195904e+19 6.783459968498071962e+19 1.346281200598665462e+20 3.194094937954961981e+20 7.622678717426916393e+20 1.473744700449628619e+21 1.799386581069409550e+21 1.248696967996119974e+21 5.746656989993886024e+20 2.171032115013940347e+20 7.654033203407154381e+19 2.691945971906115584e+19 1.004062427334471475e+19 4.373725896683414528e+18 2.486974201861044224e+18 1.881320998684017920e+18 1.749933644269169664e+18 1.914912611309180416e+18 2.591655673379509760e+18 4.673783274237969408e+18 1.090915492741456896e+19 2.945231032985690931e+19 8.383960313696813056e+19 2.370216340283659059e+20 6.206035562743501947e+20 1.313772030244422943e+21 1.809132869738430988e+21 1.410769254084403528e+21 7.042723217994013737e+20 2.864943689639131218e+20 1.154418861933062881e+20 5.406362210126714470e+19 3.296697052124135014e+19 2.581528302170996736e+19 2.354859647796492288e+19 2.345011747901564928e+19 2.566174022434139750e+19 3.336792386969255936e+19 5.685815242346300211e+19 1.257208215621770772e+20 3.159980630063828828e+20 7.657981961452726518e+20 1.470467261635957883e+21 1.827072047166074651e+21 1.477973831455168791e+21 1.033096435636345242e+21 7.978236086743454188e+20 7.027644676063524291e+20 6.659873420084083425e+20 6.502136087845316854e+20 6.417011327192066949e+20 6.357610585530257900e+20 6.310068292176284221e+20 6.275779404256845496e+20 6.273168416440296407e+20 6.359893788308461322e+20 6.688994296058591314e+20 7.565345367225431491e+20 9.168308160872902820e+20 1.075558430686832361e+21 1.147780658521769509e+21 1.166952024356908564e+21 1.174540843062362636e+21 1.181016135638675882e+21 1.187558972562337956e+21 1.194164653438287217e+21 1.200790184188970533e+21 1.207420165289468232e+21 1.214050423028592935e+21 1.220679799702990094e+21 1.227307734957533430e+21
8.184941610814965350e+19 8.261352897635567206e+19 8.338460531315286016e+19 8.416270536608828621e+19 8.494788999965786112e+19 8.574022101507391488e+19 8.653976210354672435e+19 8.734658169462682419e+19 8.816076148045956710e+19 8.898242192949344666e+19 8.981179866416054272e+19 9.064947110901379891e+19 9.149704698867399066e+19 9.235921147316694221e+19 9.324986141929875046e+19 9.421046712383723930e+19 9.536502218273900134e+19 9.708437497738955981e+19 1.004766673380394107e+20 1.088420431866921288e+20 1.319078326535825162e+20 1.974649800507194409e+20 3.776317181589428634e+20 8.079314862962937692e+20 1.495588270759684342e+21 1.798354460837914608e+21 1.242094386907146879e+21 5.713695899809393541e+20 2.165265797488018719e+20 7.714993616361236070e+19 2.797267126532849254e+19 1.125961726732342067e+19 5.662309006112360448e+18 3.812748016025393664e+18 3.233624657297089024e+18 3.125651119759413248e+18 3.314184008920481280e+18 4.017893783473440256e+18 6.138006108502253568e+18 1.244422174256517325e+19 3.115456994784186778e+19 8.598138565672597914e+19 2.402878409011590595e+20 6.261201951108737270e+20 1.320603456212531675e+21 1.809451080422473073e+21 1.400555685860927078e+21 6.896812662178730476e+20 2.712782149736508621e+20 1.003334629241404457e+20 3.912234254443321754e+19 1.818085335762580275e+19 1.117539479419406336e+19 9.051961804378483712e+18 9.099640432429292544e+18 1.147225649582459494e+19 1.938810917480957542e+19 4.324043778451367526e+19 1.129543907610098074e+20 3.057462768857071616e+20 7.634409809333690040e+20 1.482414672072799945e+21 1.807433855206427984e+21 1.321371062291507708e+21 7.395685828737230438e+20 4.346878754860269568e+20 3.141639709124358963e+20 2.702431275628965724e+20 2.538754540450370028e+20 2.470031077823547638e+20 2.434810961740566364e+20 2.415069267804943811e+20 2.412971057608281620e+20 2.453664348713082552e+20 2.617011357169679401e+20 3.128964878757466604e+20 4.545066399292055880e+20 7.753019851757202964e+20 1.255743448604411429e+21 1.620414923420503900e+21 1.748963892271349236e+21 1.775385797118056202e+21 1.780812571378032050e+21 1.783221017473413284e+21 1.785244494646657417e+21 1.787189205433940705e+21 1.789073342679726686e+21 1.790889140173153239e+21 1.792630942691097838e+21 1.794295892743337804e+21
2.342935095780883497e+20 2.363815199673824379e+20 2.384867300568807834e+20 2.406092554526302536e+20 2.427492121845835366e+20 2.449067169873567416e+20 2.470818881613126042e+20 2.492748481672859484e+20 2.514857314100019855e+20 2.537147075388667331e+20 2.559620511624486912e+20 2.582283503795290112e+20 2.605151304873434153e+20 2.628267193811114721e+20 2.651758263645340303e+20 2.676002250376779203e+20 2.702126297635817390e+20 2.733497066199176315e+20 2.780163441178585989e+20 2.872021042533053891e+20 3.097101312269448643e+20 3.706676554929865359e+20 5.352268102278503465e+20 9.256287264052041482e+20 1.545676229328936894e+21 1.797316901254612386e+21 1.235130852950722216e+21 5.707575890386488525e+20 2.194372317676210094e+20 8.140002578032975872e+19 3.271476817463041638e+19 1.620064117791349146e+19 1.070371791993714893e+19 8.921871675186722816e+18 8.399943953960375296e+18 8.346241656301257728e+18 8.589213858051384320e+18 9.350210746946603008e+18 1.153623655823852339e+19 1.793330931370281984e+19 3.680637265037251379e+19 9.199487131564916736e+19 2.471380762287038464e+20 6.344073932802377646e+20 1.328585417775050654e+21 1.809969833021820895e+21 1.393105686557686759e+21 6.816699307409130127e+20 2.648486240666574193e+20 9.485653515347617382e+19 3.405342256322972058e+19 1.328815341722547405e+19 6.375411243281463296e+18 4.317305276698734592e+18 4.425531261622698496e+18 6.871057964191084544e+18 1.490626106460480922e+19 3.901975697795733914e+19 1.094121074161010606e+20 3.040428361199792292e+20 7.661568382187063214e+20 1.490055297166897578e+21 1.797477883957351547e+21 1.254036272338866536e+21 6.183692112660888289e+20 2.868140369493630976e+20 1.568259054247152517e+20 1.105042874099052380e+20 9.424303137987852698e+19 8.832237200336891085e+19 8.603378684390853837e+19 8.539962067337750118e+19 8.661799592989846733e+19 9.231984143282117018e+19 1.109323577714380964e+20 1.667251289311118623e+20 3.226220649912392745e+20 6.977805474251447992e+20 1.325164878570267607e+21 1.804074235755321623e+21 1.815792783081789981e+21 1.671825623443685769e+21 1.580481859394107343e+21 1.539573813404111733e+21 1.521081168134061425e+21 1.510848738135029580e+21 1.503473393579796201e+21 1.497053259187703513e+21 1.490936420392432304e+21 1.484901690257090019e+21
6.165695841062247465e+20 6.213461161538637005e+20 6.261499294244476027e+20 6.309810094140603761e+20 6.358393381597603430e+20 6.407248944025301156e+20 6.456376541916608594e+20 6.505775928047416115e+20 6.555446905938026168e+20 6.605389505430074163e+20 6.655604507630355087e+20 6.706095011936289423e+20 6.756871111308338790e+20 6.807963838028842271e+20 6.859466757246083400e+20 6.911660004208101294e+20 6.965380079621581046e+20 7.023121545436338586e+20 7.092312476214625567e+20 7.194993616485217731e+20 7.395900368381601382e+20 7.879419662976858194e+20 9.123245847687124746e+20 1.202415736839771259e+21 1.656908101432513135e+21 1.793280306931582894e+21 1.226662204331584127e+21 5.774372060364204933e+20 2.319512185666443346e+20 9.569916332828357427e+19 4.765264658597848678e+19 3.144154188937433088e+19 2.614273456507655782e+19 2.452563112516900454e+19 2.415830787357274931e+19 2.425676914532609638e+19 2.465203889279847629e+19 2.556632015911646003e+19 2.790678421052549120e+19 3.445883390546416845e+19 5.348378818651240038e+19 1.088013667834644890e+20 2.639336513351097057e+20 6.503672514880818381e+20 1.340101994435852632e+21 1.810797113348683203e+21 1.386508819618935079e+21 6.760650688139714888e+20 2.616357620733952328e+20 9.288594701026847949e+19 3.257187112160483738e+19 1.199101364928288973e+19 5.154860521678350336e+18 3.138056202333476352e+18 3.280329477473120256e+18 5.771426511451287552e+18 1.389769106670011597e+19 3.823974640756583629e+19 1.092510233019494236e+20 3.054817205947288125e+20 7.707934167085008814e+20 1.496403006134384067e+21 1.792687959084151341e+21 1.225892385133506855e+21 5.724513782112458506e+20 2.329566784907782390e+20 1.003453303992516936e+20 5.346959339966504960e+19 3.737302242676591002e+19 3.185611501935519334e+19 3.004950644027780710e+19 2.992604255748583834e+19 3.167944636262354534e+19 3.797634244250333184e+19 5.737993580662715187e+19 1.146877000543033098e+20 2.752405689662498734e+20 6.689309707916578652e+20 1.348349589880734482e+21 1.824888270821182931e+21 1.606226539542831432e+21 1.187710571996563374e+21 9.454433160187837153e+20 8.442721260145193779e+20 8.044984811899225375e+20 7.871811357145287885e+20 7.776346698178609807e+20 7.707380166358323692e+20 7.647503710469780931e+20 7.590850321189236900e+20
1.309592255697242554e+21 1.316140635944883323e+21 1.322678262346210083e+21 1.329204433397520794e+21 1.335718442487605625e+21 1.342219578110733976e+21 1.348707124282999439e+21 1.355180361554053562e+21 1.361638569776011805e+21 1.368081036069185257e+21 1.374507078169066209e+21 1.380916113305799492e+21 1.387307861866109731e+21 1.393682949999870870e+21 1.400044692909855867e+21 1.406404371673358008e+21 1.412796842859582980e+21 1.419326678481070719e+21 1.426304260218533446e+21 1.434644729729045234e+21 1.447015989186116452e+21 1.470956586080036454e+21 1.525805029126174409e+21 1.646732569739788288e+21 1.819433152415254970e+21 1.762647877056947290e+21 1.212115116820041826e+21 6.043009503452986081e+20 2.719462211984359752e+20 1.390329149687515218e+20 9.214188412571049984e+19 7.656582232953092506e+19 7.175768473910734029e+19 7.058856504539356365e+19 7.065758521062974259e+19 7.119031827785632973e+19 7.201935817438516019e+19 7.336252018302741709e+19 7.611056392669670605e+19 8.299812613286807142e+19 1.021333382042639565e+20 1.568828300284239544e+20 3.094993336695776870e+20 6.884646389122866872e+20 1.361911877022639718e+21 1.812460123277361414e+21 1.379967113527082090e+21 6.717930854338082898e+20 2.602490108560073359e+20 9.287340008205316915e+19 3.308422058853004902e+19 1.269742770867997082e+19 5.939704248160435200e+18 3.963593859087634944e+18 4.138389509890099200e+18 6.672619112510418944e+18 1.488505705847832576e+19 3.944275756841867674e+19 1.110314705980356526e+20 3.087056372770062336e+20 7.766008227061794079e+20 1.502503393061001757e+21 1.789871339676376760e+21 1.212131558883305456e+21 5.540807294561686651e+20 2.134563918204570173e+20 8.068526192079919514e+19 3.389655503814006784e+19 1.795466631869399040e+19 1.261194996417143194e+19 1.098580470210729984e+19 1.104782610821668454e+19 1.299978218397998285e+19 1.953640764240201318e+19 3.930962418180353229e+19 9.741141330622405018e+19 2.602631762404062003e+20 6.616558777584113418e+20 1.359177719771772486e+21 1.818301540609047134e+21 1.454839099536281698e+21 8.636346521082124042e+20 5.258203577279981158e+20 3.879364305663559598e+20 3.370206247421579100e+20 3.178499620018779587e+20 3.096258666998733865e+20 3.051135794229221786e+20 3.018608687870671585e+20 2.990436206211579904e+20
1.808360274849650704e+21 1.808943467138117272e+21 1.809445065508876452e+21 1.809864979407465611e+21 1.810203133017467912e+21 1.810459465297755898e+21 1.810633930028485181e+21 1.810726495893818966e+21 1.810737146677350367e+21 1.810665881788274180e+21 1.810512717729512554e+21 1.810277692227675488e+21 1.809960875843576136e+21 1.809562404521458794e+21 1.809082570528627360e+21 1.808522075538500354e+21 1.807882731583850676e+21 1.807169389114364527e+21 1.806395173434640826e+21 1.805595274564154163e+21 1.804859945610043458e+21 1.804385469593122505e+21 1.804295794098398298e+21 1.801828271490692022e+21 1.771569202410763846e+21 1.603803756273986961e+21 1.171756991207325696e+21 6.802293176242858885e+20 3.856868730031630582e+20 2.624732851699917783e+20 2.188709767805006643e+20 2.050586763364506993e+20 2.015910421756555756e+20 2.016353434025055355e+20 2.028810780229766676e+20 2.045813389269418312e+20 2.065717815668370309e+20 2.090526371424968704e+20 2.128524585657136906e+20 2.205154274465566556e+20 2.395798980511677809e+20 2.917535602147251323e+20 4.348190707833262572e+20 7.878300520151604265e+20 1.412120951462924124e+21 1.816253525532324397e+21 1.372762939079678755e+21 6.695050736107523932e+20 2.616855211178139976e+20 9.584835837364618854e+19 3.662936321527870669e+19 1.646318332964019610e+19 9.807064094311297024e+18 7.893951996909625344e+18 8.122710170263609344e+18 1.071899879190507315e+19 1.902858651295176294e+19 4.378847445375852544e+19 1.158678118861059359e+20 3.146872849996535562e+20 7.843418131459245343e+20 1.509076918326908420e+21 1.787720368741603344e+21 1.203352786461571678e+21 5.452746974610900910e+20 2.058557756557809418e+20 7.376083247532135219e+19 2.727284168401646387e+19 1.147788541143871693e+19 6.227184633000244224e+18 4.675169752267277312e+18 4.808865429379517440e+18 6.843178687770169344e+18 1.350093446841478554e+19 3.351416469565132800e+19 9.221121596720657203e+19 2.566914608774261965e+20 6.623510109655244472e+20 1.366736554544807805e+21 1.813656014308390732e+21 1.386308823340774064e+21 7.230455413227489853e+20 3.461223530298126500e+20 1.935907556135207895e+20 1.385801453393498931e+20 1.191267689393516052e+20 1.119124988688431186e+20 1.088344178718047273e+20 1.071490675715588096e+20 1.059355262201284526e+20
1.408005922867839500e+21 1.401679067746201764e+21 1.395331778416139567e+21 1.388964811271798784e+21 1.382578918982093898e+21 1.376174850343655178e+21 1.369753350132437090e+21 1.363315158943381586e+21 1.356861012991352766e+21 1.350391643793724801e+21 1.343907777502180016e+21 1.337410133220036706e+21 1.330899418385395220e+21 1.324376315709898883e+21 1.317841445860584718e+21 1.311295260623478456e+21 1.304737737257291350e+21 1.298167505433948062e+21 1.291579356765425238e+21 1.284957136521858384e+21 1.278253307986667110e+21 1.271328565089851408e+21 1.263758593216511214e+21 1.254103235300604772e+21 1.236611871829611250e+21 1.188147964603519992e+21 1.054172706913651130e+21 8.371251880671209062e+20 6.605075860815094743e+20 5.746460860626132664e+20 5.439126893785396675e+20 5.358756478236713943e+20 5.359770969954741780e+20 5.388736642121842688e+20 5.427365588454602834e+20 5.469739796921734922e+20 5.514568530924476826e+20 5.563461426039047455e+20 5.623030261351707443e+20 5.713525684863744737e+20 5.894825599707239547e+20 6.339056869791217746e+20 7.503979289806556365e+20 1.033319396793352192e+21 1.529569826923530158e+21 1.823468333252007690e+21 1.363190008172668256e+21 6.723724424854333030e+20 2.706013315572746813e+20 1.067449180463062876e+20 4.822271755051426611e+19 2.835961030440330854e+19 2.188110846468927898e+19 2.010546939499047731e+19 2.046025960870325862e+19 2.318287495179712922e+19 3.162919738247378534e+19 5.655579513290586522e+19 1.288703689828210606e+20 3.279848714053177836e+20 7.972706147634632458e+20 1.517478099345146380e+21 1.785762383636291650e+21 1.196264211183839216e+21 5.398711228272335258e+20 2.024716331621207245e+20 7.133391377846705357e+19 2.521773473335626138e+19 9.567587751046053888e+18 4.382374427168158208e+18 2.870094721088985088e+18 3.038681077780256256e+18 5.117877825269410816e+18 1.185867058850264678e+19 3.207053215802004685e+19 9.129900610683066778e+19 2.571849626470373130e+20 6.659397600371798180e+20 1.373366470967882940e+21 1.811636517585105977e+21 1.357376728973458538e+21 6.689919295598662779e+20 2.795617899199418532e+20 1.225884217915172127e+20 6.646028731397891686e+19 4.706887801078856090e+19 4.031211652173044941e+19 3.781943766428953805e+19 3.675805785992655258e+19 3.617748611824941466e+19
6.924151057569154335e+20 6.872523667072695665e+20 6.821164111983197553e+20 6.770073016486899220e+20 6.719250962298150584e+20 6.668698489323158241e+20 6.618416096432223683e+20 6.568404242553864192e+20 6.518663348752053699e+20 6.469193803261365453e+20 6.419995975459302277e+20 6.371070256780365005e+20 6.322417182891128914e+20 6.274037800851940311e+20 6.225934774863796634e+20 6.178115718233325568e+20 6.130603234723143352e+20 6.083465176388358636e+20 6.036905795338394665e+20 5.991540160946748785e+20 5.949218893397863956e+20 5.915494757448079114e+20 5.906894525855025070e+20 5.971448458970951844e+20 6.239186562260141343e+20 6.993744111203224125e+20 8.516119756939648041e+20 1.029517648190822154e+21 1.129890101732115350e+21 1.162130726747648557e+21 1.173740206768801448e+21 1.181430271746358378e+21 1.188366734036850704e+21 1.195108431539644662e+21 1.201790307049444213e+21 1.208467619072007733e+21 1.215195760561756307e+21 1.222099512658914443e+21 1.229534134311625687e+21 1.238544428803416392e+21 1.252190620357311594e+21 1.279218968460873957e+21 1.342778885913841238e+21 1.490206500726362604e+21 1.738959206250400449e+21 1.822007139589334499e+21 1.345259851945267167e+21 6.895194278530419261e+20 3.009346276773956157e+20 1.405274999235141632e+20 8.313682281534868685e+19 6.384042267046344294e+19 5.776963903150618214e+19 5.635190495985331405e+19 5.704409996504672666e+19 6.008030795053299302e+19 6.877643208014956134e+19 9.375841221148750643e+19 1.655425508816556524e+20 3.624350496998892503e+20 8.251753972327557366e+20 1.531364307641250087e+21 1.783818615796435255e+21 1.189739777486480212e+21 5.360835436895860818e+20 2.010818615208804352e+20 7.101069228421329715e+19 2.529519636135270810e+19 9.794164644676888576e+18 4.671000472756416512e+18 3.192571158752780800e+18 3.389343032712168960e+18 5.506134238189038592e+18 1.232122344234383974e+19 3.271798515381859123e+19 9.244489570648334336e+19 2.596163557824679772e+20 6.709413772152374559e+20 1.379872628006369624e+21 1.810760889451236033e+21 1.343358438875322384e+21 6.473832732111150776e+20 2.553720996328273347e+20 9.773312493556962099e+19 4.155246797215082906e+19 2.230221342796684083e+19 1.574747856022266675e+19 1.347509683315232563e+19 1.263852040047155814e+19 1.228280632994841190e+19
2.680831328837378703e+20 2.657388384375475077e+20 2.634132964176051241e+20 2.611063886219930501e+20 2.588179969991339540e+20 2.565480036682094346e+20 2.542962909559183770e+20 2.520627414784855900e+20 2.498472383638205891e+20 2.476496658904997888e+20 2.454699113812960543e+20 2.433078708538670449e+20 2.411634659380301660e+20 2.390366945636299244e+20 2.369277828812747571e+20 2.348376406286196736e+20 2.327692260539719352e+20 2.307316370311554990e+20 2.287523722405309645e+20 2.269140681558919741e+20 2.254644829307600241e+20 2.251449947953527849e+20 2.281649002582482944e+20 2.410307368044252692e+20 2.822451447054380564e+20 3.991603785509938790e+20 6.787216377807773368e+20 1.145471399355894727e+21 1.560929491278943486e+21 1.732858873468565586e+21 1.772341612117512946e+21 1.780420906261050032e+21 1.783362502352916185e+21 1.785504080220173894e+21 1.787473443619964453e+21 1.789360471799856628e+21 1.791180994390368977e+21 1.792951241449963782e+21 1.794718769116336357e+21 1.796623760373114470e+21 1.799067337313558987e+21 1.803149656991317885e+21 1.811526947129442435e+21 1.827776334661515739e+21 1.837086871684361748e+21 1.723152686261289091e+21 1.296160837789085336e+21 7.419238683553261158e+20 3.897090003373100237e+20 2.384046563592666481e+20 1.838965933636830495e+20 1.660706642010075300e+20 1.610911679788753224e+20 1.606442389535821332e+20 1.622455802332254044e+20 1.660925363552718684e+20 1.753216453354432758e+20 2.000021667489602929e+20 2.690384272572154839e+20 4.565252496048463544e+20 8.952153452771370598e+20 1.560665909288688681e+21 1.781674826560264995e+21 1.183390453092879434e+21 5.342214317216401981e+20 2.020767756480888504e+20 7.316745810887625114e+19 2.788309955130263552e+19 1.254973284862090240e+19 7.504536109334329344e+18 6.075137780397248512e+18 6.314707823996498944e+18 8.482177965409026048e+18 1.537976683861569536e+19 3.595444962260893286e+19 9.612637008109353370e+19 2.643897367889939988e+20 6.776994615320801444e+20 1.386887415502831354e+21 1.810306207137739833e+21 1.334541378345848799e+21 6.371093049728562627e+20 2.459499497974824960e+20 8.893968355645030400e+19 3.306571914791211827e+19 1.397701186812701491e+19 7.529947966819613696e+18 5.346067478900953088e+18 4.590989793403419648e+18 4.313932608524444160e+18
9.429471073690846822e+19 9.342541475840965018e+19 9.256391824642585395e+19 9.171015525417790669e+19 9.086406032122524467e+19 9.002556847970587443e+19 8.919461527678789222e+19 8.837113684624344678e+19 8.755507012679937229e+19 8.674635352092016640e+19 8.594492887173565645e+19 8.515074738972011725e+19 8.436378741070241792e+19 8.358410759267442688e+19 8.281200627000742707e+19 8.204849879666768282e+19 8.129674739463435059e+19 8.056634406743787110e+19 7.988613862655972147e+19 7.934265341995810816e+19 7.919505480019422413e+19 8.021867073211773747e+19 8.472619042809446400e+19 9.955750967614831002e+19 1.444330701452649431e+20 2.719872788970929521e+20 5.923150942481788436e+20 1.184862490694475579e+21 1.742260352291926442e+21 1.836082112211283608e+21 1.696308942830464664e+21 1.591624607574538584e+21 1.543220087521498104e+21 1.521776001060959945e+21 1.510491534911047467e+21 1.502750003735202890e+21 1.496199167300300702e+21 1.490027326660716790e+21 1.483949896341033583e+21 1.477844719225143034e+21 1.471593423632225796e+21 1.464924637631109399e+21 1.457033664954670514e+21 1.445297837019372192e+21 1.420241067914822681e+21 1.347996886446345290e+21 1.155936375238770819e+21 8.546696648615826555e+20 6.126052756575111086e+20 4.944314304389627904e+20 4.507922703308892406e+20 4.377938501747678904e+20 4.358303291235487580e+20 4.377966015436461179e+20 4.415379610006751150e+20 4.471979753662098309e+20 4.574073442245755535e+20 4.806208240802335293e+20 5.410836408532351058e+20 7.009116045506745467e+20 1.071362671544978506e+21 1.628302154672865804e+21 1.778033332687350530e+21 1.177018767912761033e+21 5.370744698933291254e+20 2.089585901094030868e+20 8.143670748989217178e+19 3.666315330381387776e+19 2.155716731667382682e+19 1.664681831331512115e+19 1.532266622211433677e+19 1.565989551224265318e+19 1.792813833110658458e+19 2.494295267412723712e+19 4.568318410863456256e+19 1.061483978289009295e+20 2.749654170758593249e+20 6.888278821891187671e+20 1.395717191141035606e+21 1.810061457139742540e+21 1.327465489721536807e+21 6.308045322921578332e+20 2.416843086728623227e+20 8.573768801958757990e+19 3.028950267905625702e+19 1.136875369581375488e+19 4.997853456372466688e+18 2.858650573135934976e+18 2.137495916363447808e+18 1.890608827006804992e+18
3.205673088738371174e+19 3.175611397971526451e+19 3.145829498996097434e+19 3.116324838077750477e+19 3.087094884377376768e+19 3.058137130581531853e+19 3.029449095219620250e+19 3.001028329985992704e+19 2.972872441872213197e+19 2.944979160069490278e+19 2.917346536473987072e+19 2.889973546673937613e+19 2.862861890431714099e+19 2.836021384776057651e+19 2.809486117767873741e+19 2.783362832477502669e+19 2.757975845829108941e+19 2.734301098221415219e+19 2.715266111753646080e+19 2.709642658167036314e+19 2.743697395905526170e+19 2.896010068732813722e+19 3.401065288725424128e+19 4.953339717689131827e+19 9.563812797972145766e+19 2.266960666943835013e+20 5.608829512238236959e+20 1.198513853172130251e+21 1.782102635089633477e+21 1.688133189461552660e+21 1.259382146550119268e+21 9.778351156772861379e+20 8.557863577902680637e+20 8.079288929572535665e+20 7.877737605513555476e+20 7.772646296819703480e+20 7.700488954467872932e+20 7.639654033681649500e+20 7.582977791217557832e+20 7.528430085974350889e+20 7.476467841499807089e+20 7.430668573937487053e+20 7.402432239774694113e+20 7.425085909006268498e+20 7.587927055711507579e+20 8.076972382846003446e+20 9.026119089132432261e+20 9.958353647770401505e+20 1.023637262853846073e+21 1.017596073519772336e+21 1.013823300364970099e+21 1.015920796113160372e+21 1.020851837243947876e+21 1.026913616400628842e+21 1.033629556666619527e+21 1.041359046225703076e+21 1.051769454833707254e+21 1.069933735374286619e+21 1.110267865401787154e+21 1.209599780199130202e+21 1.433590846163712999e+21 1.758979275509469020e+21 1.763798126628499620e+21 1.169873823435172610e+21 5.532011759726998323e+20 2.326978338805792113e+20 1.072968569646201569e+20 6.329591929532037530e+19 4.860415194637605274e+19 4.400134782590723686e+19 4.295107631770643661e+19 4.354970517863574733e+19 4.606769727619041690e+19 5.330213379810730803e+19 7.416833045144097587e+19 1.344695638682394624e+20 3.022397645596624159e+20 7.125024878557560832e+20 1.409976425091628794e+21 1.810134889131939201e+21 1.320892884392036794e+21 6.261753250621099868e+20 2.395998966005730836e+20 8.487680933746586419e+19 2.989771225251105997e+19 1.115060238207699558e+19 4.849392857698934784e+18 2.744538778108352512e+18 2.045848605636492032e+18 1.817441877658166784e+18
1.079532903541646336e+19 1.069401291097821389e+19 1.059365588633928909e+19 1.049424904184412979e+19 1.039578354518512435e+19 1.029825065874916557e+19 1.020164176430768128e+19 1.010594843766576742e+19 1.001116267361306214e+19 9.917277561895804928e+18 9.824289312778444800e+18 9.732203325198282752e+18 9.641052363786000384e+18 9.550951003428431872e+18 9.462258701221840896e+18 9.376068225531092992e+18 9.295668573334450176e+18 9.230926545701662720e+18 9.211409278108183552e+18 9.325679097460596736e+18 9.838904223806949376e+18 1.154436865887427584e+19 1.680955380039685734e+19 3.264919911201731379e+19 7.940132563834596557e+19 2.122578034402606776e+20 5.524561390354637783e+20 1.206558333116780904e+21 1.788943166632776172e+21 1.575229479873057128e+21 9.658682974695389921e+20 5.724325438466211185e+20 4.050024793293440942e+20 3.426554603100789146e+20 3.194803939038633656e+20 3.099011867242685399e+20 3.049410352109575209e+20 3.015557353297418650e+20 2.987420517985322926e+20 2.962250235390142710e+20 2.940960446662360760e+20 2.929345570070714778e+20 2.945698337302486712e+20 3.044272841154881126e+20 3.379798696885288960e+20 4.350939631372636652e+20 6.707297517276409364e+20 1.074258343362234417e+21 1.453333727386125468e+21 1.629537646377842770e+21 1.681398233518893695e+21 1.697117630226951307e+21 1.704221102733731299e+21 1.709073748392813527e+21 1.713288514354299273e+21 1.717444772705871593e+21 1.722076031729691787e+21 1.728368464582154650e+21 1.739497860695961633e+21 1.763181405038915617e+21 1.810516373012199244e+21 1.852416571169125695e+21 1.689612405916195095e+21 1.156258914495709184e+21 6.047374240992386089e+20 3.037469235212653036e+20 1.832634154367397724e+20 1.410186953251616195e+20 1.273449242501618401e+20 1.235561772486467256e+20 1.232549328840181187e+20 1.245688446762777313e+20 1.277448797907395215e+20 1.354710188958198989e+20 1.563237269622056223e+20 2.151143517116763668e+20 3.771978594825867100e+20 7.719218663130706739e+20 1.439718285619637256e+21 1.811003579852762907e+21 1.314250175638643671e+21 6.230962267136560988e+20 2.395717401903349432e+20 8.618311503511276749e+19 3.170460033408045056e+19 1.314623237145730458e+19 6.925820930736035840e+18 4.865390789802880000e+18 4.199052156850869760e+18 3.999088598391996928e+18
3.693676831300755456e+18 3.660488518603730432e+18 3.627630385535760896e+18 3.595099477963040256e+18 3.562892875203623936e+18 3.531007698390392832e+18 3.499441135559948288e+18 3.468190517292416000e+18 3.437253544840269312e+18 3.406628971915845120e+18 3.376318649307658752e+18 3.346333647844631552e+18 3.316712599665246720e+18 3.287576632013796864e+18 3.259293904925515264e+18 3.232972428372160000e+18 3.211936118944397312e+18 3.206145723531177984e+18 3.245439182423226368e+18 3.419179352376043520e+18 3.994921355469004800e+18 5.773085995003708416e+18 1.114250659418210918e+19 2.718174184541007462e+19 7.441861179276849971e+19 2.085962034546412421e+20 5.523540312235069276e+20 1.213353180263793558e+21 1.791005013535810912e+21 1.523119365860223091e+21 8.380114881673853665e+20 3.986585987117008159e+20 2.130067806692695736e+20 1.451899608483836232e+20 1.212535146491756708e+20 1.125224449153573683e+20 1.089421437839260221e+20 1.071063208807941571e+20 1.058927694776844124e+20 1.049914762610969313e+20 1.044951489967584379e+20 1.050220394847372247e+20 1.085302544175910257e+20 1.208546494824915436e+20 1.588912306259637699e+20 2.682701490096896082e+20 5.483316575761957519e+20 1.091678615445127823e+21 1.668810903003350958e+21 1.855276167844353540e+21 1.784580826358420341e+21 1.710027030726207865e+21 1.673138917221441995e+21 1.656372689018720879e+21 1.647404116723367936e+21 1.641150609538838692e+21 1.635735265570334704e+21 1.630378516881273782e+21 1.624413392209700192e+21 1.616308381468957344e+21 1.600853852858471678e+21 1.557910702858691150e+21 1.421504443056100737e+21 1.107932075620333912e+21 7.325652031115777802e+20 4.928227169572338401e+20 3.895690370500113203e+20 3.533604293570185134e+20 3.427751232349034250e+20 3.411952564705003438e+20 3.428096006248766505e+20 3.458970590544815718e+20 3.506489415108887183e+20 3.594172415031410688e+20 3.797222181147488420e+20 4.333031176999410074e+20 5.773801831494343066e+20 9.251198378373950996e+20 1.509840835139562373e+21 1.813386047762059231e+21 1.306853689553754259e+21 6.234418160471606559e+20 2.441603952417007534e+20 9.233223967744894566e+19 3.842319418041205555e+19 2.010069945822021632e+19 1.400523581756868608e+19 1.203315376704532275e+19 1.144337044560808755e+19 1.131645695857907712e+19
1.478983718932240128e+18 1.470213940544917504e+18 1.461576825932169728e+18 1.453071595048072960e+18 1.444697484199517184e+18 1.436453754010321152e+18 1.428339715526550528e+18 1.420354806679751680e+18 1.412498822165563136e+18 1.404772601921605376e+18 1.397180093704871424e+18 1.389734530981334272e+18 1.382476936024915712e+18 1.375531540888611584e+18 1.369271781532174336e+18 1.364817477013112576e+18 1.365523949403676928e+18 1.381442065445531904e+18 1.442675736656678656e+18 1.639380322250023168e+18 2.241479154182825984e+18 4.056469795770416640e+18 9.494270553772214272e+18 2.569564640299116544e+19 7.336643348048687923e+19 2.087120033914559201e+20 5.552077834044835758e+20 1.219844969262148747e+21 1.792569514382500299e+21 1.500445181836158304e+21 7.882085328407516938e+20 3.339879504177016996e+20 1.427519158604276531e+20 7.338954427753217229e+19 4.936742374388297728e+19 4.104402423460047258e+19 3.803217949474201600e+19 3.681446963822423654e+19 3.623223849271303373e+19 3.596453265074130534e+19 3.610368652245055898e+19 3.727749938689735066e+19 4.147686869120144179e+19 5.464394892150611968e+19 9.406837701120786432e+19 2.071207423514236682e+20 5.014525966375027999e+20 1.095099938085653053e+21 1.729126665170726158e+21 1.766634652219058422e+21 1.402063077409894171e+21 1.131676734489560482e+21 1.009581810009627820e+21 9.607480270648528077e+20 9.398031416072933212e+20 9.286517665998931231e+20 9.208975463984794173e+20 9.144493259007143444e+20 9.088969673335393485e+20 9.049807890491265516e+20 9.053894222063887974e+20 9.165726261386482811e+20 9.458914598348577833e+20 9.744982514825054126e+20 9.497819563843970662e+20 8.908953675804985262e+20 8.530549750856066007e+20 8.400283105236646625e+20 8.390420502022093537e+20 8.426159195403202068e+20 8.478622662520965693e+20 8.539467033119931761e+20 8.611102492431954739e+20 8.709796255626410066e+20 8.886317724665671844e+20 9.286690029972772618e+20 1.029460263342430487e+21 1.266885899340278137e+21 1.659440753283785032e+21 1.814041965830863847e+21 1.296657261434448642e+21 6.333191784639075451e+20 2.618266725945752945e+20 1.122582564471937270e+20 5.913823372552120730e+19 4.119939715350074982e+19 3.536498606084211098e+19 3.361561225769907405e+19 3.323713625675382784e+19 3.331900770758412288e+19
1.226774800896295168e+18 1.230811162141118976e+18 1.234958061675364608e+18 1.239215868756108544e+18 1.243584966934663936e+18 1.248065762664003072e+18 1.252658711314010368e+18 1.257364394355219200e+18 1.262183751669116160e+18 1.267118775764311040e+18 1.272174592533726976e+18 1.277365692242604288e+18 1.282734592205709824e+18 1.288407735746950912e+18 1.294762916098176256e+18 1.302930736193182464e+18 1.316296545742266112e+18 1.344998853148779008e+18 1.419401690144534016e+18 1.630436764148994560e+18 2.250347817672356352e+18 4.093562186825721344e+18 9.590607457491372032e+18 2.594273960184373658e+19 7.402629296063396250e+19 2.104683739397564989e+20 5.593605771805030482e+20 1.226386326086869844e+21 1.794113266964675428e+21 1.488893224170357785e+21 7.676663143690233446e+20 3.101634281417102459e+20 1.180294582503520666e+20 4.854109159203414016e+19 2.463642397767886029e+19 1.650715890598570189e+19 1.371283733541665178e+19 1.271892172240495411e+19 1.236144128087309722e+19 1.231838828072353382e+19 1.268373588774518374e+19 1.409174198267471462e+19 1.855335799659493786e+19 3.207320962458475725e+19 7.214783854577777050e+19 1.869192503706416251e+20 4.871515883864716083e+20 1.099185628891925840e+21 1.744093695370988880e+21 1.666442364730660880e+21 1.089717091293846962e+21 6.754622152813159383e+20 4.922346926239925535e+20 4.229049260024945050e+20 3.968567823755188634e+20 3.859701618042195804e+20 3.803603492139106304e+20 3.768860913279309578e+20 3.751781299850450043e+20 3.771605144387121316e+20 3.894511582705328456e+20 4.307314776285288202e+20 5.454456389460260946e+20 7.968055512235868160e+20 1.149840377295044084e+21 1.407779934129877156e+21 1.511402440454856245e+21 1.545207068075868291e+21 1.558870277482038428e+21 1.566896323845910954e+21 1.573209900544622854e+21 1.579030319677157409e+21 1.584918208075960680e+21 1.591562029385690907e+21 1.600651880850099274e+21 1.616859316769040892e+21 1.652202863825799873e+21 1.729089721851685896e+21 1.839264632594168021e+21 1.776261731184321495e+21 1.275095785646127055e+21 6.688727751260308767e+20 3.165127311610515948e+20 1.717268051421823631e+20 1.202033545074551685e+20 1.031284655408554967e+20 9.796032954083219866e+19 9.681954793100173312e+19 9.703429205941628109e+19 9.770772029406237491e+19
2.602745311740741120e+18 2.624930741855757312e+18 2.647350925445734400e+18 2.670007862648879616e+18 2.692903579001081856e+18 2.716040134326386688e+18 2.739419648945244160e+18 2.763044381913261056e+18 2.786916965042700800e+18 2.811041103075655680e+18 2.835423670781185024e+18 2.860080993825188864e+18 2.885057659896681984e+18 2.910482860582907904e+18 2.936739140810980864e+18 2.964967824385691136e+18 2.998582810829379584e+18 3.047804464489077248e+18 3.143238080522347520e+18 3.376533258059327488e+18 4.022075726353373696e+18 5.900680409025764352e+18 1.146183569153162240e+19 2.796224747243343053e+19 7.643308821674524672e+19 2.138731423446888284e+20 5.648328531415369646e+20 1.233389914498369323e+21 1.795693351556401070e+21 1.481213805824981860e+21 7.573376602330991165e+20 3.005602424773045125e+20 1.091360831246807204e+20 4.000260491205593498e+19 1.627814856513457357e+19 8.262877577174311936e+18 5.558975006467184640e+18 4.647061081629650944e+18 4.368563937096124416e+18 4.403917434951291904e+18 4.849743092606154752e+18 6.346646246650821632e+18 1.092405781341646438e+19 2.464189590197447066e+19 6.516331591249276928e+19 1.811336151311385559e+20 4.847515201212582461e+20 1.104556581112549343e+21 1.749644757380382851e+21 1.616517705316290003e+21 9.450158521993358213e+20 4.673408155882765681e+20 2.576294042473810166e+20 1.799063800160823542e+20 1.522907836130893496e+20 1.421952801765923717e+20 1.381742854046804541e+20 1.365855465076111606e+20 1.369707880035365356e+20 1.414607414859673436e+20 1.574914135510014034e+20 2.066514213891113943e+20 3.449012649698798469e+20 6.782833784698227917e+20 1.242895509784003084e+21 1.722571116578702885e+21 1.848904215599093121e+21 1.818623747607645127e+21 1.786330984405103804e+21 1.770252104314028818e+21 1.762484230380753519e+21 1.757876752396975079e+21 1.754339980023071769e+21 1.751103374653552329e+21 1.747842984653628899e+21 1.744251816661956952e+21 1.739455040237321322e+21 1.729570449950092296e+21 1.695212164514843984e+21 1.560184439122564743e+21 1.209025859698452595e+21 7.614070948307921797e+20 4.663585029884839199e+20 3.369393671676043592e+20 2.905002648494666220e+20 2.759740240045666140e+20 2.726361158137962496e+20 2.731056388309044429e+20 2.748653838959419720e+20 2.770692860608659128e+20
7.425847875012406272e+18 7.495462586805148672e+18 7.565744522293581824e+18 7.636699899033500672e+18 7.708334997766117376e+18 7.780656171681655808e+18 7.853669873296630784e+18 7.927382733374513152e+18 8.001801796619811840e+18 8.076935226753239040e+18 8.152794416114693120e+18 8.229400304372335616e+18 8.306802300709038080e+18 8.385134956587866112e+18 8.464787700711264256e+18 8.546913199329185792e+18 8.634949898514663424e+18 8.739181965914477568e+18 8.890395357923656704e+18 9.180768225163254784e+18 9.886249682816051200e+18 1.183228782492422758e+19 1.748203552041254298e+19 3.413177086700115968e+19 8.292080203847799603e+19 2.210899558555189248e+20 5.733505422276393042e+20 1.241875033591925178e+21 1.797423248251912716e+21 1.474803850978761376e+21 7.505444333885940040e+20 2.958710800895201116e+20 1.056954333565642834e+20 3.707562210787669606e+19 1.355118500874645299e+19 5.622491054160584704e+18 2.966126591714633728e+18 2.088529102785828864e+18 1.840063586205182976e+18 1.904769663998326272e+18 2.382284464156245504e+18 3.919625488736071168e+18 8.564477899551512576e+18 2.243051302541494272e+19 6.333634401106576179e+19 1.803458032218027459e+20 4.865293976446960927e+20 1.110525566222187495e+21 1.753163391196324954e+21 1.594559872066398716e+21 8.876972434905532989e+20 3.882914403800309432e+20 1.698953556773635359e+20 8.957508496585534669e+19 6.161864657745040179e+19 5.195393612584622490e+19 4.862021999620440064e+19 4.780761879596448973e+19 4.901883832222706074e+19 5.442333275631548826e+19 7.164243036019484262e+19 1.229991855013035049e+20 2.678570392432885105e+20 6.278063177914210058e+20 1.273232010655035818e+21 1.803178827097828229e+21 1.735240657895004832e+21 1.438119941670084280e+21 1.252370397143386030e+21 1.171842509907062948e+21 1.138592767341464519e+21 1.122827737052467298e+21 1.113144403453949247e+21 1.105550307242501734e+21 1.098715867833925501e+21 1.092294003487767396e+21 1.086469903398571475e+21 1.082074127450307559e+21 1.080390498574417134e+21 1.076990426991475556e+21 1.038697817193489236e+21 9.258332753579822285e+20 8.000089815587136471e+20 7.290833527943464223e+20 7.028088099769708708e+20 6.967046742414562427e+20 6.980551331144900280e+20 7.019850604299170611e+20 7.067979878366895145e+20 7.119223733786514555e+20
2.202509274924355994e+19 2.223294954949650432e+19 2.244276094032772301e+19 2.265454501848614502e+19 2.286832004867476685e+19 2.308410447343182234e+19 2.330191694116601037e+19 2.352177638568187904e+19 2.374370226310903398e+19 2.396771525759488410e+19 2.419383939194978304e+19 2.442210834639469773e+19 2.465258437844463616e+19 2.488541498083949363e+19 2.512100255667589939e+19 2.536051255291170816e+19 2.560739518702090240e+19 2.587194253328055091e+19 2.618493479051871027e+19 2.663849752676280730e+19 2.750836920475689779e+19 2.961925639762188288e+19 3.543177197160277606e+19 5.223333124831614566e+19 1.011300520947102843e+20 2.392213680590549156e+20 5.905546586514242929e+20 1.254762120815634022e+21 1.799668530712988353e+21 1.468692654117693424e+21 7.451159056595031163e+20 2.931031640787116032e+20 1.043669950418149704e+20 3.631494959328458752e+19 1.299863964706920038e+19 5.149521035987695616e+18 2.528828198667994112e+18 1.672201188555795200e+18 1.440057046683558144e+18 1.520400701456320512e+18 2.015977868755696384e+18 3.580168992748049920e+18 8.278627726689591296e+18 2.227761840593812275e+19 6.354547023888197222e+19 1.815297731378426348e+20 4.899639048514963374e+20 1.116838408945315348e+21 1.756158374631308001e+21 1.583576614335096553e+21 8.641674111786251715e+20 3.590932441988182180e+20 1.388369103732086047e+20 5.808755817398899507e+19 3.018715298128891085e+19 2.073779204717581926e+19 1.767137506427807130e+19 1.714545781320226406e+19 1.866036397510398362e+19 2.441018555270074368e+19 4.210591337052063334e+19 9.439096969828143923e+19 2.419455200671951749e+20 6.118908895713342259e+20 1.285614890281813934e+21 1.810506546787129754e+21 1.563683287520387531e+21 1.028784685373963502e+21 7.050970047164729262e+20 5.696139786001241866e+20 5.183801880251583693e+20 4.982107901515522376e+20 4.888282048684370166e+20 4.832051745724586394e+20 4.791368013187357737e+20 4.764274809378943795e+20 4.766374717443573023e+20 4.850354160373271757e+20 5.164714011602274877e+20 6.062383236912249569e+20 8.042776236447008031e+20 1.081972829934804795e+21 1.283427273538323350e+21 1.363981350055326777e+21 1.391178528283070824e+21 1.403450077025552302e+21 1.411621701615790064e+21 1.418530181924569481e+21 1.425010030188315804e+21 1.431329651827644826e+21
6.511232063429017600e+19 6.572001801109875917e+19 6.633328091839570739e+19 6.695215827193607782e+19 6.757669938303032525e+19 6.820695396935181107e+19 6.884297218338374451e+19 6.948480469185449984e+19 7.013250290923159552e+19 7.078611969232384819e+19 7.144571141465699123e+19 7.211134417356928614e+19 7.278311236797254042e+19 7.346119431731957760e+19 7.414601877884187443e+19 7.483876349227119411e+19 7.554284779237533286e+19 7.626840131084912230e+19 7.704564195696272998e+19 7.796491893145691750e+19 7.929651015503301837e+19 8.184849244721923686e+19 8.803107209377546240e+19 1.049798624999752008e+20 1.533514912089790874e+20 2.889798960306311987e+20 6.328643781563455898e+20 1.280392408687663907e+21 1.803458759819475026e+21 1.462322517381716115e+21 7.406400464536102502e+20 2.917665712634203341e+20 1.045817385221897748e+20 3.712627435750053478e+19 1.402834600347421901e+19 6.264239200885980160e+18 3.683304662719308800e+18 2.851396675896717312e+18 2.639292314957981184e+18 2.739028464586230784e+18 3.256380018481410560e+18 4.850756481700165632e+18 9.604730639975034880e+18 2.373390595245601997e+19 6.534591604272595763e+19 1.842364071022284308e+20 4.946727399050992681e+20 1.123667862412076253e+21 1.759039490290774966e+21 1.576461360816319365e+21 8.525457979695751496e+20 3.474204166416737894e+20 1.276735401792260178e+20 4.723909990464652902e+19 1.952218858472449638e+19 1.020307712551508787e+19 7.248421923005960192e+18 6.830884147100903424e+18 8.463258473660336128e+18 1.436563916457796813e+19 3.232381853719685120e+19 8.521085130048258048e+19 2.344372376868277453e+20 6.093206227500821381e+20 1.293610570933744697e+21 1.809069088040069366e+21 1.473082126028521603e+21 8.228188295123889029e+20 4.323992780573247406e+20 2.709529538081286390e+20 2.119727056036410819e+20 1.907250705806347796e+20 1.825471184431353364e+20 1.789026653518353859e+20 1.771128709122984182e+20 1.769242273631989596e+20 1.801779254799650324e+20 1.931665938838906798e+20 2.341917516865783398e+20 3.512634808172967363e+20 6.393381539095192535e+20 1.150089492442999816e+21 1.633789516914349048e+21 1.816737244904039907e+21 1.830448267294120608e+21 1.818969622165865366e+21 1.811900277445207785e+21 1.808601621649755472e+21 1.806861755889112056e+21 1.805646223958112469e+21
1.880757297021857956e+20 1.897677510599789773e+20 1.914740963149959004e+20 1.931948700195342909e+20 1.949301771765527675e+20 1.966801232429516063e+20 1.984448141486533837e+20 2.002243563638667346e+20 2.020188571095372923e+20 2.038284249975775560e+20 2.056531719567035924e+20 2.074932190050551726e+20 2.093487135322117571e+20 2.112198810138262569e+20 2.131071797386642719e+20 2.150117637119765053e+20 2.169368674978865807e+20 2.188919490223203615e+20 2.209050820715819500e+20 2.230600198281170780e+20 2.256069887837299343e+20 2.292933922234752696e+20 2.363465328472859935e+20 2.533549999316109885e+20 2.993760960162657075e+20 4.258772640048838738e+20 7.442452021507670671e+20 1.340966748838933299e+21 1.811311743588755833e+21 1.454804880232314831e+21 7.379323453238714040e+20 2.932373259553239859e+20 1.078003113965260308e+20 4.099076507622128845e+19 1.814003646512049357e+19 1.048696298098837299e+19 7.971518748638745600e+18 7.190187229916738560e+18 7.024160912797710336e+18 7.169411585440605184e+18 7.734374674289353728e+18 9.383348462713847808e+18 1.421237229904980992e+19 2.847600830763078042e+19 7.039041073944600576e+19 1.900116997687444439e+20 5.019239927858816614e+20 1.131858765662572380e+21 1.762069937237750710e+21 1.570620585147942830e+21 8.450329660113451745e+20 3.417851315783105249e+20 1.233446764544300974e+20 4.347217204373631795e+19 1.597960137070545510e+19 6.760843385670286336e+18 3.864720378905497088e+18 3.494941782501028352e+18 5.181955702338873344e+18 1.117302638234413670e+19 2.932584700725587968e+19 8.271837029147197440e+19 2.333071344196637164e+20 6.114847396741619384e+20 1.300411581865851093e+21 1.808363293927972798e+21 1.434376870193767645e+21 7.407134049411331523e+20 3.263905826076658893e+20 1.559418607080091156e+20 9.445417782026035200e+19 7.305150421020789146e+19 6.551641556340438630e+19 6.277900830649440666e+19 6.198799631449230541e+19 6.285192185321314714e+19 6.725859922554375373e+19 8.170933734915189965e+19 1.252987503375329034e+20 2.495642621346589901e+20 5.656619489533267149e+20 1.167880463822461731e+21 1.752121055822164001e+21 1.807583995806532764e+21 1.579477793100190712e+21 1.416230364647631356e+21 1.342375327647509250e+21 1.311184001487639413e+21 1.296069042288867672e+21 1.286575574317177504e+21
5.076668270901508833e+20 5.117556439797146583e+20 5.158708631932918825e+20 5.200125395283496796e+20 5.241807256006117949e+20 5.283754718027716362e+20 5.325968262750157537e+20 5.368448349141458616e+20 5.411195414972739092e+20 5.454209881493757624e+20 5.497492168375603036e+20 5.541042739322047693e+20 5.584862239238387794e+20 5.628951904725142733e+20 5.673314790482060247e+20 5.717959431195674542e+20 5.762910773058853274e+20 5.808242803003527004e+20 5.854175932536788746e+20 5.901367586999446405e+20 5.951778860178600100e+20 6.011255377287644447e+20 6.097179169847789486e+20 6.260856511094200730e+20 6.650406787004564767e+20 7.665413541646578483e+20 1.017107450294469657e+21 1.482802725852425224e+21 1.826786385750816981e+21 1.443552222230053913e+21 7.400305298361565839e+20 3.025135382041920143e+20 1.193983783637835284e+20 5.338427609742041907e+19 3.087100010133919334e+19 2.341106425472451379e+19 2.104230457194040115e+19 2.039304213566968627e+19 2.035504634737365402e+19 2.062792312541779968e+19 2.132162795226356122e+19 2.310182120022763930e+19 2.806734625161505178e+19 4.247978906684180070e+19 8.457011358829281280e+19 2.043961296407859692e+20 5.162685967477995602e+20 1.144006884567017849e+21 1.765760821097650979e+21 1.565092133919183602e+21 8.390287275203299901e+20 3.383977285513841213e+20 1.215403579831646454e+20 4.231238478969510298e+19 1.505848153303312589e+19 5.931550944654710784e+18 3.077977972615831040e+18 2.737626304839338496e+18 4.460208309810498560e+18 1.052038098468444365e+19 2.884630632092952986e+19 8.271102809416125645e+19 2.345497630167153377e+20 6.154325735130423624e+20 1.306909495263503843e+21 1.808442731391142068e+21 1.416864465652059472e+21 7.087386503529649930e+20 2.878159097408386171e+20 1.151525994629347246e+20 5.316028789934492877e+19 3.184578316923338752e+19 2.459559975480301978e+19 2.220718052571123302e+19 2.178782589637597594e+19 2.304013073445548442e+19 2.787355535784031437e+19 4.287251476121883443e+19 8.743274412396889702e+19 2.143609383267219866e+20 5.404997587533666058e+20 1.175040437635101360e+21 1.775888644402398364e+21 1.664415207577112281e+21 1.167380329908025819e+21 8.347295679696055828e+20 6.903349399973903729e+20 6.347972091620927734e+20 6.125836511914497147e+20 6.019818758497925857e+20
1.146876704154903904e+21 1.153451050376597209e+21 1.160029991176393458e+21 1.166612986557646504e+21 1.173199489765237981e+21 1.179788947323068613e+21 1.186380799081740501e+21 1.192974478289204937e+21 1.199569411724183077e+21 1.206165020013174981e+21 1.212760718483030540e+21 1.219355919600324444e+21 1.225950040112195699e+21 1.232542522133203649e+21 1.239132895601805492e+21 1.245720963464425636e+21 1.252307350912960037e+21 1.258895134435177136e+21 1.265494673174262972e+21 1.272137934255378661e+21 1.278920944524719030e+21 1.286129400308688486e+21 1.294608694357509800e+21 1.306839689588355367e+21 1.329942299574809133e+21 1.383015957060088758e+21 1.507038545564362342e+21 1.728378344590250607e+21 1.836882947526907920e+21 1.419444207846003835e+21 7.553144242532376904e+20 3.341786304870716539e+20 1.553015219975822377e+20 9.060748847433151283e+19 6.872464770671595520e+19 6.170661444727128883e+19 5.972358177171038208e+19 5.944380279657719398e+19 5.977164118768079667e+19 6.040996050636063539e+19 6.146700847421229466e+19 6.359934560912106291e+19 6.887684915361866547e+19 8.347301598447994470e+19 1.253550992888748442e+20 2.438178405069271204e+20 5.511838515434539581e+20 1.167651379372834816e+21 1.771485290602927751e+21 1.559352901779269353e+21 8.338745850962070733e+20 3.363894340722166333e+20 1.212544610710543729e+20 4.270748864248189747e+19 1.570279554547405824e+19 6.670917904555255808e+18 3.860892700093591552e+18 3.550191699288463360e+18 5.307951343779666944e+18 1.143532781265529446e+19 2.992762674429680026e+19 8.424130250452226867e+19 2.372440855713791017e+20 6.204948162708517683e+20 1.313539097289499083e+21 1.808849514355511788e+21 1.406949351049923920e+21 6.946752209143727391e+20 2.732876225845401682e+20 1.007999512829347758e+20 3.899504635919037235e+19 1.783761865732994048e+19 1.072902976562296218e+19 8.476470239179949056e+18 8.193216767353916416e+18 9.590238886358505472e+18 1.459866131438494720e+19 2.986762705667860070e+19 7.499579075216937779e+19 2.034654824005811569e+20 5.343918275866336952e+20 1.181169858091217322e+21 1.780816116555572838e+21 1.577370098330699825e+21 9.367953331536574546e+20 5.132587018441608397e+20 3.317755962130667274e+20 2.645229428839485604e+20 2.400571979153762222e+20 2.304611698431851889e+20
1.768763864755462734e+21 1.771275631236547084e+21 1.773713265904328638e+21 1.776076346013853942e+21 1.778364460909979238e+21 1.780577212178227790e+21 1.782714213791964332e+21 1.784775092259119956e+21 1.786759486773047591e+21 1.788667049385119973e+21 1.790497445247887081e+21 1.792250353070947434e+21 1.793925466203346174e+21 1.795522495537482039e+21 1.797041177700590682e+21 1.798481298553301369e+21 1.799842760970723656e+21 1.801125780605667115e+21 1.802331451220454277e+21 1.803463375999258591e+21 1.804532367856949789e+21 1.805569949510798934e+21 1.806666812026888389e+21 1.808079795433465184e+21 1.810507567252450312e+21 1.815614148027041186e+21 1.825455897474595029e+21 1.828447820473980944e+21 1.731964480932719886e+21 1.350034393573796348e+21 8.015931526416772628e+20 4.261892427753485763e+20 2.588656547394956493e+20 1.976519235617910948e+20 1.774355269894125978e+20 1.716076984157179085e+20 1.706751092877513523e+20 1.714051288422473728e+20 1.727327367820153324e+20 1.743671532944581591e+20 1.764071789200089088e+20 1.794711324837070766e+20 1.855102379944951480e+20 2.003412257604202988e+20 2.408815544277068349e+20 3.535079116969185772e+20 6.437395777135189688e+20 1.223421961413064917e+21 1.782833090425557090e+21 1.552619706667939398e+21 8.300080085368348344e+20 3.366869032318569677e+20 1.234768613916621373e+20 4.565802253454757069e+19 1.892650897121039565e+19 1.001005744372250624e+19 7.263231209042292736e+18 7.001293463293409280e+18 8.811780891876220928e+18 1.501887764411737907e+19 3.367447977206308045e+19 8.838703801831322419e+19 2.423670004890091848e+20 6.274414554033921720e+20 1.320917011304400028e+21 1.809404383144701067e+21 1.399625166105402671e+21 6.867953079409069261e+20 2.670367350440569405e+20 9.552980906992907059e+19 3.414244881963178803e+19 1.316259020327709286e+19 6.144918700898490368e+18 3.954253030987923968e+18 3.725867983675068928e+18 5.184266617902842880e+18 1.028328795990710272e+19 2.573366766931781632e+19 7.131252563382079488e+19 2.009992319423000740e+20 5.350517223101814538e+20 1.187369924094394630e+21 1.783074029987915629e+21 1.538893657729502020e+21 8.416639434727971881e+20 3.836411809352764621e+20 1.884514427034140344e+20 1.171033608807392215e+20 9.209607533496431411e+19 8.317308297550058291e+19
1.555354058719335023e+21 1.549806182315491328e+21 1.544218908969193439e+21 1.538593020843237310e+21 1.532929300825308135e+21 1.527228532322868658e+21 1.521491499060440334e+21 1.515718984877709984e+21 1.509911773527929258e+21 1.504070648473769476e+21 1.498196392668712665e+21 1.492289788294944260e+21 1.486351616365880410e+21 1.480382655927902798e+21 1.474383682074760708e+21 1.468355460464475374e+21 1.462298731545964315e+21 1.456214164544245203e+21 1.450102222637137658e+21 1.443962767543128556e+21 1.437793899888116761e+21 1.431588558552609587e+21 1.425324538887059276e+21 1.418935067908100063e+21 1.412220829718564831e+21 1.404576123171156787e+21 1.394052927401846899e+21 1.373713805591573955e+21 1.318048092351209931e+21 1.163424241760126894e+21 8.930567053575968522e+20 6.517838112143503524e+20 5.262510773653121925e+20 4.784697116508059075e+20 4.639180752573348577e+20 4.614422705042617795e+20 4.631255163093618524e+20 4.662329895363396239e+20 4.698605625552025682e+20 4.737604569152811172e+20 4.780126713352929280e+20 4.831287387909003674e+20 4.907218199329410908e+20 5.055930249665781432e+20 5.416842431207323730e+20 6.371746395000489902e+20 8.789316302794846372e+20 1.358482961319034094e+21 1.807069929597328687e+21 1.542619026981987025e+21 8.294937584442458767e+20 3.431989011712087163e+20 1.324744098626811167e+20 5.551691005275933901e+19 2.913226583552068813e+19 2.039694899591042253e+19 1.777765107366817382e+19 1.762731902377927475e+19 1.954848203722612736e+19 2.587747152423729971e+19 4.469012471491982131e+19 9.965181549380031283e+19 2.540597189980740649e+20 6.394734209385039135e+20 1.330637242836172145e+21 1.810165424116470907e+21 1.393123790172747727e+21 6.811322373364782203e+20 2.637489789931305697e+20 9.349422292118006989e+19 3.260049533983723110e+19 1.180532915887493939e+19 4.862579573513272320e+18 2.710301728585430016e+18 2.510962539737308672e+18 4.004266136870998528e+18 9.167093201565601792e+18 2.477067613570357248e+19 7.076212061196154470e+19 2.015559568258817720e+20 5.381608352269884457e+20 1.193703391543569678e+21 1.785004799868326642e+21 1.521570045188891214e+21 8.044212093630224794e+20 3.359918220154197115e+20 1.369996417749849047e+20 6.463718526376416870e+19 3.961170109512823603e+19 3.100526649953789133e+19
8.280325073465422643e+20 8.222713217419811226e+20 8.165336171811632579e+20 8.108195774002467963e+20 8.051293805228370166e+20 7.994631991148080005e+20 7.938212002399365366e+20 7.882035455173359043e+20 7.826103911803695923e+20 7.770418881438644961e+20 7.714981820912778609e+20 7.659794136231599145e+20 7.604857185920451871e+20 7.550172289970713395e+20 7.495740755755845550e+20 7.441563955250128486e+20 7.387643557436877701e+20 7.333982229998012989e+20 7.280585759790964408e+20 7.227469461968086630e+20 7.174677548973689405e+20 7.122341647504552755e+20 7.070857471561502556e+20 7.021417364017533420e+20 6.977608349539279831e+20 6.950145574244168499e+20 6.970356509704895857e+20 7.124145902629161533e+20 7.605229485501330227e+20 8.629367960911295283e+20 9.858205963878226985e+20 1.046954087860378403e+21 1.055854694568710767e+21 1.056427330967021289e+21 1.059775482610985992e+21 1.065090832830695866e+21 1.071185800347961524e+21 1.077557154703872098e+21 1.084040531674955645e+21 1.090613802553744163e+21 1.097363901835485118e+21 1.104597969666614362e+21 1.113241710525569040e+21 1.126025370364402336e+21 1.150838356018990809e+21 1.209207951877133828e+21 1.349983506143298454e+21 1.622533899135841468e+21 1.843905932127364710e+21 1.521162184101033935e+21 8.381675923719026115e+20 3.675526767375121777e+20 1.611218992487091077e+20 8.548022015881912320e+19 5.968106438105979290e+19 5.132739524537744589e+19 4.902693651967232410e+19 4.917321453376856064e+19 5.137461663902674125e+19 5.794731132354127462e+19 7.689326139992100045e+19 1.316506716457209528e+20 2.848464766374720307e+20 6.662386780464611328e+20 1.347251491724618891e+21 1.811508503470673494e+21 1.386753244944779182e+21 6.765726615485536010e+20 2.619594990390120940e+20 9.306855172873314304e+19 3.269863793754883686e+19 1.209475320448942899e+19 5.226268191696920576e+18 3.109451249284897792e+18 2.935493212304863744e+18 4.459607254216638976e+18 9.681215301752154112e+18 2.542989008923759002e+19 7.181455164771024077e+19 2.036487292435146015e+20 5.425208176706652078e+20 1.200301628682096083e+21 1.786904691282431705e+21 1.511982776885441724e+21 7.882272543364315873e+20 3.180920174887385170e+20 1.188548611888599040e+20 4.656459998753982874e+19 2.168282158437366989e+19 1.323756474727569613e+19
3.322662130249524183e+20 3.294356312059443282e+20 3.266265026221483622e+20 3.238387124069518541e+20 3.210721454086163005e+20 3.183266862124459622e+20 3.156022191624026194e+20 3.128986283841491436e+20 3.102157978107299103e+20 3.075536112197410488e+20 3.049119523041712538e+20 3.022907048429547684e+20 2.996897531767211950e+20 2.971089835934615470e+20 2.945482884493730120e+20 2.920075784860139520e+20 2.894868197319006618e+20 2.869861441213512745e+20 2.845061811545141740e+20 2.820490523363816571e+20 2.796213528078451343e+20 2.772430904382555423e+20 2.749744795933053747e+20 2.729961996904165212e+20 2.718493450245163909e+20 2.731487517031554089e+20 2.816678493254439404e+20 3.111235905889480212e+20 3.977330788483310551e+20 6.151339596248412324e+20 1.014683020363932893e+21 1.431460596799537938e+21 1.643152949296413540e+21 1.705584964309689303e+21 1.722687911837776216e+21 1.729529174870991045e+21 1.733884951167655739e+21 1.737513705649982669e+21 1.740879944381177528e+21 1.744126657448907375e+21 1.747317078549459108e+21 1.750526931398489014e+21 1.753943151432394080e+21 1.758096047021273907e+21 1.764480556057850544e+21 1.777021273685401534e+21 1.803650864564949221e+21 1.844132364098323612e+21 1.808008405964243599e+21 1.457442487176599175e+21 8.685939400313020088e+20 4.406945545811465339e+20 2.451236094135296000e+20 1.726053453500619162e+20 1.482327376653875282e+20 1.408713974137832571e+20 1.394322853602365604e+20 1.403848435345727816e+20 1.433262388679926743e+20 1.504627590153455534e+20 1.694427287273907814e+20 2.226629641493166817e+20 3.699155015902092984e+20 7.348009194834687427e+20 1.383385228164492689e+21 1.814457213449808642e+21 1.380009505811170853e+21 6.734273508792314102e+20 2.621600597994877092e+20 9.474717634657637171e+19 3.493209674804947763e+19 1.453681799465899213e+19 7.757320768037067776e+18 5.690067257857534976e+18 5.555210914585818112e+18 7.122856735217680384e+18 1.241272231635798426e+19 2.830581230880659866e+19 7.505197893976218010e+19 2.078015439973887508e+20 5.485517067355407647e+20 1.207642328758400582e+21 1.788864903320970461e+21 1.505047659170843591e+21 7.793242734665435709e+20 3.104689936432596910e+20 1.121942855946431201e+20 4.034077764741346099e+19 1.565351322860216525e+19 7.312866779543033856e+18
1.184552762746330808e+20 1.173763151984849551e+20 1.163068445316790190e+20 1.152467870276163502e+20 1.141960659525921997e+20 1.131546050842649887e+20 1.121223287117720945e+20 1.110991616359614218e+20 1.100850291744735396e+20 1.090798571786091069e+20 1.080835720863372083e+20 1.070961010843953889e+20 1.061173725958762168e+20 1.051473177445953536e+20 1.041858747428820419e+20 1.032330020420973363e+20 1.022887177258409984e+20 1.013532175218369167e+20 1.004272283195485553e+20 9.951306715688653619e+19 9.861781342853310054e+19 9.776281077103522611e+19 9.701212437830523290e+19 9.655773091753359770e+19 9.697421160679676314e+19 9.997725088101249843e+19 1.106562174712040489e+20 1.438152242866766971e+20 2.400482629929759212e+20 4.920710847946919772e+20 1.008163827152525197e+21 1.616877423967092081e+21 1.854114065524350255e+21 1.781917952353093550e+21 1.691456076820618936e+21 1.645526870022924534e+21 1.624989367897738445e+21 1.614478055988557251e+21 1.607513218828778865e+21 1.601740014704087794e+21 1.596339075820344574e+21 1.591023227411518980e+21 1.585672812267072389e+21 1.580180353988785603e+21 1.574305978333522297e+21 1.567333533633985118e+21 1.556900672909064798e+21 1.534310706540521193e+21 1.466802172733384819e+21 1.272343908640877707e+21 9.305513012431890678e+20 6.264767870363665695e+20 4.681124580399869460e+20 4.069904001063069942e+20 3.873519857290735124e+20 3.828215461594449183e+20 3.836040010543022735e+20 3.865320414763389420e+20 3.912143435532925665e+20 3.995391887819837932e+20 4.180904123875694346e+20 4.661371415034886881e+20 5.950837009119029494e+20 9.111562091621409096e+20 1.469600837348781195e+21 1.820842709552544612e+21 1.371862535108921393e+21 6.738214479399655834e+20 2.674326076262089032e+20 1.017850014432179814e+20 4.260623401540371251e+19 2.247350681772696781e+19 1.583339363613771162e+19 1.386553533368326758e+19 1.381877046995216179e+19 1.547580900720362496e+19 2.086947457562317210e+19 3.691060600669824614e+19 8.392664285008936960e+19 2.172302672100503388e+20 5.588344568244229898e+20 1.217168744446507876e+21 1.791094957483909972e+21 1.498949367928718098e+21 7.729828333428064911e+20 3.064557847682699756e+20 1.095496007884278170e+20 3.825317606852101734e+19 1.377699902385830298e+19 5.522366755608014848e+18
4.045369973202529485e+19 4.007690646381708083e+19 3.970358343811281715e+19 3.933369942757492326e+19 3.896722347200469402e+19 3.860412487704275354e+19 3.824437321263805235e+19 3.788793831273903718e+19 3.753479028007984333e+19 3.718489950241734656e+19 3.683823670578391859e+19 3.649477311925071462e+19 3.615448096907598643e+19 3.581733496751874048e+19 3.548331677192028160e+19 3.515242834585335808e+19 3.482473198356568474e+19 3.450047019457768653e+19 3.418042478853673779e+19 3.386699240879748710e+19 3.356740593070374912e+19 3.330338265360442163e+19 3.314001733572843930e+19 3.327227459177872179e+19 3.428361760325349786e+19 3.791676686933286912e+19 4.934761199902064640e+19 8.369037665713661542e+19 1.828750193522924913e+20 4.460396244662529556e+20 1.003525535345227727e+21 1.672726250814344004e+21 1.792526413954701853e+21 1.426559801999184626e+21 1.122078361918762123e+21 9.800066972724355400e+20 9.232755007913017999e+20 8.996254253884714516e+20 8.876373259247566193e+20 8.796429512762544620e+20 8.730148057850275430e+20 8.668722830180341514e+20 8.609428255805411164e+20 8.552068439077907333e+20 8.498750965170016092e+20 8.456684595783102628e+20 8.447183496138219848e+20 8.527724374651464581e+20 8.818582097977598280e+20 9.397200229913831670e+20 9.871080265896852193e+20 9.737281235729422746e+20 9.396165861273696993e+20 9.221676387235992699e+20 9.187960743324064154e+20 9.216029324056482284e+20 9.267240778521441731e+20 9.328625825333132657e+20 9.400111136545967964e+20 9.494652376719401943e+20 9.654676689870045839e+20 1.000323369676859769e+21 1.086771330340006789e+21 1.292419600758236512e+21 1.649119829003665670e+21 1.827782230726017024e+21 1.358880884594546835e+21 6.841725109140112015e+20 2.872912158905894830e+20 1.243271952563288474e+20 6.605401724249008538e+19 4.635421995257097421e+19 4.000698854294499328e+19 3.828805755521998029e+19 3.847550675900688794e+19 4.035820708086901965e+19 4.596048645653846426e+19 6.215779894509135462e+19 1.091646256834347827e+20 2.419380730307499131e+20 5.813842459204023091e+20 1.233103877872762225e+21 1.794205045383652704e+21 1.492970170436385505e+21 7.677578056459913789e+20 3.040540997553111040e+20 1.086724585659147059e+20 3.797673182666333389e+19 1.372016857958466560e+19 5.548920479384339456e+18
1.361265419737012838e+19 1.348491494713621094e+19 1.335836995351595622e+19 1.323300813438400922e+19 1.310881850908994765e+19 1.298579019755764736e+19 1.286391242033676493e+19 1.274317449979926733e+19 1.262356586533734195e+19 1.250507607129874637e+19 1.238769485183498445e+19 1.227141228840507187e+19 1.215621931049842074e+19 1.204210919903865037e+19 1.192908209107545907e+19 1.181715847291423539e+19 1.170641959709142426e+19 1.159712853819910144e+19 1.149009277971156992e+19 1.138775021911739392e+19 1.129742188357581210e+19 1.124105381468854272e+19 1.128439054599267123e+19 1.162430822675101491e+19 1.284997489081580339e+19 1.672132987364387226e+19 2.846738069702613402e+19 6.337516497735213875e+19 1.639996851273972122e+20 4.319622557858420490e+20 1.004951442065713005e+21 1.689581857512217903e+21 1.718710723055532638e+21 1.150008736182171468e+21 6.950298950114538947e+20 4.863587582620974449e+20 4.067854244538826752e+20 3.771818067663450276e+20 3.651394182671724052e+20 3.590851172613356257e+20 3.550675533929899622e+20 3.517706346426767770e+20 3.487992659494788137e+20 3.461599727313720443e+20 3.442706741090646098e+20 3.445116864728875663e+20 3.510078997040958669e+20 3.756278759724223037e+20 4.497115754775141417e+20 6.370102343585696317e+20 9.826817222420428227e+20 1.347624209905431085e+21 1.540799287232031359e+21 1.603948257998449934e+21 1.624269641788621324e+21 1.633503838773135278e+21 1.639683701388774998e+21 1.644965534624387432e+21 1.650113309687101784e+21 1.655737386967774790e+21 1.663100847917654082e+21 1.675611904761104433e+21 1.702071079402420568e+21 1.759336516703950209e+21 1.843055344928593019e+21 1.787902382954959340e+21 1.327569735768276206e+21 7.207360464967637402e+20 3.481382585613387039e+20 1.912012668510960681e+20 1.348519143824798515e+20 1.161499946108111094e+20 1.105538680048721101e+20 1.095105668050421678e+20 1.103418702298983465e+20 1.128284034994144870e+20 1.189245841495096033e+20 1.352812362903084892e+20 1.814464293277898179e+20 3.105215413352200929e+20 6.390821361019896463e+20 1.267375651066335461e+21 1.799860644820776124e+21 1.486573865201052942e+21 7.636437808246751232e+20 3.033663993785387581e+20 1.096376762626941583e+20 3.957515023130896794e+19 1.555301407849716736e+19 7.476156053954831360e+18
4.557870738756585984e+18 4.514993748684932096e+18 4.472519621660116992e+18 4.430444581636121088e+18 4.388764888103092736e+18 4.347476835817163264e+18 4.306576754967701504e+18 4.266061013454617600e+18 4.225926022304988672e+18 4.186168254676291072e+18 4.146784301592343552e+18 4.107771041209724416e+18 4.069126145201742848e+18 4.030849596019037696e+18 3.992948233061758464e+18 3.955449368526038016e+18 3.918441570664368128e+18 3.882196817294374912e+18 3.847536365886939136e+18 3.816926591087801344e+18 3.797761145782387712e+18 3.812191021459602432e+18 3.926562097059296768e+18 4.339539172950075904e+18 5.645635631422176256e+18 9.620795392968136704e+18 2.154201170720486605e+19 5.684044438765354189e+19 1.585030361511967785e+20 4.293797239393206272e+20 1.009322929936416637e+21 1.696933054791010746e+21 1.681663475985269129e+21 1.023551556052997374e+21 5.034230498184843100e+20 2.663819016192537068e+20 1.775184372319335547e+20 1.459596936460304548e+20 1.345081655430669435e+20 1.298939854357444362e+20 1.275918361998604861e+20 1.260956931798026486e+20 1.249518237700455137e+20 1.241602713847739843e+20 1.241751715869974364e+20 1.265038860078569718e+20 1.356696252002323005e+20 1.648661736901366252e+20 2.504657784362235658e+20 4.770310694561484636e+20 9.522223714336369541e+20 1.548745760152259396e+21 1.840027352129839825e+21 1.828842490601870721e+21 1.770784350965470593e+21 1.738303598762885906e+21 1.723358464472983536e+21 1.715605931429615108e+21 1.710406526193240900e+21 1.706016536974465171e+21 1.701747073315234382e+21 1.697110774966296248e+21 1.691085314929211998e+21 1.680003965370755973e+21 1.648122818873966985e+21 1.535089475006069998e+21 1.232620803095948165e+21 8.113194769304006164e+20 5.115612828246878454e+20 3.746288199560092713e+20 3.247119527738541998e+20 3.090546079797970862e+20 3.055361829066814259e+20 3.062604928128816251e+20 3.087286585951107809e+20 3.127075358781573038e+20 3.199290111891187958e+20 3.363189700272567747e+20 3.792877103560913060e+20 4.960922410162705531e+20 7.903994323224030085e+20 1.350328414986910040e+21 1.811900166285241352e+21 1.478651019719032177e+21 7.620634098241665761e+20 3.067264111140042179e+20 1.149392219375125135e+20 4.558309353276108800e+19 2.183928484756260864e+19 1.389701410129512038e+19
1.523546033372360448e+18 1.509201758870534912e+18 1.494992483546330624e+18 1.480916937888773632e+18 1.466973864378095104e+18 1.453162017948910848e+18 1.439480166067419136e+18 1.425927090995832832e+18 1.412501596032438784e+18 1.399202524450497280e+18 1.386028816276342528e+18 1.372979679073996032e+18 1.360055098870873088e+18 1.347257371867012352e+18 1.334595690800954368e+18 1.322099883950522368e+18 1.309861564613878528e+18 1.298157380655642112e+18 1.287818169876502528e+18 1.281334633912894720e+18 1.286168961011586816e+18 1.324673119702779136e+18 1.463790619397045248e+18 1.903971374034527232e+18 3.245065330849839616e+18 7.278942851065867264e+18 1.932981761270824550e+19 5.496601829173884518e+19 1.575481270896941466e+20 4.307406974160116777e+20 1.014783990131409551e+21 1.701749727206755009e+21 1.665004705863762969e+21 9.730994091523272868e+20 4.307383697037024297e+20 1.844865932254981652e+20 9.276601927118790656e+19 6.074063327625954099e+19 4.964338858941719347e+19 4.565435208462671872e+19 4.406308329644878234e+19 4.330238604156823962e+19 4.289929141323741594e+19 4.285041770204179661e+19 4.361747840052642611e+19 4.673679725743116288e+19 5.682560904189733274e+19 8.741071331164708864e+19 1.762755843430903972e+20 4.147738664348320399e+20 9.355493320927194644e+20 1.614274852676124279e+21 1.827645974924262113e+21 1.535745704461853262e+21 1.256507092885992636e+21 1.120896231038647271e+21 1.065671214460225847e+21 1.042195936455774700e+21 1.029996528936579105e+21 1.021691620855515316e+21 1.014792468377320948e+21 1.008618131775628247e+21 1.003423427038479254e+21 1.000637274830830698e+21 1.003685404630257369e+21 1.015211556612713218e+21 1.015542603609811321e+21 9.552675650850110833e+20 8.588499758079254200e+20 7.960499147497703997e+20 7.716553816620314132e+20 7.662230120760850514e+20 7.680220379406726595e+20 7.724153529409030062e+20 7.779143917457865441e+20 7.844471789037619773e+20 7.932701318049858847e+20 8.085729130811268792e+20 8.426047045813824389e+20 9.285523441104001434e+20 1.139243002283740758e+21 1.535246347507998654e+21 1.833942721231979282e+21 1.465584962092092621e+21 7.675382053949698212e+20 3.216325193911729521e+20 1.326764724938936484e+20 6.426160047542468608e+19 4.093464177048055808e+19 3.325075889554841600e+19
5.089868347079393920e+17 5.041933670240720640e+17 4.994450373509236480e+17 4.947414207212040320e+17 4.900820964777667200e+17 4.854666481706800640e+17 4.808946643163269120e+17 4.763657405074454400e+17 4.718794860391704320e+17 4.674355425391464960e+17 4.630336418521130240e+17 4.586737784327808000e+17 4.543567242600288000e+17 4.500855752778192000e+17 4.458703782892902400e+17 4.417419935235656960e+17 4.377936129364372480e+17 4.343051156878609280e+17 4.321155332386524800e+17 4.337386396425088000e+17 4.467042705407687680e+17 4.935655564808500480e+17 6.418669878309386240e+17 1.093856165151761792e+18 2.454757617722609152e+18 6.532462879447501824e+18 1.869849861829055283e+19 5.465697116355410330e+19 1.581245200757717729e+20 4.334415199786182246e+20 1.020620609662353277e+21 1.705780494314512843e+21 1.656328027464756101e+21 9.517856353039657206e+20 4.035714295626188718e+20 1.553961744428858081e+20 6.321836566523795046e+19 3.122785082975015731e+19 2.032585193763635200e+19 1.658295506019219046e+19 1.525290292099110502e+19 1.475697025158320742e+19 1.461895937748118323e+19 1.483602426901841101e+19 1.587480141192493670e+19 1.928757724157244621e+19 2.974137189874001510e+19 6.092694168336578150e+19 1.512370711000698061e+20 3.945756450822900285e+20 9.321478379958861824e+20 1.634771781394438029e+21 1.765936985947953431e+21 1.249388425708057395e+21 7.898950077391423406e+20 5.713825418763107041e+20 4.867659576890848707e+20 4.549312145194857267e+20 4.417942632347848540e+20 4.351335958250920346e+20 4.309288117514278011e+20 4.283379625813058519e+20 4.286131654766488453e+20 4.366739392345698468e+20 4.667508296311647109e+20 5.540877041091385098e+20 7.561395696109782303e+20 1.066900309399093903e+21 1.320858883046793806e+21 1.431216568561483121e+21 1.467800182060148589e+21 1.482481356474301546e+21 1.491122017251831579e+21 1.497952435321415926e+21 1.504259780174856585e+21 1.510614992461749813e+21 1.517682040201498853e+21 1.527068574897268326e+21 1.543262573858555167e+21 1.578233238459465335e+21 1.657552366570621370e+21 1.795714639793038557e+21 1.835599801903598797e+21 1.433566521625554715e+21 7.917045494744666604e+20 3.692298971032203428e+20 1.861976236018169610e+20 1.195883071616709591e+20 9.713781409950916608e+19 9.008579942760136704e+19
1.700107832960252160e+17 1.684095313786529600e+17 1.668233606279055360e+17 1.652521288862416960e+17 1.636956958874368960e+17 1.621539225360817280e+17 1.606266725415766400e+17 1.591138140649927360e+17 1.576152261649880000e+17 1.561308182513508160e+17 1.546605881497103040e+17 1.532047961026754240e+17 1.517644842514974080e+17 1.503430373068917120e+17 1.489508506403836160e+17 1.476193168931896000e+17 1.464427174324049920e+17 1.457036922000374400e+17 1.462490449136484800e+17 1.506153364039067520e+17 1.664001642021468480e+17 2.163591209538328320e+17 3.686425112897011200e+17 8.273109373218641920e+17 2.203009357307127040e+18 6.319780195770051584e+18 1.859677732409382093e+19 5.487417854553006899e+19 1.592203462477531382e+20 4.366047576988707062e+20 1.026588431704245797e+21 1.709525637438152638e+21 1.650462814429675782e+21 9.407083375394359869e+20 3.923457895818961879e+20 1.447695107499990057e+20 5.295703376447819776e+19 2.116546012731249459e+19 1.039407865133670605e+19 6.756753695906812928e+18 5.523144362788209664e+18 5.120218878052001792e+18 5.074203797066910720e+18 5.384502740526127104e+18 6.522778045794580480e+18 1.005579563663288730e+19 2.069392056205844070e+19 5.225927390481992909e+19 1.435492479766978560e+20 3.897051147206861783e+20 9.346954696821853389e+20 1.643721562975611388e+21 1.731508898539944542e+21 1.109721896949865906e+21 5.666590938972916285e+20 3.101650179417562808e+20 2.126717195700005437e+20 1.778098132855783752e+20 1.650961839976642642e+20 1.600284536825785221e+20 1.578361495960165745e+20 1.575012353142358999e+20 1.604413007089318953e+20 1.723262629599013765e+20 2.099717022642352620e+20 3.183326567563439636e+20 5.913864613921318502e+20 1.101579279877989204e+21 1.624537222004639531e+21 1.830918517944108188e+21 1.835031581075023069e+21 1.812132521179354497e+21 1.799094831603671630e+21 1.792898242625684636e+21 1.789476041369983123e+21 1.787017520333958152e+21 1.784853174764198429e+21 1.782751534930714690e+21 1.780618437526056075e+21 1.778211875089889362e+21 1.773665884331758846e+21 1.753876678940194767e+21 1.653779838214630539e+21 1.335098623201960264e+21 8.550072483920024699e+20 5.007515916146790236e+20 3.359579589885250109e+20 2.749054432400448225e+20 2.550142739402137272e+20 2.497072918586641613e+20
5.678312943455713600e+16 5.624829955692621600e+16 5.571850724644078400e+16 5.519370511725376000e+16 5.467384629816204800e+16 5.415888470279469600e+16 5.364877598170426400e+16 5.314347928502257600e+16 5.264296409435992000e+16 5.214722965061638400e+16 5.165636346900563200e+16 5.117071667826857600e+16 5.069142940787568000e+16 5.022200315413399200e+16 4.977301334964132000e+16 4.937621980838207200e+16 4.912683371764787200e+16 4.931011346383136000e+16 5.078053892433753600e+16 5.609749799056648000e+16 7.292679387424310400e+16 1.242281326442419840e+17 2.787628921608481280e+17 7.424206927611964160e+17 2.131314763578482944e+18 6.285778072539548672e+18 1.867297539292257075e+19 5.527000418234449920e+19 1.604970535717151703e+20 4.399370136714994647e+20 1.032606866728951611e+21 1.713140080163399401e+21 1.645536339700566196e+21 9.331314603460505108e+20 3.865490444226062582e+20 1.404133031736011325e+20 4.923772837836070912e+19 1.769737767660299059e+19 7.032954069146442752e+18 3.452377666420274688e+18 2.258398627597943296e+18 1.889397126920454656e+18 1.875914210757664256e+18 2.220218727337764096e+18 3.399173665990536704e+18 6.993946748000138240e+18 1.775731350974009754e+19 4.963530036731674624e+19 1.417701181450337812e+20 3.901133749262429061e+20 9.394155315238185206e+20 1.649514364643998171e+21 1.715853828295341900e+21 1.053097503807719604e+21 4.802182709738636575e+20 2.107173934173595566e+20 1.090027104811982193e+20 7.330485402847087821e+19 6.092980173520318464e+19 5.659310976350681498e+19 5.526477446418667110e+19 5.585532918506514022e+19 5.980462564383896371e+19 7.293921778192889446e+19 1.126805421163023565e+20 2.266691657065725624e+20 5.215162734211756196e+20 1.106846272044000477e+21 1.724079846432626967e+21 1.808815239496380187e+21 1.551058821981863412e+21 1.355348101953648853e+21 1.265800587326040572e+21 1.228656336136789819e+21 1.211456071998104666e+21 1.201253104754643436e+21 1.193443705592805065e+21 1.186457766153313321e+21 1.179793366161449026e+21 1.173370412141570556e+21 1.167343979666490786e+21 1.161448090759273120e+21 1.149156237222126289e+21 1.096403658602518675e+21 9.572460302424767201e+20 7.940480735758370734e+20 6.960690034393548063e+20 6.572481945242214072e+20 6.462578178944975503e+20 6.457107410343729562e+20
1.896501313059635600e+16 1.878638347608432000e+16 1.860943643729213600e+16 1.843415606025554000e+16 1.826052700858307600e+16 1.808853419033919200e+16 1.791816385166276600e+16 1.774940567394142200e+16 1.758225943845145600e+16 1.741675462142845800e+16 1.725300947519949400e+16 1.709140802712374200e+16 1.693312985413490000e+16 1.678173733492624600e+16 1.664792917220171800e+16 1.656377890693334800e+16 1.662537958178750800e+16 1.712057545057609400e+16 1.891153613714935600e+16 2.458062602052667600e+16 4.186241137801681600e+16 9.392248742959193600e+16 2.501387268467241600e+17 7.182460826253656320e+17 2.119874753054475008e+18 6.311791802744716288e+18 1.880958164936365261e+19 5.572830091075570893e+19 1.618415749820519547e+20 4.433404702914923069e+20 1.038649552271520170e+21 1.716673225723275117e+21 1.640899259061264712e+21 9.267475376469953741e+20 3.825920819737148785e+20 1.381697759164797420e+20 4.771719169151445402e+19 1.644361173420519629e+19 5.877441291942856704e+18 2.336902877420177408e+18 1.163314435021337856e+18 8.082901958747393280e+17 8.072915664878393600e+17 1.165662104993662208e+18 2.365562057954694144e+18 6.002656633766126592e+18 1.687217445162107904e+19 4.904252075174188646e+19 1.419828565427335168e+20 3.923131429330217206e+20 9.448834201954620539e+20 1.654324192211905544e+21 1.707912995751374094e+21 1.029369436081600856e+21 4.478747068652457165e+20 1.751989031635995197e+20 7.260291629626500710e+19 3.683631462194821120e+19 2.466446333118516429e+19 2.062009179029304525e+19 1.961472700126920294e+19 2.054630678709639168e+19 2.487089616507949056e+19 3.848510478201953485e+19 7.906030252356352410e+19 1.952532300462046249e+20 4.981646079675102659e+20 1.110234954938854408e+21 1.747294267294011359e+21 1.690191607490532606e+21 1.173795577390426227e+21 8.054652439437909688e+20 6.424753569003926979e+20 5.799677954522719846e+20 5.555665702358903685e+20 5.445064682703832351e+20 5.380642122535852442e+20 5.334015515688204370e+20 5.299771265487096381e+20 5.288479224363184292e+20 5.340014586934032466e+20 5.569220071745761444e+20 6.258991625714812846e+20 7.861008893808695050e+20 1.028969085649657659e+21 1.220659950504781545e+21 1.299513005269970321e+21 1.325023088094136238e+21 1.336426456266265330e+21 1.344354819868752085e+21
6.334086161201169000e+15 6.274425797188044000e+15 6.215327578825457000e+15 6.156785960824217000e+15 6.098795989735742000e+15 6.041353239621557000e+15 5.984454017910902000e+15 5.928098170210574000e+15 5.872295796409241000e+15 5.817086704220963000e+15 5.762600069291888000e+15 5.709233595645722000e+15 5.658187008529096000e+15 5.613064411398283000e+15 5.584670137639975000e+15 5.605374703551336000e+15 5.772142534167915000e+15 6.375408060864441000e+15 8.285080921789943000e+15 1.410669015029873800e+16 3.164416300269256400e+16 8.427081185269344000e+16 2.419865121089976960e+17 7.143880570060659200e+17 2.128671879727341056e+18 6.358184832242620416e+18 1.896735049536278528e+19 5.621029451515078246e+19 1.632162041365250048e+20 4.467825771798747546e+20 1.044707755405137150e+21 1.720140784390696337e+21 1.636329852499615285e+21 9.207764865597129359e+20 3.792656613984767836e+20 1.366399628500941865e+20 4.693479810910555341e+19 1.593150179037268582e+19 5.460075187718181888e+18 1.953775048651918336e+18 7.940642154633396480e+17 4.463140644556850560e+17 4.510829357327194880e+17 8.168594340377351680e+17 2.031160303889210624e+18 5.704268626294120448e+18 1.667413931747643187e+19 4.913174867229932749e+19 1.428687323231687639e+20 3.951261999255375053e+20 9.506099357105043538e+20 1.658786668075691803e+21 1.702728906317503660e+21 1.017323174007535043e+21 4.346831446160120218e+20 1.622782367624414167e+20 5.996033901003091968e+19 2.438036006671783117e+19 1.235064153612958515e+19 8.431823010331136000e+18 7.548256182453220352e+18 8.608073137351700480e+18 1.308778069470157619e+19 2.694236399407188378e+19 6.802278689364104806e+19 1.855659101877564539e+20 4.925591280362939351e+20 1.115163353630649090e+21 1.754093740564411580e+21 1.621306600866168439e+21 9.735593989766431375e+20 5.173851359382827172e+20 3.176271250016315638e+20 2.433045567055027241e+20 2.165022065903070085e+20 2.062982957323374100e+20 2.018162337912525292e+20 1.995215295718103777e+20 1.987342924990662246e+20 2.007458299664622223e+20 2.104790656542252401e+20 2.425078303313805640e+20 3.360508692386338570e+20 5.750701246132292813e+20 1.034732393605813502e+21 1.539148099267915940e+21 1.780086301523616465e+21 1.821381612471539728e+21 1.818053725959656309e+21 1.813749117174338552e+21
2.115503664258626750e+15 2.095577947723705000e+15 2.075839844662099750e+15 2.056287888338387250e+15 2.036920161703635250e+15 2.017735892791830750e+15 1.998734785682669250e+15 1.979920288491008000e+15 1.961305794827169250e+15 1.942934804975975750e+15 1.924941280772853000e+15 1.907729423622116000e+15 1.892513458865336250e+15 1.882932601546271500e+15 1.889891643562080750e+15 1.946054371098200500e+15 2.149257633713474500e+15 2.792543551107851000e+15 4.753624999745593000e+15 1.066139670013178800e+16 2.838976336675289200e+16 8.152161062929593600e+16 2.406843857251589440e+17 7.173533936854492160e+17 2.144341051603271936e+18 6.411721264885372928e+18 1.913318233365742387e+19 5.670305835148831949e+19 1.646084046305655194e+20 4.502525379489519370e+20 1.050778430669304103e+21 1.723547537515744330e+21 1.631753045232785031e+21 9.149558403901984604e+20 3.761641296982881731e+20 1.353552127985363190e+20 4.640150162739935642e+19 1.566807071000397824e+19 5.289657742517702656e+18 1.815468245984941568e+18 6.673949217412853760e+17 3.246589936783553920e+17 3.329499844116887040e+17 7.039254466749442560e+17 1.930504459222302720e+18 5.637713629481055232e+18 1.670657615599844147e+19 4.945138657256117043e+19 1.439862382863945400e+20 3.981580735719787725e+20 9.564321565687143465e+20 1.663101971338125902e+21 1.698466324540715958e+21 1.009283994004011090e+21 4.280365548440432148e+20 1.570595287186091213e+20 5.540538524581407949e+19 2.009465305413563597e+19 8.183916911530462208e+18 4.332282416194354176e+18 3.500849470932014080e+18 4.615836270700571648e+18 9.176423738200413184e+18 2.319445273890381414e+19 6.468364819841277952e+19 1.833314557919367332e+20 4.931567160456442020e+20 1.120907524193316241e+21 1.757711677854611407e+21 1.590830202694578209e+21 8.918790911097263882e+20 4.031534347731589530e+20 1.901614815567819899e+20 1.117943375144221901e+20 8.437760738532900864e+19 7.473634794599594394e+19 7.120851778702440038e+19 7.000101709743516877e+19 7.036560678594813133e+19 7.362464903058390221e+19 8.488272297101297254e+19 1.193876089971634831e+20 2.192152749978380861e+20 4.815453458318838989e+20 1.023755942458952122e+21 1.659732195165647929e+21 1.845151666644624081e+21 1.662209445952023953e+21 1.495624307243764679e+21 1.415692627557266751e+21
7.065506421857802500e+14 6.998957547790240000e+14 6.933034352176072500e+14 6.867734390456257500e+14 6.803051615563695000e+14 6.738987571430412500e+14 6.675551392987560000e+14 6.612790041500918750e+14 6.550850447834930000e+14 6.490181896209055000e+14 6.432147292618938750e+14 6.380836641661525000e+14 6.348509278264477500e+14 6.371899205148048750e+14 6.561038983933190000e+14 7.245506637695110000e+14 9.412457050519210000e+14 1.601859480356561750e+15 3.591976153266960000e+15 9.564063661635420000e+15 2.746262958639840800e+16 8.108200979710372800e+16 2.416828469521291520e+17 7.226357831358001920e+17 2.162419426399229696e+18 6.467983398999608320e+18 1.930271073279986893e+19 5.720229912926979686e+19 1.660140448801490862e+20 4.537468033268813005e+20 1.056860358251086479e+21 1.726894707685053956e+21 1.627143732591183790e+21 9.091975240589689487e+20 3.731515691247290286e+20 1.341587303183481733e+20 4.595378890452582400e+19 1.548853023659569562e+19 5.202009692117404672e+18 1.759036101049468160e+18 6.217908873632700160e+17 2.832959585966764160e+17 2.943593778527841280e+17 6.698162821224584960e+17 1.908029630371247104e+18 5.648897353747588096e+18 1.681687710920457421e+19 4.985051881439684198e+19 1.451878669033884713e+20 4.012771318650594263e+20 9.622962905558004531e+20 1.667334926640970990e+21 1.694483492431732408e+21 1.002608840364144329e+21 4.236089930325223670e+20 1.544383155988668744e+20 5.357172607990231040e+19 1.855565605044603290e+19 6.755202281626316800e+18 2.950739586501213696e+18 2.147843467990899968e+18 3.293420939732098048e+18 7.910231375135869952e+18 2.206700362439054131e+19 6.393606282097279795e+19 1.836150917829576950e+20 4.958673753984984023e+20 1.126951473232523297e+21 1.760594026206185128e+21 1.576659189375806996e+21 8.594400151460752916e+20 3.610873945770501079e+20 1.445655281513084518e+20 6.524453939064560845e+19 3.779359482718556979e+19 2.842725839894053683e+19 2.527560635479848960e+19 2.447839078885042176e+19 2.527158609058896691e+19 2.899188351538205491e+19 4.081075393398990438e+19 7.621713687910516326e+19 1.782827140883007406e+20 4.487670871603355976e+20 1.020152018722798830e+21 1.692446269491011650e+21 1.755445236206327824e+21 1.294787698943704433e+21 9.270228502290078106e+20 7.579121982919839580e+20
2.359786236217642812e+14 2.337560305420407812e+14 2.315543320090644375e+14 2.293734250940334688e+14 2.272134641901505000e+14 2.250747323516201875e+14 2.229585419206643438e+14 2.208701679983706250e+14 2.188246124575882188e+14 2.168678587404810625e+14 2.151375483871357812e+14 2.140467089466139062e+14 2.148329048662748125e+14 2.212025508312924375e+14 2.442581392347101562e+14 3.172532382957626875e+14 5.397887428413992500e+14 1.210186775643383750e+15 3.221972560265966500e+15 9.251398230219974000e+15 2.731420617713608400e+16 8.141807771271656000e+16 2.434625260244622080e+17 7.287305084329555200e+17 2.181417483342013696e+18 6.525498797239863296e+18 1.947448616389634048e+19 5.770660713670775603e+19 1.674317998119704658e+20 4.572642373984834683e+20 1.062952900362997596e+21 1.730182361257697870e+21 1.622493800973942129e+21 9.034720989858818949e+20 3.701824223098216776e+20 1.329980514838073180e+20 4.553700289562822246e+19 1.533781862208313549e+19 5.142280372188719104e+18 1.730042502059118336e+18 6.032949354880183040e+17 2.687648440285502080e+17 2.823509322138088960e+17 6.620696683891604480e+17 1.911768292135352832e+18 5.686345318035216384e+18 1.695406926137095373e+19 5.027875194540095078e+19 1.464244002566648136e+20 4.044395336072854241e+20 9.681845226652916777e+20 1.671506501794099626e+21 1.690560313891865494e+21 9.964022289157994578e+20 4.199403173508513792e+20 1.526941966311082230e+20 5.265172641450053632e+19 1.793690940544471654e+19 6.243145178224078848e+18 2.478923474355695104e+18 1.696605132823650048e+18 2.864597939590691840e+18 7.529628880638083072e+18 2.181765894361159270e+19 6.405912070568675738e+19 1.847501082533881446e+20 4.993007170235169505e+20 1.133097200412860875e+21 1.763242572164842390e+21 1.568405628317188227e+21 8.447426995647669862e+20 3.449648465068467159e+20 1.283666966453153956e+20 4.917570641574102630e+19 2.187628848138814259e+19 1.266096276758566707e+19 9.658907477969735680e+18 9.012171458471702528e+18 9.962680300269033472e+18 1.386421425857021542e+19 2.593986360315702477e+19 6.184037863096340480e+19 1.651782924300178227e+20 4.396155105291507466e+20 1.022434684317388374e+21 1.703059828467832193e+21 1.692644371428058595e+21 1.077396875513149653e+21 5.966084677036237128e+20 3.780268059733895414e+20
