0.0,0.0,0.0,0.0,0.0,0.0,0.0,0.0,0.0,0.0,0.0,0.0,0.0,0.0,0.0,0.0,0.0,0.0,0.0,0.0,0.0,0.0,0.0,7.222237291452134e-35,0.0,2.407412430484045e-34,8.185202263645752e-34,4.237045877651919e-33,1.9788930178578848e-32,9.367241767013418e-32,4.453953737638531e-31,2.1141173740781736e-30,1.0037513535908786e-29,4.7654512394312924e-29,2.2624775354841556e-28,1.0741491245502118e-27,5.099702207217779e-27,2.4211676845548134e-26,1.1494868935390948e-25,5.457313948579956e-25,2.59079898995239e-24,1.2296823018492045e-23,5.830404302510363e-23,2.750797382269259e-22,1.2681955847513407e-21,5.2780896331317305e-21,1.516632999002847e-20,1.904342078789374e-20,9.134207502361766e-21,2.466931790837994e-21,5.508209493748707e-22,1.1749039831828995e-22,2.4813099412071745e-23,5.229327387393325e-24,1.1016239649145502e-24,2.322374057504809e-25,4.985085243624535e-26,1.4936725328506136e-26,2.4209810908321514e-26,1.0510258615904588e-25,4.96917271702483e-25,2.3586984409402393e-24,1.1196802614121479e-23,5.312666173806552e-23,2.515082491530666e-22,1.1780856253196006e-21,5.2552699199726976e-21,1.91648691132351e-20,3.8526880559730865e-20,2.937605701663237e-20,9.964747465974404e-21,2.3751291755524675e-21,5.151720310736701e-22,1.137714096304044e-22,4.594514665290632e-23,1.1377140963040652e-22,5.151720310736797e-22,2.3751291755525175e-21,9.964747465974575e-21,2.937605701663268e-20,3.852688055973066e-20,1.9164869113234834e-20,5.2552699199726976e-21,1.1780856253196367e-21,2.515082491530666e-22,5.312666173795718e-23,1.1196802614145553e-23,2.358698440916165e-24,4.96917271702483e-25,1.051025861229347e-25,2.4209810956469763e-26,1.4936725268320825e-26,4.985085254457891e-26,2.322374057143697e-25,1.1016239650228837e-24,5.2293273872368434e-24,2.4813099412240264e-23,1.174903983181094e-22,5.508209493750392e-22,2.466931790837982e-21,9.134207502361886e-21,1.9043420787893764e-20,1.5166329990028327e-20,5.27808963313161e-21,1.2681955847513407e-21,2.750797382269259e-22,5.83040430251277e-23,1.229682301846797e-23,2.59079898995239e-24,5.457313948579956e-25,1.1494868932983536e-25,2.421167682147401e-26,5.0997022553660275e-27,1.0741490764019632e-27,2.2624780169666417e-28,4.7654512394312924e-29,1.0037441313535872e-29,2.114213670575393e-30,4.452990772666338e-31,9.381686241596323e-32,1.9740781929969167e-32,4.1648235047373975e-33,9.388908478887775e-34,1.4444474582904269e-34,4.81482486096809e-35,4.81482486096809e-35,0.0,0.0,0.0,0.0,0.0,0.0,0.0,0.0,0.0,0.0,0.0,0.0,0.0,0.0,0.0,0.0,0.0,0.0,0.0,0.0,0.0,0.0,0.0
0.0,0.0,0.0,0.0,0.0,0.0,0.0,0.0,0.0,0.0,0.0,0.0,0.0,0.0,0.0,0.0,0.0,0.0,0.0,0.0,0.0,0.0,0.0,0.0,7.222237291452134e-35,1.2037062152420224e-34,4.333342374871281e-34,2.0222264416065976e-33,9.846316840679743e-33,4.6487134032646905e-32,2.210004611184353e-31,1.0488614477132886e-30,4.979732612456247e-30,2.364223451481161e-29,1.1224526753357832e-28,5.329033711644899e-28,2.5300477771039763e-27,1.2011822046052927e-26,5.702806254485918e-26,2.707486119200229e-25,1.2853869062598846e-24,6.101745403081616e-24,2.895004399571095e-23,1.3701798385748595e-22,6.410321839705006e-22,2.8441515760019637e-21,1.0163337255513457e-20,1.9489933215643893e-20,1.407336333924136e-20,4.628441915605347e-21,1.0925894020812413e-21,2.360101213504399e-22,4.99784553997895e-23,1.053889677223045e-23,2.220356229257124e-24,4.677942690733209e-25,9.899604985847174e-26,2.305265173557047e-26,1.5305628277853394e-26,5.283716169589648e-26,2.4667603785638e-25,1.1702405600278225e-24,5.5553778495971985e-24,2.6367164586665205e-23,1.2500510102855117e-22,5.895113040054827e-22,2.7121609465476702e-21,1.1188821564152702e-20,3.128834979991272e-20,3.7566905095644065e-20,1.737685359822976e-20,4.6248269219391455e-21,1.030671386937851e-21,2.289747001304677e-22,9.257853012224778e-23,2.289747001304715e-22,1.030671386937871e-21,4.624826921939232e-21,1.7376853598229998e-20,3.75669050956442e-20,3.128834979991249e-20,1.1188821564152462e-20,2.712160946547574e-21,5.895113040056271e-22,1.2500510102832247e-22,2.6367164586737427e-23,5.555377849621273e-24,1.1702405600398595e-24,2.4667603790452823e-25,5.283716169589648e-26,1.5305628350075767e-26,2.3052651699459285e-26,9.899604993069412e-26,4.67794268892765e-25,2.2203562293774945e-24,1.0538896772266561e-23,4.9978455399633016e-23,2.360101213505001e-22,1.0925894020812534e-21,4.628441915605455e-21,1.4073363339241553e-20,1.9489933215643796e-20,1.0163337255513433e-20,2.8441515760018433e-21,6.410321839704043e-22,1.3701798385758224e-22,2.89500439956628e-23,6.1017454029853194e-24,1.2853869063802553e-24,2.70748611944097e-25,5.702806247263681e-26,1.2011822094201176e-26,2.5300477771039763e-27,5.3290327486799265e-28,1.1224533975595124e-28,2.364223451481161e-29,4.9797807607048564e-30,1.0488614477132886e-30,2.2090416462121595e-31,4.6535282281256586e-32,9.822242716374903e-33,2.0703746902162785e-33,4.092601131822876e-34,4.81482486096809e-35,4.81482486096809e-35,0.0,0.0,0.0,0.0,0.0,0.0,0.0,0.0,0.0,0.0,0.0,0.0,0.0,0.0,0.0,0.0,0.0,0.0,0.0,0.0,0.0,0.0,0.0,0.0
0.0,0.0,0.0,0.0,0.0,0.0,0.0,0.0,0.0,0.0,0.0,0.0,0.0,0.0,0.0,0.0,0.0,0.0,0.0,0.0,0.0,0.0,0.0,0.0,7.222237291452134e-35,0.0,2.8888949165808538e-34,1.0351873451081393e-33,4.790750736663249e-33,2.313523345695167e-32,1.096335620842434e-31,5.202899744762118e-31,2.4705347844113365e-30,1.1729298547307144e-29,5.568679582037433e-29,2.6438227385700085e-28,1.2551990819413748e-27,5.959266889592163e-27,2.829259911411412e-26,1.3432344162941543e-25,6.377138074371119e-25,3.0274452754538247e-24,1.4368621333613908e-23,6.811207181724889e-23,3.210164807573174e-22,1.4728051267519233e-21,6.0057078261983796e-21,1.621609515808277e-20,1.841559980053746e-20,8.155051056928818e-21,2.133344582226052e-21,4.724530882789029e-22,1.005925797515958e-22,2.1236241064552163e-23,4.475148882785443e-24,9.427435705339817e-25,1.9880409340006077e-25,4.296624362796024e-26,1.4234424321485325e-26,2.761221592412123e-26,1.2267497740725094e-25,5.806429908724907e-25,2.7562402127804894e-24,1.3083692583819228e-23,6.207329490927076e-23,2.937215336925531e-22,1.3727197355813278e-21,6.061994210817461e-21,2.1288396779310083e-20,3.9259347360624757e-20,2.714077393290572e-20,8.71617155178206e-21,2.0466395931903948e-21,4.601210736032125e-22,1.8648043028275798e-22,4.601210736032205e-22,2.0466395931904316e-21,8.716171551782214e-21,2.714077393290601e-20,3.925934736062475e-20,2.1288396779309674e-20,6.061994210817509e-21,1.3727197355812435e-21,2.9372153369260125e-22,6.207329490913836e-23,1.3083692583759043e-23,2.756240212924934e-24,5.806429909447131e-25,1.226749772628062e-25,2.761221581578767e-26,1.4234424502041258e-26,4.296624359184905e-26,1.988040933278384e-25,9.427435706784265e-25,4.475148882749332e-24,2.1236241064552163e-23,1.0059257975152358e-22,4.724530882789751e-22,2.133344582225944e-21,8.155051056929106e-21,1.8415599800537556e-20,1.6216095158082602e-20,6.0057078261983074e-21,1.4728051267518752e-21,3.2101648075724516e-22,6.811207181736926e-23,1.4368621333493537e-23,3.027445275501973e-24,6.377138073408154e-25,1.3432344172571192e-25,2.829259911411412e-26,5.959266889592163e-27,1.2551990097190019e-27,2.6438234607937376e-28,5.568672359800141e-29,1.1729370769680058e-29,2.470462562038422e-30,5.2045849334634565e-31,1.0953726558702404e-31,2.308708520834199e-32,4.887047233882611e-33,1.0592614694129797e-33,1.925929944387236e-34,4.81482486096809e-35,4.81482486096809e-35,0.0,0.0,0.0,0.0,0.0,0.0,0.0,0.0,0.0,0.0,0.0,0.0,0.0,0.0,0.0,0.0,0.0,0.0,0.0,0.0,0.0,0.0,0.0,0.0
0.0,0.0,0.0,0.0,0.0,0.0,0.0,0.0,0.0,0.0,0.0,0.0,0.0,0.0,0.0,0.0,0.0,0.0,0.0,0.0,0.0,0.0,0.0,0.0,0.0,1.4444474582904269e-34,7.222237291452134e-35,5.055566104016494e-34,2.3833383061792044e-33,1.1435209044799213e-32,5.443159505324425e-32,2.5809868667219444e-31,1.2257581131052563e-30,5.819052882220204e-30,2.762712801449463e-29,1.311644958975205e-28,6.2272525302268635e-28,2.9564922650304264e-27,1.4036437387088419e-26,6.664023592107163e-26,3.1638340697426076e-25,1.5020320453520325e-24,7.129995966962427e-24,3.382488965802011e-23,1.6000638488569333e-22,7.467488537825514e-22,3.2771713110662977e-21,1.1250040751428453e-20,1.9746908342994592e-20,1.2945004968695379e-20,4.0414963855291036e-21,9.392819037831164e-22,2.0216601179873035e-22,4.2778421492663896e-23,9.019161232414998e-24,1.900116204155457e-24,4.0035235089805424e-25,8.486863977416098e-26,2.0447987125000366e-26,1.6518395030518786e-26,6.145507550776715e-26,2.8819320015434416e-25,1.3674714529546528e-24,6.491663399437047e-24,3.080946206995976e-23,1.460308802818331e-22,6.87891165731952e-22,3.1483773308599603e-21,1.2709924958768797e-20,3.3320632479113727e-20,3.616641313858616e-20,1.547931286622964e-20,4.00472170368438e-21,9.21751970091464e-22,3.7536947611308494e-22,9.2175197009148e-22,4.0047217036844476e-21,1.5479312866229885e-20,3.616641313858634e-20,3.3320632479113474e-20,1.2709924958768713e-20,3.148377330859888e-21,6.87891165731952e-22,1.4603088028172476e-22,3.0809462069947725e-23,6.491663399461121e-24,1.3674714530509493e-24,2.8819319992564e-25,6.145507566424896e-26,1.6518395030518786e-26,2.0447987064815055e-26,8.48686397380498e-26,4.00352351042499e-25,1.900116203962864e-24,9.019161232631665e-24,4.277842149261575e-23,2.0216601179869424e-22,9.392819037831525e-22,4.0414963855290915e-21,1.294500496869562e-20,1.974690834299452e-20,1.1250040751428357e-20,3.277171311066105e-21,7.467488537826477e-22,1.600063848857174e-22,3.382488965794789e-23,7.129995967082798e-24,1.5020320452798101e-24,3.1638340695018663e-25,6.664023587292338e-26,1.4036437483384916e-26,2.9564922168821778e-27,6.2272525302268635e-28,1.311644718233962e-28,2.7627152088618935e-29,5.8191251045931186e-30,1.225637742483732e-30,2.5817090904510897e-31,5.433529855602489e-32,1.1507431417713734e-32,2.4314865547888853e-33,5.055566104016494e-34,9.62964972193618e-35,2.407412430484045e-35,0.0,0.0,0.0,0.0,0.0,0.0,0.0,0.0,0.0,0.0,0.0,0.0,0.0,0.0,0.0,0.0,0.0,0.0,0.0,0.0,0.0,0.0,0.0,0.0,0.0
0.0,0.0,0.0,0.0,0.0,0.0,0.0,0.0,0.0,0.0,0.0,0.0,0.0,0.0,0.0,0.0,0.0,0.0,0.0,0.0,0.0,0.0,0.0,0.0,0.0,7.222237291452134e-35,4.81482486096809e-35,2.6481536735324493e-34,1.179632090937182e-33,5.753715708856867e-33,2.693894509711646e-32,1.2807434130175118e-31,6.080883058159649e-31,2.886920838387857e-30,1.3706289709344946e-29,6.507288762671844e-29,3.089444168361084e-28,1.4667653270789806e-27,6.963712877965733e-27,3.3061367623429875e-26,1.5696381923162595e-25,7.451994201544643e-25,3.53767527306948e-24,1.6789312814488083e-23,7.956624729353461e-23,3.745407791984888e-22,1.7087005211068172e-21,6.807165979095675e-21,1.7182189012254515e-20,1.763232617300875e-20,7.243686761628408e-21,1.842193259555152e-21,4.051021281673058e-22,8.611901492232701e-23,1.817472485506474e-23,3.829727639163954e-24,8.067812239951692e-25,1.7020401158975302e-25,3.7126228262186905e-26,1.3878211384726946e-26,3.168602895933525e-26,1.4323030537103325e-25,6.784872193813858e-25,3.220794466123133e-24,1.5288543799819518e-23,7.252523053010917e-23,3.4298596876935087e-22,1.5987555343414923e-21,6.978358332357308e-21,2.349525294214916e-20,3.959277773855149e-20,2.4881822051735474e-20,7.617473559430293e-21,1.835180629824202e-21,7.545478350748243e-22,1.83518062982423e-21,7.617473559430438e-21,2.4881822051735748e-20,3.959277773855156e-20,2.3495252942148823e-20,6.978358332357236e-21,1.5987555343412997e-21,3.429859687694953e-22,7.252523053002491e-23,1.5288543799867666e-23,3.2207944661110958e-24,6.784872192730523e-25,1.4323030537103325e-25,3.168602901952056e-26,1.3878211324541635e-26,3.7126228214038656e-26,1.7020401171012364e-25,8.067812240072062e-25,3.8297276390917316e-24,1.8174724855052703e-23,8.611901492239924e-23,4.0510212816725765e-22,1.8421932595553325e-21,7.243686761628456e-21,1.7632326173008798e-20,1.7182189012254418e-20,6.807165979095578e-21,1.7087005211068413e-21,3.7454077919846474e-22,7.956624729346239e-23,1.6789312814560306e-23,3.537675272997258e-24,7.4519942022668665e-25,1.569638192797742e-25,3.306136759935575e-26,6.96371280574336e-27,1.466765278930732e-27,3.0894451313260563e-28,6.507286355259413e-29,1.370626563522064e-29,2.8869689866364665e-30,6.080883058159649e-31,1.2807434130175118e-31,2.69630192214213e-32,5.657419211637505e-33,1.2518544638517033e-33,2.6481536735324493e-34,4.81482486096809e-35,4.81482486096809e-35,0.0,0.0,0.0,0.0,0.0,0.0,0.0,0.0,0.0,0.0,0.0,0.0,0.0,0.0,0.0,0.0,0.0,0.0,0.0,0.0,0.0,0.0,0.0,0.0,0.0
0.0,0.0,0.0,0.0,0.0,0.0,0.0,0.0,0.0,0.0,0.0,0.0,0.0,0.0,0.0,0.0,0.0,0.0,0.0,0.0,0.0,0.0,0.0,0.0,0.0,0.0,1.4444474582904269e-34,1.4444474582904269e-34,5.055566104016494e-34,2.840746667971173e-33,1.340928723779613e-32,6.35075399161691e-32,3.0172099991256534e-31,1.4322418772678728e-30,6.799904928772318e-30,3.228378587877992e-29,1.5327246239626033e-28,7.276868460995866e-28,3.4548147695973414e-27,1.6402305342000843e-26,7.787255327772163e-26,3.6970988464759866e-25,1.755189731764808e-24,8.331483221850505e-24,3.95196688886502e-23,1.868308691835109e-22,8.694507320198792e-22,3.767839141517211e-21,1.2369021388992818e-20,1.9799570730848228e-20,1.181705514363443e-20,3.519538125902143e-21,8.06962691788009e-22,1.7315080484437975e-22,3.6614551404187554e-23,7.718527243162378e-24,1.626064064812054e-24,3.4264343859463607e-25,7.280454496811479e-26,1.834049537122806e-26,1.813296208357931e-26,7.156805761965997e-26,3.3672146234303618e-25,1.5979683418642784e-24,7.585834250803421e-24,3.6000293240311116e-23,1.705868193141747e-22,8.025081918947235e-22,3.650870705434426e-21,1.4379194238977206e-20,3.5159791978306874e-20,3.448463094488948e-20,1.3752668782106925e-20,3.60962836964226e-21,1.5125683758789556e-21,3.60962836964232e-21,1.3752668782107106e-20,3.4484630944889765e-20,3.515979197830675e-20,1.4379194238976893e-20,3.650870705434342e-21,8.025081918947476e-22,1.705868193141145e-22,3.6000293240395376e-23,7.585834250671013e-24,1.5979683419605749e-24,3.3672146222266556e-25,7.156805755947466e-26,1.8132962155801684e-26,1.834049547956162e-26,7.280454500422597e-26,3.426434384863025e-25,1.626064064812054e-24,7.718527243222564e-24,3.6614551404103295e-23,1.7315080484440383e-22,8.069626917880692e-22,3.519538125902191e-21,1.1817055143634574e-20,1.9799570730848324e-20,1.2369021388992602e-20,3.7678391415171626e-21,8.69450732019831e-22,1.8683086918348683e-22,3.9519668888626127e-23,8.331483221946801e-24,1.75518973171666e-24,3.697098846716728e-25,7.78725532536475e-26,1.6402305366074968e-26,3.4548147695973414e-27,7.27686797951338e-28,1.5327248647038463e-28,3.2283809952904223e-29,6.799904928772318e-30,1.4322659513921776e-30,3.016487775396508e-31,6.357976228908362e-32,1.336113898918645e-32,2.7685242950566515e-33,6.98149604840373e-34,9.62964972193618e-35,2.407412430484045e-35,0.0,0.0,0.0,0.0,0.0,0.0,0.0,0.0,0.0,0.0,0.0,0.0,0.0,0.0,0.0,0.0,0.0,0.0,0.0,0.0,0.0,0.0,0.0,0.0,0.0,0.0
0.0,0.0,0.0,0.0,0.0,0.0,0.0,0.0,0.0,0.0,0.0,0.0,0.0,0.0,0.0,0.0,0.0,0.0,0.0,0.0,0.0,0.0,0.0,0.0,0.0,0.0,7.222237291452134e-35,4.81482486096809e-35,3.3703774026776627e-34,1.4203733339855864e-33,6.596310059526283e-33,3.156117696364583e-32,1.4964475667888823e-31,7.10523704733061e-31,3.3735792612102065e-30,1.601651490001035e-29,7.604103458587944e-29,3.610177106724505e-28,1.7139913688431314e-27,8.137460049216597e-27,3.8633919817251233e-26,1.834202394330632e-25,8.70801103261818e-25,4.133886590496649e-24,1.961758994139891e-23,9.294147451074769e-23,4.368756655832075e-22,1.9800653997931538e-21,7.682078053015432e-21,1.8034506626131284e-20,1.6720479185729162e-20,6.404622348032288e-21,1.5887793910445874e-21,3.4725471034074803e-22,7.372352239748098e-23,1.55543740887154e-23,3.277383532714062e-24,6.90431922804988e-25,1.4574187691977168e-25,3.218890835859533e-26,1.385982043894675e-26,3.653216508378258e-26,1.6727719570238323e-25,7.928708227497594e-25,3.763852899777131e-24,1.786584599208115e-23,8.473960967528263e-23,4.004877019827158e-22,1.861088782498369e-21,8.015062762244927e-21,2.5752329453094346e-20,3.9526789358073894e-20,2.2705960216363812e-20,6.93497407626994e-21,3.0154173267970196e-21,6.934974076270051e-21,2.2705960216364112e-20,3.9526789358073906e-20,2.5752329453094057e-20,8.015062762244746e-21,1.861088782498381e-21,4.004877019826556e-22,8.473960967535486e-23,1.7865845992033003e-23,3.7638528998012054e-24,7.9287082267753705e-25,1.6727719581071679e-25,3.653216504767139e-26,1.3859820475057935e-26,3.218890834655827e-26,1.457418769438458e-25,6.904319229133216e-25,3.2773835325575803e-24,1.555437408867929e-23,7.372352239749302e-23,3.4725471034068784e-22,1.588779391044768e-21,6.404622348032336e-21,1.6720479185729306e-20,1.803450662613114e-20,7.68207805301536e-21,1.9800653997930575e-21,4.368756655832075e-22,9.294147451079584e-23,1.961758994144706e-23,4.133886590496649e-24,8.708011031173733e-25,1.8342023945713733e-25,3.863391984132536e-26,8.137460001068348e-27,1.7139915614361258e-27,3.6101759030182897e-28,7.604101051175514e-29,1.601656304825896e-29,3.373482964712987e-30,7.105959271059755e-31,1.496929049274979e-31,3.1513028715036147e-32,6.668532432440804e-33,1.3481509610710651e-33,3.6111186457260672e-34,4.81482486096809e-35,4.81482486096809e-35,0.0,0.0,0.0,0.0,0.0,0.0,0.0,0.0,0.0,0.0,0.0,0.0,0.0,0.0,0.0,0.0,0.0,0.0,0.0,0.0,0.0,0.0,0.0,0.0,0.0,0.0
0.0,0.0,0.0,0.0,0.0,0.0,0.0,0.0,0.0,0.0,0.0,0.0,0.0,0.0,0.0,0.0,0.0,0.0,0.0,0.0,0.0,0.0,0.0,0.0,0.0,0.0,0.0,1.4444474582904269e-34,1.4444474582904269e-34,6.500013562306921e-34,3.370377402677663e-33,1.562410667384145e-32,7.417237698321342e-32,3.525896245686932e-31,1.673633121672508e-30,7.946025838677163e-30,3.7725260195403005e-29,1.791068866702707e-28,8.503399112750064e-28,4.037130497564635e-27,1.9166944603025428e-26,9.099809053643514e-26,4.320244377134843e-25,2.051012978797612e-24,9.73537843171182e-24,4.6171951312848254e-23,2.181239923569613e-22,1.0117066781798132e-21,4.32112271722828e-21,1.3500178730814462e-20,1.9645908111982164e-20,1.0711658966604507e-20,3.0577971318390345e-21,6.9289708760893655e-22,1.4828202131628674e-22,3.133802225189087e-23,6.6054198326866424e-24,1.3915391209765777e-24,2.9326464183129993e-25,6.251063541204939e-26,1.6679734888451406e-26,2.019235784162874e-26,8.343989421807709e-26,3.9352569557272636e-25,1.8677382980441836e-24,8.866393506556132e-24,4.2074598146861164e-23,1.9930498328187434e-22,9.361754489875403e-22,4.229321129219764e-21,1.61985754886469e-20,3.677118370338644e-20,3.269563141254203e-20,1.2755183417248208e-20,5.946184016150031e-21,1.27551834172484e-20,3.269563141254225e-20,3.677118370338626e-20,1.61985754886466e-20,4.229321129219559e-21,9.361754489876607e-22,1.9930498328183823e-22,4.207459814702968e-23,8.866393506544095e-24,1.8677382977793682e-24,3.9352569582550466e-25,8.343989421807709e-26,2.019235773329518e-26,1.6679734864377282e-26,6.25106354722347e-26,2.932646418674111e-25,1.3915391207599106e-24,6.6054198329033095e-24,3.1338022251999206e-23,1.4828202131611822e-22,6.9289708760903285e-22,3.0577971318390465e-21,1.0711658966604796e-20,1.9645908111982067e-20,1.3500178730814293e-20,4.3211227172282316e-21,1.0117066781798373e-21,2.1812399235693724e-22,4.6171951312727883e-23,9.735378431808117e-24,2.051012978797612e-24,4.320244377134843e-25,9.099809056050926e-26,1.9166944603025428e-26,4.037130521638759e-27,8.503398390526335e-28,1.7910691074439501e-28,3.772518797303009e-29,7.946073986925772e-30,1.6737053440454225e-30,3.52469253947169e-31,7.431682172904246e-32,1.562410667384145e-32,3.322229154067982e-33,6.7407548053553255e-34,1.6851887013388314e-34,2.407412430484045e-35,0.0,0.0,0.0,0.0,0.0,0.0,0.0,0.0,0.0,0.0,0.0,0.0,0.0,0.0,0.0,0.0,0.0,0.0,0.0,0.0,0.0,0.0,0.0,0.0,0.0,0.0,0.0
0.0,0.0,0.0,0.0,0.0,0.0,0.0,0.0,0.0,0.0,0.0,0.0,0.0,0.0,0.0,0.0,0.0,0.0,0.0,0.0,0.0,0.0,0.0,0.0,0.0,0.0,0.0,7.222237291452134e-35,9.62964972193618e-35,4.092601131822876e-34,1.5407439555097887e-33,7.800016274768305e-33,3.6857484310710726e-32,1.7477814245314165e-31,8.304128437711664e-31,3.942161929041928e-30,1.8716114977182243e-29,8.885792984690636e-29,4.218678524513541e-28,2.0028880345902596e-27,9.509044498070626e-27,4.514573441899589e-26,2.1433589034796424e-25,1.0175720480889297e-24,4.830564623683248e-24,2.292199624986093e-23,1.0855806484467479e-22,5.09430396727505e-22,2.2914349310945835e-21,8.62747262736353e-21,1.874462666002303e-20,1.5709528476550894e-20,5.639488597204566e-21,1.368736331069796e-21,2.975958906902892e-22,6.310892283782874e-23,1.331166953685433e-23,2.80469631051861e-24,5.908674290178629e-25,1.2482332120459455e-25,2.8035851683965033e-26,1.4186413150939436e-26,4.2304567091813676e-26,1.955717726622908e-25,9.273887648387046e-25,4.4024801714053754e-24,2.0896523119393063e-23,9.90985294687959e-23,4.679941096880253e-22,2.167129961687508e-21,9.191342339736636e-21,2.80641170162276e-20,3.930068300969321e-20,2.175534070135698e-20,1.1479190451123871e-20,2.1755340701357208e-20,3.9300683009693336e-20,2.80641170162273e-20,9.191342339736528e-21,2.1671299616873637e-21,4.679941096880374e-22,9.909852946885609e-23,2.08965231194051e-23,4.402480171381301e-24,9.27388764730371e-25,1.955717728187726e-25,4.230456689922068e-26,1.418641340371774e-26,2.803585149137204e-26,1.2482332116848336e-25,5.908674290178629e-25,2.8046963105667582e-24,1.331166953685433e-23,6.310892283788892e-23,2.9759589069025308e-22,1.368736331069784e-21,5.6394885972047345e-21,1.570952847655099e-20,1.8744626660022956e-20,8.627472627363458e-21,2.2914349310945594e-21,5.094303967274087e-22,1.0855806484472293e-22,2.2921996249836855e-23,4.830564623707322e-24,1.0175720481852262e-24,2.1433589025166774e-25,4.514573437084764e-26,9.509044425848253e-27,2.0028881790350054e-27,4.218678043031055e-28,8.885788169865775e-29,1.8716139051306548e-29,3.942210077290538e-30,8.302683990253374e-31,1.7494666132327554e-31,3.6833410186405886e-32,7.751868026158624e-33,1.6370404527291505e-33,3.3703774026776627e-34,2.407412430484045e-35,4.81482486096809e-35,0.0,0.0,0.0,0.0,0.0,0.0,0.0,0.0,0.0,0.0,0.0,0.0,0.0,0.0,0.0,0.0,0.0,0.0,0.0,0.0,0.0,0.0,0.0,0.0,0.0,0.0,0.0
0.0,0.0,0.0,0.0,0.0,0.0,0.0,0.0,0.0,0.0,0.0,0.0,0.0,0.0,0.0,0.0,0.0,0.0,0.0,0.0,0.0,0.0,0.0,0.0,0.0,0.0,0.0,7.222237291452134e-35,0.0,2.1666711874356403e-34,8.185202263645752e-34,3.827785764469631e-33,1.82722603473739e-32,8.68353663675595e-32,4.118841927315152e-31,1.955757784400933e-30,9.285413818501266e-30,4.40838864256676e-29,2.092956941037948e-28,9.936663418077164e-28,4.7175966951381305e-27,2.2397568560403208e-26,1.0633595045561407e-25,5.048419483790225e-25,2.3966914456016997e-24,1.1375759461640729e-23,5.394226385558774e-23,2.5461986519633663e-22,1.1764171815423279e-21,4.941524577466197e-21,1.461951160258636e-20,1.9291775433143046e-20,9.646876983627668e-21,2.651183270157102e-21,5.946695947758235e-22,1.2697189543898656e-22,2.682130812879511e-23,5.652810894987973e-24,1.1908412534760749e-24,2.5101621339458276e-25,5.373987960719915e-26,1.544066601146207e-26,2.281946352031853e-26,9.770490694134821e-26,4.616281298631998e-25,2.1911311341769825e-24,1.0401447556364278e-23,4.935522316623214e-23,2.3370694978552246e-22,1.095873558563689e-21,4.912232967264983e-21,1.825411381826841e-20,3.8570835716143305e-20,3.3035484460289487e-20,2.129398949544337e-20,3.303548446028966e-20,3.8570835716143233e-20,1.8254113818268084e-20,4.912232967264851e-21,1.0958735585637251e-21,2.3370694978548635e-22,4.9355223166220105e-23,1.0401447556388352e-23,2.1911311341288342e-24,4.61628129887274e-25,9.770490706171883e-26,2.2819463496244405e-26,1.5440666047573258e-26,5.373987959516209e-26,2.5101621346680514e-25,1.1908412534158896e-24,5.65281089500001e-24,2.6821308128746965e-23,1.2697189543895044e-22,5.946695947757513e-22,2.6511832701571864e-21,9.64687698362786e-21,1.929177543314307e-20,1.461951160258624e-20,4.9415245774661005e-21,1.1764171815423038e-21,2.5461986519633663e-22,5.394226385561181e-23,1.1375759461664803e-23,2.3966914455294773e-24,5.048419484993931e-25,1.0633595035931757e-25,2.2397568560403208e-26,4.7175967673605034e-27,9.936662455112192e-28,2.092957663261677e-28,4.4083862351543293e-29,9.285341596128351e-30,1.9558300067738477e-30,4.119323409801249e-31,8.673906987034013e-32,1.832040859598358e-32,3.803711640164791e-33,8.185202263645752e-34,1.925929944387236e-34,4.81482486096809e-35,4.81482486096809e-35,0.0,0.0,0.0,0.0,0.0,0.0,0.0,0.0,0.0,0.0,0.0,0.0,0.0,0.0,0.0,0.0,0.0,0.0,0.0,0.0,0.0,0.0,0.0,0.0,0.0,0.0,0.0
0.0,0.0,0.0,0.0,0.0,0.0,0.0,0.0,0.0,0.0,0.0,0.0,0.0,0.0,0.0,0.0,0.0,0.0,0.0,0.0,0.0,0.0,0.0,0.0,0.0,0.0,0.0,0.0,7.222237291452134e-35,7.222237291452134e-35,4.574083617919685e-34,1.877781695777555e-33,9.051870738620009e-33,4.306860838135956e-32,2.043893153480954e-31,9.702835059822894e-31,4.6066318339798294e-30,2.187076415196423e-29,1.0383506850417953e-28,4.92974461926719e-28,2.340478829715681e-27,1.1111812016326185e-26,5.275512496454129e-26,2.5046236524638357e-25,1.1890799560076014e-24,5.644633780197683e-24,2.6782571540120124e-23,1.2678905245828295e-22,5.938248531068061e-22,2.6476497766011328e-21,9.637227119724564e-21,1.928758414327222e-20,1.4629766189939158e-20,4.947612125109824e-21,1.1780617252759265e-21,2.549856938150702e-22,5.402021875000208e-23,1.1392223431913246e-23,2.4001803890536178e-24,5.056687774042049e-25,1.0694629703466045e-25,2.4597003102310843e-26,1.5012697799985995e-26,4.984037617179399e-26,2.3211011645433565e-25,1.1010174484684954e-24,5.2267661769743484e-24,2.4808186085415438e-23,1.176297609251049e-22,5.55079659751347e-22,2.5612487694415157e-21,1.0701638783908762e-20,3.130097293799898e-20,4.3140118028258047e-20,3.680731406658044e-20,4.3140118028258095e-20,3.130097293799868e-20,1.0701638783908581e-20,2.5612487694414194e-21,5.550796597513951e-22,1.1762976092508083e-22,2.480818608552377e-23,5.2267661767937924e-24,1.1010174485527548e-24,2.321101164422986e-25,4.9840376280127547e-26,1.5012697703689498e-26,2.4597003054162594e-26,1.0694629703466045e-25,5.056687774042049e-25,2.4001803891739884e-24,1.1392223431744727e-23,5.402021875009838e-23,2.5498569381504614e-22,1.1780617252759867e-21,4.947612125109824e-21,1.46297661899394e-20,1.928758414327217e-20,9.63722711972442e-21,2.6476497766011087e-21,5.938248531067339e-22,1.2678905245825887e-22,2.6782571540120124e-23,5.6446337802217575e-24,1.1890799560798238e-24,2.504623651741612e-25,5.275512486824479e-26,1.1111812112622682e-26,2.340478757493308e-27,4.929744860008433e-28,1.0383511665242814e-28,2.1870788226088536e-29,4.6066077598555246e-30,9.702835059822894e-31,2.0436524122379056e-31,4.304453425705472e-32,9.10001898722969e-33,1.9018558200823954e-33,4.092601131822876e-34,2.407412430484045e-35,4.81482486096809e-35,0.0,0.0,0.0,0.0,0.0,0.0,0.0,0.0,0.0,0.0,0.0,0.0,0.0,0.0,0.0,0.0,0.0,0.0,0.0,0.0,0.0,0.0,0.0,0.0,0.0,0.0,0.0,0.0
0.0,0.0,0.0,0.0,0.0,0.0,0.0,0.0,0.0,0.0,0.0,0.0,0.0,0.0,0.0,0.0,0.0,0.0,0.0,0.0,0.0,0.0,0.0,0.0,0.0,0.0,0.0,0.0,7.222237291452134e-35,0.0,2.8888949165808538e-34,8.907425992790966e-34,4.501861245005164e-33,2.1377822382698318e-32,1.0137613744768313e-31,4.814343378481993e-31,2.2854288426314183e-30,1.0850448565434638e-29,5.151429266998369e-29,2.445728565986386e-28,1.1611507468202205e-27,5.51275673942825e-27,2.61727199113472e-26,1.2425901948180615e-25,5.899326074192054e-25,2.8006259996907033e-24,1.3292434043649944e-23,6.30178764050544e-23,2.9716945715663096e-22,1.3668366685180297e-21,5.632729889770819e-21,1.5699772283017442e-20,1.8750472229384613e-20,8.636564710848829e-21,2.2945285488501407e-21,5.1015688985135e-22,1.0871469953480487e-22,2.2955153530215962e-23,4.837565896347916e-24,1.0190949670572475e-24,2.148841852938359e-25,4.6341356711815217e-26,1.488899737799563e-26,2.74826651047388e-26,1.2137807817441313e-25,5.743427175750909e-25,2.7263117011947034e-24,1.2941896259837426e-23,6.14068615847297e-23,2.907093414483146e-22,1.3617588081191488e-21,6.0772801235395515e-21,2.2308627851879815e-20,4.8295107489801164e-20,5.680097704360902e-20,4.8295107489800917e-20,2.2308627851879406e-20,6.077280123539588e-21,1.3617588081191368e-21,2.907093414482544e-22,6.140686158481396e-23,1.294189625977724e-23,2.7263117011826663e-24,5.743427174547202e-25,1.2137807828274669e-25,2.7482664960294054e-26,1.4888997522440377e-26,4.6341356820148776e-26,2.148841851373541e-25,1.0190949672498405e-24,4.837565896155323e-24,2.2955153530131703e-23,1.0871469953502153e-22,5.101568898512657e-22,2.294528548850225e-21,8.636564710848901e-21,1.875047222938471e-20,1.5699772283017298e-20,5.6327298897706506e-21,1.3668366685180778e-21,2.9716945715655874e-22,6.301787640510255e-23,1.329243404362587e-23,2.8006259996666292e-24,5.899326074914278e-25,1.2425901945773202e-25,2.6172719887273076e-26,5.512756763502374e-27,1.161150698671972e-27,2.445729047468872e-28,5.15143408182323e-29,1.0850472639558943e-29,2.2853806943828086e-30,4.813861895995896e-31,1.0144835982059765e-31,2.1353748258393478e-32,4.4777871207003234e-33,9.62964972193618e-34,1.925929944387236e-34,4.81482486096809e-35,4.81482486096809e-35,0.0,0.0,0.0,0.0,0.0,0.0,0.0,0.0,0.0,0.0,0.0,0.0,0.0,0.0,0.0,0.0,0.0,0.0,0.0,0.0,0.0,0.0,0.0,0.0,0.0,0.0,0.0,0.0
0.0,0.0,0.0,0.0,0.0,0.0,0.0,0.0,0.0,0.0,0.0,0.0,0.0,0.0,0.0,0.0,0.0,0.0,0.0,0.0,0.0,0.0,0.0,0.0,0.0,0.0,0.0,0.0,0.0,7.222237291452134e-35,1.2037062152420224e-34,4.574083617919685e-34,2.2388935603501617e-33,1.0568540569824957e-32,5.033899392142138e-32,2.3876716485540756e-31,1.1338671806336803e-30,5.383166787556763e-30,2.555709036201862e-29,1.2133664391018257e-28,5.760663260390001e-28,2.7349710324550288e-27,1.2984729126027834e-26,6.164708891766323e-26,2.9267793334601898e-25,1.3894937175810568e-24,6.595867655025426e-24,3.1292768846637035e-23,1.480686225557404e-22,6.919156633361099e-22,3.0537760153989555e-21,1.070156060625006e-20,1.9643526874633937e-20,1.3510666454619364e-20,4.326568204405529e-21,1.0131280361626718e-21,2.1843771780235547e-22,4.623869240642236e-23,9.749471596534863e-24,2.0540112195784546e-24,4.327912756338654e-25,9.180178590501573e-26,2.238505492688605e-26,1.918978070345083e-26,7.276353569643765e-26,3.4159264684752484e-25,1.620936188813644e-24,7.695082108655113e-24,3.6524361580045904e-23,1.7319634198902006e-22,8.175949149886155e-22,3.779315862975819e-21,1.5933552358838315e-20,4.868676447494584e-20,7.47501557343942e-20,4.86867644749453e-20,1.5933552358838086e-20,3.779315862975747e-21,8.175949149885312e-22,1.7319634198895987e-22,3.652436158021442e-23,7.69508210858289e-24,1.6209361888497552e-24,3.4159264696789546e-25,7.276353560014115e-26,1.918978053493196e-26,2.238505503521961e-26,9.180178591705279e-26,4.327912755375689e-25,2.0540112196025288e-24,9.749471596583011e-24,4.623869240650662e-23,2.1843771780225917e-22,1.013128036162768e-21,4.326568204405469e-21,1.351066645461958e-20,1.9643526874633937e-20,1.070156060624994e-20,3.0537760153989314e-21,6.919156633360859e-22,1.4806862255557188e-22,3.1292768846757406e-23,6.595867654953204e-24,1.3894937176051309e-24,2.9267793329787073e-25,6.164708901395973e-26,1.298472910195371e-26,2.7349710806032774e-27,5.760661815942543e-28,1.213367883549284e-28,2.5557162584391534e-29,5.383022342810934e-30,1.1338190323850706e-30,2.388393872283221e-31,5.02908456728117e-32,1.0640762942739478e-32,2.2388935603501617e-33,4.574083617919685e-34,4.81482486096809e-35,4.81482486096809e-35,0.0,0.0,0.0,0.0,0.0,0.0,0.0,0.0,0.0,0.0,0.0,0.0,0.0,0.0,0.0,0.0,0.0,0.0,0.0,0.0,0.0,0.0,0.0,0.0,0.0,0.0,0.0,0.0,0.0
0.0,0.0,0.0,0.0,0.0,0.0,0.0,0.0,0.0,0.0,0.0,0.0,0.0,0.0,0.0,0.0,0.0,0.0,0.0,0.0,0.0,0.0,0.0,0.0,0.0,0.0,0.0,0.0,0.0,7.222237291452134e-35,0.0,2.6481536735324493e-34,1.1555579666323415e-33,5.200010849845537e-33,2.4988941028424385e-32,1.1846876570411985e-31,5.6254006263120675e-31,2.6706389056331703e-30,1.2679311640624758e-29,6.01971552312591e-29,2.8579618335203212e-28,1.3568648792526938e-27,6.441942585586017e-27,3.0584179328839664e-26,1.4520303348713915e-25,6.893649372129772e-25,3.2726326405179713e-24,1.5531900436304582e-23,7.361719512407403e-23,3.4675783789260944e-22,1.5865892002819253e-21,6.39717719944514e-21,1.6711501198796317e-20,1.8041796230665265e-20,7.690539071367607e-21,1.982765300028602e-21,4.375000192210602e-22,9.307563777360215e-23,1.9645973315393168e-23,4.1398939381550804e-24,8.72178901783823e-25,1.8424331479670987e-25,4.1337124139906364e-26,2.071767229047743e-26,6.138720017540423e-26,2.8365790943588455e-25,1.3450640687237691e-24,6.3853679913475064e-24,3.0310947756300044e-23,1.438030451274619e-22,6.804087835859824e-22,3.178774979486803e-21,1.400276832683865e-20,4.81922179839321e-20,8.115080275030106e-20,4.8192217983931375e-20,1.400276832683846e-20,3.1787749794867547e-21,6.804087835859824e-22,1.4380304512730542e-22,3.0310947756336155e-23,6.38536799145584e-24,1.3450640687598803e-24,2.8365790943588455e-25,6.138720003095948e-26,2.0717672254366242e-26,4.133712428435111e-26,1.8424331483282106e-25,8.721789017236377e-25,4.139893938070821e-24,1.9645973315489465e-23,9.307563777357808e-23,4.375000192210963e-22,1.9827653000286742e-21,7.6905390713678e-21,1.8041796230665265e-20,1.6711501198796342e-20,6.397177199444875e-21,1.586589200281829e-21,3.467578378926335e-22,7.36171951241944e-23,1.5531900436256434e-23,3.2726326405420454e-24,6.893649371648289e-25,1.4520303355936153e-25,3.0584179280691415e-26,6.441942537437768e-27,1.356864975549191e-27,2.857961592779078e-28,6.019710708301049e-29,1.2679359788873367e-29,2.6705907573845606e-30,5.625159885069019e-31,1.1851691395272953e-31,2.4940792779814704e-32,5.248159098455218e-33,1.1555579666323415e-33,2.1666711874356403e-34,4.81482486096809e-35,4.81482486096809e-35,0.0,0.0,0.0,0.0,0.0,0.0,0.0,0.0,0.0,0.0,0.0,0.0,0.0,0.0,0.0,0.0,0.0,0.0,0.0,0.0,0.0,0.0,0.0,0.0,0.0,0.0,0.0,0.0,0.0
0.0,0.0,0.0,0.0,0.0,0.0,0.0,0.0,0.0,0.0,0.0,0.0,0.0,0.0,0.0,0.0,0.0,0.0,0.0,0.0,0.0,0.0,0.0,0.0,0.0,0.0,0.0,0.0,0.0,0.0,1.4444474582904269e-34,7.222237291452134e-35,5.296307347064899e-34,2.6000054249227684e-33,1.235002576838315e-32,5.88612339253349e-32,2.790191006931008e-31,1.3249916534898086e-30,6.290400161984675e-30,2.986486601687816e-29,1.4178823843437646e-28,6.7316336011387075e-28,3.1959557017089786e-27,1.517332974625637e-26,7.203780527016088e-26,3.420088885289779e-25,1.62368468884192e-24,7.707368004483207e-24,3.656168695925047e-23,1.7290179543561497e-22,8.058235680798826e-22,3.514981435910702e-21,1.1806656222540218e-20,1.9799089879036853e-20,1.2379502865733221e-20,3.77268115141533e-21,8.706774646218909e-22,1.8709983143205645e-22,3.9576810801472424e-23,8.343571510778328e-24,1.7578834955399877e-24,3.709735614564881e-25,8.144427400513265e-26,3.2848270456579476e-26,8.142702987841197e-26,3.7089010036753136e-25,1.757532996789226e-24,8.342955537883839e-24,3.9597485148199354e-23,1.8772683488162783e-22,8.852528411430087e-22,4.0722867905514896e-21,1.6832865986430604e-20,4.881185091518918e-20,7.194324917290948e-20,4.881185091518875e-20,1.6832865986430146e-20,4.072286790551574e-21,8.852528411428643e-22,1.8772683488185654e-22,3.959748514817528e-23,8.342955537775505e-24,1.757532996933671e-24,3.708901002591978e-25,8.142702981822666e-26,3.2848270552875973e-26,8.14442739569844e-26,3.709735613963028e-25,1.7578834956844325e-24,8.34357151064592e-24,3.957681080143631e-23,1.8709983143217682e-22,8.706774646218187e-22,3.772681151415511e-21,1.2379502865733317e-20,1.9799089879036853e-20,1.1806656222540002e-20,3.514981435910654e-21,8.058235680798826e-22,1.7290179543563904e-22,3.656168695925047e-23,7.707368004483207e-24,1.6236846887937717e-24,3.4200888857712615e-25,7.203780529423501e-26,1.5173329601811624e-26,3.195955749857227e-27,6.731634082621194e-28,1.4178826250850076e-28,2.9864841942753855e-29,6.2903760878603704e-30,1.3250157276141134e-30,2.790913230660153e-31,5.869271505520101e-32,1.237409989268799e-32,2.624079549227609e-33,6.2592723192585165e-34,9.62964972193618e-35,2.407412430484045e-35,0.0,0.0,0.0,0.0,0.0,0.0,0.0,0.0,0.0,0.0,0.0,0.0,0.0,0.0,0.0,0.0,0.0,0.0,0.0,0.0,0.0,0.0,0.0,0.0,0.0,0.0,0.0,0.0,0.0,0.0
0.0,0.0,0.0,0.0,0.0,0.0,0.0,0.0,0.0,0.0,0.0,0.0,0.0,0.0,0.0,0.0,0.0,0.0,0.0,0.0,0.0,0.0,0.0,0.0,0.0,0.0,0.0,0.0,0.0,0.0,7.222237291452134e-35,4.81482486096809e-35,3.1296361596292583e-34,1.3000027124613842e-33,6.0907534491246334e-33,2.9177838657466623e-32,1.3845028887713742e-31,6.573439641436684e-31,3.120776881885077e-30,1.4816467951662664e-29,7.034350788315007e-29,3.339676394175429e-28,1.5855671342187336e-27,7.527744356671749e-27,3.5739197445918777e-26,1.6967717045623742e-25,8.055560615240475e-25,3.824180712166192e-24,1.8148468136597574e-23,8.599485483253403e-23,4.045234616529989e-22,1.839673670660091e-21,7.235558634122369e-21,1.762440656589985e-20,1.7190672239530532e-20,6.814954425989466e-21,1.711050341320656e-21,3.7507702868132572e-22,7.968115840438419e-23,1.6813658112052246e-23,3.543063133035348e-24,7.475503915949617e-25,1.632319596879064e-25,6.178965512346158e-26,1.4313877131338037e-25,6.479306949982113e-25,3.069399758905002e-24,1.4568938110422967e-23,6.911981152226241e-23,3.270715792727886e-22,1.52875729097159e-21,6.756446839351371e-21,2.3920351714052962e-20,4.7759396993608474e-20,5.286434706373758e-20,4.7759396993608323e-20,2.392035171405265e-20,6.75644683935107e-21,1.528757290971626e-21,3.270715792726923e-22,6.911981152243093e-23,1.4568938110422967e-23,3.069399758880928e-24,6.479306949741372e-25,1.4313877118097269e-25,6.178965515957277e-26,1.632319596879064e-25,7.475503916792212e-25,3.5430631329751624e-24,1.6813658112208728e-23,7.96811584041916e-23,3.7507702868137387e-22,1.7110503413206923e-21,6.814954425989587e-21,1.7190672239530676e-20,1.762440656589973e-20,7.235558634122297e-21,1.8396736706599705e-21,4.0452346165304705e-22,8.599485483248588e-23,1.8148468136669796e-23,3.8241807121902664e-24,8.055560614758992e-25,1.6967717035994092e-25,3.5739197542215274e-26,7.527744284449376e-27,1.5855672064411065e-27,3.339676634916672e-28,7.034350788315007e-29,1.4816467951662664e-29,3.1207287336364673e-30,6.573198900193636e-31,1.384984371257471e-31,2.912969040885694e-32,6.162975822039155e-33,1.3240768367662246e-33,2.8888949165808538e-34,4.81482486096809e-35,4.81482486096809e-35,0.0,0.0,0.0,0.0,0.0,0.0,0.0,0.0,0.0,0.0,0.0,0.0,0.0,0.0,0.0,0.0,0.0,0.0,0.0,0.0,0.0,0.0,0.0,0.0,0.0,0.0,0.0,0.0,0.0,0.0
0.0,0.0,0.0,0.0,0.0,0.0,0.0,0.0,0.0,0.0,0.0,0.0,0.0,0.0,0.0,0.0,0.0,0.0,0.0,0.0,0.0,0.0,0.0,0.0,0.0,0.0,0.0,0.0,0.0,0.0,0.0,1.4444474582904269e-34,1.4444474582904269e-34,6.2592723192585165e-34,2.961117289495375e-33,1.456484520442847e-32,6.858718014449044e-32,3.2618031020628323e-31,1.5482550822928989e-30,7.350744966991373e-30,3.489857281602586e-29,1.6568688644715893e-28,7.86626465373658e-28,3.734640233084033e-27,1.7730822915810463e-26,8.417988924911702e-26,3.9965449596049536e-25,1.8973450161187312e-24,9.006123991906257e-24,4.27166689347308e-23,2.0187551937179348e-22,9.379612242404655e-22,4.036357902186367e-21,1.2934492412323043e-20,1.9748346277236324e-20,1.1260310345329653e-20,3.2814542772189977e-21,7.478063339169763e-22,1.6023693153058177e-22,3.3873909090916966e-23,7.1408334048359e-24,1.5066733882695483e-24,3.28555817765568e-25,1.223531422116663e-25,2.7810440497810268e-25,1.2565538976191296e-24,5.951876875407125e-24,2.824591503526777e-23,1.339038502028907e-22,6.313057746616585e-22,2.9008601868791642e-21,1.190925488496211e-20,3.2989150968447284e-20,4.151118144256275e-20,3.3400664919115406e-20,4.151118144256287e-20,3.2989150968447055e-20,1.1909254884961773e-20,2.900860186879104e-21,6.313057746617668e-22,1.3390385020290273e-22,2.8245915035327956e-23,5.951876875395088e-24,1.2565538975830184e-24,2.781044049419915e-25,1.2235314228388868e-25,3.285558177053827e-25,1.506673388209363e-24,7.140833404811826e-24,3.3873909091037336e-23,1.602369315304614e-22,7.478063339171208e-22,3.2814542772190217e-21,1.1260310345329797e-20,1.97483462772363e-20,1.2934492412322923e-20,4.036357902186295e-21,9.379612242404414e-22,2.0187551937179348e-22,4.271666893468265e-23,9.006123991906257e-24,1.8973450161668795e-24,3.9965449603271773e-25,8.417988917689464e-26,1.7730822939884587e-26,3.734640257158157e-27,7.866264172254094e-28,1.6568693459540754e-28,3.4898596890150164e-29,7.350672744618458e-30,1.5482791564172037e-30,3.2605993958475903e-31,6.873162489031948e-32,1.444447458290427e-32,3.057413786714737e-33,6.500013562306921e-34,1.6851887013388314e-34,2.407412430484045e-35,0.0,0.0,0.0,0.0,0.0,0.0,0.0,0.0,0.0,0.0,0.0,0.0,0.0,0.0,0.0,0.0,0.0,0.0,0.0,0.0,0.0,0.0,0.0,0.0,0.0,0.0,0.0,0.0,0.0,0.0,0.0
0.0,0.0,0.0,0.0,0.0,0.0,0.0,0.0,0.0,0.0,0.0,0.0,0.0,0.0,0.0,0.0,0.0,0.0,0.0,0.0,0.0,0.0,0.0,0.0,0.0,0.0,0.0,0.0,0.0,0.0,0.0,7.222237291452134e-35,9.62964972193618e-35,3.3703774026776627e-34,1.4925957069001078e-33,7.150014918537613e-33,3.4113034139958915e-32,1.6175404120422297e-31,7.681090100702393e-31,3.6468205720701456e-30,1.7313749088176678e-29,8.220008632565691e-29,3.902585513132229e-28,1.8528176473936618e-27,8.796560076283558e-27,4.1763102059266724e-26,1.9827642740278705e-25,9.413304454012307e-25,4.468671152990928e-24,2.1205564941460186e-23,1.004476133428209e-22,4.717795431475221e-22,2.130453452655268e-21,8.146267443819422e-21,1.8409003057745766e-20,1.6225497608288334e-20,6.012808896401303e-21,1.4748454185145705e-21,3.2147685995740987e-22,6.82106814276631e-23,1.4390447042524642e-23,3.036751959062076e-24,6.6201996159460215e-25,2.4553316051342804e-25,5.553941537832735e-25,2.508205887396518e-24,1.1879462846374689e-23,5.63582661963206e-23,2.667653704682887e-22,1.2486622575353156e-21,5.55241034953899e-21,2.0012823684884657e-20,3.931874228534027e-20,3.083720239842892e-20,1.900752449491355e-20,3.0837202398429123e-20,3.9318742285340103e-20,2.0012823684884477e-20,5.552410349538882e-21,1.2486622575351591e-21,2.66765370468385e-22,5.635826619636874e-23,1.18794628464108e-23,2.508205887372444e-24,5.553941537471623e-25,2.455331604050945e-25,6.6201996169089865e-25,3.0367519590500388e-24,1.4390447042584827e-23,6.821068142761495e-23,3.2147685995737376e-22,1.4748454185146548e-21,6.0128088964014235e-21,1.6225497608288454e-20,1.8409003057745742e-20,8.14626744381923e-21,2.1304534526553643e-21,4.717795431474017e-22,1.0044761334277275e-22,2.120556494148426e-23,4.468671152894631e-24,9.413304454253048e-25,1.9827642749908354e-25,4.1763102059266724e-26,8.796560076283558e-27,1.8528176233195375e-27,3.9025852723909858e-28,8.22000622515326e-29,1.7313773162300983e-29,3.6468205720701456e-30,7.681090100702393e-31,1.6177811532852781e-31,3.4088960015654075e-32,7.198163167147294e-33,1.4925957069001078e-33,2.8888949165808538e-34,2.407412430484045e-35,4.81482486096809e-35,0.0,0.0,0.0,0.0,0.0,0.0,0.0,0.0,0.0,0.0,0.0,0.0,0.0,0.0,0.0,0.0,0.0,0.0,0.0,0.0,0.0,0.0,0.0,0.0,0.0,0.0,0.0,0.0,0.0,0.0,0.0
0.0,0.0,0.0,0.0,0.0,0.0,0.0,0.0,0.0,0.0,0.0,0.0,0.0,0.0,0.0,0.0,0.0,0.0,0.0,0.0,0.0,0.0,0.0,0.0,0.0,0.0,0.0,0.0,0.0,0.0,0.0,0.0,1.4444474582904269e-34,1.6851887013388314e-34,7.2222372914521344e-34,3.587044521421227e-33,1.6875961137693154e-32,8.021498218372837e-32,3.810933877456243e-31,1.8092426638816742e-30,8.589671626091377e-30,4.0780844348670574e-29,1.9361380953162173e-28,9.192137420175946e-28,4.3641211668691435e-27,2.071938612738669e-26,9.836853463712143e-26,4.6701614176086595e-25,2.217125878348464e-24,1.0523665064899426e-23,4.990632454547704e-23,2.3567133063799324e-22,1.091060228546638e-21,4.62267972202783e-21,1.4062960417231645e-20,1.94932350708753e-20,1.0173227409297584e-20,2.847922880919182e-21,6.419428998129586e-22,1.372159585145489e-22,2.899399690934297e-23,6.1204789511312835e-24,1.3342659239257999e-24,4.943687774526311e-25,1.1169115799214855e-24,5.0433253363621896e-24,2.388300005913572e-23,1.1323175669718768e-22,5.343300098652074e-22,2.465604454966277e-21,1.0300585720049108e-20,2.9960732982426625e-20,3.853332105182957e-20,1.9799246301697536e-20,1.0148937417810328e-20,1.9799246301697678e-20,3.853332105182979e-20,2.9960732982426276e-20,1.0300585720049048e-20,2.4656044549661685e-21,5.343300098651713e-22,1.1323175669718768e-22,2.3883000059328313e-23,5.043325336241819e-24,1.1169115798613001e-24,4.943687776331871e-25,1.3342659238896887e-24,6.1204789509386905e-24,2.899399690929482e-23,1.3721595851460909e-22,6.419428998130549e-22,2.847922880919194e-21,1.0173227409297753e-20,1.9493235070875324e-20,1.40629604172315e-20,4.622679722027733e-21,1.091060228546638e-21,2.356713306379451e-22,4.990632454559741e-23,1.0523665064875351e-23,2.2171258783003157e-24,4.670161417849401e-25,9.836853466119556e-26,2.071938600701607e-26,4.364121190943268e-27,9.192138383140918e-28,1.9361376138337313e-28,4.0780844348670574e-29,8.589623477842767e-30,1.809266738005979e-30,3.810452394970146e-31,8.02872045566429e-32,1.6924109386302835e-32,3.587044521421227e-33,7.703719777548943e-34,1.4444474582904269e-34,2.407412430484045e-35,0.0,0.0,0.0,0.0,0.0,0.0,0.0,0.0,0.0,0.0,0.0,0.0,0.0,0.0,0.0,0.0,0.0,0.0,0.0,0.0,0.0,0.0,0.0,0.0,0.0,0.0,0.0,0.0,0.0,0.0,0.0,0.0
0.0,0.0,0.0,0.0,0.0,0.0,0.0,0.0,0.0,0.0,0.0,0.0,0.0,0.0,0.0,0.0,0.0,0.0,0.0,0.0,0.0,0.0,0.0,0.0,0.0,0.0,0.0,0.0,0.0,0.0,0.0,0.0,7.222237291452134e-35,7.222237291452134e-35,3.851859888774472e-34,1.7092628256436718e-33,8.498165879608678e-33,3.98186016002061e-32,1.8907817229021688e-31,8.975074282087567e-31,4.2615533361942465e-30,2.0231990362285132e-29,9.605508190083285e-29,4.560373644869322e-28,2.1651136156672415e-27,1.0279237051377077e-26,4.880234507075234e-26,2.316960858126811e-25,1.0999885264142376e-24,5.2217614906413076e-24,2.4777260836724955e-23,1.1732116263336506e-22,5.500374849514382e-22,2.463624130999563e-21,9.124825202576739e-21,1.9038379180980155e-20,1.5176369758319683e-20,5.2845099167447675e-21,1.2699636666151207e-21,2.7547561243097564e-22,5.839249190486001e-23,1.2334565157766184e-23,2.6892654501947597e-24,9.962031173877468e-25,2.2500032996927188e-24,1.0158822230073614e-23,4.8094483548864675e-23,2.277240739414488e-22,1.0680358671550261e-21,4.791864106416391e-21,1.786491405956733e-20,3.7884239643001484e-20,3.089089405705828e-20,1.1408197376160728e-20,5.229956668760665e-21,1.140819737616087e-20,3.089089405705856e-20,3.7884239643001376e-20,1.7864914059566994e-20,4.791864106416331e-21,1.068035867155014e-21,2.2772407394149697e-22,4.8094483548744304e-23,1.0158822230121763e-23,2.2500032996445705e-24,9.962031174960804e-25,2.6892654501345744e-24,1.2334565157886555e-23,5.839249190465538e-23,2.7547561243120434e-22,1.2699636666150004e-21,5.284509916744816e-21,1.5176369758319948e-20,1.903837918098006e-20,9.12482520257657e-21,2.463624130999563e-21,5.500374849513178e-22,1.1732116263336506e-22,2.4777260836724955e-23,5.2217614906413076e-24,1.0999885264623858e-24,2.316960858849035e-25,4.880234497445584e-26,1.0279237099525325e-26,2.16511366381549e-27,4.560373644869322e-28,9.605503375258424e-29,2.0232062584658047e-29,4.261457039697027e-30,8.976037247059761e-31,1.8905409816591204e-31,3.98186016002061e-32,8.329647009474795e-33,1.829633447167874e-33,3.6111186457260672e-34,2.407412430484045e-35,4.81482486096809e-35,0.0,0.0,0.0,0.0,0.0,0.0,0.0,0.0,0.0,0.0,0.0,0.0,0.0,0.0,0.0,0.0,0.0,0.0,0.0,0.0,0.0,0.0,0.0,0.0,0.0,0.0,0.0,0.0,0.0,0.0,0.0,0.0
0.0,0.0,0.0,0.0,0.0,0.0,0.0,0.0,0.0,0.0,0.0,0.0,0.0,0.0,0.0,0.0,0.0,0.0,0.0,0.0,0.0,0.0,0.0,0.0,0.0,0.0,0.0,0.0,0.0,0.0,0.0,0.0,7.222237291452134e-35,0.0,2.407412430484045e-34,8.185202263645752e-34,4.237045877651919e-33,1.9788930178578848e-32,9.367241767013418e-32,4.453953737638531e-31,2.1141173740781736e-30,1.0037513535908786e-29,4.7654512394312924e-29,2.2624775354841556e-28,1.0741491245502118e-27,5.099702207217779e-27,2.4211676845548134e-26,1.149486893779836e-25,5.457313948820697e-25,2.590798990144983e-24,1.2296823019214268e-23,5.830404302902771e-23,2.750797382455111e-22,1.2681955848411612e-21,5.2780896335915944e-21,1.5166329992693212e-20,1.904342080340925e-20,9.134207580906533e-21,2.4669321663727988e-21,5.508227330253923e-22,1.1749886666267308e-22,2.485330431246315e-23,5.420206476359681e-24,2.007845088884101e-24,4.5344641037783944e-24,2.0470664565932687e-23,9.685972429766442e-23,4.574246726857781e-22,2.119247190847082e-21,9.007735754328097e-21,2.769273654860439e-20,3.91293679553225e-20,2.0821578683083307e-20,6.1384219317420494e-21,2.6450858750494524e-21,6.1384219317422e-21,2.082157868308356e-20,3.912936795532265e-20,2.7692736548604006e-20,9.007735754327844e-21,2.1192471908472024e-21,4.57424672685754e-22,9.685972429764035e-23,2.047066456600491e-23,4.5344641035978385e-24,2.0078450889081752e-24,5.4202064764439406e-24,2.4853304312390928e-23,1.1749886666268511e-22,5.508227330254164e-22,2.466932166372859e-21,9.13420758090675e-21,1.904342080340932e-20,1.516632999269302e-20,5.278089633591546e-21,1.268195584841065e-21,2.750797382455111e-22,5.830404302895549e-23,1.2296823019286491e-23,2.5907989901690573e-24,5.457313948820697e-25,1.1494868935390948e-25,2.421167682147401e-26,5.0997022553660275e-27,1.0741490764019632e-27,2.2624780169666417e-28,4.7654512394312924e-29,1.0037441313535872e-29,2.114213670575393e-30,4.452990772666338e-31,9.381686241596323e-32,1.9740781929969167e-32,4.1648235047373975e-33,9.388908478887775e-34,1.4444474582904269e-34,4.81482486096809e-35,4.81482486096809e-35,0.0,0.0,0.0,0.0,0.0,0.0,0.0,0.0,0.0,0.0,0.0,0.0,0.0,0.0,0.0,0.0,0.0,0.0,0.0,0.0,0.0,0.0,0.0,0.0,0.0,0.0,0.0,0.0,0.0,0.0,0.0,0.0
0.0,0.0,0.0,0.0,0.0,0.0,0.0,0.0,0.0,0.0,0.0,0.0,0.0,0.0,0.0,0.0,0.0,0.0,0.0,0.0,0.0,0.0,0.0,0.0,0.0,0.0,0.0,0.0,0.0,0.0,0.0,0.0,0.0,7.222237291452134e-35,1.2037062152420224e-34,4.333342374871281e-34,2.0222264416065976e-33,9.846316840679743e-33,4.6487134032646905e-32,2.210004611184353e-31,1.0488614477132886e-30,4.979732612456247e-30,2.364223451481161e-29,1.1224526753357832e-28,5.329033711644899e-28,2.5300477771039763e-27,1.2011822046052927e-26,5.702806254485918e-26,2.7074861196817113e-25,1.2853869066932189e-24,6.1017454047427305e-24,2.895004400343874e-23,1.3701798389489714e-22,6.410321841491788e-22,2.844151576887097e-21,1.0163337260352284e-20,1.948993324462466e-20,1.4073363495147796e-20,4.628442671649826e-21,1.0925929970840303e-21,2.360271905585456e-22,5.005949453697709e-23,1.0923642026701266e-23,4.0469609302860614e-24,9.139053549153253e-24,4.124804861977027e-23,1.9495322912693403e-22,9.15850129377703e-22,4.14177302473626e-21,1.5928347549600843e-20,3.6537490531197577e-20,3.2846894143835675e-20,1.235503731717248e-20,3.176821750065219e-21,1.3249967018350532e-21,3.176821750065271e-21,1.2355037317172665e-20,3.284689414383602e-20,3.6537490531197264e-20,1.5928347549600626e-20,4.141773024736212e-21,9.158501293777511e-22,1.9495322912697014e-22,4.1248048619661935e-23,9.139053549201401e-24,4.046960930225876e-24,1.0923642026773488e-23,5.0059494537025236e-23,2.3602719055846135e-22,1.0925929970839942e-21,4.628442671649983e-21,1.407336349514794e-20,1.948993324462454e-20,1.0163337260352236e-20,2.8441515768870007e-21,6.410321841492028e-22,1.3701798389480084e-22,2.895004400355911e-23,6.101745404694582e-24,1.2853869066450706e-24,2.707486120163194e-25,5.702806252078506e-26,1.2011822094201176e-26,2.5300477771039763e-27,5.3290327486799265e-28,1.1224533975595124e-28,2.364223451481161e-29,4.9797807607048564e-30,1.0488614477132886e-30,2.2090416462121595e-31,4.6535282281256586e-32,9.822242716374903e-33,2.0703746902162785e-33,4.092601131822876e-34,4.81482486096809e-35,4.81482486096809e-35,0.0,0.0,0.0,0.0,0.0,0.0,0.0,0.0,0.0,0.0,0.0,0.0,0.0,0.0,0.0,0.0,0.0,0.0,0.0,0.0,0.0,0.0,0.0,0.0,0.0,0.0,0.0,0.0,0.0,0.0,0.0,0.0,0.0
0.0,0.0,0.0,0.0,0.0,0.0,0.0,0.0,0.0,0.0,0.0,0.0,0.0,0.0,0.0,0.0,0.0,0.0,0.0,0.0,0.0,0.0,0.0,0.0,0.0,0.0,0.0,0.0,0.0,0.0,0.0,0.0,0.0,7.222237291452134e-35,0.0,2.8888949165808538e-34,1.0351873451081393e-33,4.790750736663249e-33,2.313523345695167e-32,1.096335620842434e-31,5.202899744762118e-31,2.4705347844113365e-30,1.1729298547307144e-29,5.568679582037433e-29,2.6438227385700085e-28,1.2551990819413748e-27,5.959266913666287e-27,2.8292599138188246e-26,1.3432344187015667e-25,6.377138079908167e-25,3.027445278824202e-24,1.4368621349358385e-23,6.811207189243238e-23,3.2101648111544406e-22,1.4728051284900029e-21,6.005707835196252e-21,1.6216095210759916e-20,1.841560010350497e-20,8.155052574631934e-21,2.133351826775615e-21,4.724874935095849e-22,1.0075592639090262e-22,2.2011750265385155e-23,8.156855103261314e-24,1.8418797772172105e-23,8.309132823928245e-23,3.9183975563802563e-22,1.821552076215231e-21,7.860512107660121e-21,2.542979352033127e-20,3.954934737955175e-20,2.295422661614355e-20,6.758944956205714e-21,1.6103158224298564e-21,6.6052487261220425e-22,1.6103158224299156e-21,6.758944956205761e-21,2.2954226616143834e-20,3.954934737955182e-20,2.5429793520330982e-20,7.860512107659905e-21,1.821552076215231e-21,3.9183975563812193e-22,8.309132823907782e-23,1.8418797772280438e-23,8.156855103249277e-24,2.201175026532497e-23,1.0075592639097484e-22,4.72487493509609e-22,2.133351826775615e-21,8.155052574632055e-21,1.8415600103505042e-20,1.6216095210759796e-20,6.005707835196204e-21,1.472805128490027e-21,3.210164811153959e-22,6.811207189238424e-23,1.4368621349286163e-23,3.0274452788482762e-24,6.377138080630391e-25,1.3432344187015667e-25,2.8292599186336494e-26,5.9592668655180384e-27,1.2551990097190019e-27,2.6438234607937376e-28,5.568672359800141e-29,1.1729370769680058e-29,2.470462562038422e-30,5.2045849334634565e-31,1.0953726558702404e-31,2.308708520834199e-32,4.887047233882611e-33,1.0592614694129797e-33,1.925929944387236e-34,4.81482486096809e-35,4.81482486096809e-35,0.0,0.0,0.0,0.0,0.0,0.0,0.0,0.0,0.0,0.0,0.0,0.0,0.0,0.0,0.0,0.0,0.0,0.0,0.0,0.0,0.0,0.0,0.0,0.0,0.0,0.0,0.0,0.0,0.0,0.0,0.0,0.0,0.0
0.0,0.0,0.0,0.0,0.0,0.0,0.0,0.0,0.0,0.0,0.0,0.0,0.0,0.0,0.0,0.0,0.0,0.0,0.0,0.0,0.0,0.0,0.0,0.0,0.0,0.0,0.0,0.0,0.0,0.0,0.0,0.0,0.0,0.0,1.4444474582904269e-34,7.222237291452134e-35,5.055566104016494e-34,2.3833383061792044e-33,1.1435209044799213e-32,5.443159505324425e-32,2.5809868667219444e-31,1.2257581131052563e-30,5.819052882220204e-30,2.762712801449463e-29,1.311644958975205e-28,6.2272525302268635e-28,2.956492240956302e-27,1.403643755560729e-26,6.664023625810937e-26,3.1638340827426347e-25,1.502032052020565e-24,7.12999599890879e-24,3.3824889809181537e-23,1.6000638560534113e-22,7.467488572379586e-22,3.277171328282306e-21,1.1250040846812662e-20,1.9746908913191912e-20,1.2945007990443061e-20,4.041510974931624e-21,9.393512496769588e-22,2.0249526075248382e-22,4.4341562415109685e-23,1.6439811115792917e-23,3.711683022725564e-23,1.672812176264e-22,7.853143204782971e-22,3.575525813278906e-21,1.4134253463556708e-20,3.491284412123012e-20,3.473168586077774e-20,1.3959903543609785e-20,3.529035985316887e-21,8.075784136455631e-22,3.2848305292801095e-22,8.0757841364560845e-22,3.5290359853169325e-21,1.3959903543610017e-20,3.4731685860777896e-20,3.491284412122987e-20,1.41342534635566e-20,3.575525813278738e-21,7.853143204782129e-22,1.672812176265685e-22,3.711683022726768e-23,1.643981111569662e-23,4.4341562415145796e-23,2.0249526075243567e-22,9.39351249677019e-22,4.0415109749318046e-21,1.2945007990443158e-20,1.9746908913191743e-20,1.1250040846812613e-20,3.27717132828233e-21,7.467488572378623e-22,1.6000638560541335e-22,3.3824889809181537e-23,7.12999599890879e-24,1.5020320519724167e-24,3.1638340837055997e-25,6.664023620996112e-26,1.4036437459310791e-26,2.9564922891045507e-27,6.2272525302268635e-28,1.311644718233962e-28,2.7627152088618935e-29,5.8191251045931186e-30,1.225637742483732e-30,2.5817090904510897e-31,5.433529855602489e-32,1.1507431417713734e-32,2.4314865547888853e-33,5.055566104016494e-34,9.62964972193618e-35,2.407412430484045e-35,0.0,0.0,0.0,0.0,0.0,0.0,0.0,0.0,0.0,0.0,0.0,0.0,0.0,0.0,0.0,0.0,0.0,0.0,0.0,0.0,0.0,0.0,0.0,0.0,0.0,0.0,0.0,0.0,0.0,0.0,0.0,0.0,0.0,0.0
0.0,0.0,0.0,0.0,0.0,0.0,0.0,0.0,0.0,0.0,0.0,0.0,0.0,0.0,0.0,0.0,0.0,0.0,0.0,0.0,0.0,0.0,0.0,0.0,0.0,0.0,0.0,0.0,0.0,0.0,0.0,0.0,0.0,0.0,7.222237291452134e-35,4.81482486096809e-35,2.6481536735324493e-34,1.179632090937182e-33,5.753715708856867e-33,2.693894509711646e-32,1.2807434130175118e-31,6.080883058159649e-31,2.886920838387857e-30,1.3706289709344946e-29,6.507288762671844e-29,3.08944464984357e-28,1.4667653030048563e-27,6.963712998336355e-27,3.306136822528298e-26,1.5696382209644675e-25,7.451994336841221e-25,3.537675337202947e-24,1.6789313119266497e-23,7.956624874188208e-23,3.7454078611385325e-22,1.7087005547862523e-21,6.807166155346744e-21,1.7182190053351696e-20,1.76323320793487e-20,7.243716076601751e-21,1.842333012006997e-21,4.0576577165618604e-22,8.926969423932032e-23,3.3130573708251824e-23,7.477801656713493e-23,3.3636348943313894e-22,1.5649147357449522e-21,6.841896197865239e-21,2.317961716438732e-20,3.9569954678188536e-20,2.5197718323689376e-20,7.751005004985974e-21,1.79703330816349e-21,4.0281908545799053e-22,1.6315990935105473e-22,4.0281908545798032e-22,1.7970333081635548e-21,7.751005004986085e-21,2.5197718323689708e-20,3.9569954678188536e-20,2.317961716438708e-20,6.841896197865022e-21,1.564914735744928e-21,3.363634894331269e-22,7.47780165671229e-23,3.3130573708203676e-23,8.926969423932032e-23,4.057657716563064e-22,1.8423330120069007e-21,7.243716076602016e-21,1.7632332079348653e-20,1.7182190053351744e-20,6.8071661553466e-21,1.7087005547862282e-21,3.7454078611382917e-22,7.956624874188208e-23,1.67893131191702e-23,3.5376753372751696e-24,7.451994337322704e-25,1.5696382207237262e-25,3.306136822528298e-26,6.963712902039858e-27,1.4667653752272292e-27,3.0894448905848132e-28,6.507286355259413e-29,1.370626563522064e-29,2.8869689866364665e-30,6.080883058159649e-31,1.2807434130175118e-31,2.69630192214213e-32,5.657419211637505e-33,1.2518544638517033e-33,2.6481536735324493e-34,4.81482486096809e-35,4.81482486096809e-35,0.0,0.0,0.0,0.0,0.0,0.0,0.0,0.0,0.0,0.0,0.0,0.0,0.0,0.0,0.0,0.0,0.0,0.0,0.0,0.0,0.0,0.0,0.0,0.0,0.0,0.0,0.0,0.0,0.0,0.0,0.0,0.0,0.0,0.0
0.0,0.0,0.0,0.0,0.0,0.0,0.0,0.0,0.0,0.0,0.0,0.0,0.0,0.0,0.0,0.0,0.0,0.0,0.0,0.0,0.0,0.0,0.0,0.0,0.0,0.0,0.0,0.0,0.0,0.0,0.0,0.0,0.0,0.0,0.0,1.4444474582904269e-34,1.4444474582904269e-34,5.055566104016494e-34,2.840746667971173e-33,1.340928723779613e-32,6.35075399161691e-32,3.0172099991256534e-31,1.4322418772678728e-30,6.799904928772318e-30,3.228378587877992e-29,1.5327243832213602e-28,7.276869423960838e-28,3.4548150103385844e-27,1.6402306569781183e-26,7.787255898328909e-26,3.697099118513591e-25,1.755189861139152e-24,8.33148383600549e-24,3.951967180575999e-23,1.8683088307264359e-22,8.694507988267538e-22,3.76783947672149e-21,1.2369023271183401e-20,1.9799581931742954e-20,1.1817113657887929e-20,3.519819628646005e-21,8.083003104525377e-22,1.7950118505075472e-22,6.675380235294238e-23,1.5057790263481248e-22,6.74691934810518e-22,3.08327634546935e-21,1.2486150032273034e-20,3.304391852739509e-20,3.6382617100559783e-20,1.5737604162206978e-20,4.0803547616851944e-21,9.033022391979733e-22,2.0038225030308898e-22,8.099418114786643e-23,2.0038225030312398e-22,9.033022391979555e-22,4.0803547616852915e-21,1.5737604162207207e-20,3.6382617100560036e-20,3.304391852739474e-20,1.2486150032272866e-20,3.08327634546929e-21,6.746919348106143e-22,1.5057790263486063e-22,6.67538023527859e-23,1.7950118505082694e-22,8.083003104524775e-22,3.519819628646125e-21,1.1817113657887953e-20,1.9799581931742954e-20,1.236902327118328e-20,3.7678394767213934e-21,8.694507988268741e-22,1.8683088307247507e-22,3.951967180592851e-23,8.33148383600549e-24,1.7551898610669298e-24,3.6970991187543324e-25,7.787255895921496e-26,1.6402306642003556e-26,3.454814962190336e-27,7.276868701737109e-28,1.5327251054450894e-28,3.2283809952904223e-29,6.799904928772318e-30,1.4322659513921776e-30,3.016487775396508e-31,6.357976228908362e-32,1.336113898918645e-32,2.7685242950566515e-33,6.98149604840373e-34,9.62964972193618e-35,2.407412430484045e-35,0.0,0.0,0.0,0.0,0.0,0.0,0.0,0.0,0.0,0.0,0.0,0.0,0.0,0.0,0.0,0.0,0.0,0.0,0.0,0.0,0.0,0.0,0.0,0.0,0.0,0.0,0.0,0.0,0.0,0.0,0.0,0.0,0.0,0.0,0.0
0.0,0.0,0.0,0.0,0.0,0.0,0.0,0.0,0.0,0.0,0.0,0.0,0.0,0.0,0.0,0.0,0.0,0.0,0.0,0.0,0.0,0.0,0.0,0.0,0.0,0.0,0.0,0.0,0.0,0.0,0.0,0.0,0.0,0.0,0.0,7.222237291452134e-35,4.81482486096809e-35,3.3703774026776627e-34,1.4203733339855864e-33,6.596310059526283e-33,3.156117696364583e-32,1.4964475667888823e-31,7.10523704733061e-31,3.3735792612102065e-30,1.601646675176174e-29,7.604110680825236e-29,3.610177588206991e-28,1.7139919947703633e-27,8.137462408480779e-27,3.8633931396905024e-26,1.8342029441836312e-25,8.708013638401395e-25,4.1338878281714536e-24,1.9617595819337101e-23,9.294150245608748e-23,4.3687579913412315e-22,1.980066052810444e-21,7.682081510533389e-21,1.8034527191470798e-20,1.672059415339008e-20,6.405188399252432e-21,1.59147516234579e-21,3.6005362133447106e-22,1.3444713734371078e-22,3.0291035764506363e-22,1.3467036012431073e-21,5.94232374810582e-21,2.0982824024838526e-20,3.917964951467154e-20,2.745920447760373e-20,8.883460042129533e-21,2.0867501190665313e-21,4.510881148885818e-22,9.954564400259627e-23,4.0194355386132745e-23,9.954564400256254e-23,4.510881148885429e-22,2.086750119066561e-21,8.883460042129768e-21,2.7459204477604e-20,3.917964951467146e-20,2.0982824024838177e-20,5.942323748105796e-21,1.346703601243047e-21,3.0291035764506363e-22,1.344471373437469e-22,3.600536213343868e-22,1.5914751623459103e-21,6.405188399252432e-21,1.672059415339025e-20,1.803452719147063e-20,7.682081510533365e-21,1.9800660528103237e-21,4.368757991342435e-22,9.294150245611156e-23,1.9617595819313027e-23,4.133887828099231e-24,8.70801363936436e-25,1.834202942979925e-25,3.8633931396905024e-26,8.137462480703152e-27,1.7139919947703633e-27,3.610176865983262e-28,7.604103458587944e-29,1.601661119650757e-29,3.373482964712987e-30,7.105959271059755e-31,1.496929049274979e-31,3.1513028715036147e-32,6.668532432440804e-33,1.3481509610710651e-33,3.6111186457260672e-34,4.81482486096809e-35,4.81482486096809e-35,0.0,0.0,0.0,0.0,0.0,0.0,0.0,0.0,0.0,0.0,0.0,0.0,0.0,0.0,0.0,0.0,0.0,0.0,0.0,0.0,0.0,0.0,0.0,0.0,0.0,0.0,0.0,0.0,0.0,0.0,0.0,0.0,0.0,0.0,0.0
0.0,0.0,0.0,0.0,0.0,0.0,0.0,0.0,0.0,0.0,0.0,0.0,0.0,0.0,0.0,0.0,0.0,0.0,0.0,0.0,0.0,0.0,0.0,0.0,0.0,0.0,0.0,0.0,0.0,0.0,0.0,0.0,0.0,0.0,0.0,0.0,1.4444474582904269e-34,1.4444474582904269e-34,6.500013562306921e-34,3.370377402677663e-33,1.562410667384145e-32,7.417237698321342e-32,3.525896245686932e-31,1.673633121672508e-30,7.946098061050077e-30,3.7725308343651615e-29,1.7910703111501654e-28,8.503409705364759e-28,4.0371353605377446e-27,1.9166967858629507e-26,9.099820125333282e-26,4.320249631793955e-25,2.051015473478743e-24,9.735390277216165e-24,4.617200759051938e-23,2.181242604256336e-22,1.011707970334939e-21,4.321129251602286e-21,1.3500215903190846e-20,1.9646127770444873e-20,1.071279117797975e-20,3.0632279359707044e-21,7.186898338764171e-22,2.705714260446886e-22,6.081271603198933e-22,2.6620220589405752e-21,1.0987237389228468e-20,3.0989421091771664e-20,3.773869361587868e-20,1.7655731351731556e-20,4.720177018206834e-21,1.0512465895953364e-21,2.24523463017158e-22,4.9419008363459405e-23,1.9944010455407074e-23,4.9419008363528736e-23,2.2452346301710526e-22,1.051246589595384e-21,4.720177018206921e-21,1.7655731351731833e-20,3.773869361587882e-20,3.0989421091771327e-20,1.0987237389228203e-20,2.6620220589406354e-21,6.081271603197368e-22,2.7057142604483303e-22,7.186898338764171e-22,3.0632279359707405e-21,1.0712791177979919e-20,1.964612777044485e-20,1.350021590319075e-20,4.321129251602262e-21,1.0117079703349149e-21,2.1812426042560953e-22,4.617200759056753e-23,9.73539027724024e-24,2.0510154733824466e-24,4.320249631312473e-25,9.099820122925869e-26,1.9166967979000128e-26,4.0371353605377446e-27,8.503409464623515e-28,1.7910703111501654e-28,3.772533241777592e-29,7.946049912801467e-30,1.6737053440454225e-30,3.52469253947169e-31,7.431682172904246e-32,1.562410667384145e-32,3.322229154067982e-33,6.7407548053553255e-34,1.6851887013388314e-34,2.407412430484045e-35,0.0,0.0,0.0,0.0,0.0,0.0,0.0,0.0,0.0,0.0,0.0,0.0,0.0,0.0,0.0,0.0,0.0,0.0,0.0,0.0,0.0,0.0,0.0,0.0,0.0,0.0,0.0,0.0,0.0,0.0,0.0,0.0,0.0,0.0,0.0,0.0
0.0,0.0,0.0,0.0,0.0,0.0,0.0,0.0,0.0,0.0,0.0,0.0,0.0,0.0,0.0,0.0,0.0,0.0,0.0,0.0,0.0,0.0,0.0,0.0,0.0,0.0,0.0,0.0,0.0,0.0,0.0,0.0,0.0,0.0,0.0,0.0,7.222237291452134e-35,9.62964972193618e-35,4.092601131822876e-34,1.5407439555097887e-33,7.800016274768305e-33,3.6857484310710726e-32,1.7477814245314165e-31,8.304128437711664e-31,3.942161929041928e-30,1.8716235347803768e-29,8.885836318114385e-29,4.218699228260443e-28,2.002897953129473e-27,9.509091538909518e-27,4.5145957369461077e-26,2.1433694941684066e-25,1.0175770763549767e-24,4.830588497944173e-24,2.2922109635880842e-23,1.0855860404667946e-22,5.094329763860819e-22,2.2914476022359478e-21,8.627540553032985e-21,1.874503256230906e-20,1.5711763129888666e-20,5.650414452789797e-21,1.4207010740590888e-21,5.436491547305766e-22,1.215985318536432e-21,5.162878474765839e-21,1.8876129251681723e-20,3.83932868038958e-20,2.96867514180298e-20,1.0152542507998779e-20,2.425909318142429e-21,5.255526806560724e-22,1.1157091359328947e-22,2.452574467078153e-23,9.895308010283463e-24,2.4525744670810233e-23,1.1157091359323081e-22,5.255526806561537e-22,2.4259093181424608e-21,1.0152542507998995e-20,2.968675141803007e-20,3.8393286803895565e-20,1.8876129251681566e-20,5.162878474765707e-21,1.2159853185365042e-21,5.436491547305285e-22,1.420701074059125e-21,5.650414452789797e-21,1.5711763129888858e-20,1.874503256230901e-20,8.627540553032793e-21,2.2914476022359478e-21,5.094329763859856e-22,1.0855860404677576e-22,2.2922109635832694e-23,4.830588497920099e-24,1.0175770763790508e-24,2.143369493446183e-25,4.5145957465757574e-26,9.509091442613021e-27,2.002898025351846e-27,4.218698746777957e-28,8.885838725526815e-29,1.8716187199555158e-29,3.942234151414843e-30,8.302924731496422e-31,1.7494666132327554e-31,3.6833410186405886e-32,7.751868026158624e-33,1.6370404527291505e-33,3.3703774026776627e-34,2.407412430484045e-35,4.81482486096809e-35,0.0,0.0,0.0,0.0,0.0,0.0,0.0,0.0,0.0,0.0,0.0,0.0,0.0,0.0,0.0,0.0,0.0,0.0,0.0,0.0,0.0,0.0,0.0,0.0,0.0,0.0,0.0,0.0,0.0,0.0,0.0,0.0,0.0,0.0,0.0,0.0
0.0,0.0,0.0,0.0,0.0,0.0,0.0,0.0,0.0,0.0,0.0,0.0,0.0,0.0,0.0,0.0,0.0,0.0,0.0,0.0,0.0,0.0,0.0,0.0,0.0,0.0,0.0,0.0,0.0,0.0,0.0,0.0,0.0,0.0,0.0,0.0,7.222237291452134e-35,0.0,2.1666711874356403e-34,8.185202263645752e-34,3.827785764469631e-33,1.82722603473739e-32,8.68353663675595e-32,4.118841927315152e-31,1.9558781550224574e-30,9.285510114998485e-30,4.408475309414257e-29,2.0929997929792106e-28,9.936862029602679e-28,4.71769142681727e-27,2.2398018240971098e-26,1.063380851322903e-25,5.048520835372066e-25,2.3967395654428427e-24,1.1375987958134155e-23,5.394334956520308e-23,2.546250396174516e-22,1.1764421845921172e-21,4.941652120629929e-21,1.4620246162099986e-20,1.9296075417346434e-20,9.668764386996626e-21,2.75580822207639e-21,1.0888455420299479e-21,2.4120831371475874e-21,9.658271548813437e-21,2.8814799915050304e-20,3.87528451180958e-20,1.9699703650811063e-20,5.452161986723173e-21,1.225223697446541e-21,2.6173609746421465e-22,5.539759208644951e-23,1.2169800235138934e-23,4.909477872286917e-24,1.2169800235103777e-23,5.539759208640142e-23,2.617360974642262e-22,1.2252236974465817e-21,5.452161986723304e-21,1.9699703650811325e-20,3.875284511809582e-20,2.881479991505011e-20,9.658271548813196e-21,2.4120831371475634e-21,1.0888455420300321e-21,2.755808222076462e-21,9.668764386996698e-21,1.9296075417346482e-20,1.462024616209977e-20,4.941652120629977e-21,1.1764421845921172e-21,2.546250396173794e-22,5.394334956520308e-23,1.137598795811008e-23,2.396739565490991e-24,5.048520835131324e-25,1.0633808508414205e-25,2.2398018337267596e-26,4.717691330520773e-27,9.936862992567651e-28,2.0929985892729954e-28,4.4084777168266877e-29,9.285606411495704e-30,1.955781858525238e-30,4.120045633530394e-31,8.673906987034013e-32,1.832040859598358e-32,3.803711640164791e-33,8.185202263645752e-34,1.925929944387236e-34,4.81482486096809e-35,4.81482486096809e-35,0.0,0.0,0.0,0.0,0.0,0.0,0.0,0.0,0.0,0.0,0.0,0.0,0.0,0.0,0.0,0.0,0.0,0.0,0.0,0.0,0.0,0.0,0.0,0.0,0.0,0.0,0.0,0.0,0.0,0.0,0.0,0.0,0.0,0.0,0.0,0.0
0.0,0.0,0.0,0.0,0.0,0.0,0.0,0.0,0.0,0.0,0.0,0.0,0.0,0.0,0.0,0.0,0.0,0.0,0.0,0.0,0.0,0.0,0.0,0.0,0.0,0.0,0.0,0.0,0.0,0.0,0.0,0.0,0.0,0.0,0.0,0.0,0.0,7.222237291452134e-35,7.222237291452134e-35,4.574083617919685e-34,1.877781695777555e-33,9.051870738620009e-33,4.306860838135956e-32,2.044374635967051e-31,9.703075801065943e-31,4.6070651682173166e-30,2.187249748891418e-29,1.0384361481830775e-28,4.930145934919352e-28,2.3406697375214183e-27,1.1112718407106262e-26,5.275942775685242e-26,2.504827941149344e-25,1.1891769468266399e-24,5.645094299610411e-24,2.6784758818228334e-23,1.2679945682177503e-22,5.938746927494875e-22,2.6478958557435984e-21,9.638563427260572e-21,1.929558577110251e-20,1.4673122254569922e-20,5.157891875754435e-21,2.16694905531591e-21,4.710403856442119e-21,1.6931986811852814e-20,3.725101843302487e-20,3.182774853363187e-20,1.1565399235833269e-20,2.8182781708945065e-21,6.133492688646526e-22,1.301061739743079e-22,2.7496341214078856e-23,6.03850114725881e-24,2.4358671206869074e-24,6.0385011472573744e-24,2.7496341214026723e-23,1.3010617397435191e-22,6.133492688646707e-22,2.818278170894527e-21,1.1565399235833462e-20,3.1827748533632176e-20,3.7251018433024595e-20,1.6931986811852682e-20,4.7104038564420224e-21,2.166949055315814e-21,5.157891875754688e-21,1.4673122254569898e-20,1.929558577110246e-20,9.638563427260452e-21,2.6478958557435743e-21,5.938746927494394e-22,1.267994568217991e-22,2.6784758818180186e-23,5.645094299754856e-24,1.1891769468747881e-24,2.5048279392234143e-25,5.275942782907479e-26,1.1112718358958014e-26,2.340669713447294e-27,4.930146657143081e-28,1.0384356667005914e-28,2.1872569711287094e-29,4.606968871720097e-30,9.704279507281185e-31,2.0436524122379056e-31,4.304453425705472e-32,9.10001898722969e-33,1.9018558200823954e-33,4.092601131822876e-34,2.407412430484045e-35,4.81482486096809e-35,0.0,0.0,0.0,0.0,0.0,0.0,0.0,0.0,0.0,0.0,0.0,0.0,0.0,0.0,0.0,0.0,0.0,0.0,0.0,0.0,0.0,0.0,0.0,0.0,0.0,0.0,0.0,0.0,0.0,0.0,0.0,0.0,0.0,0.0,0.0,0.0,0.0
0.0,0.0,0.0,0.0,0.0,0.0,0.0,0.0,0.0,0.0,0.0,0.0,0.0,0.0,0.0,0.0,0.0,0.0,0.0,0.0,0.0,0.0,0.0,0.0,0.0,0.0,0.0,0.0,0.0,0.0,0.0,0.0,0.0,0.0,0.0,0.0,0.0,7.222237291452134e-35,0.0,2.8888949165808538e-34,8.907425992790966e-34,4.501861245005164e-33,2.1401896507003158e-32,1.0137613744768313e-31,4.815065602211138e-31,2.286223288733478e-30,1.0854083758204669e-29,5.153136122411582e-29,2.4465386602692437e-28,1.1615355957713577e-27,5.5145835321287496e-27,2.618139312018463e-26,1.2430019668253737e-25,5.901281052697051e-25,2.8015541973422066e-24,1.329684170217247e-23,6.303882242077502e-23,2.9726934822649486e-22,1.3673207057773052e-21,5.6352226525086814e-21,1.5714288408585693e-20,1.8834406962128154e-20,9.057172963299174e-21,4.258871730244466e-21,8.928224981346372e-21,2.6673639442089142e-20,3.9412243732399615e-20,2.185557366957563e-20,6.2880177621973776e-21,1.4279233483487135e-21,3.057280904905605e-22,6.46248182792956e-23,1.364750691707585e-23,2.9966700412602773e-24,1.2087869500164596e-24,2.9966700413616292e-24,1.364750691695644e-23,6.462481827927908e-23,3.0572809049062416e-22,1.4279233483486755e-21,6.288017762197555e-21,2.185557366957591e-20,3.9412243732399657e-20,2.6673639442088793e-20,8.928224981346276e-21,4.258871730244562e-21,9.057172963299222e-21,1.8834406962128202e-20,1.571428840858562e-20,5.635222652508585e-21,1.3673207057771367e-21,2.97269348226543e-22,6.303882242077502e-23,1.3296841702220617e-23,2.8015541973181325e-24,5.9012810529377925e-25,1.2430019673068562e-25,2.6181393047962256e-26,5.514583580276998e-27,1.1615354272524876e-27,2.446539863975459e-28,5.153138529824012e-29,1.0854083758204669e-29,2.2861510663605635e-30,4.8153063434541864e-31,1.0147243394490249e-31,2.1377822382698318e-32,4.4777871207003234e-33,9.62964972193618e-34,1.925929944387236e-34,4.81482486096809e-35,4.81482486096809e-35,0.0,0.0,0.0,0.0,0.0,0.0,0.0,0.0,0.0,0.0,0.0,0.0,0.0,0.0,0.0,0.0,0.0,0.0,0.0,0.0,0.0,0.0,0.0,0.0,0.0,0.0,0.0,0.0,0.0,0.0,0.0,0.0,0.0,0.0,0.0,0.0,0.0
0.0,0.0,0.0,0.0,0.0,0.0,0.0,0.0,0.0,0.0,0.0,0.0,0.0,0.0,0.0,0.0,0.0,0.0,0.0,0.0,0.0,0.0,0.0,0.0,0.0,0.0,0.0,0.0,0.0,0.0,0.0,0.0,0.0,0.0,0.0,0.0,0.0,0.0,7.222237291452134e-35,1.2037062152420224e-34,4.574083617919685e-34,2.2388935603501617e-33,1.0664837067044319e-32,5.033899392142138e-32,2.3912827671998017e-31,1.1353838504648852e-30,5.3903168024753005e-30,2.559151635977454e-29,1.2150008314008814e-28,5.768418739534805e-28,2.7386532660639513e-27,1.3002211177319026e-26,6.173008804824869e-26,2.9307198706265824e-25,1.3913645929642761e-24,6.604750832549104e-24,3.133496312326817e-23,1.4826939428577187e-22,6.928788058587259e-22,3.0585589757083806e-21,1.0727870802175288e-20,1.9800687817055576e-20,1.434183335153477e-20,8.171425753012834e-21,1.6032325365977786e-20,3.5996751308892897e-20,3.388049469489394e-20,1.3142539050019036e-20,3.2749101829688183e-21,7.165708810150505e-22,1.5216758404575871e-22,3.210899584719232e-23,6.778292959707134e-24,1.4882362336836294e-24,6.003105286544633e-25,1.4882362337077348e-24,6.778292959730678e-24,3.210899584721256e-23,1.5216758404571907e-22,7.165708810150987e-22,3.2749101829688428e-21,1.3142539050019298e-20,3.3880494694894215e-20,3.599675130889261e-20,1.6032325365977605e-20,8.171425753012762e-21,1.4341833351534865e-20,1.9800687817055648e-20,1.0727870802175168e-20,3.0585589757083084e-21,6.928788058586777e-22,1.4826939428582002e-22,3.133496312326817e-23,6.6047508324768816e-24,1.3913645930124244e-24,2.930719870385841e-25,6.173008800010044e-26,1.3002211177319026e-26,2.7386533142122e-27,5.768418739534805e-28,1.2150008314008814e-28,2.5591492285650237e-29,5.39036495072391e-30,1.1353597763405804e-30,2.3912827671998017e-31,5.036306804572622e-32,1.0640762942739478e-32,2.2388935603501617e-33,4.574083617919685e-34,4.81482486096809e-35,4.81482486096809e-35,0.0,0.0,0.0,0.0,0.0,0.0,0.0,0.0,0.0,0.0,0.0,0.0,0.0,0.0,0.0,0.0,0.0,0.0,0.0,0.0,0.0,0.0,0.0,0.0,0.0,0.0,0.0,0.0,0.0,0.0,0.0,0.0,0.0,0.0,0.0,0.0,0.0,0.0
0.0,0.0,0.0,0.0,0.0,0.0,0.0,0.0,0.0,0.0,0.0,0.0,0.0,0.0,0.0,0.0,0.0,0.0,0.0,0.0,0.0,0.0,0.0,0.0,0.0,0.0,0.0,0.0,0.0,0.0,0.0,0.0,0.0,0.0,0.0,0.0,0.0,0.0,7.222237291452134e-35,0.0,2.6481536735324493e-34,1.131483842327501e-33,5.248159098455218e-33,2.513338577425343e-32,1.1914284118465538e-31,5.655974764179215e-31,2.6852518990862084e-30,1.2748669192747003e-29,6.052644110350071e-29,2.8735943661376694e-28,1.3642870521464976e-27,6.477180290591125e-27,3.075147672605457e-26,1.4599730762772898e-25,6.931359250404191e-25,3.2905369150679115e-24,1.5616923765291318e-23,7.40213029981117e-23,3.4868637748088245e-22,1.5959627938136824e-21,6.445914291905394e-21,1.6996978752209336e-20,1.964219136240591e-20,1.4999098842549582e-20,2.6322870009115577e-20,4.014290358930731e-20,2.422976313295944e-20,7.273069351976506e-21,1.6714320368024102e-21,3.5883040744713556e-22,7.588732156266012e-23,1.5999126103567008e-23,3.37683803883965e-24,7.413868151007076e-25,2.990512303249109e-25,7.41386815051776e-25,3.376838038858818e-24,1.599912610351504e-23,7.58873215627557e-23,3.5883040744711957e-22,1.6714320368024599e-21,7.273069351976601e-21,2.422976313295972e-20,4.014290358930735e-20,2.632287000911524e-20,1.4999098842549678e-20,1.9642191362406005e-20,1.6996978752209143e-20,6.445914291905298e-21,1.5959627938136824e-21,3.4868637748071393e-22,7.402130299830429e-23,1.561692376519502e-23,3.2905369150438374e-24,6.931359251367156e-25,1.4599730753143248e-25,3.075147672605457e-26,6.477180314665249e-27,1.3642870762206219e-27,2.8735943661376694e-28,6.05264170293764e-29,1.2748669192747003e-29,2.6852759732105133e-30,5.655974764179215e-31,1.1911876706035054e-31,2.5061163401338907e-32,5.3444555956745795e-33,1.1555579666323415e-33,2.1666711874356403e-34,4.81482486096809e-35,4.81482486096809e-35,0.0,0.0,0.0,0.0,0.0,0.0,0.0,0.0,0.0,0.0,0.0,0.0,0.0,0.0,0.0,0.0,0.0,0.0,0.0,0.0,0.0,0.0,0.0,0.0,0.0,0.0,0.0,0.0,0.0,0.0,0.0,0.0,0.0,0.0,0.0,0.0,0.0,0.0
0.0,0.0,0.0,0.0,0.0,0.0,0.0,0.0,0.0,0.0,0.0,0.0,0.0,0.0,0.0,0.0,0.0,0.0,0.0,0.0,0.0,0.0,0.0,0.0,0.0,0.0,0.0,0.0,0.0,0.0,0.0,0.0,0.0,0.0,0.0,0.0,0.0,0.0,0.0,1.4444474582904269e-34,7.222237291452134e-35,5.296307347064899e-34,2.6722277978372897e-33,1.2638915260041235e-32,6.006494014057692e-32,2.8535059538527383e-31,1.3543861592660188e-30,6.430222675947189e-30,3.0528517401589697e-29,1.4493934871288564e-28,6.881238635512493e-28,3.266983011018883e-27,1.5510543251705685e-26,7.363878518839031e-26,3.496098464865583e-25,1.6597723652556824e-24,7.878719580575692e-24,3.7375641741357746e-23,1.7677594046411711e-22,8.24432981023125e-22,3.607839212779353e-21,1.2320136383113094e-20,2.2748768294027634e-20,2.5511500157998152e-20,3.8004492591889e-20,3.682539592060574e-20,1.5190585938684043e-20,3.877005952421724e-21,8.533924147400642e-22,1.8145863533361045e-22,3.8297292744357073e-23,8.070626554628104e-24,1.7032626211340513e-24,3.739450882581243e-25,1.5083665823363773e-25,3.7394508831925403e-25,1.703262621056545e-24,8.070626554659719e-24,3.8297292744371097e-23,1.8145863533358167e-22,8.5339241474e-22,3.877005952421881e-21,1.5190585938684203e-20,3.682539592060611e-20,3.80044925918887e-20,2.5511500157998104e-20,2.2748768294027538e-20,1.2320136383112973e-20,3.607839212779329e-21,8.244329810230768e-22,1.7677594046414119e-22,3.7375641741285524e-23,7.878719580575692e-24,1.6597723652556824e-24,3.4960984655878067e-25,7.363878516431619e-26,1.5510543323928058e-26,3.266982914722386e-27,6.881238154030007e-28,1.4493942093525855e-28,3.0528517401589697e-29,6.430246750071493e-30,1.3543861592660188e-30,2.8525429888805447e-31,6.008901426488176e-32,1.2638915260041235e-32,2.6722277978372897e-33,6.2592723192585165e-34,9.62964972193618e-35,2.407412430484045e-35,0.0,0.0,0.0,0.0,0.0,0.0,0.0,0.0,0.0,0.0,0.0,0.0,0.0,0.0,0.0,0.0,0.0,0.0,0.0,0.0,0.0,0.0,0.0,0.0,0.0,0.0,0.0,0.0,0.0,0.0,0.0,0.0,0.0,0.0,0.0,0.0,0.0,0.0,0.0
0.0,0.0,0.0,0.0,0.0,0.0,0.0,0.0,0.0,0.0,0.0,0.0,0.0,0.0,0.0,0.0,0.0,0.0,0.0,0.0,0.0,0.0,0.0,0.0,0.0,0.0,0.0,0.0,0.0,0.0,0.0,0.0,0.0,0.0,0.0,0.0,0.0,0.0,0.0,7.222237291452134e-35,4.81482486096809e-35,2.8888949165808538e-34,1.4444474582904269e-33,6.716680681050485e-33,3.177784408238939e-32,1.5092068526704477e-31,7.167589029280147e-31,3.4025404327489296e-30,1.6154218891034038e-29,7.669510446911765e-29,3.641227671511645e-28,1.7287334718248164e-27,8.207450437844444e-27,3.896621765133287e-26,1.8499802294548582e-25,8.782951393185277e-25,4.1695389154539005e-24,1.9788502774135215e-23,9.378993803766132e-23,4.417270708713304e-22,2.020501625217892e-21,8.170495937702763e-21,2.276063037033051e-20,3.8520560626246943e-20,4.7257289277316724e-20,2.916485555691345e-20,9.076059296154583e-21,2.110513459757585e-21,4.543438766335498e-22,9.614369319631718e-23,2.0270652726168335e-23,4.27084070842438e-24,9.01297201241312e-25,1.978746018938474e-25,7.98156939329779e-26,1.9787460197275181e-25,9.012972012188421e-25,4.270840708404177e-24,2.0270652726126837e-23,9.614369319630765e-23,4.543438766335281e-22,2.1105134597576934e-21,9.076059296154759e-21,2.916485555691377e-20,4.7257289277316904e-20,3.852056062624657e-20,2.276063037033027e-20,8.17049593770269e-21,2.020501625217892e-21,4.4172707087128225e-22,9.378993803775762e-23,1.9788502773966696e-23,4.169538915550197e-24,8.782951392944535e-25,1.8499802289733757e-25,3.896621767540699e-26,8.207450534140941e-27,1.7287334718248164e-27,3.641226708546673e-28,7.669505632086904e-29,1.6154315187531257e-29,3.4025645068732344e-30,7.166385323064905e-31,1.509929076399593e-31,3.180191820669423e-32,6.740754805355325e-33,1.3481509610710651e-33,3.3703774026776627e-34,2.407412430484045e-35,4.81482486096809e-35,0.0,0.0,0.0,0.0,0.0,0.0,0.0,0.0,0.0,0.0,0.0,0.0,0.0,0.0,0.0,0.0,0.0,0.0,0.0,0.0,0.0,0.0,0.0,0.0,0.0,0.0,0.0,0.0,0.0,0.0,0.0,0.0,0.0,0.0,0.0,0.0,0.0,0.0,0.0
0.0,0.0,0.0,0.0,0.0,0.0,0.0,0.0,0.0,0.0,0.0,0.0,0.0,0.0,0.0,0.0,0.0,0.0,0.0,0.0,0.0,0.0,0.0,0.0,0.0,0.0,0.0,0.0,0.0,0.0,0.0,0.0,0.0,0.0,0.0,0.0,0.0,0.0,0.0,0.0,1.2037062152420224e-34,1.6851887013388314e-34,9.14816723583937e-34,4.140749380432557e-33,1.9764856054274008e-32,9.388908478887775e-32,4.457805597527306e-31,2.1162599711413044e-30,1.0047263556252247e-29,4.7701119898967095e-29,2.2646916326964718e-28,1.0752002971138583e-27,5.104692965779167e-27,2.4235378422779357e-26,1.1506137279457953e-25,5.462699075001231e-25,2.5934352023065626e-24,1.231113090195847e-23,5.841229109843964e-23,2.7649462378329083e-22,1.2944098097540033e-21,5.767638954773805e-21,2.134347778639324e-20,4.929013111256861e-20,5.168685657539194e-20,2.2798267900771745e-20,5.996706591822876e-21,1.330465549529708e-21,2.8339657668385444e-22,5.983369250373732e-23,1.2609115266974495e-23,2.6563566704509093e-24,5.60572503699228e-25,1.2306990363350038e-25,4.964205042169424e-26,1.2306990369831068e-25,5.605725036982495e-25,2.656356670500664e-24,1.2609115266914045e-23,5.983369250372156e-23,2.833965766839012e-22,1.3304655495296757e-21,5.9967065918230264e-21,2.279826790077206e-20,5.168685657539222e-20,4.929013111256833e-20,2.1343477786392928e-20,5.767638954773661e-21,1.2944098097539551e-21,2.7649462378333898e-22,5.841229109839149e-23,1.231113090207884e-23,2.5934352022584143e-24,5.462699074519748e-25,1.1506137284272778e-25,2.423537832648286e-26,5.1046930139274154e-27,1.0752002971138583e-27,2.264691873437715e-28,4.7701119898967095e-29,1.0047263556252247e-29,2.1162840452656093e-30,4.457564856284257e-31,9.388908478887775e-32,1.9764856054274008e-32,4.140749380432557e-33,8.425943506694157e-34,2.1666711874356403e-34,4.81482486096809e-35,0.0,0.0,0.0,0.0,0.0,0.0,0.0,0.0,0.0,0.0,0.0,0.0,0.0,0.0,0.0,0.0,0.0,0.0,0.0,0.0,0.0,0.0,0.0,0.0,0.0,0.0,0.0,0.0,0.0,0.0,0.0,0.0,0.0,0.0,0.0,0.0,0.0,0.0,0.0,0.0
0.0,0.0,0.0,0.0,0.0,0.0,0.0,0.0,0.0,0.0,0.0,0.0,0.0,0.0,0.0,0.0,0.0,0.0,0.0,0.0,0.0,0.0,0.0,0.0,0.0,0.0,0.0,0.0,0.0,0.0,0.0,0.0,0.0,0.0,0.0,0.0,0.0,0.0,0.0,7.222237291452134e-35,0.0,2.1666711874356403e-34,8.185202263645752e-34,3.75556339155511e-33,1.7838926109886772e-32,8.490943642317226e-32,4.029045443658097e-31,1.9130021396355365e-30,9.082155986995498e-30,4.3119356635394165e-29,2.04716073437285e-28,9.719237242194268e-28,4.6143705575341176e-27,2.1907492984154657e-26,1.0400940211792738e-25,4.938000634363772e-25,2.3443537165525013e-24,1.1129203143140626e-23,5.281503249609232e-23,2.50237254671869e-22,1.1766550604148243e-21,5.3426527244522345e-21,2.0951697855445417e-20,5.158264923606172e-20,5.232318541770245e-20,2.151368449349703e-20,5.47962145272815e-21,1.205527628003701e-21,2.5630464430605416e-22,5.409222686269358e-23,1.1398223955777784e-23,2.401216229280562e-24,5.067281765117946e-25,1.1124865750028017e-25,4.487377037765264e-26,1.112486574880411e-25,5.067281764717997e-25,2.4012162292480037e-24,1.1398223955847098e-23,5.409222686260369e-23,2.5630464430610814e-22,1.2055276280037577e-21,5.4796214527282095e-21,2.1513684493497403e-20,5.232318541770271e-20,5.158264923606142e-20,2.0951697855445104e-20,5.34265272445209e-21,1.1766550604148484e-21,2.5023725467182085e-22,5.281503249614047e-23,1.1129203143116551e-23,2.3443537166006495e-24,4.938000633400807e-25,1.0400940219014976e-25,2.1907492936006408e-26,4.614370581608242e-27,9.71923820515924e-28,2.047160493631607e-28,4.3119212190648336e-29,9.082324505865632e-30,1.912929917262622e-30,4.029526926144194e-31,8.48131399259529e-32,1.7887074358496453e-32,3.75556339155511e-33,7.944461020597348e-34,1.2037062152420224e-34,9.62964972193618e-35,2.407412430484045e-35,0.0,0.0,0.0,0.0,0.0,0.0,0.0,0.0,0.0,0.0,0.0,0.0,0.0,0.0,0.0,0.0,0.0,0.0,0.0,0.0,0.0,0.0,0.0,0.0,0.0,0.0,0.0,0.0,0.0,0.0,0.0,0.0,0.0,0.0,0.0,0.0,0.0,0.0,0.0
0.0,0.0,0.0,0.0,0.0,0.0,0.0,0.0,0.0,0.0,0.0,0.0,0.0,0.0,0.0,0.0,0.0,0.0,0.0,0.0,0.0,0.0,0.0,0.0,0.0,0.0,0.0,0.0,0.0,0.0,0.0,0.0,0.0,0.0,0.0,0.0,0.0,0.0,0.0,4.81482486096809e-35,4.81482486096809e-35,2.6481536735324493e-34,1.1555579666323415e-33,5.272233222760058e-33,2.513338577425343e-32,1.1926321180617958e-31,5.662956260227619e-31,2.6887426471104103e-30,1.2765208116144428e-29,6.060460978511853e-29,2.877307799811691e-28,1.3660499521210924e-27,6.485550478425929e-27,3.079122182935327e-26,1.4618615326805253e-25,6.940358581773928e-25,3.2948851513571924e-24,1.563927215376207e-23,7.416573454628913e-23,3.502265881678166e-22,1.62156954643034e-21,6.895170025748583e-21,2.2165621926830366e-20,4.382415133336645e-20,4.97528703183185e-20,2.5971174397382972e-20,7.40716906261882e-21,1.6798580750913375e-21,3.595797398054096e-22,7.599785043919759e-23,1.601902935263368e-23,3.374879097041965e-24,7.122097100962488e-25,1.5636115344525036e-25,6.307059026583806e-26,1.5636115343447502e-25,7.122097101335518e-25,3.374879096920574e-24,1.601902935275698e-23,7.599785043921611e-23,3.5957973980535227e-22,1.6798580750913934e-21,7.407169062618958e-21,2.5971174397383297e-20,4.9752870318318716e-20,4.382415133336616e-20,2.2165621926830125e-20,6.89517002574839e-21,1.6215695464303641e-21,3.502265881679129e-22,7.416573454609654e-23,1.563927215388244e-23,3.294885151260896e-24,6.940358582496152e-25,1.4618615317175604e-25,3.0791221949723893e-26,6.485550333981183e-27,1.3660500484175897e-27,2.877307559070448e-28,6.060473015574005e-29,1.2765135893771514e-29,2.6886704247374958e-30,5.663437742713715e-31,1.1923913768187474e-31,2.518153402286311e-32,5.2963073470648986e-33,1.0833355937178202e-33,2.8888949165808538e-34,2.407412430484045e-35,2.407412430484045e-35,0.0,0.0,0.0,0.0,0.0,0.0,0.0,0.0,0.0,0.0,0.0,0.0,0.0,0.0,0.0,0.0,0.0,0.0,0.0,0.0,0.0,0.0,0.0,0.0,0.0,0.0,0.0,0.0,0.0,0.0,0.0,0.0,0.0,0.0,0.0,0.0,0.0,0.0,0.0
0.0,0.0,0.0,0.0,0.0,0.0,0.0,0.0,0.0,0.0,0.0,0.0,0.0,0.0,0.0,0.0,0.0,0.0,0.0,0.0,0.0,0.0,0.0,0.0,0.0,0.0,0.0,0.0,0.0,0.0,0.0,0.0,0.0,0.0,0.0,0.0,0.0,0.0,7.222237291452134e-35,2.407412430484045e-35,7.222237291452134e-35,4.574083617919685e-34,1.9981523173017572e-33,9.533353224716817e-33,4.52352795687952e-32,2.1471711467487196e-31,1.0195873125586027e-30,4.840415655104135e-30,2.2980966468406253e-29,1.0910571283473547e-28,5.179978771011479e-28,2.4592815275980332e-27,1.1675847780226327e-26,5.543297931856286e-26,2.631759364362688e-25,1.2494399692712571e-24,5.9312076791464966e-24,2.814323354392331e-23,1.3325138306635866e-22,6.245596278291304e-22,2.7948283839694415e-21,1.0365001690680854e-20,2.3088459526612192e-20,3.099863221388905e-20,4.250991961068132e-20,3.37272900875714e-20,1.2161028558002719e-20,2.9613782076372336e-21,6.444386959403936e-22,1.3668774384270508e-22,2.8833058664668716e-23,6.075492981356286e-24,1.2821702383696089e-24,2.814943904442665e-25,1.1354509675314044e-25,2.81494390415064e-25,1.2821702384206444e-24,6.075492981364331e-24,2.8833058664632934e-23,1.3668774384273585e-22,6.444386959404085e-22,2.9613782076372317e-21,1.216102855800293e-20,3.3727290087571725e-20,4.2509919610681225e-20,3.0998632213888894e-20,2.308845952661212e-20,1.0365001690680661e-20,2.7948283839693693e-21,6.245596278290582e-22,1.3325138306647903e-22,2.814323354389924e-23,5.9312076791224224e-24,1.2494399692953313e-24,2.631759364121947e-25,5.543297931856286e-26,1.1675847828374576e-26,2.4592814794497846e-27,5.179978289528993e-28,1.0910576098298408e-28,2.2980942394281948e-29,4.840536025725659e-30,1.0194910160613833e-30,2.147411887991768e-31,4.521120544449036e-32,9.533353224716817e-33,2.0222264416065976e-33,4.333342374871281e-34,7.222237291452134e-35,2.407412430484045e-35,2.407412430484045e-35,0.0,0.0,0.0,0.0,0.0,0.0,0.0,0.0,0.0,0.0,0.0,0.0,0.0,0.0,0.0,0.0,0.0,0.0,0.0,0.0,0.0,0.0,0.0,0.0,0.0,0.0,0.0,0.0,0.0,0.0,0.0,0.0,0.0,0.0,0.0,0.0,0.0,0.0
0.0,0.0,0.0,0.0,0.0,0.0,0.0,0.0,0.0,0.0,0.0,0.0,0.0,0.0,0.0,0.0,0.0,0.0,0.0,0.0,0.0,0.0,0.0,0.0,0.0,0.0,0.0,0.0,0.0,0.0,0.0,0.0,0.0,0.0,0.0,0.0,0.0,0.0,4.81482486096809e-35,2.407412430484045e-35,2.407412430484045e-34,8.185202263645752e-34,3.9481563859938335e-33,1.8609298087641666e-32,8.847240682028865e-32,4.201175432437707e-31,1.994541198656031e-30,9.469388276438856e-30,4.4957777137933306e-29,2.134440268333834e-28,1.0133613829015063e-27,4.811102688386945e-27,2.2841503477416108e-26,1.0844360243472069e-25,5.148483050147371e-25,2.4441966275029524e-24,1.1601260612533207e-23,5.501202159269012e-23,2.596798439474194e-22,1.2000364143376685e-21,5.046473412037482e-21,1.505549838704386e-20,2.13591832939726e-20,1.9074785950569735e-20,3.138440013058137e-20,3.9564554017514223e-20,2.0058315154407615e-20,5.5573626607709175e-21,1.249336498947185e-21,2.66888672269186e-22,5.638333909883454e-23,1.1884496382980449e-23,2.508270040131313e-24,5.506866813432622e-25,2.2212858358797665e-25,5.5068668139119815e-25,2.508270040041151e-24,1.1884496383009125e-23,5.63833390988499e-23,2.668886722691989e-22,1.2493364989471437e-21,5.557362660771073e-21,2.005831515440785e-20,3.956455401751436e-20,3.1384400130581154e-20,1.9074785950569687e-20,2.1359183293972624e-20,1.5055498387043692e-20,5.0464734120373615e-21,1.2000364143377407e-21,2.5967984394734717e-22,5.501202159271419e-23,1.1601260612509133e-23,2.4441966275270265e-24,5.148483050147371e-25,1.0844360233842419e-25,2.2841503645934978e-26,4.8111025439421995e-27,1.0133614791980036e-27,2.13444074981632e-28,4.495765676731178e-29,9.469436424687466e-30,1.994565272780336e-30,4.200934691194658e-31,8.849648094459349e-32,1.8657446336251347e-32,3.9000081373841526e-33,8.666684749742561e-34,9.62964972193618e-35,2.407412430484045e-35,2.407412430484045e-35,0.0,0.0,0.0,0.0,0.0,0.0,0.0,0.0,0.0,0.0,0.0,0.0,0.0,0.0,0.0,0.0,0.0,0.0,0.0,0.0,0.0,0.0,0.0,0.0,0.0,0.0,0.0,0.0,0.0,0.0,0.0,0.0,0.0,0.0,0.0,0.0,0.0,0.0
0.0,0.0,0.0,0.0,0.0,0.0,0.0,0.0,0.0,0.0,0.0,0.0,0.0,0.0,0.0,0.0,0.0,0.0,0.0,0.0,0.0,0.0,0.0,0.0,0.0,0.0,0.0,0.0,0.0,0.0,0.0,0.0,0.0,0.0,0.0,0.0,0.0,0.0,9.62964972193618e-35,4.81482486096809e-35,3.851859888774472e-34,1.61296632842431e-33,7.872238647682827e-33,3.7290818548197854e-32,1.770651842621015e-31,8.404036053576752e-31,3.990286103527304e-30,1.894457841683518e-29,8.994246914683942e-29,4.270169465282949e-28,2.0273344170792258e-27,9.62510729579172e-27,4.569676105575243e-26,2.169519633730788e-25,1.029991873530728e-24,4.8895203733909756e-24,2.3201685703524946e-23,1.098811591098279e-22,5.15606325549528e-22,2.3185742726765744e-21,8.722573217839417e-21,1.898724600216877e-20,1.6750927170907943e-20,1.0688879261226815e-20,2.0115517040797916e-20,3.866554613586984e-20,2.9921390831732304e-20,1.0262688868741448e-20,2.45473083749815e-21,5.318822166856853e-22,1.1270877409063451e-22,2.3772079677143595e-23,5.017872469658323e-24,1.1016976310552764e-24,4.443905034860766e-25,1.1016976309931267e-24,5.0178724697038334e-24,2.3772079677129853e-23,1.1270877409067937e-22,5.318822166856559e-22,2.4547308374981673e-21,1.0262688868741651e-20,2.99213908317325e-20,3.8665546135869814e-20,2.0115517040797688e-20,1.0688879261226779e-20,1.6750927170908063e-20,1.898724600216865e-20,8.722573217839392e-21,2.318574272676406e-21,5.156063255495762e-22,1.0988115910980383e-22,2.3201685703573094e-23,4.889520373439124e-24,1.0299918734585055e-24,2.1695196334900467e-25,4.5696761079826555e-26,9.625107319865845e-27,2.027334368930977e-27,4.270169706024192e-28,8.994246914683942e-29,1.894453026858657e-29,3.990310177651609e-30,8.404999018548946e-31,1.7699296188918697e-31,3.7266744423893014e-32,7.896312771987667e-33,1.6370404527291505e-33,3.3703774026776627e-34,4.81482486096809e-35,2.407412430484045e-35,0.0,0.0,0.0,0.0,0.0,0.0,0.0,0.0,0.0,0.0,0.0,0.0,0.0,0.0,0.0,0.0,0.0,0.0,0.0,0.0,0.0,0.0,0.0,0.0,0.0,0.0,0.0,0.0,0.0,0.0,0.0,0.0,0.0,0.0,0.0,0.0,0.0,0.0
0.0,0.0,0.0,0.0,0.0,0.0,0.0,0.0,0.0,0.0,0.0,0.0,0.0,0.0,0.0,0.0,0.0,0.0,0.0,0.0,0.0,0.0,0.0,0.0,0.0,0.0,0.0,0.0,0.0,0.0,0.0,0.0,0.0,0.0,0.0,0.0,0.0,7.222237291452134e-35,0.0,1.6851887013388314e-34,6.98149604840373e-34,3.322229154067982e-33,1.5840773792585015e-32,7.4990897209578e-32,3.5617666909011443e-31,1.690990565296298e-30,8.028118602556668e-30,3.8114996193774067e-29,1.8095727201258936e-28,8.591248481233344e-28,4.0788388697745225e-27,1.9364961834707773e-26,9.193820663688041e-26,4.364877157928004e-25,2.072201314710872e-24,9.83593251747577e-24,4.664842409542007e-23,2.20365448926224e-22,1.0218991110738916e-21,4.3609394014211185e-21,1.3589019816317355e-20,1.9740098240037795e-20,1.1209387171175905e-20,5.660547232380084e-21,1.1585800063256629e-20,3.101092996727259e-20,3.78536480119628e-20,1.779131631560795e-20,4.765783796147779e-21,1.0618588180896932e-21,2.263896851126191e-22,4.781103497036029e-23,1.0094834809496538e-23,2.2164973002778577e-24,8.940762386328015e-25,2.2164973002344783e-24,1.0094834809496496e-23,4.7811034970304053e-23,2.2638968511264203e-22,1.0618588180897623e-21,4.765783796147862e-21,1.7791316315608145e-20,3.785364801196296e-20,3.101092996727232e-20,1.158580006325652e-20,5.66054723238e-21,1.1209387171176074e-20,1.9740098240037892e-20,1.358901981631726e-20,4.360939401420974e-21,1.0218991110738193e-21,2.2036544892619995e-22,4.664842409542007e-23,9.835932517499844e-24,2.0722013148071684e-24,4.364877156483556e-25,9.193820673317691e-26,1.9364961786559524e-26,4.078838821626274e-27,8.591249203457073e-28,1.8095724793846505e-28,3.811497211964976e-29,8.028142676680973e-30,1.690990565296298e-30,3.5620074321441927e-31,7.4990897209578e-32,1.5768551419670494e-32,3.394451526982503e-33,6.500013562306921e-34,9.62964972193618e-35,9.62964972193618e-35,2.407412430484045e-35,0.0,0.0,0.0,0.0,0.0,0.0,0.0,0.0,0.0,0.0,0.0,0.0,0.0,0.0,0.0,0.0,0.0,0.0,0.0,0.0,0.0,0.0,0.0,0.0,0.0,0.0,0.0,0.0,0.0,0.0,0.0,0.0,0.0,0.0,0.0,0.0,0.0
0.0,0.0,0.0,0.0,0.0,0.0,0.0,0.0,0.0,0.0,0.0,0.0,0.0,0.0,0.0,0.0,0.0,0.0,0.0,0.0,0.0,0.0,0.0,0.0,0.0,0.0,0.0,0.0,0.0,0.0,0.0,0.0,0.0,0.0,0.0,0.0,0.0,9.62964972193618e-35,7.222237291452134e-35,2.1666711874356403e-34,1.4685215825952673e-33,6.692606556745645e-33,3.1874140579608753e-32,1.5116142651009317e-31,7.175774231543792e-31,3.406825626875191e-30,1.6174537451947323e-29,7.679161763345576e-29,3.645807773660641e-28,1.7309083282145157e-27,8.217775516795174e-27,3.9015230618413454e-26,1.8523056121956685e-25,8.793955747868133e-25,4.1746827556902495e-24,1.9811107003236076e-23,9.385641979092579e-23,4.411349875901479e-22,1.9985152657246507e-21,7.740518060771942e-21,1.8093381920512543e-20,1.671810777414211e-20,6.638642715805329e-21,2.904763233348462e-21,6.233601371678311e-21,2.0922991685265175e-20,3.915999290464963e-20,2.7604353575483225e-20,8.959587895019543e-21,2.1065405001910296e-21,4.546128003835324e-22,9.6259441003942e-23,2.033542922115315e-23,4.465520585646766e-24,1.801314320937127e-24,4.4655205856373e-24,2.033542922117285e-23,9.625944100396865e-23,4.54612800383534e-22,2.1065405001909623e-21,8.95958789501979e-21,2.76043535754835e-20,3.915999290464952e-20,2.0922991685264934e-20,6.233601371678215e-21,2.904763233348462e-21,6.638642715805449e-21,1.6718107774142157e-20,1.809338192051252e-20,7.74051806077187e-21,1.9985152657245785e-21,4.411349875901479e-22,9.385641979087764e-23,1.9811107003308298e-23,4.174682755521731e-24,8.793955748590357e-25,1.8523056124364097e-25,3.901523054619108e-26,8.217775564943422e-27,1.7309083041403914e-27,3.645808255143127e-28,7.679152133695854e-29,1.6174681896693152e-29,3.406801552750886e-30,7.175533490300744e-31,1.5116142651009317e-31,3.1850066455303913e-32,6.716680681050485e-33,1.396299209680746e-33,2.8888949165808538e-34,4.81482486096809e-35,2.407412430484045e-35,0.0,0.0,0.0,0.0,0.0,0.0,0.0,0.0,0.0,0.0,0.0,0.0,0.0,0.0,0.0,0.0,0.0,0.0,0.0,0.0,0.0,0.0,0.0,0.0,0.0,0.0,0.0,0.0,0.0,0.0,0.0,0.0,0.0,0.0,0.0,0.0,0.0
0.0,0.0,0.0,0.0,0.0,0.0,0.0,0.0,0.0,0.0,0.0,0.0,0.0,0.0,0.0,0.0,0.0,0.0,0.0,0.0,0.0,0.0,0.0,0.0,0.0,0.0,0.0,0.0,0.0,0.0,0.0,0.0,0.0,0.0,0.0,0.0,7.222237291452134e-35,0.0,1.6851887013388314e-34,5.7777898331617076e-34,2.840746667971173e-33,1.3553731983625172e-32,6.415754127239979e-32,3.046098948291462e-31,1.446228943488985e-30,6.866253215356459e-30,3.259872357293584e-29,1.547678988498284e-28,7.347863294312083e-28,3.4885210232589214e-27,1.656233119811772e-26,7.863229994812159e-26,3.733168489661382e-25,1.772313036233399e-24,8.412748277975217e-24,3.9904797348748355e-23,1.8864385879482356e-22,8.777201823368755e-22,3.800491510290448e-21,1.2440083764749078e-20,1.9801657355756397e-20,1.1776988173595985e-20,3.630526230149733e-21,1.4660028857527508e-21,3.2261010617622134e-21,1.2425036605855765e-20,3.292922303124204e-20,3.6478180509458464e-20,1.585333761211024e-20,4.117398767390994e-21,9.101886512123001e-22,1.9373193612145586e-22,4.09724910104086e-23,8.999397043941384e-24,3.630371701359498e-24,8.999397043876689e-24,4.097249101035764e-23,1.937319361215184e-22,9.101886512123896e-22,4.117398767391045e-21,1.5853337612110467e-20,3.6478180509458675e-20,3.2929223031241765e-20,1.2425036605855584e-20,3.2261010617621773e-21,1.4660028857527147e-21,3.630526230149793e-21,1.1776988173596081e-20,1.9801657355756397e-20,1.2440083764748982e-20,3.8004915102903516e-21,8.777201823369478e-22,1.8864385879475134e-22,3.9904797348868725e-23,8.412748277806698e-24,1.7723130362815473e-24,3.7331684894206406e-25,7.863229997219571e-26,1.6562331222191843e-26,3.488520999184797e-27,7.347863294312083e-28,1.547678988498284e-28,3.2598651350562927e-29,6.866325437729373e-30,1.44625301761329e-30,3.0458582070484135e-31,6.420568952100948e-32,1.345743548640581e-32,2.8648207922760133e-33,6.018531076210112e-34,7.222237291452134e-35,9.62964972193618e-35,2.407412430484045e-35,0.0,0.0,0.0,0.0,0.0,0.0,0.0,0.0,0.0,0.0,0.0,0.0,0.0,0.0,0.0,0.0,0.0,0.0,0.0,0.0,0.0,0.0,0.0,0.0,0.0,0.0,0.0,0.0,0.0,0.0,0.0,0.0,0.0,0.0,0.0,0.0
0.0,0.0,0.0,0.0,0.0,0.0,0.0,0.0,0.0,0.0,0.0,0.0,0.0,0.0,0.0,0.0,0.0,0.0,0.0,0.0,0.0,0.0,0.0,0.0,0.0,0.0,0.0,0.0,0.0,0.0,0.0,0.0,0.0,0.0,0.0,0.0,9.62964972193618e-35,4.81482486096809e-35,2.407412430484045e-34,1.2277803395468629e-33,5.705567460247186e-33,2.725190871307939e-32,1.293984181385174e-31,6.139142438977363e-31,2.9150634897002153e-30,1.3839612209745153e-29,6.570591672531422e-29,3.1194999903319482e-28,1.4810345179628213e-27,7.031458258205656e-27,3.338300021118435e-26,1.584908124325188e-25,7.524488304155759e-25,3.572087521467084e-24,1.6952565926351605e-23,8.033851369126259e-23,3.781448540101475e-22,1.7244900452543993e-21,6.859460303761006e-21,1.7239256838130877e-20,1.758212778260173e-20,7.204197990592143e-21,1.89565516169166e-21,7.335873889693119e-22,1.6353162381578627e-21,6.80063627482928e-21,2.304511062901396e-20,3.955854703030309e-20,2.5338310011454423e-20,7.816882232419287e-21,1.810407612822866e-21,3.8938465726474664e-22,8.25349736126019e-23,1.8136987922212255e-23,7.317179450239088e-24,1.8136987922134061e-23,8.253497361259873e-23,3.893846572647689e-22,1.810407612822841e-21,7.81688223241947e-21,2.5338310011454754e-20,3.955854703030306e-20,2.3045110629013647e-20,6.80063627482916e-21,1.6353162381578266e-21,7.335873889693842e-22,1.895655161691636e-21,7.204197990592215e-21,1.7582127782601898e-20,1.7239256838130733e-20,6.859460303760885e-21,1.7244900452544715e-21,3.781448540100753e-22,8.033851369119037e-23,1.6952565926279383e-23,3.572087521659677e-24,7.524488303433535e-25,1.5849081248066705e-25,3.338300009081373e-26,7.031458354502154e-27,1.481034493888697e-27,3.119499749590705e-28,6.570596487356283e-29,1.3839612209745153e-29,2.9150394155759105e-30,6.140105403949556e-31,1.2930212164129805e-31,2.7227834588774547e-32,5.753715708856867e-33,1.2037062152420224e-33,2.407412430484045e-34,2.407412430484045e-35,2.407412430484045e-35,0.0,0.0,0.0,0.0,0.0,0.0,0.0,0.0,0.0,0.0,0.0,0.0,0.0,0.0,0.0,0.0,0.0,0.0,0.0,0.0,0.0,0.0,0.0,0.0,0.0,0.0,0.0,0.0,0.0,0.0,0.0,0.0,0.0,0.0,0.0,0.0
0.0,0.0,0.0,0.0,0.0,0.0,0.0,0.0,0.0,0.0,0.0,0.0,0.0,0.0,0.0,0.0,0.0,0.0,0.0,0.0,0.0,0.0,0.0,0.0,0.0,0.0,0.0,0.0,0.0,0.0,0.0,0.0,0.0,0.0,0.0,7.222237291452134e-35,0.0,9.62964972193618e-35,5.055566104016494e-34,2.4555606790937257e-33,1.1627802039237936e-32,5.486492929073138e-32,2.606986920971172e-31,1.2376025822632378e-30,5.875651148460884e-30,2.7895674871115126e-29,1.3243955781720207e-28,6.287791008392517e-28,2.9852338083331164e-27,1.4172892268098425e-26,6.728807623945997e-26,3.194590933583606e-25,1.5166333822826011e-24,7.199295748914135e-24,3.415339520098541e-23,1.6155466182928925e-22,7.53850303865599e-22,3.3059168244577195e-21,1.1318818965843667e-20,1.9756475407557065e-20,1.2876225764523292e-20,4.0145799548263626e-21,9.653600446583083e-22,3.655092506544101e-22,8.201234018151958e-22,3.5518015885120735e-21,1.4029495499674927e-20,3.480370431734724e-20,3.4841592426908343e-20,1.4064667090034094e-20,3.5542100861023064e-21,7.804180429055536e-22,1.661615584192681e-22,3.654877409113513e-23,1.4748019576925204e-23,3.654877409114103e-23,1.66161558419304e-22,7.8041804290553075e-22,3.554210086102395e-21,1.4064667090034284e-20,3.4841592426908626e-20,3.480370431734698e-20,1.4029495499674698e-20,3.5518015885120374e-21,8.201234018151236e-22,3.6550925065442215e-22,9.653600446583324e-22,4.014579954826447e-21,1.2876225764523389e-20,1.9756475407557065e-20,1.1318818965843523e-20,3.3059168244577195e-21,7.53850303865599e-22,1.6155466182916888e-22,3.415339520103356e-23,7.199295748986357e-24,1.5166333823066752e-24,3.1945909323799e-25,6.728807631168235e-26,1.4172892340320798e-26,2.985233687962495e-27,6.2877905269100305e-28,1.3243960596545068e-28,2.789569894523943e-29,5.8757233708337985e-30,1.2376025822632378e-30,2.6065054384850753e-31,5.484085516642654e-32,1.1579653790628256e-32,2.4555606790937257e-33,5.055566104016494e-34,7.222237291452134e-35,7.222237291452134e-35,2.407412430484045e-35,0.0,0.0,0.0,0.0,0.0,0.0,0.0,0.0,0.0,0.0,0.0,0.0,0.0,0.0,0.0,0.0,0.0,0.0,0.0,0.0,0.0,0.0,0.0,0.0,0.0,0.0,0.0,0.0,0.0,0.0,0.0,0.0,0.0,0.0,0.0
0.0,0.0,0.0,0.0,0.0,0.0,0.0,0.0,0.0,0.0,0.0,0.0,0.0,0.0,0.0,0.0,0.0,0.0,0.0,0.0,0.0,0.0,0.0,0.0,0.0,0.0,0.0,0.0,0.0,0.0,0.0,0.0,0.0,0.0,0.0,4.81482486096809e-35,9.62964972193618e-35,1.6851887013388314e-34,1.0833355937178202e-33,4.83889898527293e-33,2.3375974700000075e-32,1.1062060118074186e-31,5.254659112017525e-31,2.494584834591872e-30,1.1843217303517649e-29,5.622805435712006e-29,2.6695204218179674e-28,1.267399294434209e-27,6.017189714152095e-27,2.856759687308334e-26,1.356290316813126e-25,6.43912134232911e-25,3.0568688116628293e-24,1.450822306739354e-23,6.877279852042474e-23,3.2410757731998175e-22,1.4865016811369499e-21,6.0533217450481365e-21,1.6278861713821258e-20,1.8371382492827725e-20,8.09718670902207e-21,2.1177247806856703e-21,4.852743864208581e-22,1.8172260901571746e-22,4.0907853545467026e-22,1.8088944521143418e-21,7.794532305474974e-21,2.5289360765887784e-20,3.956211166626384e-20,2.308936479472212e-20,6.803204086003847e-21,1.5552662344921645e-21,3.341164843534892e-22,7.363352391868911e-23,2.9723668161792306e-23,7.363352391876734e-23,3.3411648435341155e-22,1.555266234492258e-21,6.803204086003925e-21,2.3089364794722512e-20,3.956211166626382e-20,2.528936076588747e-20,7.794532305474818e-21,1.8088944521143177e-21,4.0907853545463415e-22,1.8172260901577764e-22,4.852743864208701e-22,2.1177247806856582e-21,8.097186709022238e-21,1.8371382492827845e-20,1.627886171382109e-20,6.053321745048016e-21,1.4865016811369258e-21,3.241075773199577e-22,6.877279852049696e-23,1.450822306722502e-23,3.0568688117350516e-24,6.439121343051334e-25,1.3562903160909022e-25,2.856759684900922e-26,6.017189714152095e-27,1.2673993907307061e-27,2.6695201810767243e-28,5.622798213474714e-29,1.1843337674139173e-29,2.4945607604675672e-30,5.253214664559234e-31,1.1078912005087574e-31,2.3255604078475873e-32,4.983343731101973e-33,9.870390964984584e-34,2.407412430484045e-34,2.407412430484045e-35,2.407412430484045e-35,0.0,0.0,0.0,0.0,0.0,0.0,0.0,0.0,0.0,0.0,0.0,0.0,0.0,0.0,0.0,0.0,0.0,0.0,0.0,0.0,0.0,0.0,0.0,0.0,0.0,0.0,0.0,0.0,0.0,0.0,0.0,0.0,0.0,0.0,0.0
0.0,0.0,0.0,0.0,0.0,0.0,0.0,0.0,0.0,0.0,0.0,0.0,0.0,0.0,0.0,0.0,0.0,0.0,0.0,0.0,0.0,0.0,0.0,0.0,0.0,0.0,0.0,0.0,0.0,0.0,0.0,0.0,0.0,0.0,7.222237291452134e-35,2.407412430484045e-35,7.222237291452134e-35,4.574083617919685e-34,2.0703746902162785e-33,9.894465089289424e-33,4.7064913015963076e-32,2.230226875600419e-31,1.0590448022942362e-30,5.028169750557586e-30,2.3871997957177008e-29,1.1333625869882508e-28,5.380828227121791e-28,2.5546382913751556e-27,1.2128569319276257e-26,5.758233836987665e-26,2.7338009695877615e-25,1.2978795901129616e-24,6.161040024713068e-24,2.923118390734765e-23,1.3834441558127676e-22,6.471462019087889e-22,2.8694585578000593e-21,1.0229558588119265e-20,1.9511708264481052e-20,1.400383271195489e-20,4.590401314670097e-21,1.0842112973636982e-21,2.4234141498420546e-22,9.025125488754723e-23,2.0349653561967324e-22,9.093335441723026e-22,4.104707966284064e-21,1.5812669096385645e-20,3.644362394265353e-20,3.296390944371655e-20,1.2422511435984893e-20,3.064692681462886e-21,6.70203697945574e-22,1.4827338199228772e-22,5.989964241140066e-23,1.4827338199233476e-22,6.702036979455731e-22,3.064692681462964e-21,1.2422511435985088e-20,3.2963909443716777e-20,3.644362394265332e-20,1.5812669096385453e-20,4.1047079662840035e-21,9.093335441722183e-22,2.0349653561970935e-22,9.025125488752316e-23,2.423414149842175e-22,1.0842112973637945e-21,4.590401314670073e-21,1.4003832711955106e-20,1.9511708264480956e-20,1.022955858811912e-20,2.869458557800011e-21,6.471462019087889e-22,1.3834441558127676e-22,2.923118390737172e-23,6.161040024640846e-24,1.2978795901370357e-24,2.7338009698285028e-25,5.758233834580253e-26,1.2128569415572754e-26,2.5546382191527827e-27,5.380828708604277e-28,1.1333625869882508e-28,2.3871949808928398e-29,5.028121602308976e-30,1.0591651729157604e-30,2.2304676168434675e-31,4.6944542394438874e-32,9.894465089289424e-33,2.1185229388259594e-33,4.333342374871281e-34,7.222237291452134e-35,2.407412430484045e-35,2.407412430484045e-35,0.0,0.0,0.0,0.0,0.0,0.0,0.0,0.0,0.0,0.0,0.0,0.0,0.0,0.0,0.0,0.0,0.0,0.0,0.0,0.0,0.0,0.0,0.0,0.0,0.0,0.0,0.0,0.0,0.0,0.0,0.0,0.0,0.0,0.0
0.0,0.0,0.0,0.0,0.0,0.0,0.0,0.0,0.0,0.0,0.0,0.0,0.0,0.0,0.0,0.0,0.0,0.0,0.0,0.0,0.0,0.0,0.0,0.0,0.0,0.0,0.0,0.0,0.0,0.0,0.0,0.0,0.0,0.0,4.81482486096809e-35,4.81482486096809e-35,2.1666711874356403e-34,8.907425992790966e-34,4.2129717533470784e-33,1.9957449048712732e-32,9.468353089093748e-32,4.496564937658099e-31,2.1347729727317267e-30,1.013491744284617e-29,4.8117698545938054e-29,2.284467322106683e-28,1.0845890611480003e-27,5.14926755508054e-27,2.4446996427284218e-26,1.1606590253683156e-25,5.5103541971931125e-25,2.6159777635880123e-24,1.2416296497672133e-23,5.886975709098889e-23,2.7773193907841205e-22,1.280063474000216e-21,5.321143599739431e-21,1.5233382863560315e-20,1.9009421225761315e-20,9.07160246377989e-21,2.4450784562390706e-21,5.464998589855336e-22,1.2062406985937146e-22,4.479873106280519e-23,1.0109287360959818e-22,4.541173570314791e-22,2.0995935573879902e-21,8.932165795291684e-21,2.755042364557991e-20,3.9155324086657706e-20,2.0895470061549766e-20,5.9080899262495554e-21,1.337820753536712e-21,2.982750271602403e-22,1.206842618953855e-22,2.9827502716024994e-22,1.3378207535367488e-21,5.908089926249665e-21,2.089547006155002e-20,3.915532408665784e-20,2.7550423645579595e-20,8.932165795291551e-21,2.099593557387906e-21,4.541173570314911e-22,1.0109287360962225e-22,4.479873106276908e-23,1.2062406985937146e-22,5.464998589855457e-22,2.445078456239155e-21,9.07160246378001e-21,1.900942122576129e-20,1.523338286356022e-20,5.3211435997393825e-21,1.280063474000168e-21,2.7773193907841205e-22,5.886975709103704e-23,1.2416296497527688e-23,2.6159777636843087e-24,5.510354196470889e-25,1.1606590256090569e-25,2.444699637913597e-26,5.149267579154664e-27,1.0845891092962489e-27,2.284467322106683e-28,4.8117698545938054e-29,1.0135061887592e-29,2.1346526021102025e-30,4.496564937658099e-31,9.473167913954716e-32,1.9957449048712732e-32,4.1648235047373975e-33,8.907425992790966e-34,2.1666711874356403e-34,2.407412430484045e-35,2.407412430484045e-35,0.0,0.0,0.0,0.0,0.0,0.0,0.0,0.0,0.0,0.0,0.0,0.0,0.0,0.0,0.0,0.0,0.0,0.0,0.0,0.0,0.0,0.0,0.0,0.0,0.0,0.0,0.0,0.0,0.0,0.0,0.0,0.0,0.0,0.0
0.0,0.0,0.0,0.0,0.0,0.0,0.0,0.0,0.0,0.0,0.0,0.0,0.0,0.0,0.0,0.0,0.0,0.0,0.0,0.0,0.0,0.0,0.0,0.0,0.0,0.0,0.0,0.0,0.0,0.0,0.0,0.0,0.0,7.222237291452134e-35,2.407412430484045e-35,7.222237291452134e-35,3.851859888774472e-34,1.8055593228630336e-33,8.450017630998997e-33,4.020378758908355e-32,1.9090780573738475e-31,9.063426318286332e-31,4.302864533501353e-30,2.0428675957855678e-29,9.698860421900165e-29,4.604696515126963e-28,2.186157000315097e-27,1.037914346353595e-26,4.927666603449919e-26,2.3394798084460335e-25,1.1106792390723085e-24,5.2725053647019576e-24,2.501790395963715e-23,1.184575525773551e-22,5.552977873421045e-22,2.485821774146867e-21,9.18766740820035e-21,1.9071802262214858e-20,1.5109146467436475e-20,5.241713085424398e-21,1.2582794606301596e-21,2.732891846046584e-22,5.994112495405821e-23,2.223120903449703e-23,5.018712550380744e-23,2.260354255195635e-22,1.0578166032331804e-21,4.747966991695565e-21,1.7736154938588047e-20,3.778663197281056e-20,3.0903096438049676e-20,1.0929323754789944e-20,2.6447585899540097e-21,5.988234602714405e-22,2.4304384233942925e-22,5.988234602714083e-22,2.6447585899540364e-21,1.0929323754790169e-20,3.0903096438049935e-20,3.778663197281042e-20,1.773615493858777e-20,4.7479669916954565e-21,1.0578166032331804e-21,2.2603542551955145e-22,5.0187125503795403e-23,2.223120903449703e-23,5.994112495408228e-23,2.7328918460459824e-22,1.2582794606302559e-21,5.241713085424458e-21,1.5109146467436596e-20,1.907180226221493e-20,9.187667408200085e-21,2.485821774146843e-21,5.552977873421045e-22,1.1845755257733101e-22,2.5017903959661224e-23,5.272505364726032e-24,1.1106792390241602e-24,2.3394798084460335e-25,4.9276666106721566e-26,1.037914346353595e-26,2.186156855870351e-27,4.6046972373506925e-28,9.698862829312596e-29,2.0428700031979983e-29,4.302912681749962e-30,9.063185577043284e-31,1.9090780573738475e-31,4.017971346477871e-32,8.498165879608678e-33,1.7092628256436718e-33,4.092601131822876e-34,4.81482486096809e-35,4.81482486096809e-35,2.407412430484045e-35,0.0,0.0,0.0,0.0,0.0,0.0,0.0,0.0,0.0,0.0,0.0,0.0,0.0,0.0,0.0,0.0,0.0,0.0,0.0,0.0,0.0,0.0,0.0,0.0,0.0,0.0,0.0,0.0,0.0,0.0,0.0,0.0,0.0
0.0,0.0,0.0,0.0,0.0,0.0,0.0,0.0,0.0,0.0,0.0,0.0,0.0,0.0,0.0,0.0,0.0,0.0,0.0,0.0,0.0,0.0,0.0,0.0,0.0,0.0,0.0,0.0,0.0,0.0,0.0,0.0,0.0,4.81482486096809e-35,4.81482486096809e-35,1.4444474582904269e-34,7.944461020597348e-34,3.635192770030908e-33,1.6996331759217356e-32,8.108165065870263e-32,3.847767287642649e-31,1.826792700499903e-30,8.673136615056259e-30,4.117717665710116e-29,1.954955875320339e-28,9.28147890288364e-28,4.406537053518226e-27,2.0920762566078035e-26,9.932459880973132e-26,4.71555119840723e-25,2.238673260133097e-24,1.0625915823540528e-23,5.039067363763096e-23,2.3794619324505594e-22,1.1013259849335507e-21,4.661327657751501e-21,1.413248763489197e-20,1.9470834812194656e-20,1.0107169517072473e-20,2.82279832710249e-21,6.359236410073754e-22,1.361207921801712e-22,2.9761846935845986e-23,1.1030710256130154e-23,2.490689088713196e-23,1.123230316419418e-22,5.288612519971071e-22,2.440710490273085e-21,1.0206872363401874e-20,2.97753517224291e-20,3.835324678114623e-20,1.8792409187445902e-20,5.130497545579866e-21,1.1973903619816627e-21,4.890252201945527e-22,1.1973903619817195e-21,5.130497545579907e-21,1.8792409187446185e-20,3.835324678114636e-20,2.9775351722428836e-20,1.0206872363401717e-20,2.4407104902730247e-21,5.288612519970589e-22,1.1232303164197792e-22,2.4906890887107886e-23,1.1030710256166265e-23,2.9761846935809875e-23,1.3612079218014712e-22,6.359236410074356e-22,2.82279832710255e-21,1.0107169517072498e-20,1.9470834812194825e-20,1.4132487634891778e-20,4.6613276577513566e-21,1.101325984933671e-21,2.3794619324488743e-22,5.039067363767911e-23,1.062591582361275e-23,2.2386732600849487e-24,4.715551199370195e-25,9.93245986893607e-26,2.0920762517929786e-26,4.406537125740599e-27,9.281479143624883e-28,1.9549553938378528e-28,4.1177200731225467e-29,8.673112540931954e-30,1.8268649228728174e-30,3.847767287642649e-31,8.100942828578811e-32,1.711670238074156e-32,3.587044521421227e-33,6.98149604840373e-34,1.6851887013388314e-34,2.407412430484045e-35,2.407412430484045e-35,0.0,0.0,0.0,0.0,0.0,0.0,0.0,0.0,0.0,0.0,0.0,0.0,0.0,0.0,0.0,0.0,0.0,0.0,0.0,0.0,0.0,0.0,0.0,0.0,0.0,0.0,0.0,0.0,0.0,0.0,0.0,0.0,0.0
0.0,0.0,0.0,0.0,0.0,0.0,0.0,0.0,0.0,0.0,0.0,0.0,0.0,0.0,0.0,0.0,0.0,0.0,0.0,0.0,0.0,0.0,0.0,0.0,0.0,0.0,0.0,0.0,0.0,0.0,0.0,0.0,0.0,9.62964972193618e-35,4.81482486096809e-35,2.8888949165808538e-34,1.5166698312049482e-33,7.294459664366656e-33,3.4401923631617e-32,1.6341515578125696e-31,7.755238403561302e-31,3.6822817571711756e-30,1.7482027217067512e-29,8.299903428896165e-29,3.940515258939477e-28,1.8708255497820442e-27,8.882055934300672e-27,4.216900688952227e-26,2.0020351124402634e-25,9.504792058957153e-25,4.5120975826892534e-24,2.141154002515403e-23,1.0142104133845677e-22,4.763019114330097e-22,2.149857385198655e-21,8.205118870206925e-21,1.8452862384777052e-20,1.6162482980456398e-20,5.965443228127807e-21,1.461257144013525e-21,3.184338358419424e-22,6.766476090624382e-23,1.477127866584076e-23,5.472883815974886e-24,1.2358798916578177e-23,5.57707275712807e-23,2.6338744170174584e-22,1.232823049720485e-21,5.4838053364981394e-21,1.978456255353364e-20,3.8785465556064284e-20,2.872347189297184e-20,9.601477481060725e-21,2.3752242782823708e-21,9.821988749726927e-22,2.375224278282442e-21,9.60147748106089e-21,2.872347189297213e-20,3.8785465556064194e-20,1.9784562553533362e-20,5.483805336498007e-21,1.2328230497205211e-21,2.633874417016977e-22,5.577072757130478e-23,1.235879891656614e-23,5.472883815962849e-24,1.477127866584076e-23,6.766476090623178e-23,3.1843383584196647e-22,1.461257144013537e-21,5.965443228127928e-21,1.616248298045647e-20,1.8452862384777028e-20,8.205118870206804e-21,2.1498573851985346e-21,4.763019114330579e-22,1.0142104133840863e-22,2.141154002520218e-23,4.5120975826892534e-24,9.504792059438635e-25,2.0020351124402634e-25,4.216900686544815e-26,8.882055862078299e-27,1.870825622004417e-27,3.9405157404219632e-28,8.299893799246443e-29,1.7482051291191817e-29,3.682233608922566e-30,7.755960627290447e-31,1.6339108165695212e-31,3.437784950731216e-32,7.270385540061815e-33,1.4925957069001078e-33,3.3703774026776627e-34,4.81482486096809e-35,2.407412430484045e-35,0.0,0.0,0.0,0.0,0.0,0.0,0.0,0.0,0.0,0.0,0.0,0.0,0.0,0.0,0.0,0.0,0.0,0.0,0.0,0.0,0.0,0.0,0.0,0.0,0.0,0.0,0.0,0.0,0.0,0.0,0.0,0.0,0.0
0.0,0.0,0.0,0.0,0.0,0.0,0.0,0.0,0.0,0.0,0.0,0.0,0.0,0.0,0.0,0.0,0.0,0.0,0.0,0.0,0.0,0.0,0.0,0.0,0.0,0.0,0.0,0.0,0.0,0.0,0.0,0.0,7.222237291452134e-35,0.0,1.6851887013388314e-34,6.500013562306921e-34,3.0814879110195774e-33,1.4588919328733312e-32,6.935755212224533e-32,3.2921364986869313e-31,1.5633495582320339e-30,7.42214881967953e-30,3.523777722748106e-29,1.6729730091840692e-28,7.942718053997677e-28,3.770938138449402e-27,1.7903152792044175e-26,8.499805122843781e-26,4.0353878605397263e-25,1.915784739854407e-24,9.093633748764269e-24,4.313132777144792e-23,2.038260906047782e-22,9.4682763291827e-22,4.070827983424486e-21,1.3004795170479094e-20,1.9738394272170915e-20,1.1191687020126918e-20,3.252907107565135e-21,7.407646822784605e-22,1.587130107796922e-22,3.36024288276722e-23,7.329742888184332e-24,2.715300025871572e-24,6.132018190148697e-24,2.7680453573463274e-23,1.309231366755049e-22,6.171623372767706e-22,2.8352207071269683e-21,1.162502812452511e-20,3.1909816788369154e-20,3.719377960672143e-20,1.6843566821898073e-20,4.6384808824001775e-21,1.9656574355120457e-21,4.638480882400231e-21,1.684356682189838e-20,3.7193779606721566e-20,3.190981678836888e-20,1.162502812452493e-20,2.8352207071269924e-21,6.171623372766863e-22,1.309231366755049e-22,2.768045357347531e-23,6.132018190124623e-24,2.715300025871572e-24,7.329742888172295e-24,3.360242882775646e-23,1.5871301077965608e-22,7.407646822784966e-22,3.252907107565123e-21,1.1191687020127062e-20,1.973839427217089e-20,1.3004795170479022e-20,4.0708279834243895e-21,9.468276329182218e-22,2.038260906047782e-22,4.313132777144792e-23,9.093633748740195e-24,1.915784739830333e-24,4.0353878617434325e-25,8.499805118028956e-26,1.790315276797005e-26,3.770938138449402e-27,7.942718053997677e-28,1.6729727684428262e-28,3.5237801301605366e-29,7.422076597306615e-30,1.5633014099834242e-30,3.2935809461452217e-31,6.933347799794049e-32,1.4661141701647833e-32,3.057413786714737e-33,6.500013562306921e-34,7.222237291452134e-35,9.62964972193618e-35,2.407412430484045e-35,0.0,0.0,0.0,0.0,0.0,0.0,0.0,0.0,0.0,0.0,0.0,0.0,0.0,0.0,0.0,0.0,0.0,0.0,0.0,0.0,0.0,0.0,0.0,0.0,0.0,0.0,0.0,0.0,0.0,0.0,0.0,0.0
0.0,0.0,0.0,0.0,0.0,0.0,0.0,0.0,0.0,0.0,0.0,0.0,0.0,0.0,0.0,0.0,0.0,0.0,0.0,0.0,0.0,0.0,0.0,0.0,0.0,0.0,0.0,0.0,0.0,0.0,0.0,0.0,9.62964972193618e-35,4.81482486096809e-35,2.407412430484045e-34,1.3481509610710651e-33,6.162975822039155e-33,2.949080227342955e-32,1.3979843983820848e-31,6.6372360708445116e-31,3.151086204384871e-30,1.4960455289129914e-29,7.102718893928324e-29,3.372135295234402e-28,1.6009777034099911e-27,7.600908244513708e-27,3.608655465586631e-26,1.713262942415859e-25,8.133852656041607e-25,3.861344693397892e-24,1.8324764488470318e-23,8.682857330957649e-23,4.084088510170939e-22,1.8565852242913683e-21,7.290033920448557e-21,1.7677156669936425e-20,1.7133755049049748e-20,6.7629904833303766e-21,1.6953943038090844e-21,3.7150648959912e-22,7.892158301940458e-23,1.6678814416451208e-23,3.636777613713617e-24,1.3471758336466426e-24,3.0425504465513863e-24,1.3736572633724846e-23,6.501996834001137e-23,3.0758521661314505e-22,1.4364490787811645e-21,6.3226818135796686e-21,2.193954909669843e-20,3.9419316604748735e-20,2.6559175177556625e-20,8.791747303000074e-21,3.90579633110388e-21,8.791747303000167e-21,2.6559175177556902e-20,3.941931660474869e-20,2.1939549096698178e-20,6.32268181357956e-21,1.4364490787811525e-21,3.0758521661307282e-22,6.50199683400836e-23,1.3736572633724846e-23,3.0425504465393492e-24,1.3471758336225685e-24,3.636777613689543e-24,1.667881441648732e-23,7.892158301940458e-23,3.7150648959912e-22,1.6953943038090964e-21,6.762990483330521e-21,1.713375504904987e-20,1.7677156669936208e-20,7.290033920448557e-21,1.85658522429132e-21,4.0840885101714203e-22,8.682857330950427e-23,1.8324764488470318e-23,3.8613446933497434e-24,8.133852656763831e-25,1.7132629419343765e-25,3.6086554728088683e-26,7.600908220439584e-27,1.6009776552617425e-27,3.372135295234402e-28,7.102723708753185e-29,1.4960407140881305e-29,3.151110278509176e-30,6.63747681208756e-31,1.3977436571390364e-31,2.944265402481987e-32,6.211124070648836e-33,1.3481509610710651e-33,2.407412430484045e-34,2.407412430484045e-35,2.407412430484045e-35,0.0,0.0,0.0,0.0,0.0,0.0,0.0,0.0,0.0,0.0,0.0,0.0,0.0,0.0,0.0,0.0,0.0,0.0,0.0,0.0,0.0,0.0,0.0,0.0,0.0,0.0,0.0,0.0,0.0,0.0,0.0,0.0
0.0,0.0,0.0,0.0,0.0,0.0,0.0,0.0,0.0,0.0,0.0,0.0,0.0,0.0,0.0,0.0,0.0,0.0,0.0,0.0,0.0,0.0,0.0,0.0,0.0,0.0,0.0,0.0,0.0,0.0,0.0,7.222237291452134e-35,0.0,9.62964972193618e-35,5.7777898331617076e-34,2.6481536735324493e-33,1.2518544638517033e-32,5.936679053573655e-32,2.817635508638526e-31,1.3377990876199837e-30,6.351620660091884e-30,3.01550314371244e-29,1.4316628945783414e-28,6.797060570985702e-28,3.227017990594655e-27,1.5320802752107594e-26,7.273795598843585e-26,3.4533291960717598e-25,1.639464915393358e-24,7.782260966493999e-24,3.691666167062899e-23,1.7457383144812732e-22,8.134713432656566e-22,3.545552951689856e-21,1.1876235514413771e-20,1.9801966125203605e-20,1.2309429587048724e-20,3.740403109829009e-21,8.625058339760151e-22,1.853090598308351e-22,3.919909934390451e-23,8.276634459273135e-24,1.8043753489556298e-24,6.684599698724485e-25,1.5099567373999003e-24,6.817832231124936e-24,3.228318778016439e-23,1.5298870711242035e-22,7.204005816303276e-22,3.2916466777903623e-21,1.3197029324618787e-20,3.392591913960624e-20,3.587250402324804e-20,1.5784202790609014e-20,7.652375970971942e-21,1.5784202790609216e-20,3.587250402324822e-20,3.3925919139606035e-20,1.3197029324618558e-20,3.291646677790266e-21,7.204005816303637e-22,1.5298870711239627e-22,3.228318778017643e-23,6.817832231112899e-24,1.5099567374119374e-24,6.684599698483744e-25,1.804375348967667e-24,8.27663445921295e-24,3.9199099343964693e-23,1.853090598308351e-22,8.625058339760151e-22,3.740403109829081e-21,1.2309429587048868e-20,1.9801966125203605e-20,1.1876235514413602e-20,3.545552951689856e-21,8.134713432655603e-22,1.7457383144819955e-22,3.6916661670580844e-23,7.782260966542147e-24,1.639464915369284e-24,3.453329196312501e-25,7.273795591621347e-26,1.5320802800255842e-26,3.2270179424464066e-27,6.797060811726945e-28,1.4316631353195844e-28,3.015507958537301e-29,6.351524363594665e-30,1.3378472358685934e-30,2.818116991124623e-31,5.931864228712686e-32,1.2518544638517033e-32,2.6000054249227684e-33,5.296307347064899e-34,9.62964972193618e-35,9.62964972193618e-35,2.407412430484045e-35,0.0,0.0,0.0,0.0,0.0,0.0,0.0,0.0,0.0,0.0,0.0,0.0,0.0,0.0,0.0,0.0,0.0,0.0,0.0,0.0,0.0,0.0,0.0,0.0,0.0,0.0,0.0,0.0,0.0,0.0,0.0
0.0,0.0,0.0,0.0,0.0,0.0,0.0,0.0,0.0,0.0,0.0,0.0,0.0,0.0,0.0,0.0,0.0,0.0,0.0,0.0,0.0,0.0,0.0,0.0,0.0,0.0,0.0,0.0,0.0,0.0,0.0,4.81482486096809e-35,9.62964972193618e-35,2.407412430484045e-34,1.0833355937178202e-33,5.248159098455218e-33,2.530190464438731e-32,1.1960024954644735e-31,5.6795674059979585e-31,2.6965908116337883e-30,1.280257115706554e-29,6.078227682248825e-29,2.885738317402003e-28,1.3700526123245124e-27,6.504553219927085e-27,3.088143383239583e-26,1.466142897576575e-25,6.9606490152026e-25,3.3044371006873767e-24,1.5682790598013495e-23,7.433116955217926e-23,3.500940764195247e-22,1.6012907490346993e-21,6.447087756993245e-21,1.6771377682395014e-20,1.7992814411686382e-20,7.63407256683213e-21,1.9647753135308113e-21,4.33341443300414e-22,9.218238907555703e-23,1.9458368911219642e-23,4.106675857612076e-24,8.952442789329821e-25,3.318335125702334e-25,7.500624664975282e-25,3.387070638226691e-24,1.6041162315195624e-23,7.608496818839247e-23,3.59756077923488e-22,1.67555622283148e-21,7.287398947517861e-21,2.423375483348475e-20,3.997198759631595e-20,2.589087315824863e-20,1.459208638036987e-20,2.5890873158248894e-20,3.997198759631592e-20,2.4233754833484485e-20,7.287398947517753e-21,1.675556222831468e-21,3.5975607792340376e-22,7.608496818844061e-23,1.6041162315147476e-23,3.387070638238728e-24,7.5006246650956525e-25,3.318335125341222e-25,8.952442789811304e-25,4.1066758575880016e-24,1.9458368911255753e-23,9.218238907553296e-23,4.333414433004501e-22,1.9647753135308474e-21,7.634072566832178e-21,1.7992814411686527e-20,1.677137768239487e-20,6.447087756993149e-21,1.6012907490346511e-21,3.5009407641947656e-22,7.433116955220333e-23,1.568279059798942e-23,3.304437100735525e-24,6.960649015684082e-25,1.46614289661361e-25,3.088143383239583e-26,6.504553244001209e-27,1.3700526363986367e-27,2.885738798884489e-28,6.078222867423964e-29,1.2802547082941236e-29,2.696638959882398e-30,5.679808147241007e-31,1.1960024954644735e-31,2.515745989855827e-32,5.320381471369739e-33,1.1555579666323415e-33,2.407412430484045e-34,0.0,2.407412430484045e-35,0.0,0.0,0.0,0.0,0.0,0.0,0.0,0.0,0.0,0.0,0.0,0.0,0.0,0.0,0.0,0.0,0.0,0.0,0.0,0.0,0.0,0.0,0.0,0.0,0.0,0.0,0.0,0.0,0.0,0.0,0.0
0.0,0.0,0.0,0.0,0.0,0.0,0.0,0.0,0.0,0.0,0.0,0.0,0.0,0.0,0.0,0.0,0.0,0.0,0.0,0.0,0.0,0.0,0.0,0.0,0.0,0.0,0.0,0.0,0.0,0.0,7.222237291452134e-35,2.407412430484045e-35,1.2037062152420224e-34,4.333342374871281e-34,2.262967684655002e-33,1.0688911191349159e-32,5.082047640751819e-32,2.4112642903728193e-31,1.1448690554409924e-30,5.435383563173962e-30,2.5805535324844573e-29,1.225160352598767e-28,5.816652210544525e-28,2.761552837918083e-27,1.3110930644903414e-26,6.224625029744572e-26,2.9552251415532343e-25,1.4029979865077733e-24,6.659962167038537e-24,3.159663451379483e-23,1.4950154986610695e-22,6.985048678259326e-22,3.0807575371790695e-21,1.0769159642423917e-20,1.965912131939231e-20,1.3440512039158797e-20,4.290261860797316e-21,1.0036594831766026e-21,2.1634822416754836e-22,4.579434501560531e-23,9.656344862165337e-24,2.0375289875780198e-24,4.4423510337164755e-25,1.6502767023836807e-25,3.740156091629933e-25,1.6894212874488446e-24,8.001929640555877e-24,3.797058327174661e-23,1.7990896180620586e-22,8.460702621451258e-22,3.843024351020989e-21,1.504542961547779e-20,3.6370922050166846e-20,3.7243767467322456e-20,2.6469090727675045e-20,3.724376746732264e-20,3.6370922050166593e-20,1.5045429615477525e-20,3.843024351020965e-21,8.460702621451379e-22,1.7990896180616975e-22,3.797058327173457e-23,8.001929640591988e-24,1.6894212874127334e-24,3.740156091629933e-25,1.65027670226331e-25,4.442351033836846e-25,2.037528987590057e-24,9.6563448621533e-24,4.579434501560531e-23,2.1634822416757243e-22,1.0036594831765786e-21,4.2902618607974604e-21,1.3440512039158893e-20,1.9659121319392287e-20,1.0769159642423676e-20,3.0807575371791417e-21,6.985048678259567e-22,1.4950154986610695e-22,3.159663451374668e-23,6.659962167014463e-24,1.4029979864596251e-24,2.9552251417939756e-25,6.224625029744572e-26,1.3110930644903414e-26,2.7615528860663315e-27,5.8166529327682545e-28,1.225159630375038e-28,2.5805439028347354e-29,5.4354557855468764e-30,1.1448690554409924e-30,2.411023549129771e-31,5.082047640751819e-32,1.0688911191349159e-32,2.2388935603501617e-33,5.537048590113303e-34,4.81482486096809e-35,2.407412430484045e-35,2.407412430484045e-35,0.0,0.0,0.0,0.0,0.0,0.0,0.0,0.0,0.0,0.0,0.0,0.0,0.0,0.0,0.0,0.0,0.0,0.0,0.0,0.0,0.0,0.0,0.0,0.0,0.0,0.0,0.0,0.0,0.0,0.0
0.0,0.0,0.0,0.0,0.0,0.0,0.0,0.0,0.0,0.0,0.0,0.0,0.0,0.0,0.0,0.0,0.0,0.0,0.0,0.0,0.0,0.0,0.0,0.0,0.0,0.0,0.0,0.0,0.0,0.0,4.81482486096809e-35,4.81482486096809e-35,2.1666711874356403e-34,9.388908478887775e-34,4.574083617919685e-33,2.152226712852736e-32,1.024353989170961e-31,4.860324955904238e-31,2.3076974076133957e-30,1.0955821007516925e-29,5.201508260377298e-29,2.4694995970662283e-28,1.1724361425894707e-27,5.5663364956670914e-27,2.6427098519887065e-26,1.2546671740352503e-25,5.956662017583012e-25,2.8278437253620893e-24,1.3421576505024777e-23,6.362924206799933e-23,3.000327689404251e-22,1.3795887527650837e-21,5.678048776746356e-21,1.5764902876583322e-20,1.8711106052641532e-20,8.575868102564151e-21,2.2739135260169548e-21,5.053178491057766e-22,1.0767150057490546e-22,2.2734411279981656e-23,4.791351164317896e-24,1.0109176195544352e-24,2.205632661136334e-25,8.267770682869567e-26,1.8937601665796676e-25,8.562971231612368e-25,4.056226237420017e-24,1.925177170274162e-23,9.131182361704615e-23,4.315266490659248e-22,2.0048842311618983e-21,8.628701631325924e-21,2.781288107951629e-20,4.578199764232813e-20,4.407216374199357e-20,4.5781997642328097e-20,2.781288107951598e-20,8.628701631325695e-21,2.0048842311619344e-21,4.315266490658285e-22,9.131182361714245e-23,1.925177170269347e-23,4.0562262374320544e-24,8.562971231612368e-25,1.8937601668204089e-25,8.267770678054742e-26,2.205632660895593e-25,1.0109176195905464e-24,4.791351164293822e-24,2.2734411280053878e-23,1.0767150057484527e-22,5.053178491058127e-22,2.273913526017015e-21,8.575868102564223e-21,1.871110605264158e-20,1.5764902876583274e-20,5.6780487767462115e-21,1.3795887527650837e-21,3.0003276894044916e-22,6.36292420679271e-23,1.3421576505097e-23,2.827843725313941e-24,5.956662017823753e-25,1.254667173794509e-25,2.6427098519887065e-26,5.566336471592967e-27,1.1724362629600922e-27,2.4694993563249853e-28,5.201496223315145e-29,1.0955965452262754e-29,2.307625185240481e-30,4.860324955904238e-31,1.0238725066848643e-31,2.1570415377137042e-32,4.525935369310004e-33,9.62964972193618e-34,2.407412430484045e-34,2.407412430484045e-35,2.407412430484045e-35,0.0,0.0,0.0,0.0,0.0,0.0,0.0,0.0,0.0,0.0,0.0,0.0,0.0,0.0,0.0,0.0,0.0,0.0,0.0,0.0,0.0,0.0,0.0,0.0,0.0,0.0,0.0,0.0,0.0,0.0
0.0,0.0,0.0,0.0,0.0,0.0,0.0,0.0,0.0,0.0,0.0,0.0,0.0,0.0,0.0,0.0,0.0,0.0,0.0,0.0,0.0,0.0,0.0,0.0,0.0,0.0,0.0,0.0,0.0,7.222237291452134e-35,2.407412430484045e-35,7.222237291452134e-35,4.092601131822876e-34,1.9018558200823954e-33,9.196315484449051e-33,4.342972024593217e-32,2.063393194167875e-31,9.797446368340917e-31,4.6514578534354424e-30,2.2083290521327362e-29,1.0484427986916275e-28,4.977658385906142e-28,2.363226421623076e-27,1.1219810367591147e-26,5.32678635121503e-26,2.528966495273803e-25,1.200636502490757e-24,5.699486310375507e-24,2.7042675393226107e-23,1.2801680974825209e-22,5.9949651564425685e-22,2.671361848092841e-21,9.701849653142618e-21,1.9315304985849726e-20,1.4561126111115074e-20,4.907018160163011e-21,1.1671059484366758e-21,2.5254912322214383e-22,5.350104431642382e-23,1.1282637061516357e-23,2.3772494147672982e-24,5.016124082748321e-25,1.0976706617576324e-25,4.2639690541976157e-26,1.0165285714450444e-25,4.613834955573989e-25,2.1859813463680386e-24,1.0376408895347853e-23,4.92418738760052e-23,2.332967957797019e-22,1.0967564731606924e-21,4.974705027291294e-21,1.943808951352991e-20,4.882772098088641e-20,6.435763725433557e-20,4.8827720980886e-20,1.943808951352961e-20,4.974705027291186e-21,1.0967564731606924e-21,2.3329679577973803e-22,4.9241873875945015e-23,1.0376408895371927e-23,2.1859813463439645e-24,4.613834956055472e-25,1.0165285710839325e-25,4.263969050586497e-26,1.097670661878003e-25,5.016124082989062e-25,2.377249414755261e-24,1.1282637061540431e-23,5.350104431643586e-23,2.5254912322214383e-22,1.167105948436712e-21,4.907018160163083e-21,1.4561126111115218e-20,1.9315304985849654e-20,9.701849653142546e-21,2.671361848092793e-21,5.994965156441846e-22,1.2801680974830023e-22,2.7042675393105736e-23,5.699486310447729e-24,1.2006365024185346e-24,2.528966496477509e-25,5.32678635121503e-26,1.121981027129465e-26,2.3632264697713247e-27,4.977658145164899e-28,1.0484425579503844e-28,2.2083386817824582e-29,4.651385631062528e-30,9.79696488585482e-31,2.0638746766539716e-31,4.347786849454185e-32,9.14816723583937e-33,1.9500040686920763e-33,3.851859888774472e-34,7.222237291452134e-35,2.407412430484045e-35,2.407412430484045e-35,0.0,0.0,0.0,0.0,0.0,0.0,0.0,0.0,0.0,0.0,0.0,0.0,0.0,0.0,0.0,0.0,0.0,0.0,0.0,0.0,0.0,0.0,0.0,0.0,0.0,0.0,0.0,0.0,0.0
0.0,0.0,0.0,0.0,0.0,0.0,0.0,0.0,0.0,0.0,0.0,0.0,0.0,0.0,0.0,0.0,0.0,0.0,0.0,0.0,0.0,0.0,0.0,0.0,0.0,0.0,0.0,0.0,0.0,4.81482486096809e-35,2.407412430484045e-35,2.407412430484045e-34,7.462978534500539e-34,3.9481563859938335e-33,1.8368556844593262e-32,8.770203484253375e-32,4.159286456147284e-31,1.974776342601757e-30,9.375667710520113e-30,4.451230954179654e-29,2.113299335334295e-28,1.003323989736219e-27,4.763448055622011e-27,2.261525565164532e-26,1.0736945109535104e-25,5.097485530222302e-25,2.419983828899508e-24,1.1486286643302477e-23,5.446572088749981e-23,2.5707626653934922e-22,1.1874572163317535e-21,4.9823511103688375e-21,1.4688023732568107e-20,1.9263439281701313e-20,9.582434356861347e-21,2.627634919737043e-21,5.890428045173898e-22,1.2575412389526568e-22,2.656333560607412e-23,5.598425474995888e-24,1.1794643151991542e-24,2.4900514178273225e-25,5.514593692612912e-26,2.4423414016968304e-26,6.595252278615515e-26,3.0258826936194168e-25,1.4343583100791895e-24,6.809122227708883e-24,3.2321338283837807e-23,1.5331557972936928e-22,7.248536173060265e-22,3.374294686942803e-21,1.4644593052229197e-20,4.8392149748940075e-20,7.896324116743739e-20,4.8392149748939515e-20,1.4644593052228945e-20,3.3742946869426825e-21,7.248536173060626e-22,1.5331557972929706e-22,3.232133828387392e-23,6.809122227696846e-24,1.4343583101153007e-24,3.0258826937397874e-25,6.595252278615515e-26,2.442341394474593e-26,5.514593701038856e-26,2.49005141734584e-25,1.179464315151006e-24,5.598425475044036e-24,2.6563335606098197e-23,1.257541238952416e-22,5.890428045174018e-22,2.627634919737079e-21,9.582434356861492e-21,1.926343928170136e-20,1.4688023732567938e-20,4.9823511103688375e-21,1.1874572163316572e-21,2.570762665393733e-22,5.446572088752388e-23,1.148628664320618e-23,2.4199838289235823e-24,5.097485530703785e-25,1.0736945099905454e-25,2.2615255723867693e-26,4.763448127844384e-27,1.0033239656620948e-27,2.113298372369323e-28,4.4512381764169453e-29,9.375595488147198e-30,1.9748485649746716e-30,4.159286456147284e-31,8.760573834531439e-32,1.8464853341812624e-32,3.924082261688993e-33,8.425943506694157e-34,9.62964972193618e-35,2.407412430484045e-35,2.407412430484045e-35,0.0,0.0,0.0,0.0,0.0,0.0,0.0,0.0,0.0,0.0,0.0,0.0,0.0,0.0,0.0,0.0,0.0,0.0,0.0,0.0,0.0,0.0,0.0,0.0,0.0,0.0,0.0,0.0,0.0
0.0,0.0,0.0,0.0,0.0,0.0,0.0,0.0,0.0,0.0,0.0,0.0,0.0,0.0,0.0,0.0,0.0,0.0,0.0,0.0,0.0,0.0,0.0,0.0,0.0,0.0,0.0,0.0,0.0,9.62964972193618e-35,4.81482486096809e-35,3.851859888774472e-34,1.61296632842431e-33,7.824090399073146e-33,3.7242670299588173e-32,1.7658370177600469e-31,8.384295271646783e-31,3.980391638438015e-30,1.8898139431051142e-29,8.972146868572099e-29,4.259681091547059e-28,2.022354636318521e-27,9.60146501312866e-27,4.5584515740070604e-26,2.1641905776302074e-25,1.027461775992409e-24,4.877507429611101e-24,2.3144632367218094e-23,1.096098418294158e-22,5.143082281067901e-22,2.3121970266849818e-21,8.688381170028692e-21,1.8783442918248343e-20,1.564417292542578e-20,5.594410388933184e-21,1.3560803927962584e-21,2.9475563537242655e-22,6.25025479395841e-23,1.3183586130513294e-23,2.7777105238320917e-24,5.852235373094506e-25,1.238284002036875e-25,2.874677962935636e-26,1.8706333299365322e-26,6.400474260080692e-26,2.986477041973425e-25,1.4167681586754093e-24,6.725858249304151e-24,3.192636599066249e-23,1.514468669854271e-22,7.161261282502655e-22,3.335973986419187e-21,1.4519820520870226e-20,4.835612513073231e-20,7.938367015246226e-20,4.835612513073177e-20,1.4519820520869937e-20,3.3359739864191267e-21,7.161261282502655e-22,1.5144686698541506e-22,3.192636599066249e-23,6.725858249304151e-24,1.4167681587115205e-24,2.986477041371572e-25,6.400474262488104e-26,1.870633333547651e-26,2.874677953305986e-26,1.2382840022776162e-25,5.852235373575989e-25,2.7777105238441287e-24,1.3183586130513294e-23,6.250254793959614e-23,2.9475563537239044e-22,1.3560803927962102e-21,5.594410388933377e-21,1.5644172925425923e-20,1.8783442918248174e-20,8.68838117002862e-21,2.3121970266849337e-21,5.143082281068624e-22,1.0960984182934358e-22,2.314463236719402e-23,4.877507429659249e-24,1.0274617759442607e-24,2.1641905776302074e-25,4.558451571599648e-26,9.601465085351033e-27,2.0223546122443966e-27,4.25968036932333e-28,8.972161313046682e-29,1.8897994986305313e-29,3.980536083183844e-30,8.383813789160686e-31,1.7658370177600469e-31,3.714637380236881e-32,7.896312771987667e-33,1.6370404527291505e-33,3.3703774026776627e-34,4.81482486096809e-35,2.407412430484045e-35,0.0,0.0,0.0,0.0,0.0,0.0,0.0,0.0,0.0,0.0,0.0,0.0,0.0,0.0,0.0,0.0,0.0,0.0,0.0,0.0,0.0,0.0,0.0,0.0,0.0,0.0,0.0,0.0,0.0
0.0,0.0,0.0,0.0,0.0,0.0,0.0,0.0,0.0,0.0,0.0,0.0,0.0,0.0,0.0,0.0,0.0,0.0,0.0,0.0,0.0,0.0,0.0,0.0,0.0,0.0,0.0,0.0,7.222237291452134e-35,0.0,1.6851887013388314e-34,6.98149604840373e-34,3.322229154067982e-33,1.5816699668280174e-32,7.4990897209578e-32,3.5596000197137087e-31,1.6899553779511898e-30,8.02325562944709e-30,3.8091860960317115e-29,1.8084771067287803e-28,8.586044859264853e-28,4.076368310915987e-27,1.935323251208634e-26,9.188251981698591e-26,4.362233312319016e-25,2.070946065939938e-24,9.829972129044949e-24,4.6620106234556953e-23,2.202305581104719e-22,1.0212488220293476e-21,4.3576494437873314e-21,1.3570294875968305e-20,1.962965437645267e-20,1.064419451321803e-20,3.030996326020626e-21,6.863597063092922e-22,1.4686073323523605e-22,3.103664166990618e-23,6.5418511928355806e-24,1.3781501903608854e-24,2.9046575946364176e-25,6.202270839120974e-26,1.7059366964814665e-26,2.2562614870513802e-26,9.481270120674821e-26,4.475451888151924e-25,2.124210046091208e-24,1.0084033913622833e-23,4.785547609473383e-23,2.267489771786616e-22,1.0664296547582467e-21,4.846547569975003e-21,1.908272128471536e-20,4.88545799144285e-20,6.53482335295539e-20,4.8854579914427096e-20,1.9082721284715058e-20,4.846547569974835e-21,1.0664296547582707e-21,2.2674897717864957e-22,4.785547609480605e-23,1.0084033913586722e-23,2.124210046103245e-24,4.475451887790813e-25,9.481270121878527e-26,2.2562614870513802e-26,1.7059366964814665e-26,6.202270839120974e-26,2.904657594877159e-25,1.3781501903368113e-24,6.5418511928355806e-24,3.103664166990618e-23,1.4686073323527216e-22,6.863597063092441e-22,3.0309963260207342e-21,1.064419451321815e-20,1.962965437645267e-20,1.3570294875968185e-20,4.357649443787235e-21,1.0212488220292995e-21,2.2023055811052004e-22,4.6620106234629176e-23,9.829972128996801e-24,2.0709460658677156e-24,4.362233312319016e-25,9.188251986513416e-26,1.9353232488012217e-26,4.076368334990111e-27,8.586045340747339e-28,1.8084766252462942e-28,3.809183688619281e-29,8.0233037776957e-30,1.6900035261997995e-30,3.5593592784706603e-31,7.496682308527316e-32,1.5744477295365653e-32,3.394451526982503e-33,6.500013562306921e-34,9.62964972193618e-35,9.62964972193618e-35,2.407412430484045e-35,0.0,0.0,0.0,0.0,0.0,0.0,0.0,0.0,0.0,0.0,0.0,0.0,0.0,0.0,0.0,0.0,0.0,0.0,0.0,0.0,0.0,0.0,0.0,0.0,0.0,0.0,0.0,0.0
0.0,0.0,0.0,0.0,0.0,0.0,0.0,0.0,0.0,0.0,0.0,0.0,0.0,0.0,0.0,0.0,0.0,0.0,0.0,0.0,0.0,0.0,0.0,0.0,0.0,0.0,0.0,0.0,9.62964972193618e-35,7.222237291452134e-35,2.1666711874356403e-34,1.4685215825952673e-33,6.692606556745645e-33,3.1874140579608753e-32,1.5113735238578833e-31,7.174329784085502e-31,3.4063441443890944e-30,1.6172178187765449e-29,7.678011020203804e-29,3.6452639391925946e-28,1.730650181379595e-27,8.216549927200939e-27,3.9009411397012364e-26,1.852029340434041e-25,8.792644080760964e-25,4.174059980627864e-24,1.9808149389670558e-23,9.384235811622493e-23,4.410677825752947e-22,1.9981865719990705e-21,7.738776483491285e-21,1.8083020784859673e-20,1.6660277958115184e-20,6.3549548598338625e-21,1.5741871099345267e-21,3.4394525815205683e-22,7.301537236642467e-23,1.540471908055216e-23,3.2458401726968506e-24,6.837896914135356e-25,1.4435570084324993e-25,3.195827186811202e-26,1.4102441485917373e-26,3.796578881578555e-26,1.7414290344623119e-25,8.254793290356995e-25,3.918667853416806e-24,1.8600810893977544e-23,8.822795310218581e-23,4.1702622650424504e-22,1.9391057682087994e-21,8.375568795378297e-21,2.7330601618664465e-20,4.6080111489355056e-20,4.5115135364196766e-20,4.6080111489356994e-20,2.733060161866185e-20,8.375568795378153e-21,1.9391057682087512e-21,4.1702622650424504e-22,8.822795310219785e-23,1.8600810893905322e-23,3.9186678534288434e-24,8.254793290356995e-25,1.741429034703053e-25,3.796578881578555e-26,1.4102441509991497e-26,3.195827188014908e-26,1.4435570079510169e-25,6.837896914135356e-25,3.245840172744999e-24,1.5404719080528086e-23,7.301537236637653e-23,3.4394525815206887e-22,1.574187109934599e-21,6.354954859834031e-21,1.6660277958115256e-20,1.8083020784859625e-20,7.738776483491117e-21,1.9981865719990464e-21,4.410677825752706e-22,9.384235811617678e-23,1.9808149389718706e-23,4.174059980531567e-24,8.79264408196467e-25,1.8520293397118173e-25,3.900941149330886e-26,8.21654987905269e-27,1.7306501573054705e-27,3.6452641799338377e-28,7.678003797966513e-29,1.6172226336014058e-29,3.406368218513399e-30,7.17457052532855e-31,1.5108920413717865e-31,3.1850066455303913e-32,6.716680681050485e-33,1.396299209680746e-33,2.8888949165808538e-34,4.81482486096809e-35,2.407412430484045e-35,0.0,0.0,0.0,0.0,0.0,0.0,0.0,0.0,0.0,0.0,0.0,0.0,0.0,0.0,0.0,0.0,0.0,0.0,0.0,0.0,0.0,0.0,0.0,0.0,0.0,0.0,0.0,0.0
0.0,0.0,0.0,0.0,0.0,0.0,0.0,0.0,0.0,0.0,0.0,0.0,0.0,0.0,0.0,0.0,0.0,0.0,0.0,0.0,0.0,0.0,0.0,0.0,0.0,0.0,0.0,7.222237291452134e-35,0.0,1.6851887013388314e-34,5.7777898331617076e-34,2.840746667971173e-33,1.3553731983625172e-32,6.415754127239979e-32,3.045617465805365e-31,1.4461807952403754e-30,6.86601247411341e-30,3.259756801496921e-29,1.5476219328236816e-28,7.347594145602355e-28,3.488392876695247e-27,1.6561723157960152e-26,7.86294130272832e-26,3.733031425319841e-25,1.772247961155027e-24,8.412439283724944e-24,3.990332946253005e-23,1.8863686989393563e-22,8.776865613551826e-22,3.800322739592287e-21,1.2439135342064779e-20,1.9796015759602283e-20,1.1747551243416086e-20,3.4891640863902236e-21,7.993746487420664e-22,1.7149233067236516e-22,3.6262478660372335e-23,7.64424765867492e-24,1.6104136143776906e-24,3.393490731931504e-25,7.212169078592912e-26,1.8249117325937736e-26,1.8362738646342455e-26,7.279873488284387e-26,3.4259372715294997e-25,1.6258535930006814e-24,7.718213948334613e-24,3.6628529102276157e-23,1.7356364964301187e-22,8.165117580162453e-22,3.7146245713842554e-21,1.4635779252607908e-20,3.600385389778061e-20,3.7796280110656186e-20,2.724951007265514e-20,3.7796280110657125e-20,3.600385389777952e-20,1.463577925260768e-20,3.714624571384207e-21,8.165117580161972e-22,1.7356364964299983e-22,3.6628529102288194e-23,7.718213948334613e-24,1.6258535930006814e-24,3.4259372712887584e-25,7.279873494302918e-26,1.836273862226833e-26,1.824911728982655e-26,7.212169083407737e-26,3.393490731931504e-25,1.6104136143536164e-24,7.644247658662883e-24,3.6262478660372335e-23,1.7149233067240127e-22,7.993746487420784e-22,3.489164086390332e-21,1.1747551243416254e-20,1.9796015759602187e-20,1.243913534206461e-20,3.8003227395922145e-21,8.776865613551104e-22,1.8863686989403193e-22,3.990332946253005e-23,8.41243928370087e-24,1.7722479612753976e-24,3.7330314248383584e-25,7.86294130272832e-26,1.6561723133886027e-26,3.488392924843495e-27,7.347593664119869e-28,1.5476221735649246e-28,3.259747171847199e-29,6.866036548237715e-30,1.4461567211160706e-30,3.046098948291462e-31,6.420568952100948e-32,1.345743548640581e-32,2.8648207922760133e-33,6.018531076210112e-34,7.222237291452134e-35,9.62964972193618e-35,2.407412430484045e-35,0.0,0.0,0.0,0.0,0.0,0.0,0.0,0.0,0.0,0.0,0.0,0.0,0.0,0.0,0.0,0.0,0.0,0.0,0.0,0.0,0.0,0.0,0.0,0.0,0.0,0.0,0.0
0.0,0.0,0.0,0.0,0.0,0.0,0.0,0.0,0.0,0.0,0.0,0.0,0.0,0.0,0.0,0.0,0.0,0.0,0.0,0.0,0.0,0.0,0.0,0.0,0.0,0.0,0.0,9.62964972193618e-35,4.81482486096809e-35,2.407412430484045e-34,1.2277803395468629e-33,5.705567460247186e-33,2.725190871307939e-32,1.293984181385174e-31,6.139142438977363e-31,2.9150153414516057e-30,1.3839491839123628e-29,6.570536302045521e-29,3.1194711013827824e-28,1.4810211808979565e-27,7.03139475066574e-27,3.3382698466110315e-26,1.5848938019064154e-25,7.524420303180541e-25,3.572055235610831e-24,1.6952412604127994e-23,8.033778488436786e-23,3.7814137410612e-22,1.7244730934820386e-21,6.859371529421815e-21,1.7238732203212754e-20,1.7579154175120847e-20,7.189449394405082e-21,1.8254052961456943e-21,4.0124782796149145e-22,8.529209280848835e-23,1.7999871293375532e-23,3.7928681920537775e-24,7.990168441530898e-25,1.6857166650608004e-25,3.679723588963176e-26,1.3879327124091978e-26,3.20205538665822e-26,1.4488785903600775e-25,6.863712396527251e-25,3.258226008267729e-24,1.5466206471840317e-23,7.336757736188713e-23,3.469596879546566e-22,1.6170636964010715e-21,7.054251656801855e-21,2.370976586463196e-20,3.9972736265609245e-20,2.6480774389949504e-20,1.5074523367000087e-20,2.6480774389950037e-20,3.9972736265610666e-20,2.3709765864629997e-20,7.054251656801699e-21,1.6170636964009993e-21,3.4695968795468067e-22,7.336757736185102e-23,1.5466206471804206e-23,3.2582260083279142e-24,6.86371239628651e-25,1.4488785906008188e-25,3.2020553818433954e-26,1.387932713612904e-26,3.679723590166882e-26,1.6857166654219122e-25,7.990168441410527e-25,3.7928681920537775e-24,1.7999871293375532e-23,8.529209280847631e-23,4.012478279615035e-22,1.8254052961457665e-21,7.189449394405106e-21,1.7579154175121016e-20,1.7238732203212585e-20,6.859371529421694e-21,1.7244730934820386e-21,3.7814137410612e-22,8.033778488436786e-23,1.6952412604055772e-23,3.5720552355626825e-24,7.52442030486573e-25,1.5848938021471566e-25,3.338269844203619e-26,7.03139475066574e-27,1.4810211568238322e-27,3.1194711013827824e-28,6.57053148722066e-29,1.3839515913247933e-29,2.9150394155759105e-30,6.140105403949556e-31,1.2930212164129805e-31,2.7227834588774547e-32,5.753715708856867e-33,1.2037062152420224e-33,2.407412430484045e-34,2.407412430484045e-35,2.407412430484045e-35,0.0,0.0,0.0,0.0,0.0,0.0,0.0,0.0,0.0,0.0,0.0,0.0,0.0,0.0,0.0,0.0,0.0,0.0,0.0,0.0,0.0,0.0,0.0,0.0,0.0,0.0,0.0
0.0,0.0,0.0,0.0,0.0,0.0,0.0,0.0,0.0,0.0,0.0,0.0,0.0,0.0,0.0,0.0,0.0,0.0,0.0,0.0,0.0,0.0,0.0,0.0,0.0,0.0,7.222237291452134e-35,0.0,9.62964972193618e-35,5.055566104016494e-34,2.4555606790937257e-33,1.1627802039237936e-32,5.486492929073138e-32,2.606986920971172e-31,1.2376025822632378e-30,5.875627074336579e-30,2.789565079699082e-29,1.3243926892771042e-28,6.28777704540042e-28,2.985227139800684e-27,1.417286075506971e-26,6.728792657062917e-26,3.194583827383594e-25,1.5166300086551916e-24,7.199279730208489e-24,3.415331911018961e-23,1.6155429969350402e-22,7.538485649817542e-22,3.3059081569687736e-21,1.1318770904308874e-20,1.975618816041454e-20,1.2874704919486183e-20,4.007239515705757e-21,9.304841832665977e-22,2.002312349900239e-22,4.2367151341119136e-23,8.932368060945664e-24,1.8818277828604742e-24,3.9650109758091575e-25,8.40629558227275e-26,2.0304488961701927e-26,1.6612575713138306e-26,6.206554870467031e-26,2.911259081716005e-25,1.3814018113241106e-24,6.557792359674673e-24,3.1123211781445287e-23,1.4751576268777918e-22,6.948363117193269e-22,3.1791243059981075e-21,1.2816914190453854e-20,3.347947442344211e-20,3.625549346202778e-20,1.6238637537770272e-20,7.920695421140295e-21,1.623863753777058e-20,3.6255493462028945e-20,3.347947442344082e-20,1.2816914190453625e-20,3.1791243059980353e-21,6.9483631171936305e-22,1.4751576268773104e-22,3.112321178139714e-23,6.5577923597589326e-24,1.3814018112639253e-24,2.9112590825585994e-25,6.206554866855913e-26,1.661257567702712e-26,2.030448898577605e-26,8.40629558227275e-26,3.9650109765313812e-25,1.8818277827521407e-24,8.932368060945664e-24,4.2367151341203396e-23,2.0023123498995169e-22,9.304841832666338e-22,4.007239515705889e-21,1.2874704919486304e-20,1.9756188160414493e-20,1.1318770904308753e-20,3.305908156968629e-21,7.538485649817301e-22,1.6155429969345587e-22,3.415331911026183e-23,7.199279730280712e-24,1.5166300086551916e-24,3.194583827383594e-25,6.72879265947033e-26,1.4172860827292083e-26,2.9852270194300624e-27,6.287776563917934e-28,1.3243936522420763e-28,2.7895626722866516e-29,5.875675222585189e-30,1.2376025822632378e-30,2.6065054384850753e-31,5.484085516642654e-32,1.1579653790628256e-32,2.4555606790937257e-33,5.055566104016494e-34,7.222237291452134e-35,7.222237291452134e-35,2.407412430484045e-35,0.0,0.0,0.0,0.0,0.0,0.0,0.0,0.0,0.0,0.0,0.0,0.0,0.0,0.0,0.0,0.0,0.0,0.0,0.0,0.0,0.0,0.0,0.0,0.0,0.0,0.0
0.0,0.0,0.0,0.0,0.0,0.0,0.0,0.0,0.0,0.0,0.0,0.0,0.0,0.0,0.0,0.0,0.0,0.0,0.0,0.0,0.0,0.0,0.0,0.0,0.0,0.0,4.81482486096809e-35,9.62964972193618e-35,1.6851887013388314e-34,1.0833355937178202e-33,4.83889898527293e-33,2.3375974700000075e-32,1.1062060118074186e-31,5.254659112017525e-31,2.494584834591872e-30,1.1843217303517649e-29,5.622800620887145e-29,2.669519218111752e-28,1.2673986203587284e-27,6.017186415997065e-27,2.8567581224902544e-26,1.3562895741263912e-25,6.439117817155088e-25,3.0568671379574852e-24,1.4508215118984363e-23,6.877276074549962e-23,3.241073970988724e-22,1.4865008062926856e-21,6.0533172133736886e-21,1.627883516756969e-20,1.8371229939392495e-20,8.096422972275998e-21,2.114079660295305e-21,4.679667619537892e-22,9.962708044396336e-23,2.103195135928783e-23,4.432078228392407e-24,9.336702538552443e-25,1.9689516362725558e-25,4.257490186142392e-26,1.4202982636437667e-26,2.7847660270006523e-26,1.2387381940956598e-25,5.863516880772311e-25,2.7833451237590796e-24,1.3212340598274432e-23,6.268322095301562e-23,2.9659815295152537e-22,1.3859567497400207e-21,6.116378747864916e-21,2.142722025568256e-20,3.9311240332358765e-20,2.7092910121557728e-20,9.078607264984064e-21,4.046882898680598e-21,9.078607264984296e-21,2.7092910121558303e-20,3.9311240332358374e-20,2.142722025568227e-20,6.116378747864784e-21,1.3859567497400087e-21,2.965981529515374e-22,6.268322095302766e-23,1.3212340598250358e-23,2.7833451237229684e-24,5.8635168811334225e-25,1.238738194336401e-25,2.7847660270006523e-26,1.4202982588289418e-26,4.257490186142392e-26,1.968951636874409e-25,9.336702538191331e-25,4.4320782284405554e-24,2.1031951359215608e-23,9.962708044398743e-23,4.679667619538012e-22,2.114079660295317e-21,8.096422972276166e-21,1.837122993939264e-20,1.6278835167569425e-20,6.0533172133736404e-21,1.4865008062927097e-21,3.24107397098752e-22,6.877276074559592e-23,1.450821511896029e-23,3.0568671379815593e-24,6.439117816914347e-25,1.3562895741263912e-25,2.856758124897667e-26,6.017186391922941e-27,1.2673986925811013e-27,2.669518014405537e-28,5.622798213474714e-29,1.1843337674139173e-29,2.4945607604675672e-30,5.253214664559234e-31,1.1078912005087574e-31,2.3255604078475873e-32,4.983343731101973e-33,9.870390964984584e-34,2.407412430484045e-34,2.407412430484045e-35,2.407412430484045e-35,0.0,0.0,0.0,0.0,0.0,0.0,0.0,0.0,0.0,0.0,0.0,0.0,0.0,0.0,0.0,0.0,0.0,0.0,0.0,0.0,0.0,0.0,0.0,0.0,0.0,0.0
0.0,0.0,0.0,0.0,0.0,0.0,0.0,0.0,0.0,0.0,0.0,0.0,0.0,0.0,0.0,0.0,0.0,0.0,0.0,0.0,0.0,0.0,0.0,0.0,0.0,7.222237291452134e-35,2.407412430484045e-35,7.222237291452134e-35,4.574083617919685e-34,2.0703746902162785e-33,9.894465089289424e-33,4.7064913015963076e-32,2.230226875600419e-31,1.0590448022942362e-30,5.028169750557586e-30,2.3871997957177008e-29,1.1333625869882508e-28,5.380827504898062e-28,2.5546378821150424e-27,1.2128567730384052e-26,5.758233061800862e-26,2.7338006010129184e-25,1.2978794151903744e-24,6.161039194300224e-24,2.9231179962946825e-23,1.383443968155691e-22,6.471461119440512e-22,2.8694581121766073e-21,1.0229556150045043e-20,1.9511693663456435e-20,1.4003754238000206e-20,4.590020881853753e-21,1.0824024197782662e-21,2.3375364325904305e-22,4.949806297275599e-23,1.0437483235630659e-23,2.1989855604763886e-24,4.632934711823863e-25,9.805254713058989e-26,2.2875376456425561e-26,1.5370151830074662e-26,5.333436330923576e-26,2.490767745683055e-25,1.1816466239988474e-24,5.609525000903246e-24,2.6624083741948524e-23,1.262214068427101e-22,5.9520872213993e-22,2.7375537010376874e-21,1.1279372953987188e-20,3.142104462998256e-20,3.749894297198455e-20,1.7300833651121732e-20,4.800001802705101e-21,2.0377286544395782e-21,4.800001802705191e-21,1.7300833651122087e-20,3.7498942971986e-20,3.1421044629980923e-20,1.1279372953987007e-20,2.737553701037615e-21,5.952087221398939e-22,1.2622140684273416e-22,2.6624083741948524e-23,5.609525000891209e-24,1.1816466240229215e-24,2.490767745321943e-25,5.333436336942107e-26,1.53701518180376e-26,2.28753764443885e-26,9.805254713058989e-26,4.632934712184975e-25,2.1989855604523145e-24,1.0437483235630659e-23,4.9498062972743953e-23,2.3375364325901897e-22,1.0824024197783384e-21,4.590020881853873e-21,1.4003754238000327e-20,1.9511693663456363e-20,1.022955615004485e-20,2.8694581121765832e-21,6.471461119440512e-22,1.3834439681544872e-22,2.9231179963067196e-23,6.1610391941557795e-24,1.2978794153588932e-24,2.733800600772177e-25,5.75823305939345e-26,1.2128567754458177e-26,2.5546378821150424e-27,5.380828227121791e-28,1.1333623462470078e-28,2.3871949808928398e-29,5.028121602308976e-30,1.0591651729157604e-30,2.2304676168434675e-31,4.6944542394438874e-32,9.894465089289424e-33,2.1185229388259594e-33,4.333342374871281e-34,7.222237291452134e-35,2.407412430484045e-35,2.407412430484045e-35,0.0,0.0,0.0,0.0,0.0,0.0,0.0,0.0,0.0,0.0,0.0,0.0,0.0,0.0,0.0,0.0,0.0,0.0,0.0,0.0,0.0,0.0,0.0,0.0,0.0
0.0,0.0,0.0,0.0,0.0,0.0,0.0,0.0,0.0,0.0,0.0,0.0,0.0,0.0,0.0,0.0,0.0,0.0,0.0,0.0,0.0,0.0,0.0,0.0,0.0,4.81482486096809e-35,4.81482486096809e-35,2.1666711874356403e-34,8.907425992790966e-34,4.2129717533470784e-33,1.9957449048712732e-32,9.468353089093748e-32,4.496564937658099e-31,2.1347729727317267e-30,1.013491744284617e-29,4.8117698545938054e-29,2.284467562847926e-28,1.0845889889256274e-27,5.149267410635794e-27,2.4446995608763992e-26,1.160658987090458e-25,5.5103540139890265e-25,2.6159776768970906e-24,1.2416296085595347e-23,5.886975513291999e-23,2.777319297436222e-22,1.2800634288243033e-21,5.321143368073314e-21,1.5233381520629057e-20,1.9009413412422902e-20,9.071562937136775e-21,2.4448894949240844e-21,5.456023787964502e-22,1.1636325629335593e-22,2.457442511648511e-23,5.178999225840802e-24,1.0910212584438083e-24,2.300059637575303e-25,4.938992853008115e-26,1.4882792525234364e-26,2.4403321042636817e-26,1.061159971827917e-25,5.017485006837895e-25,2.3816384787371366e-24,1.130568741395639e-23,5.364298572477686e-23,2.5394555843869817e-22,1.189347611903138e-21,5.30240709966267e-21,1.9293955075694207e-20,3.858455553945904e-20,2.9243828879513485e-20,9.905807982954589e-21,2.460720953003515e-21,1.0184803367070725e-21,2.4607209530035343e-21,9.905807982954795e-21,2.9243828879514195e-20,3.858455553945848e-20,1.929395507569399e-20,5.302407099662514e-21,1.1893476119031259e-21,2.539455584387102e-22,5.364298572474075e-23,1.1305687413968426e-23,2.3816384787612107e-24,5.017485006597154e-25,1.0611599715871758e-25,2.440332105467388e-26,1.488279250116024e-26,4.938992859026646e-26,2.30005963697345e-25,1.0910212584799195e-24,5.178999225840802e-24,2.457442511648511e-23,1.1636325629336797e-22,5.456023787964743e-22,2.4448894949240724e-21,9.071562937136992e-21,1.9009413412422998e-20,1.5233381520628793e-20,5.321143368073338e-21,1.2800634288242792e-21,2.7773192974347775e-22,5.886975513304036e-23,1.2416296085595347e-23,2.6159776768489424e-24,5.510354013748285e-25,1.1606589873311992e-25,2.444699553654162e-26,5.1492674347099184e-27,1.084589037073876e-27,2.284467322106683e-28,4.8117698545938054e-29,1.0135061887592e-29,2.1346526021102025e-30,4.496564937658099e-31,9.473167913954716e-32,1.9957449048712732e-32,4.1648235047373975e-33,8.907425992790966e-34,2.1666711874356403e-34,2.407412430484045e-35,2.407412430484045e-35,0.0,0.0,0.0,0.0,0.0,0.0,0.0,0.0,0.0,0.0,0.0,0.0,0.0,0.0,0.0,0.0,0.0,0.0,0.0,0.0,0.0,0.0,0.0,0.0,0.0
0.0,0.0,0.0,0.0,0.0,0.0,0.0,0.0,0.0,0.0,0.0,0.0,0.0,0.0,0.0,0.0,0.0,0.0,0.0,0.0,0.0,0.0,0.0,0.0,7.222237291452134e-35,2.407412430484045e-35,7.222237291452134e-35,3.851859888774472e-34,1.8055593228630336e-33,8.450017630998997e-33,4.020378758908355e-32,1.9090780573738475e-31,9.063426318286332e-31,4.302864533501353e-30,2.0428675957855678e-29,9.698860421900165e-29,4.604696515126963e-28,2.1861569521668483e-27,1.0379143343165328e-26,4.927666567338733e-26,2.3394797894274753e-25,1.1106792300204377e-24,5.272505321609275e-24,2.5017903755247835e-23,1.1845755160476047e-22,5.552977826863855e-22,2.485821751212749e-21,9.18766728436799e-21,1.9071801521102258e-20,1.510914242253355e-20,5.241693373127778e-21,1.2581856839544988e-21,2.728439200459064e-22,5.782719747784015e-23,1.2196123859888362e-23,2.5695947411994466e-24,5.413490046085635e-25,1.1442620468596515e-25,2.60035418435416e-26,1.450679017681492e-26,4.592539900873245e-26,2.1320447532152106e-25,1.011194264982583e-24,4.8003384235374445e-24,2.2784479314554386e-23,1.0804062081229127e-22,5.099722653447986e-22,2.356127646195497e-21,9.895244677893087e-21,2.9259634866864796e-20,3.857567044965475e-20,1.927683524463548e-20,5.306589864459991e-21,1.241215109623208e-21,5.071563175856276e-22,1.241215109623243e-21,5.306589864460082e-21,1.9276835244635896e-20,3.8575670449656396e-20,2.925963486686282e-20,9.895244677892919e-21,2.356127646195449e-21,5.099722653447866e-22,1.0804062081229127e-22,2.2784479314566423e-23,4.8003384235374445e-24,1.0111942650186942e-24,2.1320447532152106e-25,4.592539894854714e-26,1.4506790200889043e-26,2.60035418435416e-26,1.1442620468596515e-25,5.413490046206005e-25,2.5695947411753725e-24,1.2196123859924474e-23,5.782719747782811e-23,2.7284392004591844e-22,1.2581856839545108e-21,5.2416933731278385e-21,1.5109142422533743e-20,1.9071801521102186e-20,9.187667284367821e-21,2.485821751212773e-21,5.552977826862652e-22,1.1845755160480861e-22,2.5017903755199687e-23,5.2725053217055716e-24,1.1106792299241412e-24,2.3394797894274753e-25,4.927666569746145e-26,1.0379143367239452e-26,2.186156855870351e-27,4.6046972373506925e-28,9.698862829312596e-29,2.0428700031979983e-29,4.302912681749962e-30,9.063185577043284e-31,1.9090780573738475e-31,4.017971346477871e-32,8.498165879608678e-33,1.7092628256436718e-33,4.092601131822876e-34,4.81482486096809e-35,4.81482486096809e-35,2.407412430484045e-35,0.0,0.0,0.0,0.0,0.0,0.0,0.0,0.0,0.0,0.0,0.0,0.0,0.0,0.0,0.0,0.0,0.0,0.0,0.0,0.0,0.0,0.0,0.0,0.0
0.0,0.0,0.0,0.0,0.0,0.0,0.0,0.0,0.0,0.0,0.0,0.0,0.0,0.0,0.0,0.0,0.0,0.0,0.0,0.0,0.0,0.0,0.0,0.0,4.81482486096809e-35,4.81482486096809e-35,1.4444474582904269e-34,7.944461020597348e-34,3.635192770030908e-33,1.6996331759217356e-32,8.108165065870263e-32,3.847767287642649e-31,1.826792700499903e-30,8.673136615056259e-30,4.117717665710116e-29,1.954955875320339e-28,9.28147890288364e-28,4.4065370294441016e-27,2.0920762517929786e-26,9.932459861713832e-26,4.71555118877758e-25,2.2386732556312357e-24,1.0625915802210854e-23,5.039067353615853e-23,2.379461927613827e-22,1.1013259825995643e-21,4.6613276458916244e-21,1.4132487566947473e-20,1.9470834412698647e-20,1.0107167472378254e-20,2.8227885322650946e-21,6.358771129986214e-22,1.3589988744194785e-22,2.871307593868624e-23,6.051775104891517e-24,1.2748945973315248e-24,2.6870856813475884e-25,5.740583369141368e-26,1.5924994299792956e-26,2.1554944490227338e-26,9.095073066724819e-26,4.294037354870443e-25,2.0381139492929894e-24,9.675119670555724e-24,4.591032294412988e-23,2.174294900043541e-22,1.0203142159334759e-21,4.589059195304323e-21,1.727313978712685e-20,3.7500996380481686e-20,3.139979379237556e-20,1.1266640135115237e-20,2.7392747271094405e-21,6.209238147225102e-22,2.5207151882645056e-22,6.209238147225456e-22,2.739274727109478e-21,1.1266640135115463e-20,3.139979379237644e-20,3.7500996380480946e-20,1.727313978712655e-20,4.5890591953042026e-21,1.0203142159334759e-21,2.1742949000434206e-22,4.591032294416599e-23,9.675119670519612e-24,2.0381139492929894e-24,4.294037354750072e-25,9.095073069132232e-26,2.1554944478190276e-26,1.5924994287755893e-26,5.740583367937661e-26,2.6870856819494415e-25,1.2748945972833765e-24,6.051775104915591e-24,2.87130759386742e-23,1.3589988744192378e-22,6.358771129986094e-22,2.822788532265203e-21,1.0107167472378398e-20,1.9470834412698695e-20,1.4132487566947305e-20,4.661327645891528e-21,1.101325982599492e-21,2.379461927614068e-22,5.03906735361826e-23,1.0625915802259002e-23,2.2386732555590133e-24,4.715551189018321e-25,9.932459861713832e-26,2.0920762445707413e-26,4.4065371016664745e-27,9.281479143624883e-28,1.9549553938378528e-28,4.1177200731225467e-29,8.673112540931954e-30,1.8268649228728174e-30,3.847767287642649e-31,8.100942828578811e-32,1.711670238074156e-32,3.587044521421227e-33,6.98149604840373e-34,1.6851887013388314e-34,2.407412430484045e-35,2.407412430484045e-35,0.0,0.0,0.0,0.0,0.0,0.0,0.0,0.0,0.0,0.0,0.0,0.0,0.0,0.0,0.0,0.0,0.0,0.0,0.0,0.0,0.0,0.0,0.0,0.0
0.0,0.0,0.0,0.0,0.0,0.0,0.0,0.0,0.0,0.0,0.0,0.0,0.0,0.0,0.0,0.0,0.0,0.0,0.0,0.0,0.0,0.0,0.0,0.0,9.62964972193618e-35,4.81482486096809e-35,2.8888949165808538e-34,1.5166698312049482e-33,7.294459664366656e-33,3.4401923631617e-32,1.6341515578125696e-31,7.755238403561302e-31,3.6822817571711756e-30,1.7482027217067512e-29,8.299903428896165e-29,3.940515258939477e-28,1.8708255497820442e-27,8.882055934300672e-27,4.2169006841374024e-26,2.0020351112365572e-25,9.504792054142328e-25,4.512097580522582e-24,2.1411540014561416e-23,1.0142104128794926e-22,4.76301911192124e-22,2.149857384017121e-21,8.205118863908677e-21,1.8452862347206324e-20,1.6162482772210456e-20,5.965442206900662e-21,1.4612522825619482e-21,3.184107520354974e-22,6.755516609319598e-23,1.4250961861053937e-23,3.0026618112532027e-24,6.3256516584537445e-25,1.3358177006432185e-25,2.9763961371154987e-26,1.3996395666504155e-26,3.9634293198053216e-26,1.8252183402798082e-25,8.653547904073216e-25,4.107974871768771e-24,1.9498935100372285e-23,9.247739225691303e-23,4.368754806622392e-22,2.0262562894966347e-21,8.653137463596715e-21,2.7021338191839857e-20,3.928707976141666e-20,2.1403244687039172e-20,6.1081374584604915e-21,1.386610331662917e-21,3.0932898440093423e-22,1.2517107700232052e-22,3.0932898440093423e-22,1.3866103316629517e-21,6.108137458460624e-21,2.140324468703964e-20,3.928707976141863e-20,2.7021338191837498e-20,8.65313746359651e-21,2.0262562894966347e-21,4.368754806622031e-22,9.247739225686488e-23,1.9498935100420433e-23,4.107974871768771e-24,8.653547904073216e-25,1.8252183402798082e-25,3.96342932341644e-26,1.399639564243003e-26,2.976396138319205e-26,1.3358177006432185e-25,6.325651658333374e-25,3.0026618112411657e-24,1.4250961861029863e-23,6.755516609325617e-23,3.1841075203548534e-22,1.4612522825619723e-21,5.965442206900782e-21,1.6162482772210553e-20,1.8452862347206203e-20,8.205118863908556e-21,2.149857384017073e-21,4.76301911192124e-22,1.0142104128797334e-22,2.141154001458549e-23,4.512097580426286e-24,9.504792054142328e-25,2.002035111958781e-25,4.216900686544815e-26,8.882055862078299e-27,1.870825622004417e-27,3.9405157404219632e-28,8.299893799246443e-29,1.7482051291191817e-29,3.682233608922566e-30,7.755960627290447e-31,1.6339108165695212e-31,3.437784950731216e-32,7.270385540061815e-33,1.4925957069001078e-33,3.3703774026776627e-34,4.81482486096809e-35,2.407412430484045e-35,0.0,0.0,0.0,0.0,0.0,0.0,0.0,0.0,0.0,0.0,0.0,0.0,0.0,0.0,0.0,0.0,0.0,0.0,0.0,0.0,0.0,0.0,0.0,0.0
0.0,0.0,0.0,0.0,0.0,0.0,0.0,0.0,0.0,0.0,0.0,0.0,0.0,0.0,0.0,0.0,0.0,0.0,0.0,0.0,0.0,0.0,0.0,7.222237291452134e-35,0.0,1.6851887013388314e-34,6.500013562306921e-34,3.0814879110195774e-33,1.4588919328733312e-32,6.935755212224533e-32,3.2921364986869313e-31,1.5633495582320339e-30,7.42214881967953e-30,3.523777722748106e-29,1.6729730091840692e-28,7.942718053997677e-28,3.770938138449402e-27,1.7903152792044175e-26,8.499805122843781e-26,4.0353878605397263e-25,1.9157847395655176e-24,9.093633747656859e-24,4.313132776619976e-23,2.0382609057974111e-22,9.468276327975382e-22,4.070827982816518e-21,1.3004795167039841e-20,1.973839425178001e-20,1.1191686914416691e-20,3.252906599874871e-21,7.407622701640405e-22,1.587015584565089e-22,3.354805695211949e-23,7.071604043104273e-24,1.4897596640752845e-24,3.139438479442953e-25,6.681738532865761e-26,1.7354392445201443e-26,1.9230748531522976e-26,7.799730150189824e-26,3.6750153441023653e-25,1.7441503555264714e-24,8.279744382841634e-24,3.929193842568681e-23,1.8615127835913425e-22,8.750000606454565e-22,3.9655307084872644e-21,1.538107867709567e-20,3.6083595143033614e-20,3.342301532096908e-20,1.2794415599968862e-20,3.173468816254958e-21,6.948944078470308e-22,1.5377965601735528e-22,6.21276019424636e-23,1.5377965601735523e-22,6.948944078470313e-22,3.1734688162550654e-21,1.2794415599969102e-20,3.3423015320970035e-20,3.6083595143032645e-20,1.5381078677095442e-20,3.965530708487156e-21,8.750000606454324e-22,1.8615127835915832e-22,3.929193842568681e-23,8.27974438281756e-24,1.7441503555505455e-24,3.675015344222736e-25,7.799730150189824e-26,1.9230748519485914e-26,1.735439242112732e-26,6.681738535273174e-26,3.139438479683694e-25,1.4897596640391733e-24,7.07160404311631e-24,3.3548056952131525e-23,1.5870155845649687e-22,7.407622701641128e-22,3.252906599874895e-21,1.1191686914416788e-20,1.9738394251780035e-20,1.3004795167039817e-20,4.070827982816253e-21,9.468276327976104e-22,2.0382609057976519e-22,4.313132776619976e-23,9.093633747536488e-24,1.91578473963774e-24,4.035387861021209e-25,8.499805118028956e-26,1.790315276797005e-26,3.770938138449402e-27,7.942718053997677e-28,1.6729727684428262e-28,3.5237801301605366e-29,7.422076597306615e-30,1.5633014099834242e-30,3.2935809461452217e-31,6.933347799794049e-32,1.4661141701647833e-32,3.057413786714737e-33,6.500013562306921e-34,7.222237291452134e-35,9.62964972193618e-35,2.407412430484045e-35,0.0,0.0,0.0,0.0,0.0,0.0,0.0,0.0,0.0,0.0,0.0,0.0,0.0,0.0,0.0,0.0,0.0,0.0,0.0,0.0,0.0,0.0,0.0
0.0,0.0,0.0,0.0,0.0,0.0,0.0,0.0,0.0,0.0,0.0,0.0,0.0,0.0,0.0,0.0,0.0,0.0,0.0,0.0,0.0,0.0,0.0,9.62964972193618e-35,4.81482486096809e-35,2.407412430484045e-34,1.3481509610710651e-33,6.162975822039155e-33,2.949080227342955e-32,1.3979843983820848e-31,6.6372360708445116e-31,3.151086204384871e-30,1.4960455289129914e-29,7.102718893928324e-29,3.372135295234402e-28,1.6009777034099911e-27,7.600908244513708e-27,3.608655465586631e-26,1.713262942415859e-25,8.133852655800866e-25,3.861344693325669e-24,1.832476448784439e-23,8.682857330697649e-23,4.084088510045994e-22,1.8565852242304367e-21,7.290033920127769e-21,1.7677156668033534e-20,1.7133755038342806e-20,6.762990430435361e-21,1.69539405179163e-21,3.7150529287527953e-22,7.891590132264229e-23,1.6651839607276483e-23,3.5087103750368706e-24,7.391593681231654e-25,1.5598493047805915e-25,3.4248001817865866e-26,1.3826295018069885e-26,3.430684106007865e-26,1.5627694341882692e-25,7.405545266165772e-25,3.515473690077261e-24,1.668708134331315e-23,7.915360908590484e-23,3.741996624819723e-22,1.741354939918766e-21,7.545362357196497e-21,2.4759006003676032e-20,3.959818110492458e-20,2.361331884824248e-20,7.029993223408635e-21,1.6117912130020945e-21,3.464876089181756e-22,7.637074335585137e-23,3.082947204212254e-23,7.637074335585137e-23,3.464876089181757e-22,1.6117912130021285e-21,7.029993223408802e-21,2.361331884824296e-20,3.9598181104926926e-20,2.475900600367318e-20,7.545362357196328e-21,1.74135493991879e-21,3.7419966248193617e-22,7.915360908586873e-23,1.6687081343385372e-23,3.5154736900050385e-24,7.4055452665268835e-25,1.5627694338271573e-25,3.4306841096189835e-26,1.3826294981958698e-26,3.424800185397705e-26,1.5598493045398502e-25,7.391593681472395e-25,3.5087103750248335e-24,1.665183960732463e-23,7.891590132259414e-23,3.7150529287531564e-22,1.695394051791654e-21,6.762990430435481e-21,1.7133755038342926e-20,1.7677156668033414e-20,7.290033920127625e-21,1.8565852242304367e-21,4.084088510046235e-22,8.682857330688019e-23,1.8324764487940687e-23,3.861344693325669e-24,8.1338526555601245e-25,1.7132629419343765e-25,3.6086554728088683e-26,7.600908220439584e-27,1.6009776552617425e-27,3.372135295234402e-28,7.102723708753185e-29,1.4960407140881305e-29,3.151110278509176e-30,6.63747681208756e-31,1.3977436571390364e-31,2.944265402481987e-32,6.211124070648836e-33,1.3481509610710651e-33,2.407412430484045e-34,2.407412430484045e-35,2.407412430484045e-35,0.0,0.0,0.0,0.0,0.0,0.0,0.0,0.0,0.0,0.0,0.0,0.0,0.0,0.0,0.0,0.0,0.0,0.0,0.0,0.0,0.0,0.0,0.0
0.0,0.0,0.0,0.0,0.0,0.0,0.0,0.0,0.0,0.0,0.0,0.0,0.0,0.0,0.0,0.0,0.0,0.0,0.0,0.0,0.0,0.0,7.222237291452134e-35,0.0,9.62964972193618e-35,5.7777898331617076e-34,2.6481536735324493e-33,1.2518544638517033e-32,5.936679053573655e-32,2.817635508638526e-31,1.3377990876199837e-30,6.351620660091884e-30,3.01550314371244e-29,1.4316628945783414e-28,6.797060570985702e-28,3.227017990594655e-27,1.5320802752107594e-26,7.273795598843585e-26,3.4533291960717598e-25,1.6394649153452098e-24,7.782260966493999e-24,3.6916661670340103e-23,1.7457383144680325e-22,8.134713432593973e-22,3.545552951658584e-21,1.1876235514239522e-20,1.980196612416454e-20,1.230942958158746e-20,3.740403083515955e-21,8.625057089272135e-22,1.8530846611196482e-22,3.9196280558122173e-23,8.263251802386273e-24,1.740838990639516e-24,3.668115034427061e-25,7.78533882645856e-26,1.920571064779984e-26,1.7374096165017045e-26,6.69401657459506e-26,3.1453402750904088e-25,1.4925879951516098e-24,7.085597008400656e-24,3.3627204796574777e-23,1.593622935738199e-22,7.5015405358876765e-22,3.4221006872152635e-21,1.3629908879318447e-20,3.438134461744674e-20,3.524881380183677e-20,1.4471120441541122e-20,3.679362397478962e-21,8.091184018550177e-22,1.7232906403886622e-22,3.7908048403701184e-23,1.5296722851517958e-23,3.790804840370117e-23,1.7232906403890167e-22,8.091184018549828e-22,3.679362397479053e-21,1.447112044154143e-20,3.524881380183789e-20,3.4381344617445546e-20,1.3629908879318206e-20,3.422100687215215e-21,7.501540535887436e-22,1.5936229357384397e-22,3.3627204796538665e-23,7.085597008400656e-24,1.4925879951154986e-24,3.1453402754515206e-25,6.694016575798767e-26,1.7374096152979983e-26,1.920571069594809e-26,7.785338819236322e-26,3.668115034427061e-25,1.7408389906756274e-24,8.26325180239831e-24,3.9196280558122173e-23,1.8530846611195278e-22,8.625057089272255e-22,3.740403083515955e-21,1.2309429581587677e-20,1.9801966124164566e-20,1.187623551423933e-20,3.5455529516585115e-21,8.134713432593251e-22,1.7457383144689954e-22,3.691666167036418e-23,7.782260966421776e-24,1.639464915369284e-24,3.453329196312501e-25,7.273795591621347e-26,1.5320802800255842e-26,3.2270179424464066e-27,6.797060811726945e-28,1.4316631353195844e-28,3.015507958537301e-29,6.351524363594665e-30,1.3378472358685934e-30,2.818116991124623e-31,5.931864228712686e-32,1.2518544638517033e-32,2.6000054249227684e-33,5.296307347064899e-34,9.62964972193618e-35,9.62964972193618e-35,2.407412430484045e-35,0.0,0.0,0.0,0.0,0.0,0.0,0.0,0.0,0.0,0.0,0.0,0.0,0.0,0.0,0.0,0.0,0.0,0.0,0.0,0.0,0.0,0.0
0.0,0.0,0.0,0.0,0.0,0.0,0.0,0.0,0.0,0.0,0.0,0.0,0.0,0.0,0.0,0.0,0.0,0.0,0.0,0.0,0.0,0.0,4.81482486096809e-35,9.62964972193618e-35,2.407412430484045e-34,1.0833355937178202e-33,5.248159098455218e-33,2.530190464438731e-32,1.1960024954644735e-31,5.6795674059979585e-31,2.6965908116337883e-30,1.280257115706554e-29,6.078227682248825e-29,2.885738317402003e-28,1.3700526123245124e-27,6.504553219927085e-27,3.088143383239583e-26,1.466142897576575e-25,6.9606490152026e-25,3.3044371006873767e-24,1.568279059798942e-23,7.433116955205889e-23,3.500940764188747e-22,1.6012907490314733e-21,6.4470877569767544e-21,1.6771377682298645e-20,1.7992814411136794e-20,7.63407256409324e-21,1.9647753004664942e-21,4.33341381259241e-22,9.218209452118319e-23,1.945697046432122e-23,4.1000364970117984e-24,8.637228143077518e-25,1.821803357256283e-25,3.9564675561129043e-26,1.3992338983965795e-26,2.9813457144798507e-26,1.3383143959359175e-25,6.33758080485322e-25,3.0084278234349385e-24,1.4280630736940585e-23,6.774759997889439e-23,3.204738172178679e-22,1.4956126587357874e-21,6.5629085552162275e-21,2.252062070426399e-20,3.949669262409445e-20,2.5868985156694085e-20,8.072717377959312e-21,1.8759299178475118e-21,4.0378650040817015e-22,8.560169765192056e-23,1.8811556976626152e-23,7.589380065002084e-24,1.8811556976626155e-23,8.56016976519206e-23,4.0378650040817015e-22,1.8759299178475464e-21,8.072717377959467e-21,2.58689851566947e-20,3.9496692624094083e-20,2.2520620704263737e-20,6.562908555216083e-21,1.4956126587357874e-21,3.2047381721785585e-22,6.774759997885828e-23,1.4280630736952622e-23,3.0084278234469755e-24,6.337580804612479e-25,1.3383143960562881e-25,2.9813457144798507e-26,1.3992339020076982e-26,3.9564675512980795e-26,1.8218033577377654e-25,8.637228142716406e-25,4.1000364970238355e-24,1.9456970464273072e-23,9.218209452118319e-23,4.333413812593012e-22,1.9647753004665664e-21,7.634072564093337e-21,1.7992814411136866e-20,1.6771377682298525e-20,6.447087756976682e-21,1.6012907490314492e-21,3.500940764188025e-22,7.433116955208296e-23,1.5682790597917198e-23,3.304437100735525e-24,6.960649015684082e-25,1.46614289661361e-25,3.088143383239583e-26,6.504553244001209e-27,1.3700526363986367e-27,2.885738798884489e-28,6.078222867423964e-29,1.2802547082941236e-29,2.696638959882398e-30,5.679808147241007e-31,1.1960024954644735e-31,2.515745989855827e-32,5.320381471369739e-33,1.1555579666323415e-33,2.407412430484045e-34,0.0,2.407412430484045e-35,0.0,0.0,0.0,0.0,0.0,0.0,0.0,0.0,0.0,0.0,0.0,0.0,0.0,0.0,0.0,0.0,0.0,0.0,0.0,0.0,0.0,0.0
0.0,0.0,0.0,0.0,0.0,0.0,0.0,0.0,0.0,0.0,0.0,0.0,0.0,0.0,0.0,0.0,0.0,0.0,0.0,0.0,0.0,7.222237291452134e-35,2.407412430484045e-35,1.2037062152420224e-34,4.333342374871281e-34,2.262967684655002e-33,1.0688911191349159e-32,5.082047640751819e-32,2.4112642903728193e-31,1.1448690554409924e-30,5.435383563173962e-30,2.5805535324844573e-29,1.225160352598767e-28,5.816652210544525e-28,2.761552837918083e-27,1.3110930644903414e-26,6.224625029744572e-26,2.9552251415532343e-25,1.4029979865077733e-24,6.659962167038537e-24,3.159663451374668e-23,1.495015498660588e-22,6.985048678255234e-22,3.080757537177553e-21,1.0769159642414768e-20,1.9659121319339468e-20,1.3440512038877033e-20,4.290261859433806e-21,1.0036594766938382e-21,2.163481933876008e-22,4.579419888219207e-23,9.655651069242735e-24,2.0342350895636204e-24,4.285967738857227e-25,9.078214535253123e-26,2.152395639779277e-26,1.593984193169853e-26,5.751047237826128e-26,2.6921335666022454e-25,1.2773110306734236e-24,6.06366142106459e-24,2.8778820964885747e-23,1.3642092620684012e-22,6.429536280022928e-22,2.949690817950506e-21,1.2025617790156198e-20,3.245099522289053e-20,3.6818006150075064e-20,1.6292535052154494e-20,4.260907685869304e-21,9.435627919399627e-22,2.0091281980799405e-22,4.2494656087487075e-23,9.333895160933213e-24,3.765321781554071e-24,9.333895160933214e-24,4.249465608748706e-23,2.0091281980799424e-22,9.435627919399622e-22,4.260907685869413e-21,1.6292535052154834e-20,3.6818006150076334e-20,3.245099522288905e-20,1.2025617790156041e-20,2.9496908179504577e-21,6.429536280022326e-22,1.3642092620682808e-22,2.8778820964885747e-23,6.063661421100701e-24,1.2773110306493494e-24,2.6921335672040985e-25,5.751047237826128e-26,1.593984191966147e-26,2.1523956373718645e-26,9.078214531642004e-26,4.285967739218339e-25,2.0342350896238057e-24,9.655651069182549e-24,4.579419888218003e-23,2.1634819338761284e-22,1.0036594766938382e-21,4.290261859433926e-21,1.3440512038877178e-20,1.9659121319339468e-20,1.0769159642414648e-20,3.0807575371773843e-21,6.985048678255956e-22,1.4950154986603473e-22,3.159663451374668e-23,6.659962167014463e-24,1.4029979864596251e-24,2.9552251417939756e-25,6.224625029744572e-26,1.3110930644903414e-26,2.7615528860663315e-27,5.8166529327682545e-28,1.225159630375038e-28,2.5805439028347354e-29,5.4354557855468764e-30,1.1448690554409924e-30,2.411023549129771e-31,5.082047640751819e-32,1.0688911191349159e-32,2.2388935603501617e-33,5.537048590113303e-34,4.81482486096809e-35,2.407412430484045e-35,2.407412430484045e-35,0.0,0.0,0.0,0.0,0.0,0.0,0.0,0.0,0.0,0.0,0.0,0.0,0.0,0.0,0.0,0.0,0.0,0.0,0.0,0.0,0.0
0.0,0.0,0.0,0.0,0.0,0.0,0.0,0.0,0.0,0.0,0.0,0.0,0.0,0.0,0.0,0.0,0.0,0.0,0.0,0.0,0.0,4.81482486096809e-35,4.81482486096809e-35,2.1666711874356403e-34,9.388908478887775e-34,4.574083617919685e-33,2.152226712852736e-32,1.024353989170961e-31,4.860324955904238e-31,2.3076974076133957e-30,1.0955821007516925e-29,5.201508260377298e-29,2.4694995970662283e-28,1.1724361425894707e-27,5.5663364956670914e-27,2.6427098519887065e-26,1.2546671740352503e-25,5.956662017583012e-25,2.8278437253620893e-24,1.3421576505024777e-23,6.362924206799933e-23,3.000327689403288e-22,1.3795887527649633e-21,5.678048776745297e-21,1.5764902876578266e-20,1.8711106052613558e-20,8.575868102422427e-21,2.27391352533987e-21,5.053178458894375e-22,1.0767148530441156e-22,2.2734338780756312e-23,4.7910069620219386e-24,1.0092834616530909e-24,2.1280482834321144e-25,4.584324010119642e-26,1.4498563723539277e-26,2.604489554371517e-26,1.1463961954699693e-25,5.423691021962608e-25,2.574513134676511e-24,1.2221154753761729e-23,5.798382268744767e-23,2.7443103847201377e-22,1.2838856146096034e-21,5.695845723029588e-21,2.034645481118827e-20,3.89864701437689e-20,2.8125920851412864e-20,9.245359525592356e-21,2.182120844317454e-21,4.7134449970299525e-22,9.982137733331814e-23,2.1088768901871e-23,4.630988825932944e-24,1.8680645670024398e-24,4.630988825932941e-24,2.108876890187099e-23,9.982137733331815e-23,4.713444997029952e-22,2.1821208443174914e-21,9.24535952559254e-21,2.812592085141358e-20,3.898647014376835e-20,2.0346454811188042e-20,5.695845723029443e-21,1.2838856146095552e-21,2.7443103847207395e-22,5.79838226874236e-23,1.2221154753737655e-23,2.5745131347005852e-24,5.423691021962608e-25,1.146396195229228e-25,2.604489556778929e-26,1.4498563711502215e-26,4.584324011323348e-26,2.128048283913597e-25,1.0092834616410538e-24,4.7910069619858274e-24,2.2734338780756312e-23,1.0767148530447174e-22,5.053178458894014e-22,2.273913525339894e-21,8.575868102422571e-21,1.871110605261363e-20,1.5764902876578098e-20,5.6780487767452486e-21,1.379588752764843e-21,3.00032768940401e-22,6.362924206795118e-23,1.3421576505097e-23,2.827843725313941e-24,5.956662017823753e-25,1.254667173794509e-25,2.6427098519887065e-26,5.566336471592967e-27,1.1724362629600922e-27,2.4694993563249853e-28,5.201496223315145e-29,1.0955965452262754e-29,2.307625185240481e-30,4.860324955904238e-31,1.0238725066848643e-31,2.1570415377137042e-32,4.525935369310004e-33,9.62964972193618e-34,2.407412430484045e-34,2.407412430484045e-35,2.407412430484045e-35,0.0,0.0,0.0,0.0,0.0,0.0,0.0,0.0,0.0,0.0,0.0,0.0,0.0,0.0,0.0,0.0,0.0,0.0,0.0,0.0,0.0
0.0,0.0,0.0,0.0,0.0,0.0,0.0,0.0,0.0,0.0,0.0,0.0,0.0,0.0,0.0,0.0,0.0,0.0,0.0,0.0,7.222237291452134e-35,2.407412430484045e-35,7.222237291452134e-35,4.092601131822876e-34,1.9018558200823954e-33,9.196315484449051e-33,4.342972024593217e-32,2.063393194167875e-31,9.797446368340917e-31,4.6514578534354424e-30,2.2083290521327362e-29,1.0484427986916275e-28,4.977658385906142e-28,2.363226421623076e-27,1.1219810367591147e-26,5.32678635121503e-26,2.528966495273803e-25,1.200636502490757e-24,5.699486310375507e-24,2.7042675393226107e-23,1.2801680974825209e-22,5.994965156442087e-22,2.671361848092528e-21,9.701849653142089e-21,1.9315304985846957e-20,1.4561126111100822e-20,4.9070181600924494e-21,1.1671059481006492e-21,2.5254912162640254e-22,5.350103674046542e-23,1.1282601093498717e-23,2.377078650202664e-24,5.0080167516101165e-25,1.0591797528072925e-25,2.4365490470184643e-26,1.4893115991218765e-26,4.947896673900791e-26,2.3043770851299726e-25,1.0930862533737256e-24,5.1891063923905605e-24,2.4629231836577535e-23,1.1677658000335767e-22,5.509494547823024e-22,2.539926960452574e-21,1.0569019755203637e-20,3.0352739500935814e-20,3.8076758360817055e-20,1.8249650413192755e-20,4.9272483023750306e-21,1.1000751619949938e-21,2.3464323733779193e-22,4.9558851899868073e-23,1.0464081455397493e-23,2.2975817427944444e-24,9.267843434126299e-25,2.2975817427944455e-24,1.0464081455397497e-23,4.955885189986808e-23,2.346432373378273e-22,1.100075161994994e-21,4.927248302375117e-21,1.824965041319313e-20,3.807675836081855e-20,3.035273950093408e-20,1.0569019755203432e-20,2.5399269604525377e-21,5.509494547822543e-22,1.1677658000338174e-22,2.4629231836589572e-23,5.189106392342412e-24,1.0930862534218738e-24,2.3043770854910845e-25,4.947896666678554e-26,1.4893116039367014e-26,2.4365490470184643e-26,1.0591797526869219e-25,5.008016751489746e-25,2.377078650226738e-24,1.128260109348668e-23,5.350103674047746e-23,2.5254912162641458e-22,1.1671059481006733e-21,4.907018160092522e-21,1.4561126111100967e-20,1.9315304985846837e-20,9.701849653141896e-21,2.6713618480926244e-21,5.994965156441606e-22,1.2801680974830023e-22,2.7042675393105736e-23,5.699486310447729e-24,1.2006365024185346e-24,2.528966496477509e-25,5.32678635121503e-26,1.121981027129465e-26,2.3632264697713247e-27,4.977658145164899e-28,1.0484425579503844e-28,2.2083386817824582e-29,4.651385631062528e-30,9.79696488585482e-31,2.0638746766539716e-31,4.347786849454185e-32,9.14816723583937e-33,1.9500040686920763e-33,3.851859888774472e-34,7.222237291452134e-35,2.407412430484045e-35,2.407412430484045e-35,0.0,0.0,0.0,0.0,0.0,0.0,0.0,0.0,0.0,0.0,0.0,0.0,0.0,0.0,0.0,0.0,0.0,0.0,0.0,0.0
0.0,0.0,0.0,0.0,0.0,0.0,0.0,0.0,0.0,0.0,0.0,0.0,0.0,0.0,0.0,0.0,0.0,0.0,0.0,0.0,4.81482486096809e-35,2.407412430484045e-35,2.407412430484045e-34,7.462978534500539e-34,3.9481563859938335e-33,1.8368556844593262e-32,8.770203484253375e-32,4.159286456147284e-31,1.974776342601757e-30,9.375667710520113e-30,4.451230954179654e-29,2.113299335334295e-28,1.003323989736219e-27,4.763448055622011e-27,2.261525565164532e-26,1.0736945109535104e-25,5.097485530222302e-25,2.419983828899508e-24,1.1486286643302477e-23,5.446572088749981e-23,2.5707626653930108e-22,1.1874572163317294e-21,4.982351110368669e-21,1.4688023732567625e-20,1.926343928169999e-20,9.582434356854221e-21,2.627634919702003e-21,5.890428043506524e-22,1.257541231035881e-22,2.656333184757369e-23,5.598407630616989e-24,1.1793795960686836e-24,2.486029234833168e-25,5.32363384824843e-26,1.5357276446728637e-26,2.2909535243438762e-26,9.823489719902707e-26,4.641658581044773e-25,2.2031828551960996e-24,1.0458641067919162e-23,4.9626195937379133e-23,2.3498079602870826e-22,1.1016418986233523e-21,4.9338635816570055e-21,1.826841500475632e-20,3.808684157597342e-20,3.0332659980948106e-20,1.0556179270492317e-20,2.536391189577844e-21,5.501595717629219e-22,1.1660853854574605e-22,2.4595794335224547e-23,5.191797384364067e-24,1.1398861433426176e-24,4.597947574239072e-25,1.1398861433426172e-24,5.191797384364067e-24,2.4595794335224565e-23,1.16608538545746e-22,5.501595717629575e-22,2.536391189577863e-21,1.0556179270492538e-20,3.033265998094884e-20,3.8086841575972773e-20,1.826841500475608e-20,4.933863581656945e-21,1.10164189862328e-21,2.349807960287203e-22,4.962619593739117e-23,1.0458641067919162e-23,2.2031828551720255e-24,4.641658581044773e-25,9.823489715087882e-26,2.2909535327698197e-26,1.535727641061745e-26,5.323633849452137e-26,2.486029234592427e-25,1.1793795960807207e-24,5.598407630641063e-24,2.656333184748943e-23,1.2575412310362422e-22,5.890428043507005e-22,2.6276349197020272e-21,9.582434356854294e-21,1.9263439281700134e-20,1.468802373256748e-20,4.982351110368573e-21,1.1874572163316572e-21,2.5707626653934922e-22,5.446572088752388e-23,1.148628664320618e-23,2.4199838289235823e-24,5.097485530703785e-25,1.0736945099905454e-25,2.2615255723867693e-26,4.763448127844384e-27,1.0033239656620948e-27,2.113298372369323e-28,4.4512381764169453e-29,9.375595488147198e-30,1.9748485649746716e-30,4.159286456147284e-31,8.760573834531439e-32,1.8464853341812624e-32,3.924082261688993e-33,8.425943506694157e-34,9.62964972193618e-35,2.407412430484045e-35,2.407412430484045e-35,0.0,0.0,0.0,0.0,0.0,0.0,0.0,0.0,0.0,0.0,0.0,0.0,0.0,0.0,0.0,0.0,0.0,0.0,0.0,0.0
0.0,0.0,0.0,0.0,0.0,0.0,0.0,0.0,0.0,0.0,0.0,0.0,0.0,0.0,0.0,0.0,0.0,0.0,0.0,0.0,9.62964972193618e-35,4.81482486096809e-35,3.851859888774472e-34,1.61296632842431e-33,7.824090399073146e-33,3.7242670299588173e-32,1.7658370177600469e-31,8.384295271646783e-31,3.980391638438015e-30,1.8898139431051142e-29,8.972146868572099e-29,4.259681091547059e-28,2.022354636318521e-27,9.60146501312866e-27,4.5584515740070604e-26,2.1641905776302074e-25,1.027461775992409e-24,4.877507429611101e-24,2.3144632367169946e-23,1.096098418294158e-22,5.143082281068383e-22,2.3121970266849096e-21,8.688381170028475e-21,1.8783442918247982e-20,1.564417292542532e-20,5.5944103889297174e-21,1.3560803927788287e-21,2.947556352896958e-22,6.25025475468268e-23,1.3183584265827922e-23,2.7777016709941757e-24,5.85181506717124e-25,1.236288529891832e-25,2.779939581559882e-26,1.4208470453443576e-26,4.2650388228185815e-26,1.9726439185413338e-25,9.35435260941643e-25,4.440680173982071e-24,2.1077786744387452e-23,9.995690936708434e-23,4.72020242399544e-22,2.185178804099878e-21,9.256883831202015e-21,2.814672667850104e-20,3.897986643137917e-20,2.0326674511467784e-20,5.688303154101334e-21,1.2820643779003468e-21,2.740360149995126e-22,5.790031248190221e-23,1.2204556612849895e-23,2.5758339080966323e-24,5.655208681050822e-25,2.281122499175304e-25,5.655208681050821e-25,2.5758339080966312e-24,1.2204556612849887e-23,5.790031248190225e-23,2.7403601499951267e-22,1.2820643779003818e-21,5.688303154101455e-21,2.032667451146817e-20,3.897986643138101e-20,2.8146726678498874e-20,9.25688383120187e-21,2.1851788040998057e-21,4.720202423994958e-22,9.995690936710841e-23,2.1077786744411526e-23,4.44068017394596e-24,9.354352610138654e-25,1.9726439184209632e-25,4.265038825225994e-26,1.4208470393258266e-26,2.779939581559882e-26,1.2362885306140558e-25,5.85181506717124e-25,2.7777016709339904e-24,1.318358426579181e-23,6.250254754687495e-23,2.947556352896838e-22,1.3560803927788528e-21,5.594410388929814e-21,1.5644172925425418e-20,1.878344291824791e-20,8.688381170028427e-21,2.3121970266848133e-21,5.143082281068624e-22,1.0960984182934358e-22,2.314463236719402e-23,4.877507429659249e-24,1.0274617759442607e-24,2.1641905776302074e-25,4.558451571599648e-26,9.601465085351033e-27,2.0223546122443966e-27,4.25968036932333e-28,8.972161313046682e-29,1.8897994986305313e-29,3.980536083183844e-30,8.383813789160686e-31,1.7658370177600469e-31,3.714637380236881e-32,7.896312771987667e-33,1.6370404527291505e-33,3.3703774026776627e-34,4.81482486096809e-35,2.407412430484045e-35,0.0,0.0,0.0,0.0,0.0,0.0,0.0,0.0,0.0,0.0,0.0,0.0,0.0,0.0,0.0,0.0,0.0,0.0,0.0,0.0
0.0,0.0,0.0,0.0,0.0,0.0,0.0,0.0,0.0,0.0,0.0,0.0,0.0,0.0,0.0,0.0,0.0,0.0,0.0,7.222237291452134e-35,0.0,1.6851887013388314e-34,6.98149604840373e-34,3.322229154067982e-33,1.5816699668280174e-32,7.4990897209578e-32,3.5596000197137087e-31,1.6899553779511898e-30,8.02325562944709e-30,3.8091860960317115e-29,1.8084771067287803e-28,8.586044859264853e-28,4.076368310915987e-27,1.935323251208634e-26,9.188251981698591e-26,4.362233312319016e-25,2.070946065939938e-24,9.829972129044949e-24,4.6620106234556953e-23,2.202305581104719e-22,1.0212488220293236e-21,4.357649443787115e-21,1.357029487596804e-20,1.9629654376452693e-20,1.0644194513217885e-20,3.0309963260189166e-21,6.863597063007098e-22,1.468607331941656e-22,3.103664147505022e-23,6.541850267751243e-24,1.3781457983017214e-24,2.904449073840227e-25,6.192370969390778e-26,1.658935399338979e-26,2.033114971825564e-26,8.421844554808342e-26,3.9724715856905677e-25,1.88541109797504e-24,8.950281748538393e-24,4.2472478755488954e-23,2.0118515879249938e-22,9.449061764084378e-22,4.266689164421097e-21,1.6310102113854313e-20,3.683119960108419e-20,3.2432190316209886e-20,1.201141565261514e-20,2.9456102545442498e-21,6.420329664556166e-22,1.3622416709322663e-22,2.873735404056614e-23,6.0554193155761425e-24,1.2779380128345061e-24,2.8056541716945556e-25,1.131703964661758e-25,2.8056541716945537e-25,1.2779380128345063e-24,6.055419315576141e-24,2.873735404056612e-23,1.362241670932267e-22,6.4203296645565205e-22,2.9456102545442874e-21,1.2011415652615364e-20,3.243219031621085e-20,3.683119960108329e-20,1.631010211385406e-20,4.2666891644210006e-21,9.449061764084378e-22,2.0118515879252346e-22,4.247247875541673e-23,8.95028174855043e-24,1.88541109797504e-24,3.9724715860516796e-25,8.421844553604636e-26,2.033114971825564e-26,1.658935399338979e-26,6.192370970594484e-26,2.9044490737198563e-25,1.3781457983017214e-24,6.541850267739206e-24,3.103664147508633e-23,1.468607331941656e-22,6.8635970630072185e-22,3.0309963260189527e-21,1.0644194513218078e-20,1.9629654376452717e-20,1.35702948759678e-20,4.357649443787139e-21,1.0212488220292513e-21,2.202305581104719e-22,4.6620106234629176e-23,9.829972128996801e-24,2.0709460658677156e-24,4.362233312319016e-25,9.188251986513416e-26,1.9353232488012217e-26,4.076368334990111e-27,8.586045340747339e-28,1.8084766252462942e-28,3.809183688619281e-29,8.0233037776957e-30,1.6900035261997995e-30,3.5593592784706603e-31,7.496682308527316e-32,1.5744477295365653e-32,3.394451526982503e-33,6.500013562306921e-34,9.62964972193618e-35,9.62964972193618e-35,2.407412430484045e-35,0.0,0.0,0.0,0.0,0.0,0.0,0.0,0.0,0.0,0.0,0.0,0.0,0.0,0.0,0.0,0.0,0.0,0.0,0.0
0.0,0.0,0.0,0.0,0.0,0.0,0.0,0.0,0.0,0.0,0.0,0.0,0.0,0.0,0.0,0.0,0.0,0.0,0.0,9.62964972193618e-35,7.222237291452134e-35,2.1666711874356403e-34,1.4685215825952673e-33,6.692606556745645e-33,3.1874140579608753e-32,1.5113735238578833e-31,7.174329784085502e-31,3.4063441443890944e-30,1.6172178187765449e-29,7.678011020203804e-29,3.6452639391925946e-28,1.730650181379595e-27,8.216549927200939e-27,3.9009411397012364e-26,1.852029340434041e-25,8.792644080760964e-25,4.174059980627864e-24,1.9808149389670558e-23,9.384235811624901e-23,4.410677825751502e-22,1.9981865719990464e-21,7.738776483491068e-21,1.808302078485948e-20,1.6660277958115328e-20,6.354954859833935e-21,1.5741871099337082e-21,3.4394525814780775e-22,7.301537234599778e-23,1.5404718983882514e-23,3.2458397138079302e-24,6.837875123923224e-25,1.443453557948131e-25,3.1909156971189127e-26,1.3869260155864982e-26,3.6858721564218187e-26,1.6888691401014164e-25,8.005255896612791e-25,3.800194681642382e-24,1.803831451887638e-23,8.555684131156226e-23,4.043320232449072e-22,1.8785638074921808e-21,8.082992771043257e-21,2.5890009937390673e-20,3.949381668599222e-20,2.250008150287835e-20,6.554342622240708e-21,1.4934977080813604e-21,3.2001277222274e-22,6.764979095412828e-23,1.4260047188400962e-23,3.004326419540201e-24,6.340122643954393e-25,1.3919345630969357e-25,5.614574975315701e-26,1.3919345630969364e-25,6.340122643954395e-25,3.0043264195402003e-24,1.4260047188400968e-23,6.764979095412827e-23,3.2001277222274024e-22,1.493497708081396e-21,6.55434262224084e-21,2.2500081502878832e-20,3.949381668599436e-20,2.589000993738806e-20,8.082992771043137e-21,1.8785638074921447e-21,4.043320232449072e-22,8.55568413115743e-23,1.803831451884027e-23,3.800194681654419e-24,8.005255896853532e-25,1.6888691397403045e-25,3.685872158829231e-26,1.386926014382792e-26,3.1909156959152065e-26,1.4434535580685016e-25,6.8378751236824825e-25,3.245839713795893e-24,1.5404718983918625e-23,7.301537234602185e-23,3.4394525814780775e-22,1.5741871099337202e-21,6.354954859833959e-21,1.6660277958115545e-20,1.8083020784859384e-20,7.738776483490876e-21,1.9981865719989742e-21,4.410677825752706e-22,9.384235811617678e-23,1.9808149389718706e-23,4.174059980531567e-24,8.79264408196467e-25,1.8520293397118173e-25,3.900941149330886e-26,8.21654987905269e-27,1.7306501573054705e-27,3.6452641799338377e-28,7.678003797966513e-29,1.6172226336014058e-29,3.406368218513399e-30,7.17457052532855e-31,1.5108920413717865e-31,3.1850066455303913e-32,6.716680681050485e-33,1.396299209680746e-33,2.8888949165808538e-34,4.81482486096809e-35,2.407412430484045e-35,0.0,0.0,0.0,0.0,0.0,0.0,0.0,0.0,0.0,0.0,0.0,0.0,0.0,0.0,0.0,0.0,0.0,0.0,0.0
0.0,0.0,0.0,0.0,0.0,0.0,0.0,0.0,0.0,0.0,0.0,0.0,0.0,0.0,0.0,0.0,0.0,0.0,7.222237291452134e-35,0.0,1.6851887013388314e-34,5.7777898331617076e-34,2.840746667971173e-33,1.3553731983625172e-32,6.415754127239979e-32,3.045617465805365e-31,1.4461807952403754e-30,6.86601247411341e-30,3.259756801496921e-29,1.5476219328236816e-28,7.347594145602355e-28,3.488392876695247e-27,1.6561723157960152e-26,7.86294130272832e-26,3.733031425319841e-25,1.772247961155027e-24,8.412439283724944e-24,3.990332946253005e-23,1.8863686989398378e-22,8.776865613551104e-22,3.8003227395922385e-21,1.2439135342064586e-20,1.9796015759602187e-20,1.1747551243416278e-20,3.489164086390236e-21,7.993746487416691e-22,1.7149233067027071e-22,3.6262478650213055e-23,7.644247610731302e-24,1.6104133866846229e-24,3.3934799215663553e-25,7.211655842336857e-26,1.8224750604726094e-26,1.8247053511446393e-26,7.22495001914929e-26,3.3998614114739547e-25,1.6134735870993742e-24,7.65943656147867e-24,3.634944576776292e-23,1.722380290144699e-22,8.102042561597492e-22,3.68438651907394e-21,1.448737352325023e-20,3.526465234601771e-20,3.43643780245094e-20,1.3614331958201544e-20,3.417401042267356e-21,7.490815586529762e-22,1.5913249580312436e-22,3.357863140296539e-23,7.075377958682753e-24,1.4905289861505556e-24,3.1454552730551005e-25,6.905626593435952e-26,2.78548513298266e-26,6.905626593435953e-26,3.1454552730551005e-25,1.4905289861505556e-24,7.075377958682758e-24,3.357863140296541e-23,1.5913249580312427e-22,7.490815586530116e-22,3.417401042267377e-21,1.361433195820185e-20,3.4364378024510444e-20,3.526465234601663e-20,1.4487373523250002e-20,3.684386519073844e-21,8.102042561597492e-22,1.7223802901443378e-22,3.6349445767835143e-23,7.659436561442559e-24,1.6134735870753e-24,3.3998614115943253e-25,7.224950025167821e-26,1.8247053451261082e-26,1.8224750616763157e-26,7.211655842336857e-26,3.3934799218070966e-25,1.6104133866605488e-24,7.644247610719265e-24,3.626247865022509e-23,1.7149233067030683e-22,7.993746487416451e-22,3.489164086390296e-21,1.174755124341635e-20,1.9796015759602307e-20,1.2439135342064321e-20,3.8003227395922145e-21,8.776865613551345e-22,1.8863686989398378e-22,3.990332946253005e-23,8.41243928370087e-24,1.7722479612753976e-24,3.7330314248383584e-25,7.86294130272832e-26,1.6561723133886027e-26,3.488392924843495e-27,7.347593664119869e-28,1.5476221735649246e-28,3.259747171847199e-29,6.866036548237715e-30,1.4461567211160706e-30,3.046098948291462e-31,6.420568952100948e-32,1.345743548640581e-32,2.8648207922760133e-33,6.018531076210112e-34,7.222237291452134e-35,9.62964972193618e-35,2.407412430484045e-35,0.0,0.0,0.0,0.0,0.0,0.0,0.0,0.0,0.0,0.0,0.0,0.0,0.0,0.0,0.0,0.0,0.0,0.0
0.0,0.0,0.0,0.0,0.0,0.0,0.0,0.0,0.0,0.0,0.0,0.0,0.0,0.0,0.0,0.0,0.0,0.0,9.62964972193618e-35,4.81482486096809e-35,2.407412430484045e-34,1.2277803395468629e-33,5.705567460247186e-33,2.725190871307939e-32,1.293984181385174e-31,6.139142438977363e-31,2.9150153414516057e-30,1.3839491839123628e-29,6.570536302045521e-29,3.1194711013827824e-28,1.4810211808979565e-27,7.03139475066574e-27,3.3382698466110315e-26,1.5848938019064154e-25,7.524420303180541e-25,3.572055235610831e-24,1.6952412604127994e-23,8.033778488436786e-23,3.7814137410612e-22,1.7244730934819663e-21,6.85937152942167e-21,1.7238732203212513e-20,1.7579154175121064e-20,7.189449394405226e-21,1.8254052961457183e-21,4.012478279612748e-22,8.52920928074652e-23,1.7999871288319966e-23,3.792868168292617e-24,7.990167311852615e-25,1.6857113021884996e-25,3.679468962968935e-26,1.38672383988688e-26,3.196316048016398e-26,1.4461537449524534e-25,6.850775709507019e-25,3.2520840436071222e-24,1.5437045200561863e-23,7.32291008524127e-23,3.4630160927679105e-22,1.6139253834894354e-21,7.039076251786615e-21,2.3634110287266392e-20,3.9599141461696137e-20,2.4738042777984908e-20,7.535678283039498e-21,1.7389014640663136e-21,3.736617384940234e-22,7.903933838058074e-23,1.6662969308423968e-23,3.510393063314716e-24,7.394843367342048e-25,1.5605165149942014e-25,3.4259984433164444e-26,1.381925906977954e-26,3.4259984433164444e-26,1.5605165149942016e-25,7.394843367342054e-25,3.510393063314715e-24,1.6662969308423977e-23,7.90393383805807e-23,3.736617384940235e-22,1.738901464066348e-21,7.535678283039649e-21,2.4738042777985474e-20,3.959914146169759e-20,2.3634110287264357e-20,7.03907625178647e-21,1.6139253834893993e-21,3.46301609276779e-22,7.322910085246084e-23,1.5437045200513715e-23,3.2520840436311963e-24,6.85077570974776e-25,1.4461537449524534e-25,3.1963160492201045e-26,1.3867238386831737e-26,3.6794689617652286e-26,1.6857113019477584e-25,7.990167311972985e-25,3.7928681682565056e-24,1.7999871288356077e-23,8.52920928074652e-23,4.012478279612748e-22,1.8254052961457183e-21,7.189449394405395e-21,1.7579154175121136e-20,1.723873220321244e-20,6.859371529421478e-21,1.7244730934819182e-21,3.7814137410616817e-22,8.033778488436786e-23,1.6952412604055772e-23,3.5720552355626825e-24,7.52442030486573e-25,1.5848938021471566e-25,3.338269844203619e-26,7.03139475066574e-27,1.4810211568238322e-27,3.1194711013827824e-28,6.57053148722066e-29,1.3839515913247933e-29,2.9150394155759105e-30,6.140105403949556e-31,1.2930212164129805e-31,2.7227834588774547e-32,5.753715708856867e-33,1.2037062152420224e-33,2.407412430484045e-34,2.407412430484045e-35,2.407412430484045e-35,0.0,0.0,0.0,0.0,0.0,0.0,0.0,0.0,0.0,0.0,0.0,0.0,0.0,0.0,0.0,0.0,0.0,0.0
0.0,0.0,0.0,0.0,0.0,0.0,0.0,0.0,0.0,0.0,0.0,0.0,0.0,0.0,0.0,0.0,0.0,7.222237291452134e-35,0.0,9.62964972193618e-35,5.055566104016494e-34,2.4555606790937257e-33,1.1627802039237936e-32,5.486492929073138e-32,2.606986920971172e-31,1.2376025822632378e-30,5.875627074336579e-30,2.789565079699082e-29,1.3243926892771042e-28,6.28777704540042e-28,2.985227139800684e-27,1.417286075506971e-26,6.728792657062917e-26,3.194583827383594e-25,1.5166300086551916e-24,7.199279730184415e-24,3.415331911021368e-23,1.6155429969350402e-22,7.538485649817301e-22,3.3059081569686773e-21,1.1318770904308705e-20,1.9756188160414372e-20,1.2874704919486472e-20,4.007239515705889e-21,9.304841832666218e-22,2.0023123498991558e-22,4.236715134060154e-23,8.932368058453992e-24,1.881827770991931e-24,3.965010415965397e-25,8.406268975550568e-26,2.0303225708140217e-26,1.6606578258957925e-26,6.203707490174108e-26,2.909907239950937e-25,1.3807599989979293e-24,6.554745192039893e-24,3.110874357017304e-23,1.474470438245942e-22,6.945094204770586e-22,3.177558782046648e-21,1.2809244696056306e-20,3.3440958371458047e-20,3.6069013252260895e-20,1.5364156106030212e-20,3.960130799588673e-21,8.73751331179527e-22,1.8588294908464245e-22,3.923518018215677e-23,8.267774602129031e-24,1.741608953472257e-24,3.668725119072016e-25,7.741992178335389e-26,1.6996955277378825e-26,6.855965908170831e-27,1.699695527737883e-26,7.741992178335394e-26,3.6687251190720154e-25,1.741608953472257e-24,8.267774602129025e-24,3.9235180182156796e-23,1.8588294908464252e-22,8.73751331179562e-22,3.9601307995887466e-21,1.536415610603054e-20,3.606901325226205e-20,3.3440958371456747e-20,1.2809244696056114e-20,3.1775587820466237e-21,6.945094204769623e-22,1.4744704382464234e-22,3.1108743570161004e-23,6.5547451919917444e-24,1.3807599989979293e-24,2.9099072403120487e-25,6.203707490174108e-26,1.6606578222846738e-26,2.030322573221434e-26,8.4062689815691e-26,3.965010415604285e-25,1.881827770979894e-24,8.932368058453992e-24,4.236715134060154e-23,2.0023123498992761e-22,9.304841832666458e-22,4.007239515705949e-21,1.2874704919486617e-20,1.9756188160414324e-20,1.1318770904308537e-20,3.305908156968605e-21,7.53848564981706e-22,1.6155429969345587e-22,3.415331911026183e-23,7.199279730280712e-24,1.5166300086551916e-24,3.194583827383594e-25,6.72879265947033e-26,1.4172860827292083e-26,2.9852270194300624e-27,6.287776563917934e-28,1.3243936522420763e-28,2.7895626722866516e-29,5.875675222585189e-30,1.2376025822632378e-30,2.6065054384850753e-31,5.484085516642654e-32,1.1579653790628256e-32,2.4555606790937257e-33,5.055566104016494e-34,7.222237291452134e-35,7.222237291452134e-35,2.407412430484045e-35,0.0,0.0,0.0,0.0,0.0,0.0,0.0,0.0,0.0,0.0,0.0,0.0,0.0,0.0,0.0,0.0,0.0
0.0,0.0,0.0,0.0,0.0,0.0,0.0,0.0,0.0,0.0,0.0,0.0,0.0,0.0,0.0,0.0,0.0,4.81482486096809e-35,9.62964972193618e-35,1.6851887013388314e-34,1.0833355937178202e-33,4.83889898527293e-33,2.3375974700000075e-32,1.1062060118074186e-31,5.254659112017525e-31,2.494584834591872e-30,1.1843217303517649e-29,5.622800620887145e-29,2.669519218111752e-28,1.2673986203587284e-27,6.017186415997065e-27,2.8567581224902544e-26,1.3562895741263912e-25,6.439117817155088e-25,3.0568671379574852e-24,1.4508215118984363e-23,6.877276074549962e-23,3.2410739709882424e-22,1.4865008062927097e-21,6.053317213373592e-21,1.62788351675694e-20,1.8371229939392616e-20,8.096422972276214e-21,2.114079660295341e-21,4.679667619538253e-22,9.962708044390317e-23,2.1031951359010978e-23,4.432078227164627e-24,9.33670247981158e-25,1.9689513584571613e-25,4.257476987503742e-26,1.420235586661139e-26,2.784468490083544e-26,1.2385969305046164e-25,5.8628462085303575e-25,2.783026708365075e-24,1.3210828811229341e-23,6.267604221771494e-23,2.965640421508021e-22,1.3857941751166534e-21,6.1155942636571486e-21,2.1423317933205824e-20,3.9291816223963665e-20,2.700035746162725e-20,8.642245434456134e-21,2.023413356360835e-21,4.362479847205306e-22,9.234390265689452e-23,1.9470757011993143e-23,4.1020266625948694e-24,8.640522227943076e-25,1.8201207323418617e-25,3.840933967714305e-26,8.432474778592287e-27,3.401359458996997e-27,8.432474778592281e-27,3.840933967714302e-26,1.8201207323418622e-25,8.640522227943073e-25,4.10202666259487e-24,1.9470757011993137e-23,9.234390265689454e-23,4.362479847205309e-22,2.0234133563608704e-21,8.642245434456346e-21,2.7000357461627864e-20,3.9291816223963226e-20,2.142331793320556e-20,6.115594263657052e-21,1.3857941751165812e-21,2.965640421508382e-22,6.267604221766679e-23,1.3210828811229341e-23,2.783026708413223e-24,5.862846207928504e-25,1.2385969314675814e-25,2.7844684864724253e-26,1.420235586661139e-26,4.2574769863000356e-26,1.9689513586979026e-25,9.336702479089356e-25,4.432078227200738e-24,2.1031951359010978e-23,9.962708044391521e-23,4.679667619537892e-22,2.1140796602954374e-21,8.096422972276287e-21,1.8371229939392736e-20,1.627883516756928e-20,6.053317213373496e-21,1.4865008062926856e-21,3.2410739709872794e-22,6.877276074559592e-23,1.450821511896029e-23,3.0568671379815593e-24,6.439117816914347e-25,1.3562895741263912e-25,2.856758124897667e-26,6.017186391922941e-27,1.2673986925811013e-27,2.669518014405537e-28,5.622798213474714e-29,1.1843337674139173e-29,2.4945607604675672e-30,5.253214664559234e-31,1.1078912005087574e-31,2.3255604078475873e-32,4.983343731101973e-33,9.870390964984584e-34,2.407412430484045e-34,2.407412430484045e-35,2.407412430484045e-35,0.0,0.0,0.0,0.0,0.0,0.0,0.0,0.0,0.0,0.0,0.0,0.0,0.0,0.0,0.0,0.0,0.0
0.0,0.0,0.0,0.0,0.0,0.0,0.0,0.0,0.0,0.0,0.0,0.0,0.0,0.0,0.0,0.0,7.222237291452134e-35,2.407412430484045e-35,7.222237291452134e-35,4.574083617919685e-34,2.0703746902162785e-33,9.894465089289424e-33,4.7064913015963076e-32,2.230226875600419e-31,1.0590448022942362e-30,5.028169750557586e-30,2.3871997957177008e-29,1.1333625869882508e-28,5.380827504898062e-28,2.5546378821150424e-27,1.2128567730384052e-26,5.758233061800862e-26,2.7338006010129184e-25,1.2978794151903744e-24,6.161039194300224e-24,2.9231179962946825e-23,1.3834439681559316e-22,6.471461119440031e-22,2.869458112176559e-21,1.0229556150044802e-20,1.9511693663456435e-20,1.4003754238000327e-20,4.590020881853897e-21,1.0824024197783023e-21,2.337536432590551e-22,4.9498062972731916e-23,1.0437483235486214e-23,2.1989855598384244e-24,4.632934683055284e-25,9.805253333611666e-26,2.287531096277039e-26,1.5369840912759265e-26,5.333288716819282e-26,2.490697662296085e-25,1.1816133507784968e-24,5.609367028064376e-24,2.662333368304278e-23,1.2621784454030974e-22,5.951917811413538e-22,2.7374726620894937e-21,1.1278977194399466e-20,3.141905695310104e-20,3.748925332004435e-20,1.725494525472588e-20,4.582869862188827e-21,1.0188607934556278e-21,2.171161296925866e-22,4.5843992515284574e-23,9.661129321080808e-24,2.0351444459957806e-24,4.286734412615237e-25,9.029935310798899e-26,1.9055521218844878e-26,4.1834920207482784e-27,1.6874713481192643e-27,4.183492020748277e-27,1.9055521218844863e-26,9.0299353107989e-26,4.286734412615238e-25,2.03514444599578e-24,9.661129321080809e-24,4.584399251528456e-23,2.1711612969262215e-22,1.0188607934556272e-21,4.58286986218892e-21,1.7254945254726218e-20,3.7489253320045744e-20,3.1419056953099465e-20,1.1278977194399226e-20,2.7374726620895058e-21,5.951917811412695e-22,1.2621784454030974e-22,2.662333368304278e-23,5.609367028076413e-24,1.1816133507544226e-24,2.4906976626571966e-25,5.333288719226694e-26,1.5369840912759265e-26,2.2875310926659204e-26,9.805253334815372e-26,4.632934683175655e-25,2.1989855598263873e-24,1.0437483235510289e-23,4.949806297271988e-23,2.33753643259031e-22,1.0824024197783505e-21,4.5900208818539334e-21,1.400375423800052e-20,1.951169366345634e-20,1.0229556150044657e-20,2.8694581121765832e-21,6.47146111943979e-22,1.3834439681549687e-22,2.923117996304312e-23,6.1610391941317054e-24,1.2978794153588932e-24,2.733800600772177e-25,5.75823305939345e-26,1.2128567754458177e-26,2.5546378821150424e-27,5.380828227121791e-28,1.1333623462470078e-28,2.3871949808928398e-29,5.028121602308976e-30,1.0591651729157604e-30,2.2304676168434675e-31,4.6944542394438874e-32,9.894465089289424e-33,2.1185229388259594e-33,4.333342374871281e-34,7.222237291452134e-35,2.407412430484045e-35,2.407412430484045e-35,0.0,0.0,0.0,0.0,0.0,0.0,0.0,0.0,0.0,0.0,0.0,0.0,0.0,0.0,0.0,0.0
0.0,0.0,0.0,0.0,0.0,0.0,0.0,0.0,0.0,0.0,0.0,0.0,0.0,0.0,0.0,0.0,4.81482486096809e-35,4.81482486096809e-35,2.1666711874356403e-34,8.907425992790966e-34,4.2129717533470784e-33,1.9957449048712732e-32,9.468353089093748e-32,4.496564937658099e-31,2.1347729727317267e-30,1.013491744284617e-29,4.8117698545938054e-29,2.284467562847926e-28,1.0845889889256274e-27,5.149267410635794e-27,2.4446995608763992e-26,1.160658987090458e-25,5.5103540139890265e-25,2.6159776768970906e-24,1.2416296085595347e-23,5.886975513296814e-23,2.7773192974357405e-22,1.280063428824231e-21,5.3211433680731936e-21,1.5233381520628865e-20,1.9009413412423022e-20,9.071562937136943e-21,2.4448894949241446e-21,5.456023787964743e-22,1.1636325629336797e-22,2.4574425116448998e-23,5.1789992257685795e-24,1.09102125819103e-24,2.300059623251199e-25,4.938992165691866e-26,1.4882760025166552e-26,2.4403166775648272e-26,1.0611526485996742e-25,5.017450237543126e-25,2.3816219712425084e-24,1.1305609039368786e-23,5.364261357190499e-23,2.539437903122312e-22,1.189339189432444e-21,5.302366540289516e-21,1.9293753967251196e-20,3.858355086628556e-20,2.9239023205171115e-20,9.883049154931712e-21,2.352834363084442e-21,5.092397303930114e-22,1.0788452771280551e-22,2.2751518930952073e-23,4.793382927778562e-24,1.0096840703454256e-24,2.126727245914587e-25,4.479904882707064e-26,9.453764174411232e-27,2.0755003948611854e-27,8.371828169852029e-28,2.075500394861185e-27,9.453764174411231e-27,4.479904882707063e-26,2.126727245914588e-25,1.009684070345425e-24,4.79338292777856e-24,2.2751518930952082e-23,1.0788452771280544e-22,5.092397303930473e-22,2.3528343630844774e-21,9.883049154931894e-21,2.9239023205171825e-20,3.858355086628503e-20,1.9293753967250907e-20,5.302366540289408e-21,1.189339189432408e-21,2.539437903122312e-22,5.364261357189296e-23,1.1305609039368786e-23,2.3816219712545455e-24,5.017450237182015e-25,1.0611526487200448e-25,2.4403166775648272e-26,1.4882760061277738e-26,4.938992171710397e-26,2.300059622649346e-25,1.091021258178993e-24,5.1789992257806166e-24,2.457442511643696e-23,1.1636325629336797e-22,5.456023787964984e-22,2.4448894949241687e-21,9.071562937137136e-21,1.9009413412423094e-20,1.5233381520628624e-20,5.321143368073218e-21,1.280063428824183e-21,2.7773192974350183e-22,5.886975513304036e-23,1.2416296085595347e-23,2.6159776768489424e-24,5.510354013748285e-25,1.1606589873311992e-25,2.444699553654162e-26,5.1492674347099184e-27,1.084589037073876e-27,2.284467322106683e-28,4.8117698545938054e-29,1.0135061887592e-29,2.1346526021102025e-30,4.496564937658099e-31,9.473167913954716e-32,1.9957449048712732e-32,4.1648235047373975e-33,8.907425992790966e-34,2.1666711874356403e-34,2.407412430484045e-35,2.407412430484045e-35,0.0,0.0,0.0,0.0,0.0,0.0,0.0,0.0,0.0,0.0,0.0,0.0,0.0,0.0,0.0,0.0
0.0,0.0,0.0,0.0,0.0,0.0,0.0,0.0,0.0,0.0,0.0,0.0,0.0,0.0,0.0,7.222237291452134e-35,2.407412430484045e-35,7.222237291452134e-35,3.851859888774472e-34,1.8055593228630336e-33,8.450017630998997e-33,4.020378758908355e-32,1.9090780573738475e-31,9.063426318286332e-31,4.302864533501353e-30,2.0428675957855678e-29,9.698860421900165e-29,4.604696515126963e-28,2.1861569521668483e-27,1.0379143343165328e-26,4.927666567338733e-26,2.3394797894274753e-25,1.1106792300204377e-24,5.272505321609275e-24,2.5017903755247835e-23,1.1845755160476047e-22,5.552977826863133e-22,2.485821751212797e-21,9.187667284367677e-21,1.907180152110221e-20,1.5109142422533767e-20,5.241693373127899e-21,1.258185683954547e-21,2.728439200459064e-22,5.782719747784015e-23,1.2196123859888362e-23,2.5695947411633354e-24,5.413490044641187e-25,1.144262039396673e-25,2.600353848520126e-26,1.4506774047151635e-26,4.592532247709129e-26,2.1320411197076293e-25,1.0111925399873172e-24,4.800330233857394e-24,2.2784440430004734e-23,1.0804043614504022e-22,5.099713873447658e-22,2.3561234504918965e-21,9.895224250207527e-21,2.925953237987745e-20,3.857516828654279e-20,1.9274454239447853e-20,5.2952995532019195e-21,1.187649706213464e-21,2.535781049166546e-22,5.356514308110114e-23,1.1289267564217863e-23,2.378159930219713e-24,5.009248164886736e-25,1.0551065858770254e-25,2.222556473687603e-26,4.690170856600733e-27,1.0296904733592683e-27,4.153403803999668e-28,1.0296904733592682e-27,4.690170856600733e-27,2.222556473687603e-26,1.0551065858770258e-25,5.009248164886739e-25,2.3781599302197114e-24,1.1289267564217864e-23,5.356514308110114e-23,2.535781049166546e-22,1.187649706213464e-21,5.2952995532020414e-21,1.9274454239448298e-20,3.8575168286544427e-20,2.92595323798755e-20,9.895224250207322e-21,2.3561234504918965e-21,5.0997138734472965e-22,1.0804043614500411e-22,2.278444043006492e-23,4.8003302338212826e-24,1.0111925399752801e-24,2.1320411199483705e-25,4.592532248912835e-26,1.4506773999003386e-26,2.6003538449090075e-26,1.144262040359638e-25,5.413490044520817e-25,2.5695947411272242e-24,1.2196123859924474e-23,5.782719747781607e-23,2.728439200459064e-22,1.2581856839546071e-21,5.241693373127935e-21,1.5109142422533936e-20,1.907180152110209e-20,9.187667284367605e-21,2.4858217512127008e-21,5.552977826863133e-22,1.1845755160478454e-22,2.5017903755199687e-23,5.2725053217055716e-24,1.1106792299241412e-24,2.3394797894274753e-25,4.927666569746145e-26,1.0379143367239452e-26,2.186156855870351e-27,4.6046972373506925e-28,9.698862829312596e-29,2.0428700031979983e-29,4.302912681749962e-30,9.063185577043284e-31,1.9090780573738475e-31,4.017971346477871e-32,8.498165879608678e-33,1.7092628256436718e-33,4.092601131822876e-34,4.81482486096809e-35,4.81482486096809e-35,2.407412430484045e-35,0.0,0.0,0.0,0.0,0.0,0.0,0.0,0.0,0.0,0.0,0.0,0.0,0.0,0.0,0.0
0.0,0.0,0.0,0.0,0.0,0.0,0.0,0.0,0.0,0.0,0.0,0.0,0.0,0.0,0.0,4.81482486096809e-35,4.81482486096809e-35,1.4444474582904269e-34,7.944461020597348e-34,3.635192770030908e-33,1.6996331759217356e-32,8.108165065870263e-32,3.847767287642649e-31,1.826792700499903e-30,8.673136615056259e-30,4.117717665710116e-29,1.954955875320339e-28,9.28147890288364e-28,4.4065370294441016e-27,2.0920762517929786e-26,9.932459861713832e-26,4.71555118877758e-25,2.2386732556312357e-24,1.0625915802210854e-23,5.039067353615853e-23,2.3794619276145493e-22,1.101325982599492e-21,4.661327645891504e-21,1.413248756694728e-20,1.947083441269867e-20,1.0107167472378446e-20,2.822788532265203e-21,6.358771129986455e-22,1.3589988744191174e-22,2.871307593868624e-23,6.051775104891517e-24,1.2748945972593024e-24,2.6870856812272178e-25,5.740583333030181e-26,1.5924992626641316e-26,2.1554936485581007e-26,9.09506926903171e-26,4.2940355525611265e-25,2.0381130934578704e-24,9.675115607469468e-24,4.591030365127111e-23,2.1742939835187583e-22,1.0203137795514783e-21,4.5890570976688286e-21,1.727312942169164e-20,3.7500944458768623e-20,3.1399544566033284e-20,1.1265459779540738e-20,2.733673337035903e-21,5.943389143132279e-22,1.2603575281023115e-22,2.658486808764496e-23,5.601252001231109e-24,1.1798652239860024e-24,2.485180815777955e-25,5.234564263647773e-26,1.1026476261913803e-26,2.326872283072241e-27,5.108466709407903e-28,2.0605730533651677e-28,5.108466709407904e-28,2.326872283072241e-27,1.1026476261913809e-26,5.234564263647768e-26,2.4851808157779545e-25,1.1798652239860015e-24,5.6012520012311095e-24,2.658486808764496e-23,1.260357528102311e-22,5.943389143132283e-22,2.733673337035974e-21,1.1265459779540982e-20,3.13995445660341e-20,3.750094445876785e-20,1.7273129421691434e-20,4.589057097668696e-21,1.0203137795514302e-21,2.174293983518999e-22,4.591030365129518e-23,9.675115607445394e-24,2.0381130934578704e-24,4.294035552440756e-25,9.095069270235416e-26,2.155493644946982e-26,1.5924992626641316e-26,5.740583339048712e-26,2.6870856807457353e-25,1.2748945972713394e-24,6.051775104915591e-24,2.87130759386742e-23,1.3589988744192378e-22,6.3587711299866955e-22,2.822788532265239e-21,1.0107167472378566e-20,1.9470834412698743e-20,1.4132487566947112e-20,4.661327645891408e-21,1.1013259825995162e-21,2.379461927613827e-22,5.03906735361826e-23,1.0625915802259002e-23,2.2386732555590133e-24,4.715551189018321e-25,9.932459861713832e-26,2.0920762445707413e-26,4.4065371016664745e-27,9.281479143624883e-28,1.9549553938378528e-28,4.1177200731225467e-29,8.673112540931954e-30,1.8268649228728174e-30,3.847767287642649e-31,8.100942828578811e-32,1.711670238074156e-32,3.587044521421227e-33,6.98149604840373e-34,1.6851887013388314e-34,2.407412430484045e-35,2.407412430484045e-35,0.0,0.0,0.0,0.0,0.0,0.0,0.0,0.0,0.0,0.0,0.0,0.0,0.0,0.0,0.0
0.0,0.0,0.0,0.0,0.0,0.0,0.0,0.0,0.0,0.0,0.0,0.0,0.0,0.0,0.0,9.62964972193618e-35,4.81482486096809e-35,2.8888949165808538e-34,1.5166698312049482e-33,7.294459664366656e-33,3.4401923631617e-32,1.6341515578125696e-31,7.755238403561302e-31,3.6822817571711756e-30,1.7482027217067512e-29,8.299903428896165e-29,3.940515258939477e-28,1.8708255497820442e-27,8.882055934300672e-27,4.2169006841374024e-26,2.0020351112365572e-25,9.504792054142328e-25,4.512097580522582e-24,2.1411540014561416e-23,1.0142104128792519e-22,4.76301911192124e-22,2.149857384017121e-21,8.205118863908484e-21,1.8452862347206155e-20,1.6162482772210673e-20,5.965442206900758e-21,1.4612522825619964e-21,3.1841075203552145e-22,6.755516609319598e-23,1.4250961861053937e-23,3.0026618112532027e-24,6.3256516584537445e-25,1.3358177004024772e-25,2.976396116652493e-26,1.3996394835946867e-26,3.963428923785977e-26,1.8252181517794149e-25,8.653547009719498e-25,4.1079744471854775e-24,1.9498933084537524e-23,9.247738268381342e-23,4.368754351562461e-22,2.026256072230961e-21,8.65313640879151e-21,2.7021332909236465e-20,3.928705374926604e-20,2.140312121249888e-20,6.1075520307973836e-21,1.3838313266722044e-21,2.961372451112988e-22,6.25855376934218e-23,1.319173531015324e-23,2.7789874361897726e-24,5.8535587108844e-25,1.2329419914680368e-25,2.5969558780073654e-26,5.470419743858937e-27,1.154400237276173e-27,2.5343962990833927e-28,1.022284537044581e-28,2.534396299083394e-28,1.154400237276174e-27,5.470419743858936e-27,2.5969558780073666e-26,1.2329419914680368e-25,5.853558710884401e-25,2.7789874361897722e-24,1.319173531015325e-23,6.258553769342177e-23,2.96137245111299e-22,1.3838313266722392e-21,6.107552030797514e-21,2.140312121249933e-20,3.928705374926801e-20,2.7021332909234093e-20,8.653136408791366e-21,2.026256072230925e-21,4.368754351562341e-22,9.247738268375324e-23,1.9498933084573635e-23,4.1079744471854775e-24,8.653547009599127e-25,1.8252181522608973e-25,3.963428923785977e-26,1.399639479983568e-26,2.976396121467318e-26,1.335817700161736e-25,6.325651658333374e-25,3.0026618112411657e-24,1.4250961861029863e-23,6.755516609325617e-23,3.1841075203548534e-22,1.4612522825620204e-21,5.9654422069009024e-21,1.6162482772210793e-20,1.8452862347206083e-20,8.205118863908243e-21,2.149857384017169e-21,4.7630191119200365e-22,1.0142104128802148e-22,2.141154001458549e-23,4.512097580426286e-24,9.504792054142328e-25,2.002035111958781e-25,4.216900686544815e-26,8.882055862078299e-27,1.870825622004417e-27,3.9405157404219632e-28,8.299893799246443e-29,1.7482051291191817e-29,3.682233608922566e-30,7.755960627290447e-31,1.6339108165695212e-31,3.437784950731216e-32,7.270385540061815e-33,1.4925957069001078e-33,3.3703774026776627e-34,4.81482486096809e-35,2.407412430484045e-35,0.0,0.0,0.0,0.0,0.0,0.0,0.0,0.0,0.0,0.0,0.0,0.0,0.0,0.0,0.0
0.0,0.0,0.0,0.0,0.0,0.0,0.0,0.0,0.0,0.0,0.0,0.0,0.0,0.0,7.222237291452134e-35,0.0,1.6851887013388314e-34,6.500013562306921e-34,3.0814879110195774e-33,1.4588919328733312e-32,6.935755212224533e-32,3.2921364986869313e-31,1.5633495582320339e-30,7.42214881967953e-30,3.523777722748106e-29,1.6729730091840692e-28,7.942718053997677e-28,3.770938138449402e-27,1.7903152792044175e-26,8.499805122843781e-26,4.0353878605397263e-25,1.9157847395655176e-24,9.093633747656859e-24,4.313132776619976e-23,2.0382609057976519e-22,9.4682763279749e-22,4.070827982816325e-21,1.3004795167039745e-20,1.9738394251779987e-20,1.1191686914416932e-20,3.252906599874931e-21,7.407622701640767e-22,1.587015584565089e-22,3.354805695211949e-23,7.071604043104273e-24,1.4897596640752845e-24,3.139438479442953e-25,6.681738529254643e-26,1.7354392397053195e-26,1.9230748086151677e-26,7.799729951578298e-26,3.6750152511762455e-25,1.744150311133786e-24,8.279744172205083e-24,3.929193742551528e-23,1.8615127360814193e-22,8.750000380339195e-22,3.96553059997144e-21,1.538107814271811e-20,3.6083592461327557e-20,3.3423002397590926e-20,1.2794354398889255e-20,3.1731784005634345e-21,6.935156757852449e-22,1.4723439024828813e-22,3.106380087254058e-23,6.5452652811708496e-24,1.3787298748111133e-24,2.904060693021894e-25,6.11683691596605e-26,1.2883934956617212e-26,2.713966853913719e-27,5.7271731785331055e-28,1.257356197185629e-28,5.071724021718307e-29,1.2573561971856295e-28,5.727173178533105e-28,2.7139668539137198e-27,1.2883934956617216e-26,6.11683691596605e-26,2.904060693021893e-25,1.3787298748111133e-24,6.545265281170851e-24,3.10638008725406e-23,1.4723439024828813e-22,6.935156757852451e-22,3.1731784005635067e-21,1.2794354398889547e-20,3.3423002397591877e-20,3.6083592461326564e-20,1.5381078142717928e-20,3.9655305999713075e-21,8.750000380339075e-22,1.8615127360811785e-22,3.929193742555139e-23,8.279744172144898e-24,1.7441503111819344e-24,3.6750152508151336e-25,7.799729958800535e-26,1.9230748038003428e-26,1.735439242112732e-26,6.681738528050936e-26,3.139438479683694e-25,1.4897596640391733e-24,7.07160404311631e-24,3.3548056952131525e-23,1.5870155845649687e-22,7.407622701641128e-22,3.2529065998750395e-21,1.1191686914417004e-20,1.9738394251779987e-20,1.3004795167039648e-20,4.070827982816181e-21,9.468276327975382e-22,2.0382609057976519e-22,4.313132776619976e-23,9.093633747536488e-24,1.91578473963774e-24,4.035387861021209e-25,8.499805118028956e-26,1.790315276797005e-26,3.770938138449402e-27,7.942718053997677e-28,1.6729727684428262e-28,3.5237801301605366e-29,7.422076597306615e-30,1.5633014099834242e-30,3.2935809461452217e-31,6.933347799794049e-32,1.4661141701647833e-32,3.057413786714737e-33,6.500013562306921e-34,7.222237291452134e-35,9.62964972193618e-35,2.407412430484045e-35,0.0,0.0,0.0,0.0,0.0,0.0,0.0,0.0,0.0,0.0,0.0,0.0,0.0,0.0
0.0,0.0,0.0,0.0,0.0,0.0,0.0,0.0,0.0,0.0,0.0,0.0,0.0,0.0,9.62964972193618e-35,4.81482486096809e-35,2.407412430484045e-34,1.3481509610710651e-33,6.162975822039155e-33,2.949080227342955e-32,1.3979843983820848e-31,6.6372360708445116e-31,3.151086204384871e-30,1.4960455289129914e-29,7.102718893928324e-29,3.372135295234402e-28,1.6009777034099911e-27,7.600908244513708e-27,3.608655465586631e-26,1.713262942415859e-25,8.133852655800866e-25,3.861344693325669e-24,1.832476448784439e-23,8.682857330697649e-23,4.084088510045994e-22,1.8565852242303404e-21,7.290033920127673e-21,1.767715666803339e-20,1.7133755038342926e-20,6.762990430435505e-21,1.695394051791678e-21,3.7150529287527953e-22,7.891590132266636e-23,1.6651839607276483e-23,3.5087103750368706e-24,7.391593681231654e-25,1.5598493047805915e-25,3.4248001817865866e-26,1.3826294945847512e-26,3.4306840867485654e-26,1.56276942467899e-25,7.405545219582341e-25,3.515473668061474e-24,1.6687081238807376e-23,7.915360858964084e-23,3.741996601233822e-22,1.741354928666388e-21,7.545362302709796e-21,2.4759005731443187e-20,3.959817975806773e-20,2.361331244507835e-20,7.029962871820785e-21,1.6116471361595778e-21,3.4580359087122933e-22,7.312337391855585e-23,1.541473600900031e-23,3.2473693776588496e-24,6.840177773076196e-25,1.44075611611424e-25,3.034666462593873e-26,6.391936219171266e-27,1.3464443637593188e-27,2.8413464118759336e-28,6.237955437376243e-29,2.516167432229125e-29,6.237955437376241e-29,2.8413464118759327e-28,1.3464443637593191e-27,6.391936219171266e-27,3.034666462593873e-26,1.4407561161142395e-25,6.840177773076192e-25,3.247369377658852e-24,1.5414736009000307e-23,7.312337391855586e-23,3.458035908712646e-22,1.6116471361596116e-21,7.029962871820883e-21,2.3613312445078872e-20,3.9598179758070064e-20,2.475900573144031e-20,7.545362302709712e-21,1.741354928666388e-21,3.74199660123322e-22,7.915360858964084e-23,1.6687081238807376e-23,3.515473668061474e-24,7.4055452194619705e-25,1.5627694243178782e-25,3.4306840879522716e-26,1.3826294945847512e-26,3.424800185397705e-26,1.5598493045398502e-25,7.391593681472395e-25,3.5087103750248335e-24,1.665183960732463e-23,7.891590132264229e-23,3.715052928752675e-22,1.695394051791702e-21,6.762990430435577e-21,1.7133755038343143e-20,1.7677156668033293e-20,7.290033920127528e-21,1.8565852242302923e-21,4.084088510046235e-22,8.682857330688019e-23,1.8324764487940687e-23,3.861344693325669e-24,8.1338526555601245e-25,1.7132629419343765e-25,3.6086554728088683e-26,7.600908220439584e-27,1.6009776552617425e-27,3.372135295234402e-28,7.102723708753185e-29,1.4960407140881305e-29,3.151110278509176e-30,6.63747681208756e-31,1.3977436571390364e-31,2.944265402481987e-32,6.211124070648836e-33,1.3481509610710651e-33,2.407412430484045e-34,2.407412430484045e-35,2.407412430484045e-35,0.0,0.0,0.0,0.0,0.0,0.0,0.0,0.0,0.0,0.0,0.0,0.0,0.0,0.0
0.0,0.0,0.0,0.0,0.0,0.0,0.0,0.0,0.0,0.0,0.0,0.0,0.0,7.222237291452134e-35,0.0,9.62964972193618e-35,5.7777898331617076e-34,2.6481536735324493e-33,1.2518544638517033e-32,5.936679053573655e-32,2.817635508638526e-31,1.3377990876199837e-30,6.351620660091884e-30,3.01550314371244e-29,1.4316628945783414e-28,6.797060570985702e-28,3.227017990594655e-27,1.5320802752107594e-26,7.273795598843585e-26,3.4533291960717598e-25,1.6394649153452098e-24,7.782260966493999e-24,3.6916661670340103e-23,1.7457383144680325e-22,8.134713432593973e-22,3.5455529516584875e-21,1.1876235514239258e-20,1.980196612416459e-20,1.2309429581587653e-20,3.740403083516015e-21,8.625057089272737e-22,1.8530846611196482e-22,3.9196280558122173e-23,8.263251802386273e-24,1.740838990639516e-24,3.668115034427061e-25,7.78533882645856e-26,1.920571064779984e-26,1.737409612890586e-26,6.694016563761705e-26,3.145340270636696e-25,1.492587992864568e-24,7.085596997458967e-24,3.3627204744707076e-23,1.5936229332755364e-22,7.501540524170078e-22,3.42210068160007e-21,1.3629908851760953e-20,3.438134447901803e-20,3.524881313179051e-20,1.4471117268242595e-20,3.679347341319557e-21,8.090469233060417e-22,1.7198970966491998e-22,3.629693627334132e-23,7.648361424285888e-24,1.611112123097089e-24,3.3935434094019923e-25,7.147839547109268e-26,1.5055491279088417e-26,3.1711466041617114e-27,6.679936131600276e-28,1.4096394756821026e-28,3.0947561621017753e-29,1.2483075776947973e-29,3.0947561621017765e-29,1.409639475682102e-28,6.679936131600277e-28,3.171146604161712e-27,1.5055491279088409e-26,7.147839547109269e-26,3.3935434094019923e-25,1.6111121230970886e-24,7.648361424285888e-24,3.629693627334133e-23,1.7198970966495548e-22,8.090469233060059e-22,3.6793473413196484e-21,1.4471117268242902e-20,3.5248813131791627e-20,3.4381344479016755e-20,1.362990885176082e-20,3.422100681599962e-21,7.501540524170319e-22,1.5936229332749346e-22,3.3627204744755224e-23,7.08559699744693e-24,1.4925879928886421e-24,3.1453402700348427e-25,6.694016564965411e-26,1.7374096152979983e-26,1.920571069594809e-26,7.785338819236322e-26,3.668115034427061e-25,1.7408389906756274e-24,8.26325180239831e-24,3.9196280558122173e-23,1.8530846611191667e-22,8.625057089272977e-22,3.740403083516111e-21,1.2309429581587774e-20,1.9801966124164566e-20,1.1876235514239137e-20,3.5455529516584634e-21,8.134713432592769e-22,1.7457383144692362e-22,3.6916661670340103e-23,7.782260966421776e-24,1.639464915369284e-24,3.453329196312501e-25,7.273795591621347e-26,1.5320802800255842e-26,3.2270179424464066e-27,6.797060811726945e-28,1.4316631353195844e-28,3.015507958537301e-29,6.351524363594665e-30,1.3378472358685934e-30,2.818116991124623e-31,5.931864228712686e-32,1.2518544638517033e-32,2.6000054249227684e-33,5.296307347064899e-34,9.62964972193618e-35,9.62964972193618e-35,2.407412430484045e-35,0.0,0.0,0.0,0.0,0.0,0.0,0.0,0.0,0.0,0.0,0.0,0.0,0.0
0.0,0.0,0.0,0.0,0.0,0.0,0.0,0.0,0.0,0.0,0.0,0.0,0.0,4.81482486096809e-35,9.62964972193618e-35,2.407412430484045e-34,1.0833355937178202e-33,5.248159098455218e-33,2.530190464438731e-32,1.1960024954644735e-31,5.6795674059979585e-31,2.6965908116337883e-30,1.280257115706554e-29,6.078227682248825e-29,2.885738317402003e-28,1.3700526123245124e-27,6.504553219927085e-27,3.088143383239583e-26,1.466142897576575e-25,6.9606490152026e-25,3.3044371006873767e-24,1.5682790598013495e-23,7.433116955203481e-23,3.5009407641882656e-22,1.6012907490314492e-21,6.447087756976682e-21,1.677137768229843e-20,1.7992814411136938e-20,7.634072564093385e-21,1.9647753004665424e-21,4.333413812592651e-22,9.218209452118319e-23,1.945697046432122e-23,4.1000364970117984e-24,8.637228143077518e-25,1.821803357256283e-25,3.9564675561129043e-26,1.3992338983965795e-26,2.9813457144798507e-26,1.3383143953340644e-25,6.337580802205067e-25,3.0084278222914175e-24,1.428063073154798e-23,6.774759995314711e-23,3.204738170956195e-22,1.4956126581529287e-21,6.56290855240065e-21,2.25206206902359e-20,3.949669255439096e-20,2.5868984824631088e-20,8.072715804369818e-21,1.875922448480399e-21,4.037510387433814e-22,8.543333786935651e-23,1.801224798380316e-23,3.7946900323211415e-24,7.9930899193133525e-25,1.6835977858174818e-25,3.54616460407581e-26,7.469281867668392e-27,1.5732589196012775e-27,3.3140276854899313e-28,6.993457409033536e-29,1.5353624670229075e-29,6.1930485264195846e-30,1.5353624670229073e-29,6.99345740903354e-29,3.3140276854899327e-28,1.5732589196012782e-27,7.469281867668387e-27,3.546164604075808e-26,1.683597785817481e-25,7.993089919313349e-25,3.794690032321142e-24,1.801224798380317e-23,8.543333786935651e-23,4.037510387433814e-22,1.8759224484804356e-21,8.072715804369964e-21,2.5868984824631714e-20,3.949669255439055e-20,2.252062069023566e-20,6.562908552400566e-21,1.4956126581529167e-21,3.2047381709557134e-22,6.774759995315915e-23,1.4280630731499833e-23,3.0084278222914175e-24,6.33758080280692e-25,1.3383143949729525e-25,2.9813457144798507e-26,1.3992339020076982e-26,3.9564675512980795e-26,1.8218033577377654e-25,8.637228142716406e-25,4.1000364970479096e-24,1.9456970464248998e-23,9.218209452118319e-23,4.333413812593012e-22,1.9647753004665905e-21,7.63407256409353e-21,1.799281441113701e-20,1.6771377682298357e-20,6.447087756976538e-21,1.6012907490314492e-21,3.500940764187784e-22,7.433116955205889e-23,1.5682790597917198e-23,3.304437100735525e-24,6.960649015684082e-25,1.46614289661361e-25,3.088143383239583e-26,6.504553244001209e-27,1.3700526363986367e-27,2.885738798884489e-28,6.078222867423964e-29,1.2802547082941236e-29,2.696638959882398e-30,5.679808147241007e-31,1.1960024954644735e-31,2.515745989855827e-32,5.320381471369739e-33,1.1555579666323415e-33,2.407412430484045e-34,0.0,2.407412430484045e-35,0.0,0.0,0.0,0.0,0.0,0.0,0.0,0.0,0.0,0.0,0.0,0.0,0.0
0.0,0.0,0.0,0.0,0.0,0.0,0.0,0.0,0.0,0.0,0.0,0.0,7.222237291452134e-35,2.407412430484045e-35,1.2037062152420224e-34,4.333342374871281e-34,2.262967684655002e-33,1.0688911191349159e-32,5.082047640751819e-32,2.4112642903728193e-31,1.1448690554409924e-30,5.435383563173962e-30,2.5805535324844573e-29,1.225160352598767e-28,5.816652210544525e-28,2.761552837918083e-27,1.3110930644903414e-26,6.224625029744572e-26,2.9552251415532343e-25,1.4029979865077733e-24,6.659962167038537e-24,3.159663451374668e-23,1.495015498660588e-22,6.985048678255234e-22,3.0807575371773602e-21,1.0769159642414624e-20,1.9659121319339444e-20,1.344051203887725e-20,4.290261859433926e-21,1.0036594766938622e-21,2.163481933876008e-22,4.579419888219207e-23,9.655651069242735e-24,2.0342350895636204e-24,4.285967738857227e-25,9.078214535253123e-26,2.152395639779277e-26,1.593984193169853e-26,5.751047237826128e-26,2.6921335666022454e-25,1.2773110305169418e-24,6.063661420510885e-24,2.8778820962225556e-23,1.3642092619404472e-22,6.429536279415658e-22,2.949690817659835e-21,1.202561778873456e-20,3.2450995215748385e-20,3.6818006115341044e-20,1.629253488761284e-20,4.260906905305644e-21,9.435590862938814e-22,2.0089522668548015e-22,4.241112988280563e-23,8.937342305920005e-24,1.8826608907550672e-24,3.9655285490429937e-25,8.352620422142215e-26,1.7593120318517436e-26,3.705635860520828e-27,7.805200966748924e-28,1.644144418725263e-28,3.4695721720225025e-29,7.617205639647091e-30,3.0724396717621305e-30,7.617205639647091e-30,3.469572172022503e-29,1.6441444187252645e-28,7.805200966748922e-28,3.705635860520827e-27,1.7593120318517433e-26,8.352620422142218e-26,3.9655285490429946e-25,1.882660890755066e-24,8.937342305920002e-24,4.2411129882805644e-23,2.0089522668548017e-22,9.435590862939164e-22,4.260906905305736e-21,1.6292534887613175e-20,3.681800611534223e-20,3.245099521574706e-20,1.2025617788734284e-20,2.9496908176597867e-21,6.429536279415538e-22,1.3642092619409287e-22,2.877882096216537e-23,6.0636614205349594e-24,1.2773110305289788e-24,2.6921335668429867e-25,5.751047237826128e-26,1.593984191966147e-26,2.1523956373718645e-26,9.078214531642004e-26,4.285967739218339e-25,2.0342350896238057e-24,9.655651069182549e-24,4.579419888218003e-23,2.1634819338764895e-22,1.0036594766938743e-21,4.290261859433998e-21,1.3440512038877322e-20,1.965912131933942e-20,1.0769159642414528e-20,3.08075753717724e-21,6.985048678255956e-22,1.495015498660588e-22,3.159663451374668e-23,6.659962167014463e-24,1.4029979864596251e-24,2.9552251417939756e-25,6.224625029744572e-26,1.3110930644903414e-26,2.7615528860663315e-27,5.8166529327682545e-28,1.225159630375038e-28,2.5805439028347354e-29,5.4354557855468764e-30,1.1448690554409924e-30,2.411023549129771e-31,5.082047640751819e-32,1.0688911191349159e-32,2.2388935603501617e-33,5.537048590113303e-34,4.81482486096809e-35,2.407412430484045e-35,2.407412430484045e-35,0.0,0.0,0.0,0.0,0.0,0.0,0.0,0.0,0.0,0.0,0.0,0.0
0.0,0.0,0.0,0.0,0.0,0.0,0.0,0.0,0.0,0.0,0.0,0.0,4.81482486096809e-35,4.81482486096809e-35,2.1666711874356403e-34,9.388908478887775e-34,4.574083617919685e-33,2.152226712852736e-32,1.024353989170961e-31,4.860324955904238e-31,2.3076974076133957e-30,1.0955821007516925e-29,5.201508260377298e-29,2.4694995970662283e-28,1.1724361425894707e-27,5.5663364956670914e-27,2.6427098519887065e-26,1.2546671740352503e-25,5.956662017583012e-25,2.8278437253620893e-24,1.3421576505024777e-23,6.362924206804747e-23,3.0003276894028065e-22,1.3795887527649392e-21,5.678048776745104e-21,1.5764902876578146e-20,1.871110605261363e-20,8.575868102422643e-21,2.273913525339882e-21,5.053178458894736e-22,1.0767148530441156e-22,2.2734338780756312e-23,4.7910069620219386e-24,1.0092834616530909e-24,2.1280482834321144e-25,4.584324010119642e-26,1.4498563723539277e-26,2.604489554371517e-26,1.1463961954699693e-25,5.423691021962608e-25,2.5745131345922516e-24,1.2221154753496914e-23,5.798382268612359e-23,2.744310384656582e-22,1.2838856145793783e-21,5.695845722883915e-21,2.03464548104653e-20,3.898647014016333e-20,2.812592083419252e-20,9.245359444007944e-21,2.1821204570838425e-21,4.713426612739981e-22,9.981264909069924e-23,2.1047330129673364e-23,4.434251756648994e-24,9.340322834985374e-25,1.967370692706471e-25,4.143877213707665e-26,8.728242403743533e-27,1.8384279727489006e-27,3.8722907261321126e-28,8.156881920551906e-29,1.721308320309422e-29,3.779039606428384e-30,1.524266478819971e-30,3.779039606428384e-30,1.721308320309421e-29,8.156881920551903e-29,3.872290726132112e-28,1.8384279727489017e-27,8.728242403743529e-27,4.143877213707663e-26,1.9673706927064705e-25,9.34032283498537e-25,4.434251756648997e-24,2.1047330129673367e-23,9.981264909069921e-23,4.713426612739978e-22,2.1821204570839136e-21,9.245359444008125e-21,2.812592083419312e-20,3.898647014016293e-20,2.0346454810464976e-20,5.695845722883819e-21,1.2838856145793903e-21,2.744310384656341e-22,5.798382268613563e-23,1.2221154753460802e-23,2.5745131346042887e-24,5.423691021962608e-25,1.146396195229228e-25,2.604489556778929e-26,1.4498563711502215e-26,4.584324011323348e-26,2.128048283913597e-25,1.0092834616410538e-24,4.7910069619858274e-24,2.2734338780756312e-23,1.0767148530443563e-22,5.053178458894375e-22,2.2739135253399182e-21,8.575868102422788e-21,1.8711106052613798e-20,1.576490287657788e-20,5.678048776745056e-21,1.379588752764891e-21,3.000327689403047e-22,6.362924206799933e-23,1.3421576505097e-23,2.827843725313941e-24,5.956662017823753e-25,1.254667173794509e-25,2.6427098519887065e-26,5.566336471592967e-27,1.1724362629600922e-27,2.4694993563249853e-28,5.201496223315145e-29,1.0955965452262754e-29,2.307625185240481e-30,4.860324955904238e-31,1.0238725066848643e-31,2.1570415377137042e-32,4.525935369310004e-33,9.62964972193618e-34,2.407412430484045e-34,2.407412430484045e-35,2.407412430484045e-35,0.0,0.0,0.0,0.0,0.0,0.0,0.0,0.0,0.0,0.0,0.0,0.0
0.0,0.0,0.0,0.0,0.0,0.0,0.0,0.0,0.0,0.0,0.0,7.222237291452134e-35,2.407412430484045e-35,7.222237291452134e-35,4.092601131822876e-34,1.9018558200823954e-33,9.196315484449051e-33,4.342972024593217e-32,2.063393194167875e-31,9.797446368340917e-31,4.6514578534354424e-30,2.2083290521327362e-29,1.0484427986916275e-28,4.977658385906142e-28,2.363226421623076e-27,1.1219810367591147e-26,5.32678635121503e-26,2.528966495273803e-25,1.200636502490757e-24,5.699486310375507e-24,2.7042675393226107e-23,1.2801680974825209e-22,5.994965156441365e-22,2.6713618480926003e-21,9.701849653141752e-21,1.9315304985846957e-20,1.456112611110099e-20,4.907018160092606e-21,1.1671059481006251e-21,2.5254912162643865e-22,5.350103674046542e-23,1.1282601093498717e-23,2.377078650202664e-24,5.0080167516101165e-25,1.0591797528072925e-25,2.4365490470184643e-26,1.4893115991218765e-26,4.947896673900791e-26,2.3043770851299726e-25,1.0930862533737256e-24,5.1891063923905605e-24,2.462923183639698e-23,1.167765800026836e-22,5.509494547791608e-22,2.5399269604374553e-21,1.056901975513009e-20,3.035273950056723e-20,3.807675835901705e-20,1.824965040466095e-20,4.9272482619078096e-21,1.1000749698841426e-21,2.3464232526290304e-22,4.955452167257609e-23,1.0443522981175605e-23,2.199977052782682e-24,4.633921717059873e-25,9.760469001013944e-26,2.0558474214490792e-26,4.330227292552755e-27,9.120749369116418e-28,1.921108326301651e-28,4.0467592285370323e-29,8.539713086280592e-30,1.8748271351688217e-30,7.562632872803645e-31,1.874827135168821e-30,8.539713086280593e-30,4.046759228537031e-29,1.921108326301653e-28,9.12074936911642e-28,4.330227292552754e-27,2.0558474214490786e-26,9.760469001013944e-26,4.633921717059871e-25,2.1999770527826797e-24,1.044352298117561e-23,4.955452167257608e-23,2.3464232526290294e-22,1.1000749698841781e-21,4.9272482619079044e-21,1.824965040466127e-20,3.80767583590186e-20,3.0352739500565494e-20,1.0569019755129898e-20,2.539926960437395e-21,5.509494547791487e-22,1.167765800026836e-22,2.4629231836421054e-23,5.189106392318338e-24,1.0930862534218738e-24,2.3043770854910845e-25,4.947896666678554e-26,1.4893116039367014e-26,2.4365490470184643e-26,1.0591797526869219e-25,5.008016751489746e-25,2.377078650226738e-24,1.128260109348668e-23,5.350103674047746e-23,2.525491216264266e-22,1.1671059481006974e-21,4.90701816009263e-21,1.4561126111101183e-20,1.9315304985846765e-20,9.701849653141728e-21,2.671361848092504e-21,5.994965156441606e-22,1.2801680974830023e-22,2.7042675393105736e-23,5.699486310447729e-24,1.2006365024185346e-24,2.528966496477509e-25,5.32678635121503e-26,1.121981027129465e-26,2.3632264697713247e-27,4.977658145164899e-28,1.0484425579503844e-28,2.2083386817824582e-29,4.651385631062528e-30,9.79696488585482e-31,2.0638746766539716e-31,4.347786849454185e-32,9.14816723583937e-33,1.9500040686920763e-33,3.851859888774472e-34,7.222237291452134e-35,2.407412430484045e-35,2.407412430484045e-35,0.0,0.0,0.0,0.0,0.0,0.0,0.0,0.0,0.0,0.0,0.0
0.0,0.0,0.0,0.0,0.0,0.0,0.0,0.0,0.0,0.0,0.0,4.81482486096809e-35,2.407412430484045e-35,2.407412430484045e-34,7.462978534500539e-34,3.9481563859938335e-33,1.8368556844593262e-32,8.770203484253375e-32,4.159286456147284e-31,1.974776342601757e-30,9.375667710520113e-30,4.451230954179654e-29,2.113299335334295e-28,1.003323989736219e-27,4.763448055622011e-27,2.261525565164532e-26,1.0736945109535104e-25,5.097485530222302e-25,2.419983828899508e-24,1.1486286643302477e-23,5.446572088749981e-23,2.57076266539277e-22,1.1874572163317294e-21,4.982351110368476e-21,1.4688023732567385e-20,1.9263439281700182e-20,9.582434356854414e-21,2.6276349197020754e-21,5.890428043506524e-22,1.257541231035881e-22,2.656333184757369e-23,5.598407630616989e-24,1.1793795960686836e-24,2.486029234833168e-25,5.32363384824843e-26,1.5357276446728637e-26,2.2909535243438762e-26,9.823489719902707e-26,4.641658581044773e-25,2.2031828551960996e-24,1.0458641067883051e-23,4.9626195937330985e-23,2.3498079602834715e-22,1.1016418986217754e-21,4.93386358164935e-21,1.8268415004718692e-20,3.8086841575786885e-20,3.0332659980055396e-20,1.0556179266262688e-20,2.5363911695025542e-21,5.501594764538374e-22,1.1660808605018542e-22,2.4593646036945163e-23,5.181597979914594e-24,1.0914627896931572e-24,2.298973787119135e-25,4.8423353649262203e-26,1.0199404448567692e-26,2.1482983106876857e-27,4.524956115016773e-28,9.530938101953924e-29,2.007665930490027e-29,4.2366824198213615e-30,9.301561722263306e-31,3.751788798412832e-31,9.301561722263304e-31,4.236682419821362e-30,2.0076659304900265e-29,9.530938101953927e-29,4.524956115016773e-28,2.148298310687684e-27,1.0199404448567698e-26,4.84233536492622e-26,2.2989737871191355e-25,1.0914627896931574e-24,5.181597979914596e-24,2.459364603694517e-23,1.1660808605018542e-22,5.501594764538377e-22,2.5363911695026265e-21,1.0556179266262859e-20,3.0332659980056184e-20,3.8086841575786265e-20,1.826841500471838e-20,4.93386358164929e-21,1.1016418986217152e-21,2.349807960283712e-22,4.962619593735506e-23,1.0458641067883051e-23,2.2031828551720255e-24,4.641658581044773e-25,9.823489715087882e-26,2.2909535327698197e-26,1.535727641061745e-26,5.323633849452137e-26,2.486029234592427e-25,1.1793795960807207e-24,5.598407630641063e-24,2.656333184748943e-23,1.2575412310362422e-22,5.8904280435073665e-22,2.6276349197021115e-21,9.58243435685451e-21,1.9263439281700182e-20,1.4688023732567192e-20,4.9823511103685245e-21,1.1874572163316331e-21,2.5707626653932515e-22,5.446572088752388e-23,1.148628664320618e-23,2.4199838289235823e-24,5.097485530703785e-25,1.0736945099905454e-25,2.2615255723867693e-26,4.763448127844384e-27,1.0033239656620948e-27,2.113298372369323e-28,4.4512381764169453e-29,9.375595488147198e-30,1.9748485649746716e-30,4.159286456147284e-31,8.760573834531439e-32,1.8464853341812624e-32,3.924082261688993e-33,8.425943506694157e-34,9.62964972193618e-35,2.407412430484045e-35,2.407412430484045e-35,0.0,0.0,0.0,0.0,0.0,0.0,0.0,0.0,0.0,0.0,0.0
0.0,0.0,0.0,0.0,0.0,0.0,0.0,0.0,0.0,0.0,0.0,9.62964972193618e-35,4.81482486096809e-35,3.851859888774472e-34,1.61296632842431e-33,7.824090399073146e-33,3.7242670299588173e-32,1.7658370177600469e-31,8.384295271646783e-31,3.980391638438015e-30,1.8898139431051142e-29,8.972146868572099e-29,4.259681091547059e-28,2.022354636318521e-27,9.60146501312866e-27,4.5584515740070604e-26,2.1641905776302074e-25,1.027461775992409e-24,4.877507429611101e-24,2.3144632367169946e-23,1.096098418294158e-22,5.143082281067661e-22,2.3121970266849096e-21,8.68838117002833e-21,1.878344291824786e-20,1.5644172925425514e-20,5.594410388929814e-21,1.3560803927788769e-21,2.947556352896958e-22,6.25025475468268e-23,1.3183584265827922e-23,2.7777016709941757e-24,5.85181506717124e-25,1.236288529891832e-25,2.779939581559882e-26,1.4208470453443576e-26,4.2650388228185815e-26,1.9726439185413338e-25,9.35435260941643e-25,4.440680173982071e-24,2.1077786744387452e-23,9.995690936708434e-23,4.720202423992671e-22,2.1851788040990955e-21,9.256883831197886e-21,2.8146726678481576e-20,3.8979866431286124e-20,2.0326674511025777e-20,5.688303152003517e-21,1.2820643679408682e-21,2.7403596771508e-22,5.790008799130839e-23,1.2203490806126639e-23,2.57077381255412e-24,5.414972239253492e-25,1.1405612495876033e-25,2.4023644179708607e-26,5.0600955424016236e-27,1.0658067227258888e-27,2.2449062693533395e-28,4.728463450827975e-29,9.96034822826573e-30,2.1019053439655145e-30,4.614493884331292e-31,1.8613084575483423e-31,4.614493884331291e-31,2.101905343965514e-30,9.960348228265728e-30,4.728463450827976e-29,2.244906269353338e-28,1.0658067227258881e-27,5.060095542401624e-27,2.4023644179708618e-26,1.140561249587603e-25,5.414972239253492e-25,2.570773812554121e-24,1.2203490806126634e-23,5.790008799134392e-23,2.740359677150799e-22,1.2820643679408686e-21,5.688303152003604e-21,2.032667451102626e-20,3.8979866431287924e-20,2.814672667847935e-20,9.256883831197778e-21,2.185178804098999e-21,4.720202423993153e-22,9.995690936703619e-23,2.1077786744411526e-23,4.44068017394596e-24,9.354352610138654e-25,1.9726439184209632e-25,4.265038825225994e-26,1.4208470393258266e-26,2.779939581559882e-26,1.2362885306140558e-25,5.85181506717124e-25,2.7777016709339904e-24,1.318358426579181e-23,6.250254754687495e-23,2.947556352896597e-22,1.356080392778901e-21,5.594410388929886e-21,1.564417292542561e-20,1.878344291824774e-20,8.68838117002833e-21,2.3121970266848374e-21,5.14308228106742e-22,1.096098418294158e-22,2.314463236719402e-23,4.877507429659249e-24,1.0274617759442607e-24,2.1641905776302074e-25,4.558451571599648e-26,9.601465085351033e-27,2.0223546122443966e-27,4.25968036932333e-28,8.972161313046682e-29,1.8897994986305313e-29,3.980536083183844e-30,8.383813789160686e-31,1.7658370177600469e-31,3.714637380236881e-32,7.896312771987667e-33,1.6370404527291505e-33,3.3703774026776627e-34,4.81482486096809e-35,2.407412430484045e-35,0.0,0.0,0.0,0.0,0.0,0.0,0.0,0.0,0.0,0.0,0.0
0.0,0.0,0.0,0.0,0.0,0.0,0.0,0.0,0.0,0.0,7.222237291452134e-35,0.0,1.6851887013388314e-34,6.98149604840373e-34,3.322229154067982e-33,1.5816699668280174e-32,7.4990897209578e-32,3.5596000197137087e-31,1.6899553779511898e-30,8.02325562944709e-30,3.8091860960317115e-29,1.8084771067287803e-28,8.586044859264853e-28,4.076368310915987e-27,1.935323251208634e-26,9.188251981698591e-26,4.362233312319016e-25,2.070946065939938e-24,9.829972129044949e-24,4.6620106234556953e-23,2.202305581104719e-22,1.0212488220292273e-21,4.357649443787139e-21,1.3570294875967872e-20,1.9629654376452597e-20,1.064419451321815e-20,3.0309963260189527e-21,6.863597063007459e-22,1.468607331941656e-22,3.103664147505022e-23,6.541850267751243e-24,1.3781457983017214e-24,2.904449073840227e-25,6.192370969390778e-26,1.658935399338979e-26,2.033114971825564e-26,8.421844554808342e-26,3.9724715856905677e-25,1.88541109797504e-24,8.950281748538393e-24,4.247247875546488e-23,2.0118515879248735e-22,9.449061764083416e-22,4.266689164420591e-21,1.6310102113851893e-20,3.683119960107424e-20,3.243219031616412e-20,1.2011415652396109e-20,2.9456102535035976e-21,6.420329615145689e-22,1.3622414363461964e-22,2.8737242667046925e-23,6.054890551000961e-24,1.2754276147058333e-24,2.6864688336635153e-25,5.65851982330873e-26,1.191853380310091e-26,2.5103981286594545e-27,5.2876457511586485e-28,1.1137355448650807e-28,2.345867669382386e-29,4.941503581123496e-30,1.0427881022058505e-30,2.2892813311003176e-31,9.235391352822212e-32,2.2892813311003176e-31,1.0427881022058503e-30,4.941503581123495e-30,2.3458676693823874e-29,1.1137355448650804e-28,5.287645751158651e-28,2.510398128659455e-27,1.191853380310091e-26,5.65851982330873e-26,2.6864688336635167e-25,1.275427614705833e-24,6.054890551000964e-24,2.87372426670469e-23,1.3622414363461964e-22,6.420329615145686e-22,2.9456102535036544e-21,1.2011415652396389e-20,3.2432190316165e-20,3.683119960107339e-20,1.631010211385164e-20,4.266689164420507e-21,9.449061764083175e-22,2.0118515879249938e-22,4.247247875541673e-23,8.95028174855043e-24,1.88541109797504e-24,3.9724715860516796e-25,8.421844553604636e-26,2.033114971825564e-26,1.658935399338979e-26,6.192370970594484e-26,2.9044490737198563e-25,1.3781457983017214e-24,6.541850267739206e-24,3.103664147508633e-23,1.468607331941656e-22,6.8635970630072185e-22,3.030996326019049e-21,1.0644194513218126e-20,1.9629654376452717e-20,1.35702948759678e-20,4.35764944378697e-21,1.0212488220292995e-21,2.202305581104478e-22,4.6620106234629176e-23,9.829972128996801e-24,2.0709460658677156e-24,4.362233312319016e-25,9.188251986513416e-26,1.9353232488012217e-26,4.076368334990111e-27,8.586045340747339e-28,1.8084766252462942e-28,3.809183688619281e-29,8.0233037776957e-30,1.6900035261997995e-30,3.5593592784706603e-31,7.496682308527316e-32,1.5744477295365653e-32,3.394451526982503e-33,6.500013562306921e-34,9.62964972193618e-35,9.62964972193618e-35,2.407412430484045e-35,0.0,0.0,0.0,0.0,0.0,0.0,0.0,0.0,0.0,0.0
0.0,0.0,0.0,0.0,0.0,0.0,0.0,0.0,0.0,0.0,9.62964972193618e-35,7.222237291452134e-35,2.1666711874356403e-34,1.4685215825952673e-33,6.692606556745645e-33,3.1874140579608753e-32,1.5113735238578833e-31,7.174329784085502e-31,3.4063441443890944e-30,1.6172178187765449e-29,7.678011020203804e-29,3.6452639391925946e-28,1.730650181379595e-27,8.216549927200939e-27,3.9009411397012364e-26,1.852029340434041e-25,8.792644080760964e-25,4.174059980627864e-24,1.9808149389670558e-23,9.384235811622493e-23,4.410677825751984e-22,1.9981865719989742e-21,7.73877648349102e-21,1.8083020784859312e-20,1.6660277958115448e-20,6.354954859834007e-21,1.5741871099337684e-21,3.439452581478198e-22,7.301537234599778e-23,1.5404718983882514e-23,3.2458397138079302e-24,6.837875123923224e-25,1.443453557948131e-25,3.1909156971189127e-26,1.3869260155864982e-26,3.6858721564218187e-26,1.6888691401014164e-25,8.005255896612791e-25,3.800194681642382e-24,1.803831451887638e-23,8.555684131156226e-23,4.043320232449072e-22,1.8785638074920123e-21,8.082992771042836e-21,2.589000993738917e-20,3.9493816685987463e-20,2.250008150285592e-20,6.554342622132141e-21,1.4934977075651207e-21,3.200127697713762e-22,6.76497793159341e-23,1.4259991934114626e-23,3.0040640905971266e-24,6.32766813873134e-25,1.3328047181586848e-25,2.807287487657843e-26,5.912984493824778e-27,1.2454505223039564e-27,2.623289430667515e-28,5.525428630040473e-29,1.1638265150880939e-29,2.45157661363004e-30,5.1730287234624885e-31,1.1359246760228473e-31,4.582120208950821e-32,1.135924676022847e-31,5.173028723462489e-31,2.451576613630041e-30,1.1638265150880937e-29,5.525428630040476e-29,2.623289430667515e-28,1.2454505223039555e-27,5.912984493824777e-27,2.807287487657843e-26,1.3328047181586846e-25,6.327668138731341e-25,3.0040640905971255e-24,1.425999193411463e-23,6.764977931593412e-23,3.2001276977137627e-22,1.4934977075651559e-21,6.554342622132271e-21,2.2500081502856413e-20,3.949381668598958e-20,2.5890009937386593e-20,8.082992771042655e-21,1.8785638074920243e-21,4.0433202324493126e-22,8.555684131153819e-23,1.803831451884027e-23,3.800194681654419e-24,8.005255896853532e-25,1.6888691397403045e-25,3.685872158829231e-26,1.386926014382792e-26,3.1909156959152065e-26,1.4434535580685016e-25,6.8378751236824825e-25,3.245839713795893e-24,1.5404718983918625e-23,7.301537234602185e-23,3.4394525814780775e-22,1.5741871099337443e-21,6.354954859834127e-21,1.6660277958115472e-20,1.808302078485941e-20,7.738776483490852e-21,1.998186571998854e-21,4.410677825752465e-22,9.384235811620086e-23,1.9808149389718706e-23,4.174059980531567e-24,8.79264408196467e-25,1.8520293397118173e-25,3.900941149330886e-26,8.21654987905269e-27,1.7306501573054705e-27,3.6452641799338377e-28,7.678003797966513e-29,1.6172226336014058e-29,3.406368218513399e-30,7.17457052532855e-31,1.5108920413717865e-31,3.1850066455303913e-32,6.716680681050485e-33,1.396299209680746e-33,2.8888949165808538e-34,4.81482486096809e-35,2.407412430484045e-35,0.0,0.0,0.0,0.0,0.0,0.0,0.0,0.0,0.0,0.0
0.0,0.0,0.0,0.0,0.0,0.0,0.0,0.0,0.0,7.222237291452134e-35,0.0,1.6851887013388314e-34,5.7777898331617076e-34,2.840746667971173e-33,1.3553731983625172e-32,6.415754127239979e-32,3.045617465805365e-31,1.4461807952403754e-30,6.86601247411341e-30,3.259756801496921e-29,1.5476219328236816e-28,7.347594145602355e-28,3.488392876695247e-27,1.6561723157960152e-26,7.86294130272832e-26,3.733031425319841e-25,1.772247961155027e-24,8.412439283724944e-24,3.990332946253005e-23,1.8863686989398378e-22,8.776865613550623e-22,3.800322739592166e-21,1.2439135342064538e-20,1.979601575960209e-20,1.1747551243416423e-20,3.48916408639032e-21,7.993746487417053e-22,1.7149233067027071e-22,3.6262478650213055e-23,7.644247610731302e-24,1.6104133866846229e-24,3.3934799215663553e-25,7.211655842336857e-26,1.8224750604726094e-26,1.8247053511446393e-26,7.22495001914929e-26,3.3998614114739547e-25,1.6134735870993742e-24,7.65943656147867e-24,3.634944576777496e-23,1.7223802901448193e-22,8.10204256159689e-22,3.6843865190737715e-21,1.448737352324975e-20,3.526465234601677e-20,3.436437802450749e-20,1.3614331958190558e-20,3.4174010422135066e-21,7.490815583968325e-22,1.5913249458697688e-22,3.3578625629067e-23,7.075350546113029e-24,1.4903988403824488e-24,3.1392763842944184e-25,6.612273528791112e-26,1.3927425664913295e-26,2.933530646448377e-27,6.178888760679572e-28,1.30145768106252e-28,2.741256972192217e-29,5.773933944196096e-30,1.2162540815428267e-30,2.5667699772937386e-31,5.631596499043593e-32,2.2768299174912174e-32,5.631596499043592e-32,2.566769977293738e-31,1.2162540815428267e-30,5.773933944196098e-30,2.741256972192218e-29,1.3014576810625204e-28,6.1788887606795775e-28,2.9335306464483774e-27,1.3927425664913292e-26,6.612273528791112e-26,3.139276384294419e-25,1.4903988403824484e-24,7.075350546113029e-24,3.357862562906701e-23,1.5913249458697688e-22,7.490815583968679e-22,3.41740104221358e-21,1.3614331958190828e-20,3.4364378024508524e-20,3.5264652346015663e-20,1.448737352324951e-20,3.684386519073687e-21,8.102042561597492e-22,1.7223802901442174e-22,3.6349445767835143e-23,7.659436561442559e-24,1.6134735870753e-24,3.3998614115943253e-25,7.224950025167821e-26,1.8247053451261082e-26,1.8224750616763157e-26,7.211655842336857e-26,3.3934799218070966e-25,1.6104133866605488e-24,7.644247610719265e-24,3.626247865022509e-23,1.7149233067030683e-22,7.993746487416812e-22,3.489164086390332e-21,1.1747551243416471e-20,1.9796015759602404e-20,1.2439135342064346e-20,3.8003227395919015e-21,8.776865613551345e-22,1.8863686989398378e-22,3.990332946253005e-23,8.41243928370087e-24,1.7722479612753976e-24,3.7330314248383584e-25,7.86294130272832e-26,1.6561723133886027e-26,3.488392924843495e-27,7.347593664119869e-28,1.5476221735649246e-28,3.259747171847199e-29,6.866036548237715e-30,1.4461567211160706e-30,3.046098948291462e-31,6.420568952100948e-32,1.345743548640581e-32,2.8648207922760133e-33,6.018531076210112e-34,7.222237291452134e-35,9.62964972193618e-35,2.407412430484045e-35,0.0,0.0,0.0,0.0,0.0,0.0,0.0,0.0,0.0
0.0,0.0,0.0,0.0,0.0,0.0,0.0,0.0,0.0,9.62964972193618e-35,4.81482486096809e-35,2.407412430484045e-34,1.2277803395468629e-33,5.705567460247186e-33,2.725190871307939e-32,1.293984181385174e-31,6.139142438977363e-31,2.9150153414516057e-30,1.3839491839123628e-29,6.570536302045521e-29,3.1194711013827824e-28,1.4810211808979565e-27,7.03139475066574e-27,3.3382698466110315e-26,1.5848938019064154e-25,7.524420303180541e-25,3.572055235610831e-24,1.6952412604127994e-23,8.033778488436786e-23,3.7814137410612e-22,1.7244730934819663e-21,6.859371529421502e-21,1.7238732203212537e-20,1.757915417512104e-20,7.189449394405347e-21,1.8254052961457424e-21,4.0124782796129885e-22,8.52920928074652e-23,1.7999871288319966e-23,3.792868168292617e-24,7.990167311852615e-25,1.6857113021884996e-25,3.679468962968935e-26,1.38672383988688e-26,3.196316048016398e-26,1.4461537449524534e-25,6.850775709507019e-25,3.2520840436071222e-24,1.5437045200561863e-23,7.32291008524127e-23,3.463016092768031e-22,1.6139253834893632e-21,7.039076251786398e-21,2.363411028726691e-20,3.95991414616947e-20,2.4738042777984294e-20,7.53567828303409e-21,1.7389014640395936e-21,3.736617383669833e-22,7.903933777722077e-23,1.6662966443887325e-23,3.5103794634894386e-24,7.394197692174343e-25,1.5574510651947611e-25,3.280461076438888e-26,6.909629534889768e-27,1.4553736687755724e-27,3.0654497994404465e-28,6.456751677069219e-29,1.3599825275497698e-29,2.8645366399045205e-30,6.0343107906838456e-31,1.2732459804213378e-31,2.792674195672629e-32,1.1312998652534794e-32,2.79267419567263e-32,1.273245980421338e-31,6.034310790683847e-31,2.8645366399045202e-30,1.3599825275497692e-29,6.45675167706922e-29,3.0654497994404456e-28,1.4553736687755719e-27,6.909629534889769e-27,3.280461076438885e-26,1.5574510651947611e-25,7.394197692174343e-25,3.51037946348944e-24,1.6662966443887334e-23,7.903933777722077e-23,3.73661738366983e-22,1.73890146403963e-21,7.535678283034241e-21,2.4738042777984854e-20,3.9599141461697214e-20,2.3634110287263828e-20,7.03907625178629e-21,1.613925383489303e-21,3.46301609276767e-22,7.322910085246084e-23,1.5437045200513715e-23,3.2520840436311963e-24,6.85077570974776e-25,1.4461537449524534e-25,3.1963160492201045e-26,1.3867238386831737e-26,3.6794689617652286e-26,1.6857113019477584e-25,7.990167311972985e-25,3.7928681682565056e-24,1.7999871288356077e-23,8.52920928074652e-23,4.012478279612748e-22,1.8254052961458146e-21,7.189449394405419e-21,1.757915417512128e-20,1.723873220321249e-20,6.859371529421237e-21,1.724473093481846e-21,3.7814137410616817e-22,8.033778488436786e-23,1.6952412604055772e-23,3.5720552355626825e-24,7.52442030486573e-25,1.5848938021471566e-25,3.338269844203619e-26,7.03139475066574e-27,1.4810211568238322e-27,3.1194711013827824e-28,6.57053148722066e-29,1.3839515913247933e-29,2.9150394155759105e-30,6.140105403949556e-31,1.2930212164129805e-31,2.7227834588774547e-32,5.753715708856867e-33,1.2037062152420224e-33,2.407412430484045e-34,2.407412430484045e-35,2.407412430484045e-35,0.0,0.0,0.0,0.0,0.0,0.0,0.0,0.0,0.0
0.0,0.0,0.0,0.0,0.0,0.0,0.0,0.0,7.222237291452134e-35,0.0,9.62964972193618e-35,5.055566104016494e-34,2.4555606790937257e-33,1.1627802039237936e-32,5.486492929073138e-32,2.606986920971172e-31,1.2376025822632378e-30,5.875627074336579e-30,2.789565079699082e-29,1.3243926892771042e-28,6.28777704540042e-28,2.985227139800684e-27,1.417286075506971e-26,6.728792657062917e-26,3.194583827383594e-25,1.5166300086551916e-24,7.199279730184415e-24,3.415331911021368e-23,1.6155429969355217e-22,7.538485649816579e-22,3.305908156968605e-21,1.1318770904308489e-20,1.975618816041454e-20,1.287470491948652e-20,4.0072395157059734e-21,9.304841832666338e-22,2.0023123498991558e-22,4.236715134060154e-23,8.932368058453992e-24,1.881827770991931e-24,3.965010415965397e-25,8.406268975550568e-26,2.0303225708140217e-26,1.6606578258957925e-26,6.203707490174108e-26,2.909907239950937e-25,1.3807599989979293e-24,6.554745192039893e-24,3.110874357017304e-23,1.474470438245942e-22,6.945094204770225e-22,3.1775587820465756e-21,1.2809244696055945e-20,3.344095837145759e-20,3.6069013252261064e-20,1.5364156106030058e-20,3.9601307995859984e-21,8.737513311662923e-22,1.8588294902160275e-22,3.923517988282482e-23,8.267773180995828e-24,1.7416022063358245e-24,3.6684047890249364e-25,7.726783968398442e-26,1.6274920039223033e-26,3.427982954085415e-27,7.220352381557994e-28,1.5208209936949553e-28,3.203300470801417e-29,6.747136431995478e-30,1.4211331986469998e-30,2.9936755868222155e-31,6.314645474290488e-32,1.3874432309712016e-32,5.620923858806673e-33,1.3874432309712013e-32,6.31464547429049e-32,2.9936755868222185e-31,1.4211331986469987e-30,6.74713643199548e-30,3.20330047080142e-29,1.5208209936949557e-28,7.220352381557995e-28,3.427982954085417e-27,1.627492003922302e-26,7.72678396839844e-26,3.668404789024935e-25,1.741602206335826e-24,8.267773180995831e-24,3.9235179882824794e-23,1.8588294902160273e-22,8.73751331166328e-22,3.960130799586056e-21,1.5364156106030386e-20,3.6069013252262243e-20,3.344095837145629e-20,1.2809244696055753e-20,3.1775587820464913e-21,6.945094204769743e-22,1.4744704382464234e-22,3.1108743570161004e-23,6.5547451919917444e-24,1.3807599989979293e-24,2.9099072403120487e-25,6.203707490174108e-26,1.6606578222846738e-26,2.030322573221434e-26,8.4062689815691e-26,3.965010415604285e-25,1.881827770979894e-24,8.932368058453992e-24,4.236715134066173e-23,2.0023123498986743e-22,9.304841832666579e-22,4.007239515706058e-21,1.2874704919486785e-20,1.975618816041459e-20,1.1318770904308127e-20,3.3059081569684847e-21,7.538485649816819e-22,1.6155429969345587e-22,3.415331911026183e-23,7.199279730280712e-24,1.5166300086551916e-24,3.194583827383594e-25,6.72879265947033e-26,1.4172860827292083e-26,2.9852270194300624e-27,6.287776563917934e-28,1.3243936522420763e-28,2.7895626722866516e-29,5.875675222585189e-30,1.2376025822632378e-30,2.6065054384850753e-31,5.484085516642654e-32,1.1579653790628256e-32,2.4555606790937257e-33,5.055566104016494e-34,7.222237291452134e-35,7.222237291452134e-35,2.407412430484045e-35,0.0,0.0,0.0,0.0,0.0,0.0,0.0,0.0
0.0,0.0,0.0,0.0,0.0,0.0,0.0,0.0,4.81482486096809e-35,9.62964972193618e-35,1.6851887013388314e-34,1.0833355937178202e-33,4.83889898527293e-33,2.3375974700000075e-32,1.1062060118074186e-31,5.254659112017525e-31,2.494584834591872e-30,1.1843217303517649e-29,5.622800620887145e-29,2.669519218111752e-28,1.2673986203587284e-27,6.017186415997065e-27,2.8567581224902544e-26,1.3562895741263912e-25,6.439117817155088e-25,3.0568671379574852e-24,1.4508215118984363e-23,6.877276074549962e-23,3.2410739709880016e-22,1.4865008062926616e-21,6.053317213373544e-21,1.627883516756916e-20,1.8371229939392832e-20,8.096422972276287e-21,2.1140796602954374e-21,4.679667619538012e-22,9.962708044390317e-23,2.1031951359010978e-23,4.432078227164627e-24,9.33670247981158e-25,1.9689513584571613e-25,4.257476987503742e-26,1.420235586661139e-26,2.784468490083544e-26,1.2385969305046164e-25,5.8628462085303575e-25,2.783026708365075e-24,1.3210828811229341e-23,6.267604221771494e-23,2.9656404215077804e-22,1.3857941751166053e-21,6.115594263656968e-21,2.1423317933205343e-20,3.9291816223963557e-20,2.7000357461627626e-20,8.642245434456174e-21,2.0234133563594816e-21,4.3624798471394925e-22,9.234390262562369e-23,1.9470756863501135e-23,4.10202595752468e-24,8.64048875462999e-25,1.8199618110366515e-25,3.83338891979778e-26,8.074261021561114e-27,1.7006797294984996e-27,3.582137570311646e-28,7.545047916526786e-29,1.5892130521010912e-29,3.347331308800712e-30,7.0507018960325965e-31,1.4849200118128283e-31,3.134198683296206e-32,6.901640687395418e-33,2.774886461942554e-33,6.90164068739542e-33,3.134198683296206e-32,1.4849200118128286e-31,7.0507018960325965e-31,3.3473313088007126e-30,1.5892130521010926e-29,7.545047916526786e-29,3.582137570311647e-28,1.7006797294984992e-27,8.074261021561119e-27,3.833388919797777e-26,1.8199618110366515e-25,8.640488754629987e-25,4.1020259575246805e-24,1.947075686350114e-23,9.234390262562367e-23,4.362479847139492e-22,2.0234133563595527e-21,8.642245434456322e-21,2.700035746162828e-20,3.929181622396312e-20,2.1423317933205066e-20,6.115594263656848e-21,1.3857941751165692e-21,2.9656404215081415e-22,6.267604221765475e-23,1.3210828811229341e-23,2.783026708413223e-24,5.862846207928504e-25,1.2385969314675814e-25,2.7844684864724253e-26,1.420235586661139e-26,4.2574769863000356e-26,1.9689513586979026e-25,9.336702479089356e-25,4.432078227200738e-24,2.1031951359010978e-23,9.962708044391521e-23,4.679667619537892e-22,2.1140796602954614e-21,8.096422972276455e-21,1.8371229939393218e-20,1.62788351675688e-20,6.0533172133733756e-21,1.4865008062925893e-21,3.241073970987761e-22,6.877276074557184e-23,1.450821511896029e-23,3.0568671379815593e-24,6.439117816914347e-25,1.3562895741263912e-25,2.856758124897667e-26,6.017186391922941e-27,1.2673986925811013e-27,2.669518014405537e-28,5.622798213474714e-29,1.1843337674139173e-29,2.4945607604675672e-30,5.253214664559234e-31,1.1078912005087574e-31,2.3255604078475873e-32,4.983343731101973e-33,9.870390964984584e-34,2.407412430484045e-34,2.407412430484045e-35,2.407412430484045e-35,0.0,0.0,0.0,0.0,0.0,0.0,0.0,0.0
0.0,0.0,0.0,0.0,0.0,0.0,0.0,7.222237291452134e-35,2.407412430484045e-35,7.222237291452134e-35,4.574083617919685e-34,2.0703746902162785e-33,9.894465089289424e-33,4.7064913015963076e-32,2.230226875600419e-31,1.0590448022942362e-30,5.028169750557586e-30,2.3871997957177008e-29,1.1333625869882508e-28,5.380827504898062e-28,2.5546378821150424e-27,1.2128567730384052e-26,5.758233061800862e-26,2.7338006010129184e-25,1.2978794151903744e-24,6.161039194300224e-24,2.9231179962946825e-23,1.3834439681559316e-22,6.471461119440271e-22,2.8694581121763906e-21,1.0229556150044754e-20,1.951169366345629e-20,1.400375423800059e-20,4.5900208818539575e-21,1.0824024197783144e-21,2.3375364325904305e-22,4.9498062972743953e-23,1.0437483235486214e-23,2.1989855598384244e-24,4.632934683055284e-25,9.805253333611666e-26,2.287531096277039e-26,1.5369840912759265e-26,5.333288716819282e-26,2.490697662296085e-25,1.1816133507784968e-24,5.609367028064376e-24,2.662333368304278e-23,1.2621784454030974e-22,5.951917811413177e-22,2.7374726620894095e-21,1.1278977194399117e-20,3.141905695310062e-20,3.7489253320044637e-20,1.7254945254726224e-20,4.582869862188875e-21,1.0188607934549163e-21,2.171161296893847e-22,4.58439924997381e-23,9.661129247404015e-24,2.0351440962177835e-24,4.286717805987029e-25,9.029146876616425e-26,1.9018088961017593e-26,4.0057761962177025e-27,8.43735674059632e-28,1.7771582453057706e-28,3.7432257827277565e-29,7.884341824767843e-30,1.6606628210570472e-30,3.4977799607402178e-31,7.367679311129536e-32,1.5582054747830212e-32,3.379669408776159e-33,1.4230186984320834e-33,3.379669408776158e-33,1.5582054747830212e-32,7.367679311129539e-32,3.4977799607402165e-31,1.6606628210570476e-30,7.884341824767842e-30,3.7432257827277577e-29,1.7771582453057703e-28,8.43735674059632e-28,4.0057761962177e-27,1.9018088961017596e-26,9.029146876616421e-26,4.286717805987027e-25,2.0351440962177835e-24,9.661129247404015e-24,4.584399249973809e-23,2.171161296893847e-22,1.0188607934549515e-21,4.582869862188965e-21,1.725494525472658e-20,3.748925332004606e-20,3.1419056953098984e-20,1.1278977194398913e-20,2.7374726620893734e-21,5.951917811412936e-22,1.2621784454030974e-22,2.662333368301871e-23,5.60936702808845e-24,1.1816133507423856e-24,2.4906976626571966e-25,5.333288719226694e-26,1.5369840912759265e-26,2.2875310926659204e-26,9.805253334815372e-26,4.632934683175655e-25,2.1989855598263873e-24,1.0437483235510289e-23,4.949806297271988e-23,2.3375364325904305e-22,1.0824024197783384e-21,4.590020881854078e-21,1.4003754238001e-20,1.9511693663455978e-20,1.0229556150044465e-20,2.869458112176463e-21,6.471461119440031e-22,1.3834439681552094e-22,2.923117996304312e-23,6.1610391941317054e-24,1.2978794153588932e-24,2.733800600772177e-25,5.75823305939345e-26,1.2128567754458177e-26,2.5546378821150424e-27,5.380828227121791e-28,1.1333623462470078e-28,2.3871949808928398e-29,5.028121602308976e-30,1.0591651729157604e-30,2.2304676168434675e-31,4.6944542394438874e-32,9.894465089289424e-33,2.1185229388259594e-33,4.333342374871281e-34,7.222237291452134e-35,2.407412430484045e-35,2.407412430484045e-35,0.0,0.0,0.0,0.0,0.0,0.0,0.0
0.0,0.0,0.0,0.0,0.0,0.0,0.0,4.81482486096809e-35,4.81482486096809e-35,2.1666711874356403e-34,8.907425992790966e-34,4.2129717533470784e-33,1.9957449048712732e-32,9.468353089093748e-32,4.496564937658099e-31,2.1347729727317267e-30,1.013491744284617e-29,4.8117698545938054e-29,2.284467562847926e-28,1.0845889889256274e-27,5.149267410635794e-27,2.4446995608763992e-26,1.160658987090458e-25,5.5103540139890265e-25,2.6159776768970906e-24,1.2416296085595347e-23,5.886975513296814e-23,2.7773192974347775e-22,1.2800634288242552e-21,5.321143368073121e-21,1.5233381520628696e-20,1.900941341242307e-20,9.071562937137184e-21,2.4448894949241687e-21,5.456023787964743e-22,1.1636325629336797e-22,2.4574425116448998e-23,5.1789992257685795e-24,1.09102125819103e-24,2.300059623251199e-25,4.938992165691866e-26,1.4882760025166552e-26,2.4403166775648272e-26,1.0611526485996742e-25,5.017450237543126e-25,2.3816219712425084e-24,1.1305609039368786e-23,5.364261357190499e-23,2.539437903122071e-22,1.1893391894323959e-21,5.302366540289396e-21,1.929375396725069e-20,3.8583550866285405e-20,2.9239023205171566e-20,9.883049154931989e-21,2.3528343630844233e-21,5.092397303927271e-22,1.0788452771116901e-22,2.2751518923267773e-23,4.7933828912069795e-24,1.009683896808295e-24,2.126719007347833e-25,4.479513726884792e-26,9.435193389068205e-27,1.9873326110507933e-27,4.185914084926014e-28,8.816778381039161e-29,1.857078534303019e-29,3.911558222709434e-30,8.238566754540089e-31,1.7353713027364907e-31,3.6571580549698264e-32,7.719876438993795e-33,1.707622438118493e-33,6.4035841429443865e-34,1.7076224381184934e-33,7.719876438993794e-33,3.657158054969828e-32,1.7353713027364892e-31,8.238566754540089e-31,3.911558222709434e-30,1.8570785343030184e-29,8.816778381039165e-29,4.185914084926014e-28,1.987332611050794e-27,9.4351933890682e-27,4.4795137268847945e-26,2.126719007347832e-25,1.009683896808295e-24,4.7933828912069795e-24,2.2751518923267773e-23,1.0788452771116904e-22,5.092397303927269e-22,2.3528343630844955e-21,9.883049154932163e-21,2.923902320517231e-20,3.858355086628483e-20,1.9293753967250437e-20,5.3023665402892995e-21,1.1893391894323478e-21,2.5394379031221915e-22,5.364261357186888e-23,1.1305609039368786e-23,2.3816219712545455e-24,5.017450237182015e-25,1.0611526487200448e-25,2.4403166775648272e-26,1.4882760061277738e-26,4.938992171710397e-26,2.300059622649346e-25,1.091021258178993e-24,5.1789992257806166e-24,2.457442511643696e-23,1.1636325629336797e-22,5.456023787964743e-22,2.444889494924217e-21,9.071562937137521e-21,1.9009413412423022e-20,1.5233381520628287e-20,5.3211433680731936e-21,1.280063428824231e-21,2.7773192974347775e-22,5.886975513304036e-23,1.2416296085595347e-23,2.6159776768489424e-24,5.510354013748285e-25,1.1606589873311992e-25,2.444699553654162e-26,5.1492674347099184e-27,1.084589037073876e-27,2.284467322106683e-28,4.8117698545938054e-29,1.0135061887592e-29,2.1346526021102025e-30,4.496564937658099e-31,9.473167913954716e-32,1.9957449048712732e-32,4.1648235047373975e-33,8.907425992790966e-34,2.1666711874356403e-34,2.407412430484045e-35,2.407412430484045e-35,0.0,0.0,0.0,0.0,0.0,0.0,0.0
0.0,0.0,0.0,0.0,0.0,0.0,7.222237291452134e-35,2.407412430484045e-35,7.222237291452134e-35,3.851859888774472e-34,1.8055593228630336e-33,8.450017630998997e-33,4.020378758908355e-32,1.9090780573738475e-31,9.063426318286332e-31,4.302864533501353e-30,2.0428675957855678e-29,9.698860421900165e-29,4.604696515126963e-28,2.1861569521668483e-27,1.0379143343165328e-26,4.927666567338733e-26,2.3394797894274753e-25,1.1106792300204377e-24,5.272505321609275e-24,2.5017903755247835e-23,1.1845755160476047e-22,5.552977826862892e-22,2.485821751212725e-21,9.187667284367557e-21,1.9071801521102186e-20,1.5109142422533864e-20,5.241693373128007e-21,1.258185683954559e-21,2.7284392004589437e-22,5.782719747787626e-23,1.2196123859888362e-23,2.5695947411633354e-24,5.413490044641187e-25,1.144262039396673e-25,2.600353848520126e-26,1.4506774047151635e-26,4.592532247709129e-26,2.1320411197076293e-25,1.0111925399873172e-24,4.800330233857394e-24,2.2784440430004734e-23,1.0804043614502819e-22,5.099713873447056e-22,2.3561234504918965e-21,9.895224250207238e-21,2.9259532379876944e-20,3.857516828654298e-20,1.9274454239448307e-20,5.295299553202106e-21,1.1876497062134283e-21,2.535781049165122e-22,5.356514308028292e-23,1.1289267560411289e-23,2.3781599120762254e-24,5.009247303960425e-25,1.0551024986115687e-25,2.222362413070153e-26,4.680957593189078e-27,9.859489419557358e-28,2.0767019019998335e-28,4.3741531403532136e-29,9.21326341165736e-30,1.9406061745012746e-30,4.0872654565635695e-31,8.609263125510585e-32,1.8143488405007548e-32,3.806575018305767e-33,8.538112190592494e-34,3.5575467460802175e-34,8.538112190592498e-34,3.806575018305766e-33,1.8143488405007548e-32,8.609263125510587e-32,4.0872654565635695e-31,1.9406061745012756e-30,9.213263411657359e-30,4.3741531403532136e-29,2.0767019019998344e-28,9.859489419557364e-28,4.6809575931890754e-27,2.222362413070153e-26,1.0551024986115694e-25,5.009247303960424e-25,2.3781599120762228e-24,1.1289267560411289e-23,5.35651430802829e-23,2.535781049165122e-22,1.187649706213463e-21,5.295299553202198e-21,1.9274454239448728e-20,3.857516828654461e-20,2.925953237987503e-20,9.895224250207021e-21,2.3561234504918242e-21,5.0997138734472965e-22,1.0804043614500411e-22,2.278444043006492e-23,4.8003302338212826e-24,1.0111925399752801e-24,2.1320411199483705e-25,4.592532248912835e-26,1.4506773999003386e-26,2.6003538449090075e-26,1.144262040359638e-25,5.413490044520817e-25,2.5695947411272242e-24,1.2196123859924474e-23,5.782719747781607e-23,2.728439200459064e-22,1.2581856839546432e-21,5.2416933731281876e-21,1.510914242253396e-20,1.9071801521101897e-20,9.18766728436758e-21,2.4858217512127008e-21,5.55297782686217e-22,1.1845755160478454e-22,2.5017903755199687e-23,5.2725053217055716e-24,1.1106792299241412e-24,2.3394797894274753e-25,4.927666569746145e-26,1.0379143367239452e-26,2.186156855870351e-27,4.6046972373506925e-28,9.698862829312596e-29,2.0428700031979983e-29,4.302912681749962e-30,9.063185577043284e-31,1.9090780573738475e-31,4.017971346477871e-32,8.498165879608678e-33,1.7092628256436718e-33,4.092601131822876e-34,4.81482486096809e-35,4.81482486096809e-35,2.407412430484045e-35,0.0,0.0,0.0,0.0,0.0,0.0
0.0,0.0,0.0,0.0,0.0,0.0,4.81482486096809e-35,4.81482486096809e-35,1.4444474582904269e-34,7.944461020597348e-34,3.635192770030908e-33,1.6996331759217356e-32,8.108165065870263e-32,3.847767287642649e-31,1.826792700499903e-30,8.673136615056259e-30,4.117717665710116e-29,1.954955875320339e-28,9.28147890288364e-28,4.4065370294441016e-27,2.0920762517929786e-26,9.932459861713832e-26,4.71555118877758e-25,2.2386732556312357e-24,1.0625915802210854e-23,5.0390673536206676e-23,2.3794619276135864e-22,1.1013259825995162e-21,4.661327645891384e-21,1.4132487566947064e-20,1.947083441269884e-20,1.0107167472378542e-20,2.822788532265263e-21,6.358771129986816e-22,1.3589988744191174e-22,2.871307593868624e-23,6.051775104891517e-24,1.2748945972593024e-24,2.6870856812272178e-25,5.740583333030181e-26,1.5924992626641316e-26,2.1554936485581007e-26,9.09506926903171e-26,4.2940355525611265e-25,2.0381130934578704e-24,9.675115607469468e-24,4.591030365125907e-23,2.1742939835188787e-22,1.0203137795514181e-21,4.58905709766866e-21,1.7273129421691242e-20,3.7500944458768365e-20,3.139954456603372e-20,1.1265459779541088e-20,2.733673337036008e-21,5.943389143131923e-22,1.2603575281015998e-22,2.658486808725363e-23,5.6012519993456114e-24,1.1798652149854086e-24,2.48518038851659e-25,5.234543985631318e-26,1.1025513483037914e-26,2.322301440286575e-27,4.891457780938249e-28,1.0302865266825836e-28,2.170089284696555e-29,4.57084278566625e-30,9.627788758872533e-31,2.027801645263757e-31,4.2726136420414717e-32,9.000593267582566e-33,1.8854997754225003e-33,4.269056095296258e-34,1.4230186984320875e-34,4.2690560952962565e-34,1.8854997754224997e-33,9.000593267582576e-33,4.2726136420414717e-32,2.027801645263758e-31,9.627788758872538e-31,4.570842785666254e-30,2.1700892846965543e-29,1.030286526682584e-28,4.891457780938246e-28,2.322301440286574e-27,1.1025513483037924e-26,5.234543985631316e-26,2.4851803885165913e-25,1.1798652149854091e-24,5.601251999345608e-24,2.658486808725362e-23,1.2603575281015998e-22,5.943389143132278e-22,2.7336733370360424e-21,1.1265459779541315e-20,3.1399544566034554e-20,3.75009444587676e-20,1.7273129421690965e-20,4.589057097668576e-21,1.0203137795514181e-21,2.174293983518999e-22,4.591030365125907e-23,9.675115607445394e-24,2.0381130934578704e-24,4.294035552440756e-25,9.095069270235416e-26,2.155493644946982e-26,1.5924992626641316e-26,5.740583339048712e-26,2.6870856807457353e-25,1.2748945972713394e-24,6.051775104915591e-24,2.87130759386742e-23,1.3589988744198396e-22,6.358771129986094e-22,2.8227885322653835e-21,1.0107167472378687e-20,1.947083441269855e-20,1.4132487566947208e-20,4.6613276458913356e-21,1.101325982599444e-21,2.379461927614068e-22,5.0390673536134454e-23,1.0625915802259002e-23,2.2386732555590133e-24,4.715551189018321e-25,9.932459861713832e-26,2.0920762445707413e-26,4.4065371016664745e-27,9.281479143624883e-28,1.9549553938378528e-28,4.1177200731225467e-29,8.673112540931954e-30,1.8268649228728174e-30,3.847767287642649e-31,8.100942828578811e-32,1.711670238074156e-32,3.587044521421227e-33,6.98149604840373e-34,1.6851887013388314e-34,2.407412430484045e-35,2.407412430484045e-35,0.0,0.0,0.0,0.0,0.0,0.0
0.0,0.0,0.0,0.0,0.0,0.0,9.62964972193618e-35,4.81482486096809e-35,2.8888949165808538e-34,1.5166698312049482e-33,7.294459664366656e-33,3.4401923631617e-32,1.6341515578125696e-31,7.755238403561302e-31,3.6822817571711756e-30,1.7482027217067512e-29,8.299903428896165e-29,3.940515258939477e-28,1.8708255497820442e-27,8.882055934300672e-27,4.2169006841374024e-26,2.0020351112365572e-25,9.504792054142328e-25,4.512097580522582e-24,2.1411540014561416e-23,1.0142104128792519e-22,4.763019111920999e-22,2.1498573840170247e-21,8.205118863908436e-21,1.8452862347205938e-20,1.6162482772210914e-20,5.96544220690083e-21,1.4612522825620686e-21,3.1841075203552145e-22,6.755516609319598e-23,1.4250961861053937e-23,3.0026618112532027e-24,6.3256516584537445e-25,1.3358177004024772e-25,2.976396116652493e-26,1.3996394835946867e-26,3.963428923785977e-26,1.8252181517794149e-25,8.653547009719498e-25,4.1079744471854775e-24,1.9498933084537524e-23,9.247738268378935e-23,4.36875435156222e-22,2.026256072230925e-21,8.653136408791234e-21,2.7021332909235995e-20,3.9287053749266146e-20,2.1403121212499346e-20,6.107552030797571e-21,1.3838313266722744e-21,2.961372451112988e-22,6.258553769338621e-23,1.3191735309939794e-23,2.7789874352648106e-24,5.85355866605931e-25,1.2329417794382506e-25,2.596945817265167e-26,5.469942107632813e-27,1.1521325858293113e-27,2.426734261912315e-28,5.111422685222905e-29,1.07662037171078e-29,2.2676514468618412e-30,4.776362261276384e-31,1.0060742197910017e-31,2.1202978606635975e-32,4.482508900060981e-33,9.249621539808529e-34,2.1345280476481304e-34,7.11509349216044e-35,2.13452804764813e-34,9.249621539808534e-34,4.482508900060982e-33,2.1202978606635956e-32,1.0060742197910015e-31,4.776362261276384e-31,2.2676514468618433e-30,1.0766203717107797e-29,5.111422685222905e-29,2.4267342619123157e-28,1.1521325858293123e-27,5.4699421076328085e-27,2.596945817265168e-26,1.2329417794382499e-25,5.853558666059311e-25,2.7789874352648106e-24,1.3191735309939794e-23,6.25855376933862e-23,2.96137245111299e-22,1.3838313266723096e-21,6.1075520307976996e-21,2.14031212124998e-20,3.92870537492681e-20,2.70213329092336e-20,8.65313640879115e-21,2.0262560722307925e-21,4.368754351562702e-22,9.247738268377731e-23,1.9498933084537524e-23,4.1079744471854775e-24,8.653547009599127e-25,1.8252181522608973e-25,3.963428923785977e-26,1.399639479983568e-26,2.976396121467318e-26,1.335817700161736e-25,6.325651658333374e-25,3.0026618112411657e-24,1.4250961861029863e-23,6.755516609325617e-23,3.1841075203548534e-22,1.4612522825621408e-21,5.9654422069009265e-21,1.6162482772210673e-20,1.8452862347206227e-20,8.205118863908195e-21,2.149857384017073e-21,4.763019111919796e-22,1.0142104128802148e-22,2.141154001458549e-23,4.512097580426286e-24,9.504792054142328e-25,2.002035111958781e-25,4.216900686544815e-26,8.882055862078299e-27,1.870825622004417e-27,3.9405157404219632e-28,8.299893799246443e-29,1.7482051291191817e-29,3.682233608922566e-30,7.755960627290447e-31,1.6339108165695212e-31,3.437784950731216e-32,7.270385540061815e-33,1.4925957069001078e-33,3.3703774026776627e-34,4.81482486096809e-35,2.407412430484045e-35,0.0,0.0,0.0,0.0,0.0,0.0
0.0,0.0,0.0,0.0,0.0,7.222237291452134e-35,0.0,1.6851887013388314e-34,6.500013562306921e-34,3.0814879110195774e-33,1.4588919328733312e-32,6.935755212224533e-32,3.2921364986869313e-31,1.5633495582320339e-30,7.42214881967953e-30,3.523777722748106e-29,1.6729730091840692e-28,7.942718053997677e-28,3.770938138449402e-27,1.7903152792044175e-26,8.499805122843781e-26,4.0353878605397263e-25,1.9157847395655176e-24,9.093633747656859e-24,4.313132776619976e-23,2.0382609057974111e-22,9.468276327975141e-22,4.070827982816253e-21,1.3004795167039528e-20,1.973839425178001e-20,1.1191686914417125e-20,3.2529065998749552e-21,7.407622701641248e-22,1.587015584565089e-22,3.354805695211949e-23,7.071604043104273e-24,1.4897596640752845e-24,3.139438479442953e-25,6.681738529254643e-26,1.7354392397053195e-26,1.9230748086151677e-26,7.799729951578298e-26,3.6750152511762455e-25,1.744150311133786e-24,8.279744172205083e-24,3.929193742551528e-23,1.861512736081299e-22,8.750000380339195e-22,3.965530599971271e-21,1.5381078142717724e-20,3.6083592461327214e-20,3.342300239759135e-20,1.2794354398889593e-20,3.1731784005635744e-21,6.935156757852449e-22,1.4723439024828813e-22,3.1063800872505004e-23,6.5452652810996984e-24,1.3787298743130569e-24,2.904060670965103e-25,6.11683586648976e-26,1.2883885044236368e-26,2.7137298857249622e-27,5.715922792703363e-28,1.2039431903413464e-28,2.535862010859152e-29,5.3413006844282926e-30,1.1250385829743508e-30,2.369681887561347e-31,4.991238084749357e-32,1.0494762900936123e-32,2.2056789825697126e-33,4.980565444512297e-34,7.11509349216044e-35,7.11509349216044e-35,7.115093492160437e-35,4.980565444512297e-34,2.205678982569713e-33,1.0494762900936123e-32,4.991238084749357e-32,2.369681887561348e-31,1.1250385829743513e-30,5.3413006844282975e-30,2.5358620108591534e-29,1.2039431903413461e-28,5.715922792703359e-28,2.7137298857249633e-27,1.2883885044236364e-26,6.116835866489767e-26,2.9040606709651043e-25,1.3787298743130567e-24,6.5452652810996984e-24,3.1063800872505027e-23,1.4723439024828813e-22,6.9351567578528085e-22,3.1731784005636113e-21,1.2794354398889885e-20,3.3423002397592286e-20,3.608359246132624e-20,1.5381078142717543e-20,3.965530599971151e-21,8.750000380338593e-22,1.8615127360814193e-22,3.929193742555139e-23,8.279744172144898e-24,1.7441503111819344e-24,3.6750152508151336e-25,7.799729958800535e-26,1.9230748038003428e-26,1.735439242112732e-26,6.681738528050936e-26,3.139438479683694e-25,1.4897596640391733e-24,7.07160404311631e-24,3.3548056952131525e-23,1.5870155845649687e-22,7.407622701641489e-22,3.2529065998750515e-21,1.1191686914416956e-20,1.9738394251780324e-20,1.3004795167039528e-20,4.070827982815964e-21,9.468276327975623e-22,2.0382609057974111e-22,4.3131327766175686e-23,9.093633747560562e-24,1.91578473963774e-24,4.035387861021209e-25,8.499805118028956e-26,1.790315276797005e-26,3.770938138449402e-27,7.942718053997677e-28,1.6729727684428262e-28,3.5237801301605366e-29,7.422076597306615e-30,1.5633014099834242e-30,3.2935809461452217e-31,6.933347799794049e-32,1.4661141701647833e-32,3.057413786714737e-33,6.500013562306921e-34,7.222237291452134e-35,9.62964972193618e-35,2.407412430484045e-35,0.0,0.0,0.0,0.0,0.0
0.0,0.0,0.0,0.0,0.0,9.62964972193618e-35,4.81482486096809e-35,2.407412430484045e-34,1.3481509610710651e-33,6.162975822039155e-33,2.949080227342955e-32,1.3979843983820848e-31,6.6372360708445116e-31,3.151086204384871e-30,1.4960455289129914e-29,7.102718893928324e-29,3.372135295234402e-28,1.6009777034099911e-27,7.600908244513708e-27,3.608655465586631e-26,1.713262942415859e-25,8.133852655800866e-25,3.861344693325669e-24,1.832476448784439e-23,8.682857330697649e-23,4.0840885100455126e-22,1.8565852242304608e-21,7.290033920127384e-21,1.767715666803327e-20,1.7133755038343095e-20,6.7629904304356255e-21,1.695394051791726e-21,3.7150529287527953e-22,7.891590132266636e-23,1.6651839607276483e-23,3.5087103750368706e-24,7.391593681231654e-25,1.5598493047805915e-25,3.4248001817865866e-26,1.3826294945847512e-26,3.4306840867485654e-26,1.56276942467899e-25,7.405545219582341e-25,3.515473668061474e-24,1.6687081238807376e-23,7.915360858962881e-23,3.7419966012337014e-22,1.7413549286663398e-21,7.545362302709567e-21,2.475900573144268e-20,3.9598179758067765e-20,2.3613312445078854e-20,7.029962871820982e-21,1.6116471361596128e-21,3.458035908712647e-22,7.312337391855585e-23,1.541473600900031e-23,3.2473693775876988e-24,6.840177770941667e-25,1.4407561050858447e-25,3.0346659396345e-26,6.391911458645914e-27,1.3463268224148282e-27,2.8357649767860227e-28,5.972964452904325e-29,1.2580837161145627e-29,2.6499098447191666e-30,5.581435089910347e-31,1.1754134449042432e-31,2.4760525352715393e-32,5.2295937167377926e-33,1.1028394912848626e-33,2.13452804764813e-34,7.11509349216044e-35,0.0,7.11509349216044e-35,2.13452804764813e-34,1.1028394912848623e-33,5.2295937167377946e-33,2.4760525352715404e-32,1.1754134449042434e-31,5.581435089910348e-31,2.649909844719165e-30,1.258083716114562e-29,5.972964452904327e-29,2.8357649767860236e-28,1.3463268224148288e-27,6.391911458645913e-27,3.0346659396345006e-26,1.4407561050858452e-25,6.840177770941665e-25,3.2473693775877013e-24,1.5414736009000307e-23,7.312337391855586e-23,3.458035908712646e-22,1.611647136159665e-21,7.029962871821118e-21,2.3613312445079365e-20,3.95981797580701e-20,2.4759005731439792e-20,7.545362302709483e-21,1.7413549286662917e-21,3.741996601233581e-22,7.915360858962881e-23,1.6687081238807376e-23,3.515473668061474e-24,7.4055452194619705e-25,1.5627694243178782e-25,3.4306840879522716e-26,1.3826294945847512e-26,3.424800185397705e-26,1.5598493045398502e-25,7.391593681472395e-25,3.5087103750248335e-24,1.665183960732463e-23,7.891590132264229e-23,3.7150529287527953e-22,1.695394051791738e-21,6.7629904304356496e-21,1.7133755038343383e-20,1.7677156668033293e-20,7.290033920127167e-21,1.8565852242302923e-21,4.084088510045994e-22,8.682857330690426e-23,1.8324764487940687e-23,3.861344693325669e-24,8.1338526555601245e-25,1.7132629419343765e-25,3.6086554728088683e-26,7.600908220439584e-27,1.6009776552617425e-27,3.372135295234402e-28,7.102723708753185e-29,1.4960407140881305e-29,3.151110278509176e-30,6.63747681208756e-31,1.3977436571390364e-31,2.944265402481987e-32,6.211124070648836e-33,1.3481509610710651e-33,2.407412430484045e-34,2.407412430484045e-35,2.407412430484045e-35,0.0,0.0,0.0,0.0,0.0
0.0,0.0,0.0,0.0,7.222237291452134e-35,0.0,9.62964972193618e-35,5.7777898331617076e-34,2.6481536735324493e-33,1.2518544638517033e-32,5.936679053573655e-32,2.817635508638526e-31,1.3377990876199837e-30,6.351620660091884e-30,3.01550314371244e-29,1.4316628945783414e-28,6.797060570985702e-28,3.227017990594655e-27,1.5320802752107594e-26,7.273795598843585e-26,3.4533291960717598e-25,1.6394649153452098e-24,7.782260966493999e-24,3.6916661670340103e-23,1.7457383144680325e-22,8.134713432593491e-22,3.5455529516584634e-21,1.1876235514239089e-20,1.9801966124164566e-20,1.2309429581587822e-20,3.740403083516099e-21,8.625057089272857e-22,1.8530846611196482e-22,3.9196280558122173e-23,8.263251802386273e-24,1.740838990639516e-24,3.668115034427061e-25,7.78533882645856e-26,1.920571064779984e-26,1.737409612890586e-26,6.694016563761705e-26,3.145340270636696e-25,1.492587992864568e-24,7.085596997458967e-24,3.362720474473115e-23,1.5936229332749346e-22,7.501540524170319e-22,3.422100681599938e-21,1.3629908851760568e-20,3.438134447901766e-20,3.524881313179086e-20,1.447111726824299e-20,3.679347341319678e-21,8.090469233060416e-22,1.7198970966495543e-22,3.629693627334132e-23,7.648361424285888e-24,1.6111121230615136e-24,3.3935434083347275e-25,7.147839493746067e-26,1.5055488682079286e-26,3.1711343306254375e-27,6.67935269393392e-28,1.406870281294957e-28,2.963290579647955e-29,6.2415378884739844e-30,1.3146558245382125e-30,2.769194387145174e-31,5.834376663569932e-32,1.2273536273976043e-32,2.5970091246385276e-33,5.336320119120316e-34,1.0672640238240656e-34,3.5575467460802203e-35,0.0,3.5575467460802193e-35,1.0672640238240654e-34,5.336320119120316e-34,2.5970091246385296e-33,1.2273536273976035e-32,5.834376663569933e-32,2.769194387145173e-31,1.3146558245382125e-30,6.2415378884739886e-30,2.963290579647955e-29,1.4068702812949572e-28,6.679352693933922e-28,3.1711343306254375e-27,1.5055488682079292e-26,7.147839493746064e-26,3.393543408334729e-25,1.6111121230615132e-24,7.648361424285888e-24,3.629693627334133e-23,1.7198970966495548e-22,8.090469233060412e-22,3.679347341319787e-21,1.4471117268243264e-20,3.5248813131791994e-20,3.438134447901643e-20,1.3629908851760364e-20,3.42210068159989e-21,7.501540524169476e-22,1.5936229332756568e-22,3.362720474471911e-23,7.08559699744693e-24,1.4925879928886421e-24,3.1453402700348427e-25,6.694016564965411e-26,1.7374096152979983e-26,1.920571069594809e-26,7.785338819236322e-26,3.668115034427061e-25,1.7408389906756274e-24,8.26325180239831e-24,3.9196280558122173e-23,1.8530846611197686e-22,8.625057089272737e-22,3.740403083516099e-21,1.2309429581588063e-20,1.9801966124164782e-20,1.1876235514238728e-20,3.545552951658343e-21,8.134713432593251e-22,1.7457383144687547e-22,3.6916661670340103e-23,7.782260966421776e-24,1.639464915369284e-24,3.453329196312501e-25,7.273795591621347e-26,1.5320802800255842e-26,3.2270179424464066e-27,6.797060811726945e-28,1.4316631353195844e-28,3.015507958537301e-29,6.351524363594665e-30,1.3378472358685934e-30,2.818116991124623e-31,5.931864228712686e-32,1.2518544638517033e-32,2.6000054249227684e-33,5.296307347064899e-34,9.62964972193618e-35,9.62964972193618e-35,2.407412430484045e-35,0.0,0.0,0.0,0.0
0.0,0.0,0.0,0.0,4.81482486096809e-35,9.62964972193618e-35,2.407412430484045e-34,1.0833355937178202e-33,5.248159098455218e-33,2.530190464438731e-32,1.1960024954644735e-31,5.6795674059979585e-31,2.6965908116337883e-30,1.280257115706554e-29,6.078227682248825e-29,2.885738317402003e-28,1.3700526123245124e-27,6.504553219927085e-27,3.088143383239583e-26,1.466142897576575e-25,6.9606490152026e-25,3.3044371006873767e-24,1.5682790598013495e-23,7.433116955203481e-23,3.5009407641882656e-22,1.6012907490314492e-21,6.447087756976538e-21,1.6771377682298236e-20,1.7992814411137083e-20,7.63407256409353e-21,1.9647753004665664e-21,4.333413812592891e-22,9.218209452118319e-23,1.945697046432122e-23,4.1000364970117984e-24,8.637228143077518e-25,1.821803357256283e-25,3.9564675561129043e-26,1.3992338983965795e-26,2.9813457144798507e-26,1.3383143953340644e-25,6.337580802205067e-25,3.0084278222914175e-24,1.428063073154798e-23,6.774759995314711e-23,3.204738170956195e-22,1.4956126581528565e-21,6.562908552400434e-21,2.2520620690235444e-20,3.9496692554390905e-20,2.5868984824631572e-20,8.072715804370065e-21,1.87592244848047e-21,4.037510387433814e-22,8.543333786935651e-23,1.801224798380316e-23,3.7946900323211415e-24,7.9930899193133525e-25,1.6835977851059723e-25,3.5461645756154367e-26,7.469280586951562e-27,1.5732528361963422e-27,3.3137384569394753e-28,6.979718163500186e-29,1.4701384049804763e-29,3.096524263209791e-30,6.522406204243116e-31,1.3739245533352774e-31,2.892285504562819e-32,6.0834049357969974e-33,1.2807168285888706e-33,2.8460373968641724e-34,7.11509349216044e-35,0.0,0.0,0.0,7.11509349216044e-35,2.8460373968641733e-34,1.280716828588872e-33,6.083404935797e-33,2.892285504562819e-32,1.3739245533352779e-31,6.522406204243113e-31,3.0965242632097927e-30,1.4701384049804766e-29,6.979718163500184e-29,3.3137384569394758e-28,1.5732528361963422e-27,7.469280586951557e-27,3.5461645756154344e-26,1.6835977851059716e-25,7.993089919313349e-25,3.794690032321142e-24,1.801224798380317e-23,8.543333786935651e-23,4.037510387433814e-22,1.8759224484805398e-21,8.072715804370176e-21,2.5868984824632213e-20,3.9496692554390514e-20,2.252062069023519e-20,6.562908552400265e-21,1.4956126581528806e-21,3.204738170955232e-22,6.774759995323137e-23,1.4280630731499833e-23,3.0084278222914175e-24,6.33758080280692e-25,1.3383143949729525e-25,2.9813457144798507e-26,1.3992339020076982e-26,3.9564675512980795e-26,1.8218033577377654e-25,8.637228142716406e-25,4.1000364970479096e-24,1.9456970464248998e-23,9.218209452119522e-23,4.333413812592891e-22,1.9647753004666387e-21,7.634072564093674e-21,1.799281441113742e-20,1.677137768229797e-20,6.447087756976297e-21,1.6012907490314492e-21,3.500940764188025e-22,7.433116955205889e-23,1.5682790597917198e-23,3.304437100735525e-24,6.960649015684082e-25,1.46614289661361e-25,3.088143383239583e-26,6.504553244001209e-27,1.3700526363986367e-27,2.885738798884489e-28,6.078222867423964e-29,1.2802547082941236e-29,2.696638959882398e-30,5.679808147241007e-31,1.1960024954644735e-31,2.515745989855827e-32,5.320381471369739e-33,1.1555579666323415e-33,2.407412430484045e-34,0.0,2.407412430484045e-35,0.0,0.0,0.0,0.0
0.0,0.0,0.0,7.222237291452134e-35,2.407412430484045e-35,1.2037062152420224e-34,4.333342374871281e-34,2.262967684655002e-33,1.0688911191349159e-32,5.082047640751819e-32,2.4112642903728193e-31,1.1448690554409924e-30,5.435383563173962e-30,2.5805535324844573e-29,1.225160352598767e-28,5.816652210544525e-28,2.761552837918083e-27,1.3110930644903414e-26,6.224625029744572e-26,2.9552251415532343e-25,1.4029979865077733e-24,6.659962167038537e-24,3.159663451374668e-23,1.4950154986601065e-22,6.985048678255956e-22,3.080757537177264e-21,1.076915964241448e-20,1.9659121319339348e-20,1.3440512038877466e-20,4.290261859433974e-21,1.0036594766938743e-21,2.163481933876369e-22,4.579419888219207e-23,9.655651069242735e-24,2.0342350895636204e-24,4.285967738857227e-25,9.078214535253123e-26,2.152395639779277e-26,1.593984193169853e-26,5.751047237826128e-26,2.6921335666022454e-25,1.2773110305169418e-24,6.063661420510885e-24,2.8778820962225556e-23,1.3642092619405676e-22,6.429536279415297e-22,2.9496908176597145e-21,1.2025617788734188e-20,3.2450995215748024e-20,3.6818006115341327e-20,1.6292534887613247e-20,4.260906905305799e-21,9.43559086293917e-22,2.0089522668548015e-22,4.241112988280563e-23,8.937342305920005e-24,1.8826608907550672e-24,3.9655285490429937e-25,8.352620418584668e-26,1.7593120176215565e-26,3.705635220162413e-27,7.805170727601584e-28,1.644001049591397e-28,3.462755912457014e-29,7.293611187624136e-30,1.5362198358810653e-30,3.235944520229557e-31,6.816259565487479e-32,1.4336913386702306e-32,3.023914734168143e-33,6.403584142944378e-34,1.4230186984320869e-34,3.5575467460802203e-35,0.0,0.0,0.0,3.5575467460802193e-35,1.4230186984320877e-34,6.403584142944378e-34,3.023914734168143e-33,1.4336913386702306e-32,6.816259565487481e-32,3.2359445202295564e-31,1.5362198358810653e-30,7.293611187624137e-30,3.4627559124570176e-29,1.6440010495913963e-28,7.805170727601581e-28,3.705635220162414e-27,1.7593120176215568e-26,8.352620418584671e-26,3.9655285490429946e-25,1.882660890755066e-24,8.937342305920002e-24,4.2411129882841214e-23,2.008952266854446e-22,9.435590862939518e-22,4.260906905305873e-21,1.629253488761359e-20,3.681800611534263e-20,3.245099521574652e-20,1.2025617788733983e-20,2.9496908176597024e-21,6.429536279414936e-22,1.3642092619409287e-22,2.877882096216537e-23,6.0636614205349594e-24,1.2773110305289788e-24,2.6921335668429867e-25,5.751047237826128e-26,1.593984191966147e-26,2.1523956373718645e-26,9.078214531642004e-26,4.285967739218339e-25,2.0342350896238057e-24,9.655651069182549e-24,4.579419888218003e-23,2.1634819338768506e-22,1.0036594766938382e-21,4.290261859434143e-21,1.344051203887778e-20,1.965912131933913e-20,1.0769159642414167e-20,3.080757537177336e-21,6.985048678255715e-22,1.4950154986603473e-22,3.159663451374668e-23,6.659962167014463e-24,1.4029979864596251e-24,2.9552251417939756e-25,6.224625029744572e-26,1.3110930644903414e-26,2.7615528860663315e-27,5.8166529327682545e-28,1.225159630375038e-28,2.5805439028347354e-29,5.4354557855468764e-30,1.1448690554409924e-30,2.411023549129771e-31,5.082047640751819e-32,1.0688911191349159e-32,2.2388935603501617e-33,5.537048590113303e-34,4.81482486096809e-35,2.407412430484045e-35,2.407412430484045e-35,0.0,0.0,0.0
0.0,0.0,0.0,4.81482486096809e-35,4.81482486096809e-35,2.1666711874356403e-34,9.388908478887775e-34,4.574083617919685e-33,2.152226712852736e-32,1.024353989170961e-31,4.860324955904238e-31,2.3076974076133957e-30,1.0955821007516925e-29,5.201508260377298e-29,2.4694995970662283e-28,1.1724361425894707e-27,5.5663364956670914e-27,2.6427098519887065e-26,1.2546671740352503e-25,5.956662017583012e-25,2.8278437253620893e-24,1.3421576505024777e-23,6.362924206804747e-23,3.000327689403047e-22,1.379588752764867e-21,5.678048776745032e-21,1.5764902876577953e-20,1.8711106052613702e-20,8.575868102422812e-21,2.2739135253399904e-21,5.053178458894014e-22,1.0767148530444767e-22,2.2734338780756312e-23,4.7910069620219386e-24,1.0092834616530909e-24,2.1280482834321144e-25,4.584324010119642e-26,1.4498563723539277e-26,2.604489554371517e-26,1.1463961954699693e-25,5.423691021962608e-25,2.5745131345922516e-24,1.2221154753496914e-23,5.798382268611156e-23,2.744310384656582e-22,1.2838856145793181e-21,5.695845722883759e-21,2.0346454810464735e-20,3.898647014016328e-20,2.8125920834193004e-20,9.245359444008203e-21,2.1821204570839286e-21,4.713426612740158e-22,9.981264909069924e-23,2.1047330129673364e-23,4.434251756648994e-24,9.340322834985374e-25,1.967370692706471e-25,4.143877213707665e-26,8.728242332592596e-27,1.838427652569694e-27,3.872275784435779e-28,8.156166853655943e-29,1.7179286509006467e-29,3.618487521777908e-30,7.621332394099852e-31,1.605520846504769e-31,3.3796694087756624e-32,7.150668959620999e-33,1.4941696333536819e-33,3.201792071472194e-34,7.11509349216044e-35,0.0,0.0,0.0,0.0,0.0,7.11509349216044e-35,3.2017920714721924e-34,1.4941696333536822e-33,7.150668959620999e-33,3.3796694087756624e-32,1.6055208465047704e-31,7.621332394099857e-31,3.618487521777906e-30,1.717928650900646e-29,8.156166853655942e-29,3.872275784435779e-28,1.8384276525696936e-27,8.728242332592595e-27,4.143877213707663e-26,1.9673706927064705e-25,9.34032283498537e-25,4.434251756648997e-24,2.1047330129673367e-23,9.981264909069921e-23,4.713426612740157e-22,2.182120457083984e-21,9.245359444008399e-21,2.8125920834193696e-20,3.8986470140162744e-20,2.034645481046447e-20,5.695845722883614e-21,1.2838856145793181e-21,2.744310384656582e-22,5.798382268613563e-23,1.2221154753460802e-23,2.5745131346042887e-24,5.423691021962608e-25,1.146396195229228e-25,2.604489556778929e-26,1.4498563711502215e-26,4.584324011323348e-26,2.128048283913597e-25,1.0092834616410538e-24,4.7910069619858274e-24,2.2734338780756312e-23,1.0767148530443563e-22,5.053178458894375e-22,2.2739135253400145e-21,8.575868102423125e-21,1.871110605261375e-20,1.5764902876577496e-20,5.678048776745128e-21,1.3795887527648189e-21,3.000327689403047e-22,6.362924206799933e-23,1.3421576505097e-23,2.827843725313941e-24,5.956662017823753e-25,1.254667173794509e-25,2.6427098519887065e-26,5.566336471592967e-27,1.1724362629600922e-27,2.4694993563249853e-28,5.201496223315145e-29,1.0955965452262754e-29,2.307625185240481e-30,4.860324955904238e-31,1.0238725066848643e-31,2.1570415377137042e-32,4.525935369310004e-33,9.62964972193618e-34,2.407412430484045e-34,2.407412430484045e-35,2.407412430484045e-35,0.0,0.0,0.0
0.0,0.0,7.222237291452134e-35,2.407412430484045e-35,7.222237291452134e-35,4.092601131822876e-34,1.9018558200823954e-33,9.196315484449051e-33,4.342972024593217e-32,2.063393194167875e-31,9.797446368340917e-31,4.6514578534354424e-30,2.2083290521327362e-29,1.0484427986916275e-28,4.977658385906142e-28,2.363226421623076e-27,1.1219810367591147e-26,5.32678635121503e-26,2.528966495273803e-25,1.200636502490757e-24,5.699486310375507e-24,2.7042675393226107e-23,1.2801680974820394e-22,5.994965156441846e-22,2.671361848092504e-21,9.701849653141656e-21,1.9315304985846885e-20,1.4561126111101087e-20,4.907018160092702e-21,1.1671059481006733e-21,2.5254912162646272e-22,5.350103674046542e-23,1.1282601093498717e-23,2.377078650202664e-24,5.0080167516101165e-25,1.0591797528072925e-25,2.4365490470184643e-26,1.4893115991218765e-26,4.947896673900791e-26,2.3043770851299726e-25,1.0930862533737256e-24,5.1891063923905605e-24,2.4629231836360868e-23,1.167765800027197e-22,5.5094945477912465e-22,2.539926960437383e-21,1.0569019755129741e-20,3.035273950056672e-20,3.807675835901735e-20,1.8249650404661388e-20,4.927248261907996e-21,1.1000749698841775e-21,2.3464232526290304e-22,4.955452167257609e-23,1.0443522981175605e-23,2.199977052782682e-24,4.633921717059873e-25,9.760469001013944e-26,2.0558474214490792e-26,4.3302272569772874e-27,9.120747590343043e-28,1.9211008554534846e-28,4.04640703140917e-29,8.522957041106553e-30,1.795173663524116e-30,3.7813164364018217e-31,7.965347164470579e-32,1.6756045174036495e-32,3.521971278619358e-33,7.470848166768435e-34,1.7787733730401083e-34,3.5575467460802203e-35,0.0,0.0,0.0,0.0,0.0,3.5575467460802193e-35,1.778773373040109e-34,7.470848166768436e-34,3.521971278619359e-33,1.6756045174036493e-32,7.965347164470577e-32,3.7813164364018243e-31,1.7951736635241155e-30,8.522957041106557e-30,4.046407031409171e-29,1.9211008554534846e-28,9.120747590343048e-28,4.330227256977287e-27,2.0558474214490786e-26,9.760469001013944e-26,4.633921717059871e-25,2.1999770527826797e-24,1.044352298117561e-23,4.955452167257608e-23,2.3464232526290294e-22,1.1000749698842135e-21,4.927248261908087e-21,1.824965040466178e-20,3.8076758359018844e-20,3.035273950056494e-20,1.056901975512956e-20,2.539926960437335e-21,5.509494547791126e-22,1.1677658000267156e-22,2.4629231836445128e-23,5.189106392318338e-24,1.0930862534218738e-24,2.3043770854910845e-25,4.947896666678554e-26,1.4893116039367014e-26,2.4365490470184643e-26,1.0591797526869219e-25,5.008016751489746e-25,2.377078650226738e-24,1.128260109348668e-23,5.350103674047746e-23,2.5254912162641458e-22,1.1671059481007455e-21,4.907018160092931e-21,1.4561126111101135e-20,1.9315304985846596e-20,9.70184965314168e-21,2.67136184809248e-21,5.994965156441124e-22,1.2801680974830023e-22,2.7042675393105736e-23,5.699486310447729e-24,1.2006365024185346e-24,2.528966496477509e-25,5.32678635121503e-26,1.121981027129465e-26,2.3632264697713247e-27,4.977658145164899e-28,1.0484425579503844e-28,2.2083386817824582e-29,4.651385631062528e-30,9.79696488585482e-31,2.0638746766539716e-31,4.347786849454185e-32,9.14816723583937e-33,1.9500040686920763e-33,3.851859888774472e-34,7.222237291452134e-35,2.407412430484045e-35,2.407412430484045e-35,0.0,0.0
0.0,0.0,4.81482486096809e-35,2.407412430484045e-35,2.407412430484045e-34,7.462978534500539e-34,3.9481563859938335e-33,1.8368556844593262e-32,8.770203484253375e-32,4.159286456147284e-31,1.974776342601757e-30,9.375667710520113e-30,4.451230954179654e-29,2.113299335334295e-28,1.003323989736219e-27,4.763448055622011e-27,2.261525565164532e-26,1.0736945109535104e-25,5.097485530222302e-25,2.419983828899508e-24,1.1486286643302477e-23,5.446572088752388e-23,2.5707626653925293e-22,1.1874572163316572e-21,4.9823511103685004e-21,1.4688023732567216e-20,1.9263439281700182e-20,9.582434356854534e-21,2.6276349197021356e-21,5.890428043506765e-22,1.2575412310360014e-22,2.656333184757369e-23,5.598407630616989e-24,1.1793795960686836e-24,2.486029234833168e-25,5.32363384824843e-26,1.5357276446728637e-26,2.2909535243438762e-26,9.823489719902707e-26,4.641658581044773e-25,2.2031828551960996e-24,1.0458641067883051e-23,4.9626195937330985e-23,2.349807960283712e-22,1.1016418986217152e-21,4.933863581649133e-21,1.8268415004718223e-20,3.808684157578662e-20,3.033265998005598e-20,1.0556179266262988e-20,2.5363911695026234e-21,5.501594764538727e-22,1.1660808605018542e-22,2.4593646036945163e-23,5.181597979914594e-24,1.0914627896931572e-24,2.298973787119135e-25,4.8423353649262203e-26,1.0199404448567692e-26,2.1482982751122184e-27,4.524955403507423e-28,9.530902526486466e-29,2.0074916106994683e-29,4.2283577604355335e-30,8.906318278773867e-31,1.8758943992064146e-31,3.9524344348943795e-32,8.324659385827388e-33,1.7431979055792927e-33,3.557546746080214e-34,7.11509349216044e-35,3.5575467460802203e-35,0.0,0.0,0.0,0.0,0.0,3.5575467460802193e-35,7.115093492160437e-35,3.557546746080214e-34,1.7431979055792937e-33,8.324659385827385e-33,3.952434434894375e-32,1.8758943992064173e-31,8.906318278773865e-31,4.228357760435535e-30,2.0074916106994694e-29,9.530902526486464e-29,4.524955403507423e-28,2.1482982751122166e-27,1.0199404448567698e-26,4.84233536492622e-26,2.2989737871191355e-25,1.0914627896931574e-24,5.181597979914596e-24,2.459364603694517e-23,1.1660808605018542e-22,5.501594764538729e-22,2.5363911695026945e-21,1.0556179266263213e-20,3.03326599800567e-20,3.808684157578592e-20,1.8268415004717982e-20,4.933863581649085e-21,1.1016418986217152e-21,2.3498079602832307e-22,4.9626195937367096e-23,1.0458641067883051e-23,2.2031828551720255e-24,4.641658581044773e-25,9.823489715087882e-26,2.2909535327698197e-26,1.535727641061745e-26,5.323633849452137e-26,2.486029234592427e-25,1.1793795960807207e-24,5.598407630641063e-24,2.656333184748943e-23,1.2575412310362422e-22,5.890428043507126e-22,2.62763491970228e-21,9.582434356854607e-21,1.926343928170006e-20,1.4688023732567337e-20,4.982351110368308e-21,1.187457216331585e-21,2.5707626653932515e-22,5.446572088752388e-23,1.148628664320618e-23,2.4199838289235823e-24,5.097485530703785e-25,1.0736945099905454e-25,2.2615255723867693e-26,4.763448127844384e-27,1.0033239656620948e-27,2.113298372369323e-28,4.4512381764169453e-29,9.375595488147198e-30,1.9748485649746716e-30,4.159286456147284e-31,8.760573834531439e-32,1.8464853341812624e-32,3.924082261688993e-33,8.425943506694157e-34,9.62964972193618e-35,2.407412430484045e-35,2.407412430484045e-35,0.0,0.0
0.0,0.0,9.62964972193618e-35,4.81482486096809e-35,3.851859888774472e-34,1.61296632842431e-33,7.824090399073146e-33,3.7242670299588173e-32,1.7658370177600469e-31,8.384295271646783e-31,3.980391638438015e-30,1.8898139431051142e-29,8.972146868572099e-29,4.259681091547059e-28,2.022354636318521e-27,9.60146501312866e-27,4.5584515740070604e-26,2.1641905776302074e-25,1.027461775992409e-24,4.877507429611101e-24,2.3144632367169946e-23,1.0960984182939173e-22,5.143082281068383e-22,2.312197026684765e-21,8.688381170028162e-21,1.8783442918247765e-20,1.5644172925425682e-20,5.594410388929958e-21,1.356080392778913e-21,2.9475563528970786e-22,6.25025475468268e-23,1.3183584265827922e-23,2.7777016709941757e-24,5.85181506717124e-25,1.236288529891832e-25,2.779939581559882e-26,1.4208470453443576e-26,4.2650388228185815e-26,1.9726439185413338e-25,9.35435260941643e-25,4.440680173982071e-24,2.1077786744387452e-23,9.995690936708434e-23,4.720202423992912e-22,2.185178804098975e-21,9.256883831197694e-21,2.8146726678481095e-20,3.897986643128625e-20,2.0326674511026234e-20,5.6883031520036685e-21,1.2820643679408684e-21,2.740359677150798e-22,5.790008799134396e-23,1.2203490806126639e-23,2.57077381255412e-24,5.414972239253492e-25,1.1405612495876033e-25,2.4023644179708607e-26,5.0600955424016236e-27,1.0658067227258888e-27,2.2449059135986645e-28,4.728442105547498e-29,9.959494417046671e-30,2.097778589740061e-30,4.418473058622291e-31,9.306542287741709e-32,1.960208257090018e-32,4.126754225452973e-33,8.53811219059249e-34,2.1345280476481304e-34,3.5575467460802203e-35,0.0,0.0,0.0,0.0,0.0,0.0,0.0,3.5575467460802193e-35,2.13452804764813e-34,8.538112190592492e-34,4.126754225452974e-33,1.960208257090017e-32,9.306542287741713e-32,4.418473058622287e-31,2.0977785897400614e-30,9.959494417046671e-30,4.728442105547498e-29,2.2449059135986636e-28,1.0658067227258881e-27,5.060095542401624e-27,2.4023644179708618e-26,1.140561249587603e-25,5.414972239253492e-25,2.570773812554121e-24,1.2203490806126634e-23,5.790008799134392e-23,2.740359677150799e-22,1.2820643679409036e-21,5.688303152003793e-21,2.0326674511026655e-20,3.8979866431288086e-20,2.8146726678478904e-20,9.256883831197525e-21,2.185178804098939e-21,4.720202423992671e-22,9.995690936708434e-23,2.1077786744387452e-23,4.44068017394596e-24,9.354352610138654e-25,1.9726439184209632e-25,4.265038825225994e-26,1.4208470393258266e-26,2.779939581559882e-26,1.2362885306140558e-25,5.85181506717124e-25,2.7777016709339904e-24,1.318358426579181e-23,6.250254754687495e-23,2.947556352896958e-22,1.3560803927789611e-21,5.5944103889300545e-21,1.5644172925425562e-20,1.8783442918247933e-20,8.688381170028066e-21,2.3121970266846448e-21,5.143082281068142e-22,1.0960984182939173e-22,2.314463236719402e-23,4.877507429659249e-24,1.0274617759442607e-24,2.1641905776302074e-25,4.558451571599648e-26,9.601465085351033e-27,2.0223546122443966e-27,4.25968036932333e-28,8.972161313046682e-29,1.8897994986305313e-29,3.980536083183844e-30,8.383813789160686e-31,1.7658370177600469e-31,3.714637380236881e-32,7.896312771987667e-33,1.6370404527291505e-33,3.3703774026776627e-34,4.81482486096809e-35,2.407412430484045e-35,0.0,0.0
0.0,7.222237291452134e-35,0.0,1.6851887013388314e-34,6.98149604840373e-34,3.322229154067982e-33,1.5816699668280174e-32,7.4990897209578e-32,3.5596000197137087e-31,1.6899553779511898e-30,8.02325562944709e-30,3.8091860960317115e-29,1.8084771067287803e-28,8.586044859264853e-28,4.076368310915987e-27,1.935323251208634e-26,9.188251981698591e-26,4.362233312319016e-25,2.070946065939938e-24,9.829972129044949e-24,4.6620106234556953e-23,2.2023055811052004e-22,1.0212488220292273e-21,4.35764944378697e-21,1.3570294875967607e-20,1.9629654376452717e-20,1.0644194513218295e-20,3.030996326019061e-21,6.86359706300758e-22,1.468607331941656e-22,3.103664147505022e-23,6.541850267751243e-24,1.3781457983017214e-24,2.904449073840227e-25,6.192370969390778e-26,1.658935399338979e-26,2.033114971825564e-26,8.421844554808342e-26,3.9724715856905677e-25,1.88541109797504e-24,8.950281748538393e-24,4.247247875546488e-23,2.0118515879248735e-22,9.449061764082814e-22,4.266689164420447e-21,1.6310102113851556e-20,3.6831199601074e-20,3.243219031616448e-20,1.2011415652396443e-20,2.945610253503649e-21,6.420329615146041e-22,1.3622414363461964e-22,2.8737242667046925e-23,6.054890551000961e-24,1.2754276147058333e-24,2.6864688336635153e-25,5.65851982330873e-26,1.191853380310091e-26,2.5103981286594545e-27,5.2876457511586485e-28,1.113735189110406e-28,2.345860554288895e-29,4.941076675513967e-30,1.0407247250931234e-30,2.1921603049323316e-31,4.6176956764111047e-32,9.712102616798546e-33,2.0633771127265084e-33,4.269056095296255e-34,7.11509349216044e-35,3.5575467460802203e-35,0.0,0.0,0.0,0.0,0.0,0.0,0.0,3.5575467460802193e-35,7.115093492160437e-35,4.2690560952962565e-34,2.0633771127265073e-33,9.71210261679855e-33,4.617695676411108e-32,2.1921603049323316e-31,1.040724725093124e-30,4.941076675513968e-30,2.3458605542888942e-29,1.113735189110406e-28,5.287645751158651e-28,2.510398128659455e-27,1.191853380310091e-26,5.65851982330873e-26,2.6864688336635167e-25,1.275427614705833e-24,6.054890551000964e-24,2.87372426670469e-23,1.3622414363465526e-22,6.420329615145685e-22,2.9456102535037582e-21,1.2011415652396663e-20,3.243219031616539e-20,3.6831199601073114e-20,1.631010211385128e-20,4.2666891644203506e-21,9.449061764083175e-22,2.0118515879245123e-22,4.247247875545284e-23,8.95028174855043e-24,1.88541109797504e-24,3.9724715860516796e-25,8.421844553604636e-26,2.033114971825564e-26,1.658935399338979e-26,6.192370970594484e-26,2.9044490737198563e-25,1.3781457983017214e-24,6.541850267739206e-24,3.103664147508633e-23,1.468607331942017e-22,6.86359706300758e-22,3.030996326019073e-21,1.0644194513218174e-20,1.9629654376453054e-20,1.3570294875967583e-20,4.3576494437867296e-21,1.0212488220292754e-21,2.202305581104719e-22,4.66201062346051e-23,9.829972128996801e-24,2.0709460658677156e-24,4.362233312319016e-25,9.188251986513416e-26,1.9353232488012217e-26,4.076368334990111e-27,8.586045340747339e-28,1.8084766252462942e-28,3.809183688619281e-29,8.0233037776957e-30,1.6900035261997995e-30,3.5593592784706603e-31,7.496682308527316e-32,1.5744477295365653e-32,3.394451526982503e-33,6.500013562306921e-34,9.62964972193618e-35,9.62964972193618e-35,2.407412430484045e-35,0.0
0.0,9.62964972193618e-35,7.222237291452134e-35,2.1666711874356403e-34,1.4685215825952673e-33,6.692606556745645e-33,3.1874140579608753e-32,1.5113735238578833e-31,7.174329784085502e-31,3.4063441443890944e-30,1.6172178187765449e-29,7.678011020203804e-29,3.6452639391925946e-28,1.730650181379595e-27,8.216549927200939e-27,3.9009411397012364e-26,1.852029340434041e-25,8.792644080760964e-25,4.174059980627864e-24,1.9808149389670558e-23,9.384235811622493e-23,4.410677825752225e-22,1.998186571998878e-21,7.738776483490683e-21,1.8083020784859312e-20,1.6660277958115593e-20,6.3549548598342236e-21,1.5741871099338165e-21,3.439452581478198e-22,7.301537234599778e-23,1.5404718983882514e-23,3.2458397138079302e-24,6.837875123923224e-25,1.443453557948131e-25,3.1909156971189127e-26,1.3869260155864982e-26,3.6858721564218187e-26,1.6888691401014164e-25,8.005255896612791e-25,3.800194681642382e-24,1.803831451887638e-23,8.555684131156226e-23,4.043320232448711e-22,1.878563807491976e-21,8.082992771042571e-21,2.589000993738876e-20,3.949381668598753e-20,2.2500081502856365e-20,6.554342622132304e-21,1.4934977075651906e-21,3.200127697713762e-22,6.76497793159341e-23,1.4259991934114626e-23,3.0040640905971266e-24,6.32766813873134e-25,1.3328047181586848e-25,2.807287487657843e-26,5.912984493824778e-27,1.2454505223039564e-27,2.623289430667515e-28,5.525428630040473e-29,1.1638193999946016e-29,2.4513631608252756e-30,5.163067592573466e-31,1.087542040276157e-31,2.29106010447541e-32,4.838263574668989e-33,9.961130889024569e-34,2.13452804764813e-34,7.11509349216044e-35,0.0,0.0,0.0,0.0,0.0,0.0,0.0,0.0,0.0,7.11509349216044e-35,2.13452804764813e-34,9.961130889024569e-34,4.838263574668987e-33,2.291060104475412e-32,1.0875420402761572e-31,5.163067592573463e-31,2.451363160825276e-30,1.1638193999946016e-29,5.525428630040476e-29,2.623289430667515e-28,1.2454505223039555e-27,5.912984493824777e-27,2.807287487657843e-26,1.3328047181586846e-25,6.327668138731341e-25,3.0040640905971255e-24,1.425999193411463e-23,6.764977931593412e-23,3.2001276977137627e-22,1.4934977075652258e-21,6.554342622132436e-21,2.250008150285686e-20,3.949381668598965e-20,2.5890009937386147e-20,8.082992771042427e-21,1.878563807491952e-21,4.0433202324485904e-22,8.555684131161041e-23,1.803831451884027e-23,3.800194681654419e-24,8.005255896853532e-25,1.6888691397403045e-25,3.685872158829231e-26,1.386926014382792e-26,3.1909156959152065e-26,1.4434535580685016e-25,6.8378751236824825e-25,3.245839713795893e-24,1.5404718983918625e-23,7.301537234602185e-23,3.4394525814778367e-22,1.5741871099338406e-21,6.354954859834151e-21,1.6660277958115978e-20,1.8083020784859264e-20,7.738776483490394e-21,1.998186571998902e-21,4.410677825751984e-22,9.384235811620086e-23,1.9808149389718706e-23,4.174059980531567e-24,8.79264408196467e-25,1.8520293397118173e-25,3.900941149330886e-26,8.21654987905269e-27,1.7306501573054705e-27,3.6452641799338377e-28,7.678003797966513e-29,1.6172226336014058e-29,3.406368218513399e-30,7.17457052532855e-31,1.5108920413717865e-31,3.1850066455303913e-32,6.716680681050485e-33,1.396299209680746e-33,2.8888949165808538e-34,4.81482486096809e-35,2.407412430484045e-35,0.0
7.222237291452134e-35,0.0,1.6851887013388314e-34,5.7777898331617076e-34,2.840746667971173e-33,1.3553731983625172e-32,6.415754127239979e-32,3.045617465805365e-31,1.4461807952403754e-30,6.86601247411341e-30,3.259756801496921e-29,1.5476219328236816e-28,7.347594145602355e-28,3.488392876695247e-27,1.6561723157960152e-26,7.86294130272832e-26,3.733031425319841e-25,1.772247961155027e-24,8.412439283724944e-24,3.990332946253005e-23,1.8863686989393563e-22,8.776865613551345e-22,3.800322739591998e-21,1.2439135342064177e-20,1.979601575960233e-20,1.1747551243416567e-20,3.48916408639044e-21,7.993746487416932e-22,1.7149233067028275e-22,3.6262478650213055e-23,7.644247610731302e-24,1.6104133866846229e-24,3.3934799215663553e-25,7.211655842336857e-26,1.8224750604726094e-26,1.8247053511446393e-26,7.22495001914929e-26,3.3998614114739547e-25,1.6134735870993742e-24,7.65943656147867e-24,3.634944576777496e-23,1.7223802901448193e-22,8.102042561596529e-22,3.684386519073675e-21,1.448737352324934e-20,3.526465234601648e-20,3.436437802450786e-20,1.361433195819088e-20,3.417401042213612e-21,7.490815583968679e-22,1.5913249458697688e-22,3.3578625629067e-23,7.075350546113029e-24,1.4903988403824488e-24,3.1392763842944184e-25,6.612273528791112e-26,1.3927425664913295e-26,2.933530646448377e-27,6.178888760679572e-28,1.30145768106252e-28,2.741256972192217e-29,5.773898368728636e-30,1.2161473551404442e-30,2.5617894118492254e-31,5.39324086705622e-32,1.1384149587456081e-32,2.3835563198737202e-33,4.980565444512294e-34,1.0672640238240656e-34,3.5575467460802203e-35,0.0,0.0,0.0,0.0,0.0,0.0,0.0,0.0,0.0,3.5575467460802193e-35,1.0672640238240654e-34,4.980565444512299e-34,2.3835563198737206e-33,1.138414958745609e-32,5.393240867056222e-32,2.5617894118492263e-31,1.2161473551404445e-30,5.7738983687286365e-30,2.741256972192218e-29,1.3014576810625204e-28,6.1788887606795775e-28,2.9335306464483774e-27,1.3927425664913292e-26,6.612273528791112e-26,3.139276384294419e-25,1.4903988403824484e-24,7.075350546113029e-24,3.357862562906701e-23,1.5913249458697688e-22,7.490815583968679e-22,3.417401042213699e-21,1.3614331958191144e-20,3.4364378024508885e-20,3.526465234601543e-20,1.4487373523249112e-20,3.684386519073591e-21,8.10204256159701e-22,1.7223802901439767e-22,3.6349445767835143e-23,7.659436561442559e-24,1.6134735870753e-24,3.3998614115943253e-25,7.224950025167821e-26,1.8247053451261082e-26,1.8224750616763157e-26,7.211655842336857e-26,3.3934799218070966e-25,1.6104133866605488e-24,7.644247610719265e-24,3.626247865022509e-23,1.7149233067030683e-22,7.993746487417173e-22,3.48916408639032e-21,1.1747551243416928e-20,1.97960157596025e-20,1.2439135342063792e-20,3.80032273959195e-21,8.776865613550382e-22,1.8863686989400786e-22,3.990332946253005e-23,8.41243928370087e-24,1.7722479612753976e-24,3.7330314248383584e-25,7.86294130272832e-26,1.6561723133886027e-26,3.488392924843495e-27,7.347593664119869e-28,1.5476221735649246e-28,3.259747171847199e-29,6.866036548237715e-30,1.4461567211160706e-30,3.046098948291462e-31,6.420568952100948e-32,1.345743548640581e-32,2.8648207922760133e-33,6.018531076210112e-34,7.222237291452134e-35,9.62964972193618e-35,2.407412430484045e-35
9.62964972193618e-35,4.81482486096809e-35,2.407412430484045e-34,1.2277803395468629e-33,5.705567460247186e-33,2.725190871307939e-32,1.293984181385174e-31,6.139142438977363e-31,2.9150153414516057e-30,1.3839491839123628e-29,6.570536302045521e-29,3.1194711013827824e-28,1.4810211808979565e-27,7.03139475066574e-27,3.3382698466110315e-26,1.5848938019064154e-25,7.524420303180541e-25,3.572055235610831e-24,1.6952412604127994e-23,8.033778488436786e-23,3.7814137410612e-22,1.724473093481822e-21,6.85937152942143e-21,1.72387322032122e-20,1.7579154175121377e-20,7.189449394405491e-21,1.8254052961458146e-21,4.0124782796129885e-22,8.52920928074652e-23,1.7999871288319966e-23,3.792868168292617e-24,7.990167311852615e-25,1.6857113021884996e-25,3.679468962968935e-26,1.38672383988688e-26,3.196316048016398e-26,1.4461537449524534e-25,6.850775709507019e-25,3.2520840436071222e-24,1.5437045200561863e-23,7.32291008524127e-23,3.463016092768031e-22,1.613925383489291e-21,7.039076251786266e-21,2.3634110287266644e-20,3.959914146169478e-20,2.473804277798453e-20,7.535678283034203e-21,1.7389014640396297e-21,3.736617383669833e-22,7.903933777722077e-23,1.6662966443887325e-23,3.5103794634894386e-24,7.394197692174343e-25,1.5574510651947611e-25,3.280461076438888e-26,6.909629534889768e-27,1.4553736687755724e-27,3.0654497994404465e-28,6.456751677069219e-29,1.3599825275497698e-29,2.8645366399045205e-30,6.033599281334629e-31,1.2707556976990819e-31,2.675275153051983e-32,5.656499326267396e-33,1.1739904262064663e-33,2.49028272225615e-34,7.11509349216044e-35,0.0,0.0,0.0,0.0,0.0,0.0,0.0,0.0,0.0,0.0,0.0,7.11509349216044e-35,2.4902827222561525e-34,1.173990426206466e-33,5.6564993262674e-33,2.6752751530519826e-32,1.2707556976990823e-31,6.033599281334631e-31,2.8645366399045202e-30,1.3599825275497692e-29,6.45675167706922e-29,3.0654497994404456e-28,1.4553736687755719e-27,6.909629534889769e-27,3.280461076438885e-26,1.5574510651947611e-25,7.394197692174343e-25,3.51037946348944e-24,1.6662966443887334e-23,7.903933777722077e-23,3.73661738366983e-22,1.7389014640396655e-21,7.535678283034355e-21,2.4738042777985083e-20,3.959914146169733e-20,2.3634110287263527e-20,7.039076251786145e-21,1.613925383489279e-21,3.46301609276767e-22,7.322910085243677e-23,1.5437045200513715e-23,3.2520840436311963e-24,6.85077570974776e-25,1.4461537449524534e-25,3.1963160492201045e-26,1.3867238386831737e-26,3.6794689617652286e-26,1.6857113019477584e-25,7.990167311972985e-25,3.7928681682565056e-24,1.7999871288356077e-23,8.529209280744112e-23,4.0124782796133496e-22,1.8254052961458026e-21,7.189449394405732e-21,1.7579154175121738e-20,1.723873220321184e-20,6.859371529421117e-21,1.72447309348187e-21,3.7814137410612e-22,8.033778488436786e-23,1.6952412604055772e-23,3.5720552355626825e-24,7.52442030486573e-25,1.5848938021471566e-25,3.338269844203619e-26,7.03139475066574e-27,1.4810211568238322e-27,3.1194711013827824e-28,6.57053148722066e-29,1.3839515913247933e-29,2.9150394155759105e-30,6.140105403949556e-31,1.2930212164129805e-31,2.7227834588774547e-32,5.753715708856867e-33,1.2037062152420224e-33,2.407412430484045e-34,2.407412430484045e-35,2.407412430484045e-35
0.0,9.62964972193618e-35,5.055566104016494e-34,2.4555606790937257e-33,1.1627802039237936e-32,5.486492929073138e-32,2.606986920971172e-31,1.2376025822632378e-30,5.875627074336579e-30,2.789565079699082e-29,1.3243926892771042e-28,6.28777704540042e-28,2.985227139800684e-27,1.417286075506971e-26,6.728792657062917e-26,3.194583827383594e-25,1.5166300086551916e-24,7.199279730184415e-24,3.415331911021368e-23,1.6155429969350402e-22,7.53848564981706e-22,3.3059081569684366e-21,1.1318770904308416e-20,1.97561881604143e-20,1.2874704919486857e-20,4.007239515706058e-21,9.30484183266682e-22,2.0023123498992761e-22,4.236715134060154e-23,8.932368058453992e-24,1.881827770991931e-24,3.965010415965397e-25,8.406268975550568e-26,2.0303225708140217e-26,1.6606578258957925e-26,6.203707490174108e-26,2.909907239950937e-25,1.3807599989979293e-24,6.554745192039893e-24,3.110874357017304e-23,1.474470438245942e-22,6.945094204769864e-22,3.1775587820465154e-21,1.2809244696055765e-20,3.3440958371457325e-20,3.606901325226133e-20,1.536415610603028e-20,3.9601307995860165e-21,8.737513311663276e-22,1.8588294902160275e-22,3.923517988282482e-23,8.267773180995828e-24,1.7416022063358245e-24,3.6684047890249364e-25,7.726783968398442e-26,1.6274920039223033e-26,3.427982954085415e-27,7.220352381557994e-28,1.5208209936949553e-28,3.203300470801417e-29,6.747136431995478e-30,1.4211331986469998e-30,2.993319832147608e-31,6.303972834052246e-32,1.3269649362878374e-32,2.810461929403337e-33,6.047829468336357e-34,1.0672640238240656e-34,3.5575467460802203e-35,0.0,0.0,0.0,0.0,0.0,0.0,0.0,0.0,0.0,0.0,0.0,3.5575467460802193e-35,1.0672640238240654e-34,6.047829468336357e-34,2.8104619294033363e-33,1.3269649362878382e-32,6.303972834052249e-32,2.9933198321476104e-31,1.4211331986469987e-30,6.74713643199548e-30,3.20330047080142e-29,1.5208209936949557e-28,7.220352381557995e-28,3.427982954085417e-27,1.627492003922302e-26,7.72678396839844e-26,3.668404789024935e-25,1.741602206335826e-24,8.267773180995831e-24,3.9235179882824794e-23,1.8588294902160273e-22,8.73751331166328e-22,3.960130799586159e-21,1.5364156106030555e-20,3.606901325226251e-20,3.3440958371456e-20,1.2809244696055572e-20,3.1775587820464552e-21,6.945094204769382e-22,1.4744704382464234e-22,3.1108743570161004e-23,6.5547451919917444e-24,1.3807599989979293e-24,2.9099072403120487e-25,6.203707490174108e-26,1.6606578222846738e-26,2.030322573221434e-26,8.4062689815691e-26,3.965010415604285e-25,1.881827770979894e-24,8.932368058429918e-24,4.23671513406858e-23,2.002312349898915e-22,9.304841832666579e-22,4.007239515706178e-21,1.2874704919487242e-20,1.975618816041418e-20,1.1318770904307959e-20,3.3059081569685088e-21,7.538485649816819e-22,1.6155429969340773e-22,3.415331911026183e-23,7.199279730280712e-24,1.5166300086551916e-24,3.194583827383594e-25,6.72879265947033e-26,1.4172860827292083e-26,2.9852270194300624e-27,6.287776563917934e-28,1.3243936522420763e-28,2.7895626722866516e-29,5.875675222585189e-30,1.2376025822632378e-30,2.6065054384850753e-31,5.484085516642654e-32,1.1579653790628256e-32,2.4555606790937257e-33,5.055566104016494e-34,7.222237291452134e-35,7.222237291452134e-35
9.62964972193618e-35,1.6851887013388314e-34,1.0833355937178202e-33,4.83889898527293e-33,2.3375974700000075e-32,1.1062060118074186e-31,5.254659112017525e-31,2.494584834591872e-30,1.1843217303517649e-29,5.622800620887145e-29,2.669519218111752e-28,1.2673986203587284e-27,6.017186415997065e-27,2.8567581224902544e-26,1.3562895741263912e-25,6.439117817155088e-25,3.0568671379574852e-24,1.450821511896029e-23,6.87727607455237e-23,3.2410739709882424e-22,1.4865008062925893e-21,6.0533172133733034e-21,1.6278835167569064e-20,1.837122993939288e-20,8.096422972276551e-21,2.1140796602954855e-21,4.679667619538253e-22,9.962708044390317e-23,2.1031951359010978e-23,4.432078227164627e-24,9.33670247981158e-25,1.9689513584571613e-25,4.257476987503742e-26,1.420235586661139e-26,2.784468490083544e-26,1.2385969305046164e-25,5.8628462085303575e-25,2.783026708365075e-24,1.3210828811229341e-23,6.267604221771494e-23,2.9656404215077804e-22,1.3857941751165933e-21,6.1155942636567995e-21,2.1423317933205102e-20,3.929181622396349e-20,2.7000357461627945e-20,8.642245434456272e-21,2.0234133563595512e-21,4.3624798471394925e-22,9.234390262562369e-23,1.9470756863501135e-23,4.10202595752468e-24,8.64048875462999e-25,1.8199618110366515e-25,3.83338891979778e-26,8.074261021561114e-27,1.7006797294984996e-27,3.582137570311646e-28,7.545047916526786e-29,1.5892130521010912e-29,3.347331308800712e-30,7.0507018960325965e-31,1.4849200118128283e-31,3.127083589804045e-32,6.617036947709002e-33,1.3874432309712772e-33,2.8460373968641724e-34,7.11509349216044e-35,0.0,0.0,0.0,0.0,0.0,0.0,0.0,0.0,0.0,0.0,0.0,0.0,0.0,7.11509349216044e-35,2.8460373968641733e-34,1.3874432309712769e-33,6.617036947709e-33,3.1270835898040457e-32,1.4849200118128286e-31,7.0507018960325965e-31,3.3473313088007126e-30,1.5892130521010926e-29,7.545047916526786e-29,3.582137570311647e-28,1.7006797294984992e-27,8.074261021561119e-27,3.833388919797777e-26,1.8199618110366515e-25,8.640488754629987e-25,4.1020259575246805e-24,1.947075686350114e-23,9.234390262562367e-23,4.362479847139492e-22,2.023413356359569e-21,8.642245434456493e-21,2.7000357461628592e-20,3.929181622396304e-20,2.142331793320479e-20,6.115594263656715e-21,1.385794175116521e-21,2.9656404215085026e-22,6.267604221765475e-23,1.3210828811229341e-23,2.783026708413223e-24,5.862846207928504e-25,1.2385969314675814e-25,2.7844684864724253e-26,1.420235586661139e-26,4.2574769863000356e-26,1.9689513586979026e-25,9.336702479089356e-25,4.432078227200738e-24,2.1031951359010978e-23,9.962708044391521e-23,4.679667619538253e-22,2.1140796602955216e-21,8.096422972276864e-21,1.8371229939392856e-20,1.627883516756875e-20,6.053317213373279e-21,1.4865008062925653e-21,3.2410739709880016e-22,6.877276074557184e-23,1.450821511896029e-23,3.0568671379815593e-24,6.439117816914347e-25,1.3562895741263912e-25,2.856758124897667e-26,6.017186391922941e-27,1.2673986925811013e-27,2.669518014405537e-28,5.622798213474714e-29,1.1843337674139173e-29,2.4945607604675672e-30,5.253214664559234e-31,1.1078912005087574e-31,2.3255604078475873e-32,4.983343731101973e-33,9.870390964984584e-34,2.407412430484045e-34,2.407412430484045e-35
7.222237291452134e-35,4.574083617919685e-34,2.0703746902162785e-33,9.894465089289424e-33,4.7064913015963076e-32,2.230226875600419e-31,1.0590448022942362e-30,5.028169750557586e-30,2.3871997957177008e-29,1.1333625869882508e-28,5.380827504898062e-28,2.5546378821150424e-27,1.2128567730384052e-26,5.758233061800862e-26,2.7338006010129184e-25,1.2978794151903744e-24,6.161039194300224e-24,2.9231179962946825e-23,1.3834439681554502e-22,6.471461119439549e-22,2.8694581121764388e-21,1.0229556150044393e-20,1.9511693663456387e-20,1.4003754238000712e-20,4.590020881854138e-21,1.0824024197783264e-21,2.337536432590671e-22,4.9498062972743953e-23,1.0437483235486214e-23,2.1989855598384244e-24,4.632934683055284e-25,9.805253333611666e-26,2.287531096277039e-26,1.5369840912759265e-26,5.333288716819282e-26,2.490697662296085e-25,1.1816133507784968e-24,5.609367028064376e-24,2.662333368304278e-23,1.2621784454030974e-22,5.951917811412936e-22,2.7374726620893372e-21,1.1278977194398985e-20,3.141905695310033e-20,3.748925332004478e-20,1.7254945254726495e-20,4.582869862188942e-21,1.0188607934549518e-21,2.171161296893847e-22,4.58439924997381e-23,9.661129247404015e-24,2.0351440962177835e-24,4.286717805987029e-25,9.029146876616425e-26,1.9018088961017593e-26,4.0057761962177025e-27,8.43735674059632e-28,1.7771582453057706e-28,3.7432257827277565e-29,7.884341824767843e-30,1.6606628210570472e-30,3.4977799607402178e-31,7.367679311129536e-32,1.554647928036941e-32,3.2373675389329486e-33,7.115093492160416e-34,1.4230186984320869e-34,3.5575467460802203e-35,0.0,0.0,0.0,0.0,0.0,0.0,0.0,0.0,0.0,0.0,0.0,0.0,0.0,3.5575467460802193e-35,1.4230186984320877e-34,7.115093492160418e-34,3.2373675389329514e-33,1.5546479280369409e-32,7.367679311129539e-32,3.4977799607402165e-31,1.6606628210570476e-30,7.884341824767842e-30,3.7432257827277577e-29,1.7771582453057703e-28,8.43735674059632e-28,4.0057761962177e-27,1.9018088961017596e-26,9.029146876616421e-26,4.286717805987027e-25,2.0351440962177835e-24,9.661129247404015e-24,4.584399249973809e-23,2.171161296893847e-22,1.0188607934549862e-21,4.582869862189031e-21,1.7254945254726844e-20,3.748925332004621e-20,3.141905695309871e-20,1.127897719439872e-20,2.737472662089301e-21,5.951917811413538e-22,1.2621784454027363e-22,2.662333368301871e-23,5.60936702808845e-24,1.1816133507423856e-24,2.4906976626571966e-25,5.333288719226694e-26,1.5369840912759265e-26,2.2875310926659204e-26,9.805253334815372e-26,4.632934683175655e-25,2.1989855598263873e-24,1.0437483235510289e-23,4.949806297271988e-23,2.3375364325907916e-22,1.0824024197783505e-21,4.590020881854343e-21,1.4003754238000856e-20,1.9511693663456002e-20,1.022955615004444e-20,2.8694581121763425e-21,6.471461119439549e-22,1.3834439681552094e-22,2.923117996304312e-23,6.1610391941317054e-24,1.2978794153588932e-24,2.733800600772177e-25,5.75823305939345e-26,1.2128567754458177e-26,2.5546378821150424e-27,5.380828227121791e-28,1.1333623462470078e-28,2.3871949808928398e-29,5.028121602308976e-30,1.0591651729157604e-30,2.2304676168434675e-31,4.6944542394438874e-32,9.894465089289424e-33,2.1185229388259594e-33,4.333342374871281e-34,7.222237291452134e-35
2.1666711874356403e-34,8.907425992790966e-34,4.2129717533470784e-33,1.9957449048712732e-32,9.468353089093748e-32,4.496564937658099e-31,2.1347729727317267e-30,1.013491744284617e-29,4.8117698545938054e-29,2.284467562847926e-28,1.0845889889256274e-27,5.149267410635794e-27,2.4446995608763992e-26,1.160658987090458e-25,5.5103540139890265e-25,2.6159776768970906e-24,1.2416296085595347e-23,5.886975513289591e-23,2.777319297436222e-22,1.2800634288241348e-21,5.321143368073049e-21,1.5233381520628287e-20,1.900941341242336e-20,9.071562937137304e-21,2.444889494924265e-21,5.456023787964743e-22,1.1636325629339204e-22,2.4574425116448998e-23,5.1789992257685795e-24,1.09102125819103e-24,2.300059623251199e-25,4.938992165691866e-26,1.4882760025166552e-26,2.4403166775648272e-26,1.0611526485996742e-25,5.017450237543126e-25,2.3816219712425084e-24,1.1305609039368786e-23,5.364261357190499e-23,2.539437903122312e-22,1.1893391894323478e-21,5.3023665402892755e-21,1.929375396725045e-20,3.8583550866285255e-20,2.923902320517189e-20,9.883049154932135e-21,2.3528343630844917e-21,5.092397303927271e-22,1.0788452771116901e-22,2.2751518923267773e-23,4.7933828912069795e-24,1.009683896808295e-24,2.126719007347833e-25,4.479513726884792e-26,9.435193389068205e-27,1.9873326110507933e-27,4.185914084926014e-28,8.816778381039161e-29,1.857078534303019e-29,3.911558222709434e-30,8.238566754540089e-31,1.7353713027364907e-31,3.6571580549698264e-32,7.684300971532993e-33,1.6364715031968882e-33,3.2017920714721932e-34,7.11509349216044e-35,3.5575467460802203e-35,0.0,0.0,0.0,0.0,0.0,0.0,0.0,0.0,0.0,0.0,0.0,0.0,0.0,3.5575467460802193e-35,7.115093492160437e-35,3.2017920714721924e-34,1.636471503196889e-33,7.684300971532992e-33,3.657158054969828e-32,1.7353713027364892e-31,8.238566754540089e-31,3.911558222709434e-30,1.8570785343030184e-29,8.816778381039165e-29,4.185914084926014e-28,1.987332611050794e-27,9.4351933890682e-27,4.4795137268847945e-26,2.126719007347832e-25,1.009683896808295e-24,4.7933828912069795e-24,2.2751518923267773e-23,1.0788452771116904e-22,5.092397303927447e-22,2.3528343630845136e-21,9.883049154932341e-21,2.923902320517261e-20,3.85835508662847e-20,1.929375396725016e-20,5.302366540289155e-21,1.189339189432408e-21,2.539437903122312e-22,5.364261357183277e-23,1.1305609039368786e-23,2.3816219712545455e-24,5.017450237182015e-25,1.0611526487200448e-25,2.4403166775648272e-26,1.4882760061277738e-26,4.938992171710397e-26,2.300059622649346e-25,1.091021258178993e-24,5.1789992257806166e-24,2.457442511643696e-23,1.1636325629336797e-22,5.456023787965104e-22,2.4448894949243733e-21,9.071562937137473e-21,1.9009413412422998e-20,1.523338152062848e-20,5.321143368072977e-21,1.2800634288241348e-21,2.7773192974347775e-22,5.886975513304036e-23,1.2416296085595347e-23,2.6159776768489424e-24,5.510354013748285e-25,1.1606589873311992e-25,2.444699553654162e-26,5.1492674347099184e-27,1.084589037073876e-27,2.284467322106683e-28,4.8117698545938054e-29,1.0135061887592e-29,2.1346526021102025e-30,4.496564937658099e-31,9.473167913954716e-32,1.9957449048712732e-32,4.1648235047373975e-33,8.907425992790966e-34,2.1666711874356403e-34
3.851859888774472e-34,1.8055593228630336e-33,8.450017630998997e-33,4.020378758908355e-32,1.9090780573738475e-31,9.063426318286332e-31,4.302864533501353e-30,2.0428675957855678e-29,9.698860421900165e-29,4.604696515126963e-28,2.1861569521668483e-27,1.0379143343165328e-26,4.927666567338733e-26,2.3394797894274753e-25,1.1106792300204377e-24,5.272505321609275e-24,2.5017903755247835e-23,1.1845755160476047e-22,5.552977826862411e-22,2.485821751212773e-21,9.187667284367388e-21,1.9071801521101993e-20,1.5109142422534128e-20,5.241693373128067e-21,1.258185683954595e-21,2.7284392004589437e-22,5.782719747787626e-23,1.2196123859888362e-23,2.5695947411633354e-24,5.413490044641187e-25,1.144262039396673e-25,2.600353848520126e-26,1.4506774047151635e-26,4.592532247709129e-26,2.1320411197076293e-25,1.0111925399873172e-24,4.800330233857394e-24,2.2784440430004734e-23,1.0804043614502819e-22,5.099713873447056e-22,2.3561234504918965e-21,9.895224250207178e-21,2.9259532379876824e-20,3.8575168286542995e-20,1.9274454239448436e-20,5.295299553202139e-21,1.1876497062134283e-21,2.535781049165122e-22,5.356514308028292e-23,1.1289267560411289e-23,2.3781599120762254e-24,5.009247303960425e-25,1.0551024986115687e-25,2.222362413070153e-26,4.680957593189078e-27,9.859489419557358e-28,2.0767019019998335e-28,4.3741531403532136e-29,9.21326341165736e-30,1.9406061745012746e-30,4.0872654565635695e-31,8.609263125510585e-32,1.8143488405007548e-32,3.806575018305767e-33,8.182357515984473e-34,1.7787733730401083e-34,3.5575467460802203e-35,0.0,0.0,0.0,0.0,0.0,0.0,0.0,0.0,0.0,0.0,0.0,0.0,0.0,0.0,0.0,3.5575467460802193e-35,1.778773373040109e-34,8.182357515984475e-34,3.806575018305766e-33,1.8143488405007548e-32,8.609263125510587e-32,4.0872654565635695e-31,1.9406061745012756e-30,9.213263411657359e-30,4.3741531403532136e-29,2.0767019019998344e-28,9.859489419557364e-28,4.6809575931890754e-27,2.222362413070153e-26,1.0551024986115694e-25,5.009247303960424e-25,2.3781599120762228e-24,1.1289267560411289e-23,5.35651430802829e-23,2.535781049165122e-22,1.187649706213463e-21,5.295299553202264e-21,1.9274454239448782e-20,3.857516828654468e-20,2.9259532379874874e-20,9.895224250206985e-21,2.3561234504918242e-21,5.0997138734472965e-22,1.0804043614500411e-22,2.278444043006492e-23,4.8003302338212826e-24,1.0111925399752801e-24,2.1320411199483705e-25,4.592532248912835e-26,1.4506773999003386e-26,2.6003538449090075e-26,1.144262040359638e-25,5.413490044520817e-25,2.5695947411272242e-24,1.2196123859924474e-23,5.782719747781607e-23,2.728439200459305e-22,1.2581856839546673e-21,5.2416933731281394e-21,1.510914242253396e-20,1.907180152110209e-20,9.18766728436746e-21,2.4858217512125563e-21,5.552977826862892e-22,1.1845755160478454e-22,2.5017903755199687e-23,5.2725053217055716e-24,1.1106792299241412e-24,2.3394797894274753e-25,4.927666569746145e-26,1.0379143367239452e-26,2.186156855870351e-27,4.6046972373506925e-28,9.698862829312596e-29,2.0428700031979983e-29,4.302912681749962e-30,9.063185577043284e-31,1.9090780573738475e-31,4.017971346477871e-32,8.498165879608678e-33,1.7092628256436718e-33,4.092601131822876e-34
7.944461020597348e-34,3.635192770030908e-33,1.6996331759217356e-32,8.108165065870263e-32,3.847767287642649e-31,1.826792700499903e-30,8.673136615056259e-30,4.117717665710116e-29,1.954955875320339e-28,9.28147890288364e-28,4.4065370294441016e-27,2.0920762517929786e-26,9.932459861713832e-26,4.71555118877758e-25,2.2386732556312357e-24,1.0625915802210854e-23,5.0390673536206676e-23,2.3794619276135864e-22,1.1013259825994199e-21,4.661327645891384e-21,1.4132487566946823e-20,1.9470834412698743e-20,1.0107167472378855e-20,2.8227885322653714e-21,6.358771129986575e-22,1.3589988744194785e-22,2.871307593868624e-23,6.051775104891517e-24,1.2748945972593024e-24,2.6870856812272178e-25,5.740583333030181e-26,1.5924992626641316e-26,2.1554936485581007e-26,9.09506926903171e-26,4.2940355525611265e-25,2.0381130934578704e-24,9.675115607469468e-24,4.591030365125907e-23,2.1742939835188787e-22,1.020313779551382e-21,4.5890570976686e-21,1.7273129421690965e-20,3.7500944458768196e-20,3.1399544566034e-20,1.1265459779541274e-20,2.7336733370360413e-21,5.943389143132281e-22,1.2603575281015998e-22,2.658486808725363e-23,5.6012519993456114e-24,1.1798652149854086e-24,2.48518038851659e-25,5.234543985631318e-26,1.1025513483037914e-26,2.322301440286575e-27,4.891457780938249e-28,1.0302865266825836e-28,2.170089284696555e-29,4.57084278566625e-30,9.627788758872533e-31,2.027801645263757e-31,4.2726136420414717e-32,9.000593267582566e-33,1.8854997754225003e-33,3.9133014206882366e-34,7.11509349216044e-35,3.5575467460802203e-35,0.0,0.0,0.0,0.0,0.0,0.0,0.0,0.0,0.0,0.0,0.0,0.0,0.0,0.0,0.0,3.5575467460802193e-35,7.115093492160437e-35,3.913301420688234e-34,1.8854997754224997e-33,9.000593267582576e-33,4.2726136420414717e-32,2.027801645263758e-31,9.627788758872538e-31,4.570842785666254e-30,2.1700892846965543e-29,1.030286526682584e-28,4.891457780938246e-28,2.322301440286574e-27,1.1025513483037924e-26,5.234543985631316e-26,2.4851803885165913e-25,1.1798652149854091e-24,5.601251999345608e-24,2.658486808725362e-23,1.2603575281015998e-22,5.943389143132278e-22,2.733673337036095e-21,1.1265459779541503e-20,3.139954456603485e-20,3.7500944458767414e-20,1.7273129421690724e-20,4.5890570976684916e-21,1.020313779551382e-21,2.1742939835191194e-22,4.591030365125907e-23,9.675115607445394e-24,2.0381130934578704e-24,4.294035552440756e-25,9.095069270235416e-26,2.155493644946982e-26,1.5924992626641316e-26,5.740583339048712e-26,2.6870856807457353e-25,1.2748945972713394e-24,6.051775104915591e-24,2.87130759386742e-23,1.3589988744198396e-22,6.358771129986575e-22,2.8227885322654075e-21,1.0107167472378783e-20,1.947083441269896e-20,1.413248756694687e-20,4.661327645891095e-21,1.101325982599444e-21,2.379461927614068e-22,5.03906735361826e-23,1.0625915802210854e-23,2.2386732555590133e-24,4.715551189018321e-25,9.932459861713832e-26,2.0920762445707413e-26,4.4065371016664745e-27,9.281479143624883e-28,1.9549553938378528e-28,4.1177200731225467e-29,8.673112540931954e-30,1.8268649228728174e-30,3.847767287642649e-31,8.100942828578811e-32,1.711670238074156e-32,3.587044521421227e-33,6.98149604840373e-34
1.5166698312049482e-33,7.294459664366656e-33,3.4401923631617e-32,1.6341515578125696e-31,7.755238403561302e-31,3.6822817571711756e-30,1.7482027217067512e-29,8.299903428896165e-29,3.940515258939477e-28,1.8708255497820442e-27,8.882055934300672e-27,4.2169006841374024e-26,2.0020351112365572e-25,9.504792054142328e-25,4.512097580522582e-24,2.1411540014561416e-23,1.0142104128792519e-22,4.76301911192124e-22,2.1498573840170006e-21,8.205118863908315e-21,1.8452862347205914e-20,1.6162482772210866e-20,5.965442206901023e-21,1.4612522825620686e-21,3.1841075203552145e-22,6.755516609319598e-23,1.4250961861053937e-23,3.0026618112532027e-24,6.3256516584537445e-25,1.3358177004024772e-25,2.976396116652493e-26,1.3996394835946867e-26,3.963428923785977e-26,1.8252181517794149e-25,8.653547009719498e-25,4.1079744471854775e-24,1.9498933084537524e-23,9.247738268378935e-23,4.36875435156222e-22,2.026256072230925e-21,8.653136408791234e-21,2.702133290923585e-20,3.9287053749266164e-20,2.140312121249942e-20,6.107552030797622e-21,1.3838313266722744e-21,2.961372451112988e-22,6.258553769338621e-23,1.3191735309939794e-23,2.7789874352648106e-24,5.85355866605931e-25,1.2329417794382506e-25,2.596945817265167e-26,5.469942107632813e-27,1.1521325858293113e-27,2.426734261912315e-28,5.111422685222905e-29,1.07662037171078e-29,2.2676514468618412e-30,4.776362261276384e-31,1.0060742197910017e-31,2.1202978606635975e-32,4.482508900060981e-33,9.249621539808529e-34,2.1345280476481304e-34,3.5575467460802203e-35,0.0,0.0,0.0,0.0,0.0,0.0,0.0,0.0,0.0,0.0,0.0,0.0,0.0,0.0,0.0,0.0,0.0,3.5575467460802193e-35,2.13452804764813e-34,9.249621539808534e-34,4.482508900060982e-33,2.1202978606635956e-32,1.0060742197910015e-31,4.776362261276384e-31,2.2676514468618433e-30,1.0766203717107797e-29,5.111422685222905e-29,2.4267342619123157e-28,1.1521325858293123e-27,5.4699421076328085e-27,2.596945817265168e-26,1.2329417794382499e-25,5.853558666059311e-25,2.7789874352648106e-24,1.3191735309939794e-23,6.25855376933862e-23,2.96137245111299e-22,1.3838313266723096e-21,6.107552030797746e-21,2.1403121212499894e-20,3.928705374926811e-20,2.7021332909233455e-20,8.65313640879115e-21,2.0262560722307925e-21,4.368754351562702e-22,9.247738268377731e-23,1.9498933084537524e-23,4.1079744471854775e-24,8.653547009599127e-25,1.8252181522608973e-25,3.963428923785977e-26,1.399639479983568e-26,2.976396121467318e-26,1.335817700161736e-25,6.325651658333374e-25,3.0026618112411657e-24,1.4250961861029863e-23,6.755516609325617e-23,3.1841075203552145e-22,1.4612522825621047e-21,5.9654422069009265e-21,1.6162482772211058e-20,1.8452862347206083e-20,8.205118863907954e-21,2.1498573840170488e-21,4.7630191119200365e-22,1.0142104128802148e-22,2.141154001458549e-23,4.512097580426286e-24,9.504792054142328e-25,2.002035111958781e-25,4.216900686544815e-26,8.882055862078299e-27,1.870825622004417e-27,3.9405157404219632e-28,8.299893799246443e-29,1.7482051291191817e-29,3.682233608922566e-30,7.755960627290447e-31,1.6339108165695212e-31,3.437784950731216e-32,7.270385540061815e-33,1.4925957069001078e-33
3.0814879110195774e-33,1.4588919328733312e-32,6.935755212224533e-32,3.2921364986869313e-31,1.5633495582320339e-30,7.42214881967953e-30,3.523777722748106e-29,1.6729730091840692e-28,7.942718053997677e-28,3.770938138449402e-27,1.7903152792044175e-26,8.499805122843781e-26,4.0353878605397263e-25,1.9157847395655176e-24,9.093633747632785e-24,4.3131327766223834e-23,2.0382609057971704e-22,9.4682763279749e-22,4.070827982816157e-21,1.3004795167039384e-20,1.973839425178001e-20,1.1191686914417221e-20,3.2529065998751237e-21,7.407622701641489e-22,1.587015584565089e-22,3.354805695211949e-23,7.071604043104273e-24,1.4897596640752845e-24,3.139438479442953e-25,6.681738529254643e-26,1.7354392397053195e-26,1.9230748086151677e-26,7.799729951578298e-26,3.6750152511762455e-25,1.744150311133786e-24,8.279744172205083e-24,3.929193742551528e-23,1.861512736081299e-22,8.750000380338834e-22,3.965530599971235e-21,1.5381078142717543e-20,3.6083592461326925e-20,3.342300239759159e-20,1.2794354398889828e-20,3.1731784005636075e-21,6.935156757852803e-22,1.4723439024828813e-22,3.1063800872505004e-23,6.5452652810996984e-24,1.3787298743130569e-24,2.904060670965103e-25,6.11683586648976e-26,1.2883885044236368e-26,2.7137298857249622e-27,5.715922792703363e-28,1.2039431903413464e-28,2.535862010859152e-29,5.3413006844282926e-30,1.1250385829743508e-30,2.369681887561347e-31,4.991238084749357e-32,1.0494762900936123e-32,2.2056789825697126e-33,4.980565444512297e-34,7.11509349216044e-35,3.5575467460802203e-35,0.0,0.0,0.0,0.0,0.0,0.0,0.0,0.0,0.0,0.0,0.0,0.0,0.0,0.0,0.0,0.0,0.0,3.5575467460802193e-35,7.115093492160437e-35,4.980565444512297e-34,2.205678982569713e-33,1.0494762900936123e-32,4.991238084749357e-32,2.369681887561348e-31,1.1250385829743513e-30,5.3413006844282975e-30,2.5358620108591534e-29,1.2039431903413461e-28,5.715922792703359e-28,2.7137298857249633e-27,1.2883885044236364e-26,6.116835866489767e-26,2.9040606709651043e-25,1.3787298743130567e-24,6.5452652810996984e-24,3.1063800872505027e-23,1.4723439024828813e-22,6.9351567578528085e-22,3.173178400563715e-21,1.2794354398890069e-20,3.3423002397592527e-20,3.6083592461325974e-20,1.5381078142717314e-20,3.965530599971127e-21,8.750000380338834e-22,1.8615127360810582e-22,3.929193742555139e-23,8.279744172144898e-24,1.7441503111819344e-24,3.6750152508151336e-25,7.799729958800535e-26,1.9230748038003428e-26,1.735439242112732e-26,6.681738528050936e-26,3.139438479683694e-25,1.4897596640391733e-24,7.07160404311631e-24,3.3548056952131525e-23,1.587015584565089e-22,7.40762270164173e-22,3.2529065998750395e-21,1.1191686914417462e-20,1.9738394251780348e-20,1.3004795167038974e-20,4.070827982815964e-21,9.468276327975382e-22,2.0382609057978926e-22,4.313132776615161e-23,9.093633747560562e-24,1.91578473963774e-24,4.035387861021209e-25,8.499805118028956e-26,1.790315276797005e-26,3.770938138449402e-27,7.942718053997677e-28,1.6729727684428262e-28,3.5237801301605366e-29,7.422076597306615e-30,1.5633014099834242e-30,3.2935809461452217e-31,6.933347799794049e-32,1.4661141701647833e-32,3.057413786714737e-33
6.162975822039155e-33,2.949080227342955e-32,1.3979843983820848e-31,6.6372360708445116e-31,3.151086204384871e-30,1.4960455289129914e-29,7.102718893928324e-29,3.372135295234402e-28,1.6009777034099911e-27,7.600908244513708e-27,3.608655465586631e-26,1.713262942415859e-25,8.133852655800866e-25,3.861344693325669e-24,1.832476448784439e-23,8.682857330695241e-23,4.0840885100464756e-22,1.856585224230244e-21,7.29003392012724e-21,1.7677156668033197e-20,1.713375503834324e-20,6.76299043043577e-21,1.6953940517917863e-21,3.7150529287529157e-22,7.891590132266636e-23,1.6651839607276483e-23,3.5087103750368706e-24,7.391593681231654e-25,1.5598493047805915e-25,3.4248001817865866e-26,1.3826294945847512e-26,3.4306840867485654e-26,1.56276942467899e-25,7.405545219582341e-25,3.515473668061474e-24,1.6687081238807376e-23,7.915360858962881e-23,3.741996601233581e-22,1.7413549286663157e-21,7.545362302709483e-21,2.4759005731442488e-20,3.959817975806761e-20,2.3613312445079155e-20,7.029962871821097e-21,1.6116471361596654e-21,3.458035908712647e-22,7.312337391855585e-23,1.541473600900031e-23,3.2473693775876988e-24,6.840177770941667e-25,1.4407561050858447e-25,3.0346659396345e-26,6.391911458645914e-27,1.3463268224148282e-27,2.8357649767860227e-28,5.972964452904325e-29,1.2580837161145627e-29,2.6499098447191666e-30,5.581435089910347e-31,1.1754134449042432e-31,2.4760525352715393e-32,5.2295937167377926e-33,1.1028394912848626e-33,2.13452804764813e-34,7.11509349216044e-35,0.0,0.0,0.0,0.0,0.0,0.0,0.0,0.0,0.0,0.0,0.0,0.0,0.0,0.0,0.0,0.0,0.0,0.0,0.0,7.11509349216044e-35,2.13452804764813e-34,1.1028394912848623e-33,5.2295937167377946e-33,2.4760525352715404e-32,1.1754134449042434e-31,5.581435089910348e-31,2.649909844719165e-30,1.258083716114562e-29,5.972964452904327e-29,2.8357649767860236e-28,1.3463268224148288e-27,6.391911458645913e-27,3.0346659396345006e-26,1.4407561050858452e-25,6.840177770941665e-25,3.2473693775877013e-24,1.5414736009000307e-23,7.312337391855586e-23,3.458035908712646e-22,1.6116471361597e-21,7.029962871821268e-21,2.3613312445079636e-20,3.959817975806997e-20,2.4759005731439624e-20,7.545362302709363e-21,1.7413549286662555e-21,3.741996601233581e-22,7.915360858962881e-23,1.6687081238807376e-23,3.515473668061474e-24,7.4055452194619705e-25,1.5627694243178782e-25,3.4306840879522716e-26,1.3826294945847512e-26,3.424800185397705e-26,1.5598493045398502e-25,7.391593681472395e-25,3.5087103750248335e-24,1.665183960732463e-23,7.891590132263025e-23,3.7150529287531564e-22,1.6953940517917623e-21,6.7629904304359144e-21,1.71337550383436e-20,1.7677156668032764e-20,7.290033920127167e-21,1.8565852242303163e-21,4.0840885100457534e-22,8.682857330690426e-23,1.8324764487940687e-23,3.861344693325669e-24,8.1338526555601245e-25,1.7132629419343765e-25,3.6086554728088683e-26,7.600908220439584e-27,1.6009776552617425e-27,3.372135295234402e-28,7.102723708753185e-29,1.4960407140881305e-29,3.151110278509176e-30,6.63747681208756e-31,1.3977436571390364e-31,2.944265402481987e-32,6.211124070648836e-33
1.2518544638517033e-32,5.936679053573655e-32,2.817635508638526e-31,1.3377990876199837e-30,6.351620660091884e-30,3.01550314371244e-29,1.4316628945783414e-28,6.797060570985702e-28,3.227017990594655e-27,1.5320802752107594e-26,7.273795598843585e-26,3.4533291960717598e-25,1.6394649153452098e-24,7.782260966493999e-24,3.6916661670340103e-23,1.7457383144680325e-22,8.134713432592769e-22,3.545552951658319e-21,1.18762355142388e-20,1.9801966124164614e-20,1.2309429581588063e-20,3.740403083516256e-21,8.625057089273459e-22,1.8530846611196482e-22,3.9196280558122173e-23,8.263251802386273e-24,1.740838990639516e-24,3.668115034427061e-25,7.78533882645856e-26,1.920571064779984e-26,1.737409612890586e-26,6.694016563761705e-26,3.145340270636696e-25,1.492587992864568e-24,7.085596997458967e-24,3.362720474473115e-23,1.593622933275055e-22,7.501540524169837e-22,3.4221006815998296e-21,1.3629908851760327e-20,3.4381344479017297e-20,3.5248813131791073e-20,1.447111726824335e-20,3.679347341319815e-21,8.090469233060768e-22,1.7198970966495543e-22,3.629693627334132e-23,7.648361424285888e-24,1.6111121230615136e-24,3.3935434083347275e-25,7.147839493746067e-26,1.5055488682079286e-26,3.1711343306254375e-27,6.67935269393392e-28,1.406870281294957e-28,2.963290579647955e-29,6.2415378884739844e-30,1.3146558245382125e-30,2.769194387145174e-31,5.834376663569932e-32,1.2273536273976043e-32,2.5970091246385276e-33,5.336320119120316e-34,1.0672640238240656e-34,3.5575467460802203e-35,0.0,0.0,0.0,0.0,0.0,0.0,0.0,0.0,0.0,0.0,0.0,0.0,0.0,0.0,0.0,0.0,0.0,0.0,0.0,3.5575467460802193e-35,1.0672640238240654e-34,5.336320119120316e-34,2.5970091246385296e-33,1.2273536273976035e-32,5.834376663569933e-32,2.769194387145173e-31,1.3146558245382125e-30,6.2415378884739886e-30,2.963290579647955e-29,1.4068702812949572e-28,6.679352693933922e-28,3.1711343306254375e-27,1.5055488682079292e-26,7.147839493746064e-26,3.393543408334729e-25,1.6111121230615132e-24,7.648361424285888e-24,3.629693627334133e-23,1.7198970966495548e-22,8.090469233060764e-22,3.679347341319907e-21,1.4471117268243634e-20,3.524881313179221e-20,3.438134447901607e-20,1.3629908851760087e-20,3.4221006815997814e-21,7.5015405241695965e-22,1.5936229332755364e-22,3.362720474471911e-23,7.08559699744693e-24,1.4925879928886421e-24,3.1453402700348427e-25,6.694016564965411e-26,1.7374096152979983e-26,1.920571069594809e-26,7.785338819236322e-26,3.668115034427061e-25,1.7408389906756274e-24,8.26325180239831e-24,3.9196280558122173e-23,1.8530846611195278e-22,8.625057089273098e-22,3.740403083516304e-21,1.230942958158852e-20,1.9801966124164277e-20,1.1876235514238583e-20,3.545552951658367e-21,8.13471343259301e-22,1.745738314468514e-22,3.6916661670340103e-23,7.782260966421776e-24,1.639464915369284e-24,3.453329196312501e-25,7.273795591621347e-26,1.5320802800255842e-26,3.2270179424464066e-27,6.797060811726945e-28,1.4316631353195844e-28,3.015507958537301e-29,6.351524363594665e-30,1.3378472358685934e-30,2.818116991124623e-31,5.931864228712686e-32,1.2518544638517033e-32
2.530190464438731e-32,1.1960024954644735e-31,5.6795674059979585e-31,2.6965908116337883e-30,1.280257115706554e-29,6.078227682248825e-29,2.885738317402003e-28,1.3700526123245124e-27,6.504553219927085e-27,3.088143383239583e-26,1.466142897576575e-25,6.9606490152026e-25,3.3044371006873767e-24,1.5682790598013495e-23,7.433116955203481e-23,3.5009407641882656e-22,1.601290749031377e-21,6.447087756976393e-21,1.6771377682298044e-20,1.79928144111373e-20,7.63407256409365e-21,1.9647753004666266e-21,4.333413812593012e-22,9.218209452118319e-23,1.945697046432122e-23,4.1000364970117984e-24,8.637228143077518e-25,1.821803357256283e-25,3.9564675561129043e-26,1.3992338983965795e-26,2.9813457144798507e-26,1.3383143953340644e-25,6.337580802205067e-25,3.0084278222914175e-24,1.428063073154798e-23,6.774759995314711e-23,3.204738170956195e-22,1.4956126581528565e-21,6.562908552400325e-21,2.2520620690235263e-20,3.949669255439086e-20,2.5868984824631735e-20,8.072715804370162e-21,1.8759224484805398e-21,4.037510387433814e-22,8.543333786935651e-23,1.801224798380316e-23,3.7946900323211415e-24,7.9930899193133525e-25,1.6835977851059723e-25,3.5461645756154367e-26,7.469280586951562e-27,1.5732528361963422e-27,3.3137384569394753e-28,6.979718163500186e-29,1.4701384049804763e-29,3.096524263209791e-30,6.522406204243116e-31,1.3739245533352774e-31,2.892285504562819e-32,6.0834049357969974e-33,1.2807168285888706e-33,2.8460373968641724e-34,7.11509349216044e-35,0.0,0.0,0.0,0.0,0.0,0.0,0.0,0.0,0.0,0.0,0.0,0.0,0.0,0.0,0.0,0.0,0.0,0.0,0.0,0.0,0.0,7.11509349216044e-35,2.8460373968641733e-34,1.280716828588872e-33,6.083404935797e-33,2.892285504562819e-32,1.3739245533352779e-31,6.522406204243113e-31,3.0965242632097927e-30,1.4701384049804766e-29,6.979718163500184e-29,3.3137384569394758e-28,1.5732528361963422e-27,7.469280586951557e-27,3.5461645756154344e-26,1.6835977851059716e-25,7.993089919313349e-25,3.794690032321142e-24,1.801224798380317e-23,8.543333786935651e-23,4.0375103874341693e-22,1.8759224484805394e-21,8.072715804370338e-21,2.586898482463234e-20,3.949669255439049e-20,2.252062069023501e-20,6.562908552400145e-21,1.4956126581528686e-21,3.2047381709553523e-22,6.774759995323137e-23,1.4280630731499833e-23,3.0084278222914175e-24,6.33758080280692e-25,1.3383143949729525e-25,2.9813457144798507e-26,1.3992339020076982e-26,3.9564675512980795e-26,1.8218033577377654e-25,8.637228142716406e-25,4.1000364970479096e-24,1.9456970464248998e-23,9.218209452119522e-23,4.333413812592891e-22,1.9647753004666627e-21,7.634072564094011e-21,1.799281441113706e-20,1.677137768229797e-20,6.447087756976369e-21,1.6012907490314011e-21,3.500940764187784e-22,7.433116955205889e-23,1.5682790597917198e-23,3.304437100735525e-24,6.960649015684082e-25,1.46614289661361e-25,3.088143383239583e-26,6.504553244001209e-27,1.3700526363986367e-27,2.885738798884489e-28,6.078222867423964e-29,1.2802547082941236e-29,2.696638959882398e-30,5.679808147241007e-31,1.1960024954644735e-31,2.515745989855827e-32
5.082047640751819e-32,2.4112642903728193e-31,1.1448690554409924e-30,5.435383563173962e-30,2.5805535324844573e-29,1.225160352598767e-28,5.816652210544525e-28,2.761552837918083e-27,1.3110930644903414e-26,6.224625029744572e-26,2.9552251415532343e-25,1.4029979865077733e-24,6.659962167038537e-24,3.159663451374668e-23,1.495015498660588e-22,6.985048678254993e-22,3.0807575371771436e-21,1.0769159642414263e-20,1.965912131933918e-20,1.3440512038877803e-20,4.290261859434119e-21,1.0036594766939585e-21,2.1634819338762487e-22,4.579419888219207e-23,9.655651069242735e-24,2.0342350895636204e-24,4.285967738857227e-25,9.078214535253123e-26,2.152395639779277e-26,1.593984193169853e-26,5.751047237826128e-26,2.6921335666022454e-25,1.2773110305169418e-24,6.063661420510885e-24,2.8778820962225556e-23,1.3642092619405676e-22,6.429536279414936e-22,2.9496908176596663e-21,1.202561778873391e-20,3.2450995215747663e-20,3.6818006115341586e-20,1.629253488761354e-20,4.260906905305934e-21,9.43559086293952e-22,2.0089522668544455e-22,4.24111298828412e-23,8.937342305920005e-24,1.8826608907550672e-24,3.9655285490429937e-25,8.352620418584668e-26,1.7593120176215565e-26,3.705635220162413e-27,7.805170727601584e-28,1.644001049591397e-28,3.462755912457014e-29,7.293611187624136e-30,1.5362198358810653e-30,3.235944520229557e-31,6.816259565487479e-32,1.4336913386702306e-32,3.023914734168143e-33,6.403584142944378e-34,1.4230186984320869e-34,3.5575467460802203e-35,0.0,0.0,0.0,0.0,0.0,0.0,0.0,0.0,0.0,0.0,0.0,0.0,0.0,0.0,0.0,0.0,0.0,0.0,0.0,0.0,0.0,3.5575467460802193e-35,1.4230186984320877e-34,6.403584142944378e-34,3.023914734168143e-33,1.4336913386702306e-32,6.816259565487481e-32,3.2359445202295564e-31,1.5362198358810653e-30,7.293611187624137e-30,3.4627559124570176e-29,1.6440010495913963e-28,7.805170727601581e-28,3.705635220162414e-27,1.7593120176215568e-26,8.352620418584671e-26,3.9655285490429946e-25,1.882660890755066e-24,8.937342305920002e-24,4.2411129882841214e-23,2.008952266854446e-22,9.435590862939871e-22,4.2609069053060266e-21,1.629253488761388e-20,3.681800611534286e-20,3.245099521574622e-20,1.2025617788733718e-20,2.949690817659594e-21,6.429536279414936e-22,1.3642092619405676e-22,2.877882096216537e-23,6.0636614205349594e-24,1.2773110305289788e-24,2.6921335668429867e-25,5.751047237826128e-26,1.593984191966147e-26,2.1523956373718645e-26,9.078214531642004e-26,4.285967739218339e-25,2.0342350896238057e-24,9.655651069182549e-24,4.579419888218003e-23,2.1634819338764895e-22,1.0036594766939465e-21,4.290261859434311e-21,1.344051203887778e-20,1.965912131933906e-20,1.0769159642414239e-20,3.0807575371771436e-21,6.985048678255234e-22,1.4950154986603473e-22,3.159663451374668e-23,6.659962167014463e-24,1.4029979864596251e-24,2.9552251417939756e-25,6.224625029744572e-26,1.3110930644903414e-26,2.7615528860663315e-27,5.8166529327682545e-28,1.225159630375038e-28,2.5805439028347354e-29,5.4354557855468764e-30,1.1448690554409924e-30,2.411023549129771e-31,5.082047640751819e-32
1.024353989170961e-31,4.860324955904238e-31,2.3076974076133957e-30,1.0955821007516925e-29,5.201508260377298e-29,2.4694995970662283e-28,1.1724361425894707e-27,5.5663364956670914e-27,2.6427098519887065e-26,1.2546671740352503e-25,5.956662017583012e-25,2.8278437253620893e-24,1.3421576505024777e-23,6.362924206797525e-23,3.0003276894037694e-22,1.379588752764843e-21,5.6780487767448634e-21,1.576490287657781e-20,1.8711106052613774e-20,8.575868102423005e-21,2.2739135253400265e-21,5.053178458894375e-22,1.0767148530444767e-22,2.2734338780756312e-23,4.7910069620219386e-24,1.0092834616530909e-24,2.1280482834321144e-25,4.584324010119642e-26,1.4498563723539277e-26,2.604489554371517e-26,1.1463961954699693e-25,5.423691021962608e-25,2.5745131345922516e-24,1.2221154753496914e-23,5.798382268611156e-23,2.744310384656582e-22,1.2838856145793302e-21,5.6958457228836625e-21,2.0346454810464578e-20,3.8986470140163183e-20,2.812592083419319e-20,9.245359444008298e-21,2.182120457083982e-21,4.713426612740158e-22,9.981264909069924e-23,2.1047330129673364e-23,4.434251756648994e-24,9.340322834985374e-25,1.967370692706471e-25,4.143877213707665e-26,8.728242332592596e-27,1.838427652569694e-27,3.872275784435779e-28,8.156166853655943e-29,1.7179286509006467e-29,3.618487521777908e-30,7.621332394099852e-31,1.605520846504769e-31,3.3796694087756624e-32,7.150668959620999e-33,1.4941696333536819e-33,3.201792071472194e-34,7.11509349216044e-35,0.0,0.0,0.0,0.0,0.0,0.0,0.0,0.0,0.0,0.0,0.0,0.0,0.0,0.0,0.0,0.0,0.0,0.0,0.0,0.0,0.0,0.0,0.0,7.11509349216044e-35,3.2017920714721924e-34,1.4941696333536822e-33,7.150668959620999e-33,3.3796694087756624e-32,1.6055208465047704e-31,7.621332394099857e-31,3.618487521777906e-30,1.717928650900646e-29,8.156166853655942e-29,3.872275784435779e-28,1.8384276525696936e-27,8.728242332592595e-27,4.143877213707663e-26,1.9673706927064705e-25,9.34032283498537e-25,4.434251756648997e-24,2.1047330129673367e-23,9.981264909069921e-23,4.713426612740157e-22,2.18212045708402e-21,9.245359444008494e-21,2.81259208341939e-20,3.898647014016266e-20,2.0346454810464338e-20,5.695845722883518e-21,1.283885614579258e-21,2.7443103846568227e-22,5.798382268614767e-23,1.2221154753460802e-23,2.5745131346042887e-24,5.423691021962608e-25,1.146396195229228e-25,2.604489556778929e-26,1.4498563711502215e-26,4.584324011323348e-26,2.128048283913597e-25,1.0092834616410538e-24,4.7910069619858274e-24,2.2734338780756312e-23,1.0767148530443563e-22,5.053178458894736e-22,2.2739135253400988e-21,8.575868102423005e-21,1.871110605261375e-20,1.576490287657776e-20,5.6780487767449356e-21,1.3795887527647466e-21,3.000327689403047e-22,6.362924206799933e-23,1.3421576505097e-23,2.827843725313941e-24,5.956662017823753e-25,1.254667173794509e-25,2.6427098519887065e-26,5.566336471592967e-27,1.1724362629600922e-27,2.4694993563249853e-28,5.201496223315145e-29,1.0955965452262754e-29,2.307625185240481e-30,4.860324955904238e-31,1.0238725066848643e-31
2.063393194167875e-31,9.797446368340917e-31,4.6514578534354424e-30,2.2083290521327362e-29,1.0484427986916275e-28,4.977658385906142e-28,2.363226421623076e-27,1.1219810367591147e-26,5.32678635121503e-26,2.528966495273803e-25,1.200636502490757e-24,5.699486310375507e-24,2.7042675393226107e-23,1.2801680974820394e-22,5.994965156441365e-22,2.671361848092504e-21,9.701849653141559e-21,1.9315304985846813e-20,1.4561126111101255e-20,4.90701816009275e-21,1.1671059481006733e-21,2.5254912162646272e-22,5.350103674046542e-23,1.1282601093498717e-23,2.377078650202664e-24,5.0080167516101165e-25,1.0591797528072925e-25,2.4365490470184643e-26,1.4893115991218765e-26,4.947896673900791e-26,2.3043770851299726e-25,1.0930862533737256e-24,5.1891063923905605e-24,2.4629231836360868e-23,1.167765800027197e-22,5.5094945477912465e-22,2.539926960437383e-21,1.0569019755129741e-20,3.035273950056672e-20,3.807675835901735e-20,1.8249650404661388e-20,4.927248261907996e-21,1.1000749698841775e-21,2.3464232526290304e-22,4.955452167257609e-23,1.0443522981175605e-23,2.199977052782682e-24,4.633921717059873e-25,9.760469001013944e-26,2.0558474214490792e-26,4.3302272569772874e-27,9.120747590343043e-28,1.9211008554534846e-28,4.04640703140917e-29,8.522957041106553e-30,1.795173663524116e-30,3.7813164364018217e-31,7.965347164470579e-32,1.6756045174036495e-32,3.521971278619358e-33,7.470848166768435e-34,1.7787733730401083e-34,3.5575467460802203e-35,0.0,0.0,0.0,0.0,0.0,0.0,0.0,0.0,0.0,0.0,0.0,0.0,0.0,0.0,0.0,0.0,0.0,0.0,0.0,0.0,0.0,0.0,0.0,3.5575467460802193e-35,1.778773373040109e-34,7.470848166768436e-34,3.521971278619359e-33,1.6756045174036493e-32,7.965347164470577e-32,3.7813164364018243e-31,1.7951736635241155e-30,8.522957041106557e-30,4.046407031409171e-29,1.9211008554534846e-28,9.120747590343048e-28,4.330227256977287e-27,2.0558474214490786e-26,9.760469001013944e-26,4.633921717059871e-25,2.1999770527826797e-24,1.044352298117561e-23,4.955452167257608e-23,2.3464232526290294e-22,1.1000749698842135e-21,4.927248261908087e-21,1.824965040466178e-20,3.8076758359018844e-20,3.035273950056494e-20,1.056901975512956e-20,2.539926960437335e-21,5.509494547791126e-22,1.1677658000267156e-22,2.4629231836445128e-23,5.189106392318338e-24,1.0930862534218738e-24,2.3043770854910845e-25,4.947896666678554e-26,1.4893116039367014e-26,2.4365490470184643e-26,1.0591797526869219e-25,5.008016751489746e-25,2.377078650226738e-24,1.128260109348668e-23,5.350103674047746e-23,2.5254912162641458e-22,1.1671059481007455e-21,4.9070181600928105e-21,1.456112611110116e-20,1.9315304985847006e-20,9.701849653141535e-21,2.6713618480923355e-21,5.994965156440883e-22,1.2801680974830023e-22,2.7042675393105736e-23,5.699486310447729e-24,1.2006365024185346e-24,2.528966496477509e-25,5.32678635121503e-26,1.121981027129465e-26,2.3632264697713247e-27,4.977658145164899e-28,1.0484425579503844e-28,2.2083386817824582e-29,4.651385631062528e-30,9.79696488585482e-31,2.0638746766539716e-31
4.159286456147284e-31,1.974776342601757e-30,9.375667710520113e-30,4.451230954179654e-29,2.113299335334295e-28,1.003323989736219e-27,4.763448055622011e-27,2.261525565164532e-26,1.0736945109535104e-25,5.097485530222302e-25,2.419983828899508e-24,1.1486286643302477e-23,5.446572088752388e-23,2.5707626653925293e-22,1.1874572163316572e-21,4.982351110368356e-21,1.468802373256695e-20,1.9263439281700326e-20,9.582434356854703e-21,2.6276349197022078e-21,5.890428043507005e-22,1.2575412310360014e-22,2.656333184757369e-23,5.598407630616989e-24,1.1793795960686836e-24,2.486029234833168e-25,5.32363384824843e-26,1.5357276446728637e-26,2.2909535243438762e-26,9.823489719902707e-26,4.641658581044773e-25,2.2031828551960996e-24,1.0458641067883051e-23,4.9626195937330985e-23,2.349807960283712e-22,1.1016418986216791e-21,4.933863581649133e-21,1.8268415004717994e-20,3.8086841575786536e-20,3.033265998005616e-20,1.0556179266263118e-20,2.536391169502657e-21,5.501594764538727e-22,1.1660808605018542e-22,2.4593646036945163e-23,5.181597979914594e-24,1.0914627896931572e-24,2.298973787119135e-25,4.8423353649262203e-26,1.0199404448567692e-26,2.1482982751122184e-27,4.524955403507423e-28,9.530902526486466e-29,2.0074916106994683e-29,4.2283577604355335e-30,8.906318278773867e-31,1.8758943992064146e-31,3.9524344348943795e-32,8.324659385827388e-33,1.7431979055792927e-33,3.557546746080214e-34,7.11509349216044e-35,3.5575467460802203e-35,0.0,0.0,0.0,0.0,0.0,0.0,0.0,0.0,0.0,0.0,0.0,0.0,0.0,0.0,0.0,0.0,0.0,0.0,0.0,0.0,0.0,0.0,0.0,3.5575467460802193e-35,7.115093492160437e-35,3.557546746080214e-34,1.7431979055792937e-33,8.324659385827385e-33,3.952434434894375e-32,1.8758943992064173e-31,8.906318278773865e-31,4.228357760435535e-30,2.0074916106994694e-29,9.530902526486464e-29,4.524955403507423e-28,2.1482982751122166e-27,1.0199404448567698e-26,4.84233536492622e-26,2.2989737871191355e-25,1.0914627896931574e-24,5.181597979914596e-24,2.459364603694517e-23,1.16608086050221e-22,5.501594764538373e-22,2.5363911695027307e-21,1.0556179266263321e-20,3.033265998005692e-20,3.808684157578587e-20,1.826841500471779e-20,4.933863581648977e-21,1.1016418986217032e-21,2.349807960283351e-22,4.9626195937367096e-23,1.0458641067883051e-23,2.2031828551720255e-24,4.641658581044773e-25,9.823489715087882e-26,2.2909535327698197e-26,1.535727641061745e-26,5.323633849452137e-26,2.486029234592427e-25,1.1793795960807207e-24,5.598407630641063e-24,2.656333184748943e-23,1.257541231036483e-22,5.890428043507126e-22,2.627634919702256e-21,9.582434356854607e-21,1.926343928170052e-20,1.4688023732567072e-20,4.982351110368115e-21,1.187457216331585e-21,2.5707626653932515e-22,5.446572088752388e-23,1.148628664320618e-23,2.4199838289235823e-24,5.097485530703785e-25,1.0736945099905454e-25,2.2615255723867693e-26,4.763448127844384e-27,1.0033239656620948e-27,2.113298372369323e-28,4.4512381764169453e-29,9.375595488147198e-30,1.9748485649746716e-30,4.159286456147284e-31
8.384295271646783e-31,3.980391638438015e-30,1.8898139431051142e-29,8.972146868572099e-29,4.259681091547059e-28,2.022354636318521e-27,9.60146501312866e-27,4.5584515740070604e-26,2.1641905776302074e-25,1.027461775992409e-24,4.877507429611101e-24,2.3144632367169946e-23,1.0960984182939173e-22,5.143082281067901e-22,2.312197026684765e-21,8.688381170028162e-21,1.8783442918247645e-20,1.5644172925425803e-20,5.594410388929982e-21,1.356080392778913e-21,2.9475563528973193e-22,6.25025475468268e-23,1.3183584265827922e-23,2.7777016709941757e-24,5.85181506717124e-25,1.236288529891832e-25,2.779939581559882e-26,1.4208470453443576e-26,4.2650388228185815e-26,1.9726439185413338e-25,9.35435260941643e-25,4.440680173982071e-24,2.1077786744387452e-23,9.995690936708434e-23,4.720202423992912e-22,2.185178804098975e-21,9.256883831197694e-21,2.8146726678481095e-20,3.897986643128625e-20,2.0326674511026234e-20,5.6883031520036685e-21,1.2820643679408684e-21,2.740359677150798e-22,5.790008799134396e-23,1.2203490806126639e-23,2.57077381255412e-24,5.414972239253492e-25,1.1405612495876033e-25,2.4023644179708607e-26,5.0600955424016236e-27,1.0658067227258888e-27,2.2449059135986645e-28,4.728442105547498e-29,9.959494417046671e-30,2.097778589740061e-30,4.418473058622291e-31,9.306542287741709e-32,1.960208257090018e-32,4.126754225452973e-33,8.53811219059249e-34,2.1345280476481304e-34,3.5575467460802203e-35,0.0,0.0,0.0,0.0,0.0,0.0,0.0,0.0,0.0,0.0,0.0,0.0,0.0,0.0,0.0,0.0,0.0,0.0,0.0,0.0,0.0,0.0,0.0,0.0,0.0,3.5575467460802193e-35,2.13452804764813e-34,8.538112190592492e-34,4.126754225452974e-33,1.960208257090017e-32,9.306542287741713e-32,4.418473058622287e-31,2.0977785897400614e-30,9.959494417046671e-30,4.728442105547498e-29,2.2449059135986636e-28,1.0658067227258881e-27,5.060095542401624e-27,2.4023644179708618e-26,1.140561249587603e-25,5.414972239253492e-25,2.570773812554121e-24,1.2203490806126634e-23,5.790008799134392e-23,2.740359677150799e-22,1.2820643679409036e-21,5.688303152003793e-21,2.0326674511026655e-20,3.8979866431288086e-20,2.8146726678478904e-20,9.256883831197525e-21,2.185178804098939e-21,4.720202423992671e-22,9.995690936708434e-23,2.1077786744387452e-23,4.44068017394596e-24,9.354352610138654e-25,1.9726439184209632e-25,4.265038825225994e-26,1.4208470393258266e-26,2.779939581559882e-26,1.2362885306140558e-25,5.85181506717124e-25,2.7777016709339904e-24,1.318358426579181e-23,6.250254754687495e-23,2.9475563528973193e-22,1.356080392778949e-21,5.594410388929958e-21,1.5644172925425947e-20,1.8783442918247885e-20,8.688381170027777e-21,2.312197026684717e-21,5.143082281067661e-22,1.0960984182939173e-22,2.314463236719402e-23,4.877507429659249e-24,1.0274617759442607e-24,2.1641905776302074e-25,4.558451571599648e-26,9.601465085351033e-27,2.0223546122443966e-27,4.25968036932333e-28,8.972161313046682e-29,1.8897994986305313e-29,3.980536083183844e-30,8.383813789160686e-31
1.6899553779511898e-30,8.02325562944709e-30,3.8091860960317115e-29,1.8084771067287803e-28,8.586044859264853e-28,4.076368310915987e-27,1.935323251208634e-26,9.188251981698591e-26,4.362233312319016e-25,2.070946065939938e-24,9.829972129044949e-24,4.662010623458103e-23,2.202305581104478e-22,1.0212488220292513e-21,4.357649443786826e-21,1.357029487596744e-20,1.962965437645274e-20,1.0644194513218535e-20,3.030996326019097e-21,6.8635970630077e-22,1.4686073319418967e-22,3.103664147505022e-23,6.541850267751243e-24,1.3781457983017214e-24,2.904449073840227e-25,6.192370969390778e-26,1.658935399338979e-26,2.033114971825564e-26,8.421844554808342e-26,3.9724715856905677e-25,1.88541109797504e-24,8.950281748538393e-24,4.247247875546488e-23,2.0118515879248735e-22,9.449061764082814e-22,4.266689164420399e-21,1.6310102113851376e-20,3.6831199601073854e-20,3.243219031616465e-20,1.2011415652396585e-20,2.94561025350372e-21,6.420329615145686e-22,1.3622414363465516e-22,2.8737242667046925e-23,6.054890551000961e-24,1.2754276147058333e-24,2.6864688336635153e-25,5.65851982330873e-26,1.191853380310091e-26,2.5103981286594545e-27,5.2876457511586485e-28,1.113735189110406e-28,2.345860554288895e-29,4.941076675513967e-30,1.0407247250931234e-30,2.1921603049323316e-31,4.6176956764111047e-32,9.712102616798546e-33,2.0633771127265084e-33,4.269056095296255e-34,7.11509349216044e-35,3.5575467460802203e-35,0.0,0.0,0.0,0.0,0.0,0.0,0.0,0.0,0.0,0.0,0.0,0.0,0.0,0.0,0.0,0.0,0.0,0.0,0.0,0.0,0.0,0.0,0.0,0.0,0.0,3.5575467460802193e-35,7.115093492160437e-35,4.2690560952962565e-34,2.0633771127265073e-33,9.71210261679855e-33,4.617695676411108e-32,2.1921603049323316e-31,1.040724725093124e-30,4.941076675513968e-30,2.3458605542888942e-29,1.113735189110406e-28,5.287645751158651e-28,2.510398128659455e-27,1.191853380310091e-26,5.65851982330873e-26,2.6864688336635167e-25,1.275427614705833e-24,6.054890551000964e-24,2.87372426670469e-23,1.3622414363465526e-22,6.420329615145685e-22,2.945610253503792e-21,1.201141565239681e-20,3.243219031616558e-20,3.6831199601072963e-20,1.631010211385117e-20,4.2666891644203024e-21,9.449061764082573e-22,2.0118515879245123e-22,4.247247875545284e-23,8.95028174855043e-24,1.88541109797504e-24,3.9724715860516796e-25,8.421844553604636e-26,2.033114971825564e-26,1.658935399338979e-26,6.192370970594484e-26,2.9044490737198563e-25,1.3781457983017214e-24,6.541850267739206e-24,3.103664147508633e-23,1.468607331942017e-22,6.86359706300758e-22,3.030996326019073e-21,1.064419451321868e-20,1.9629654376453054e-20,1.3570294875967078e-20,4.3576494437867296e-21,1.0212488220292754e-21,2.202305581104719e-22,4.66201062346051e-23,9.829972128996801e-24,2.0709460658677156e-24,4.362233312319016e-25,9.188251986513416e-26,1.9353232488012217e-26,4.076368334990111e-27,8.586045340747339e-28,1.8084766252462942e-28,3.809183688619281e-29,8.0233037776957e-30,1.6900035261997995e-30
3.4063441443890944e-30,1.6172178187765449e-29,7.678011020203804e-29,3.6452639391925946e-28,1.730650181379595e-27,8.216549927200939e-27,3.9009411397012364e-26,1.852029340434041e-25,8.792644080760964e-25,4.174059980627864e-24,1.9808149389670558e-23,9.384235811622493e-23,4.410677825752225e-22,1.998186571998854e-21,7.738776483490659e-21,1.8083020784859216e-20,1.6660277958115665e-20,6.354954859834296e-21,1.5741871099338286e-21,3.4394525814780775e-22,7.301537234599778e-23,1.5404718983882514e-23,3.2458397138079302e-24,6.837875123923224e-25,1.443453557948131e-25,3.1909156971189127e-26,1.3869260155864982e-26,3.6858721564218187e-26,1.6888691401014164e-25,8.005255896612791e-25,3.800194681642382e-24,1.803831451887638e-23,8.555684131156226e-23,4.043320232448711e-22,1.878563807491952e-21,8.082992771042595e-21,2.589000993738876e-20,3.949381668598753e-20,2.2500081502856365e-20,6.554342622132304e-21,1.4934977075651906e-21,3.200127697713762e-22,6.76497793159341e-23,1.4259991934114626e-23,3.0040640905971266e-24,6.32766813873134e-25,1.3328047181586848e-25,2.807287487657843e-26,5.912984493824778e-27,1.2454505223039564e-27,2.623289430667515e-28,5.525428630040473e-29,1.1638193999946016e-29,2.4513631608252756e-30,5.163067592573466e-31,1.087542040276157e-31,2.29106010447541e-32,4.838263574668989e-33,9.961130889024569e-34,2.13452804764813e-34,7.11509349216044e-35,0.0,0.0,0.0,0.0,0.0,0.0,0.0,0.0,0.0,0.0,0.0,0.0,0.0,0.0,0.0,0.0,0.0,0.0,0.0,0.0,0.0,0.0,0.0,0.0,0.0,0.0,0.0,7.11509349216044e-35,2.13452804764813e-34,9.961130889024569e-34,4.838263574668987e-33,2.291060104475412e-32,1.0875420402761572e-31,5.163067592573463e-31,2.451363160825276e-30,1.1638193999946016e-29,5.525428630040476e-29,2.623289430667515e-28,1.2454505223039555e-27,5.912984493824777e-27,2.807287487657843e-26,1.3328047181586846e-25,6.327668138731341e-25,3.0040640905971255e-24,1.425999193411463e-23,6.764977931593412e-23,3.2001276977137627e-22,1.4934977075652258e-21,6.554342622132436e-21,2.250008150285686e-20,3.949381668598965e-20,2.5890009937386147e-20,8.082992771042427e-21,1.878563807491952e-21,4.0433202324485904e-22,8.555684131161041e-23,1.803831451884027e-23,3.800194681654419e-24,8.005255896853532e-25,1.6888691397403045e-25,3.685872158829231e-26,1.386926014382792e-26,3.1909156959152065e-26,1.443453557587019e-25,6.837875124163965e-25,3.245839713795893e-24,1.5404718983918625e-23,7.301537234602185e-23,3.4394525814777164e-22,1.5741871099338286e-21,6.354954859834368e-21,1.6660277958116146e-20,1.8083020784858783e-20,7.738776483490515e-21,1.998186571998854e-21,4.410677825752947e-22,9.384235811615271e-23,1.9808149389718706e-23,4.174059980531567e-24,8.79264408196467e-25,1.8520293397118173e-25,3.900941149330886e-26,8.21654987905269e-27,1.7306501573054705e-27,3.6452641799338377e-28,7.678003797966513e-29,1.6172226336014058e-29,3.406368218513399e-30
6.86601247411341e-30,3.259756801496921e-29,1.5476219328236816e-28,7.347594145602355e-28,3.488392876695247e-27,1.6561723157960152e-26,7.86294130272832e-26,3.733031425319841e-25,1.772247961155027e-24,8.412439283724944e-24,3.990332946253005e-23,1.8863686989393563e-22,8.776865613550863e-22,3.800322739591829e-21,1.2439135342063936e-20,1.9796015759602356e-20,1.1747551243416856e-20,3.4891640863905366e-21,7.993746487417173e-22,1.7149233067030683e-22,3.6262478650213055e-23,7.644247610731302e-24,1.6104133866846229e-24,3.3934799215663553e-25,7.211655842336857e-26,1.8224750604726094e-26,1.8247053511446393e-26,7.22495001914929e-26,3.3998614114739547e-25,1.6134735870993742e-24,7.65943656147867e-24,3.634944576779903e-23,1.7223802901443378e-22,8.102042561596649e-22,3.684386519073519e-21,1.4487373523249112e-20,3.526465234601617e-20,3.4364378024508145e-20,1.3614331958191187e-20,3.417401042213696e-21,7.490815583969031e-22,1.5913249458697688e-22,3.3578625629067e-23,7.075350546113029e-24,1.4903988403824488e-24,3.1392763842944184e-25,6.612273528791112e-26,1.3927425664913295e-26,2.933530646448377e-27,6.178888760679572e-28,1.30145768106252e-28,2.741256972192217e-29,5.773898368728636e-30,1.2161473551404442e-30,2.5617894118492254e-31,5.39324086705622e-32,1.1384149587456081e-32,2.3835563198737202e-33,4.980565444512294e-34,1.0672640238240656e-34,3.5575467460802203e-35,0.0,0.0,0.0,0.0,0.0,0.0,0.0,0.0,0.0,0.0,0.0,0.0,0.0,0.0,0.0,0.0,0.0,0.0,0.0,0.0,0.0,0.0,0.0,0.0,0.0,0.0,0.0,3.5575467460802193e-35,1.0672640238240654e-34,4.980565444512299e-34,2.3835563198737206e-33,1.138414958745609e-32,5.393240867056222e-32,2.5617894118492263e-31,1.2161473551404445e-30,5.7738983687286365e-30,2.741256972192218e-29,1.3014576810625204e-28,6.1788887606795775e-28,2.9335306464483774e-27,1.3927425664913292e-26,6.612273528791112e-26,3.139276384294419e-25,1.4903988403824484e-24,7.075350546113029e-24,3.357862562906701e-23,1.5913249458697688e-22,7.490815583969034e-22,3.4174010422137676e-21,1.3614331958191472e-20,3.4364378024509174e-20,3.52646523460151e-20,1.4487373523248883e-20,3.684386519073398e-21,8.10204256159701e-22,1.722380290144699e-22,3.634944576779903e-23,7.659436561442559e-24,1.6134735870753e-24,3.3998614115943253e-25,7.224950025167821e-26,1.8247053451261082e-26,1.8224750616763157e-26,7.211655842336857e-26,3.3934799218070966e-25,1.6104133866605488e-24,7.644247610719265e-24,3.626247865022509e-23,1.7149233067037905e-22,7.993746487416812e-22,3.4891640863905486e-21,1.1747551243417338e-20,1.9796015759601994e-20,1.2439135342063671e-20,3.80032273959195e-21,8.776865613550141e-22,1.8863686989398378e-22,3.990332946253005e-23,8.41243928370087e-24,1.7722479612753976e-24,3.7330314248383584e-25,7.86294130272832e-26,1.6561723133886027e-26,3.488392924843495e-27,7.347593664119869e-28,1.5476221735649246e-28,3.259747171847199e-29,6.866036548237715e-30
1.3839491839123628e-29,6.570536302045521e-29,3.1194711013827824e-28,1.4810211808979565e-27,7.03139475066574e-27,3.3382698466110315e-26,1.5848938019064154e-25,7.524420303180541e-25,3.572055235610831e-24,1.6952412604127994e-23,8.033778488436786e-23,3.7814137410607187e-22,1.724473093481798e-21,6.859371529421333e-21,1.7238732203212032e-20,1.7579154175121497e-20,7.18944939440566e-21,1.8254052961458507e-21,4.0124782796129885e-22,8.529209280747723e-23,1.7999871288319966e-23,3.792868168292617e-24,7.990167311852615e-25,1.6857113021884996e-25,3.679468962968935e-26,1.38672383988688e-26,3.196316048016398e-26,1.4461537449524534e-25,6.850775709507019e-25,3.2520840436071222e-24,1.5437045200561863e-23,7.32291008524127e-23,3.463016092768031e-22,1.613925383489279e-21,7.039076251786013e-21,2.3634110287266307e-20,3.9599141461694747e-20,2.4738042777984932e-20,7.535678283034367e-21,1.7389014640396997e-21,3.736617383669833e-22,7.903933777722077e-23,1.6662966443887325e-23,3.5103794634894386e-24,7.394197692174343e-25,1.5574510651947611e-25,3.280461076438888e-26,6.909629534889768e-27,1.4553736687755724e-27,3.0654497994404465e-28,6.456751677069219e-29,1.3599825275497698e-29,2.8645366399045205e-30,6.033599281334629e-31,1.2707556976990819e-31,2.675275153051983e-32,5.656499326267396e-33,1.1739904262064663e-33,2.49028272225615e-34,7.11509349216044e-35,0.0,0.0,0.0,0.0,0.0,0.0,0.0,0.0,0.0,0.0,0.0,0.0,0.0,0.0,0.0,0.0,0.0,0.0,0.0,0.0,0.0,0.0,0.0,0.0,0.0,0.0,0.0,0.0,0.0,7.11509349216044e-35,2.4902827222561525e-34,1.173990426206466e-33,5.6564993262674e-33,2.6752751530519826e-32,1.2707556976990823e-31,6.033599281334631e-31,2.8645366399045202e-30,1.3599825275497692e-29,6.45675167706922e-29,3.0654497994404456e-28,1.4553736687755719e-27,6.909629534889769e-27,3.280461076438885e-26,1.5574510651947611e-25,7.394197692174343e-25,3.51037946348944e-24,1.6662966443887334e-23,7.903933777725634e-23,3.7366173836698316e-22,1.7389014640396997e-21,7.535678283034551e-21,2.4738042777985486e-20,3.959914146169726e-20,2.3634110287263142e-20,7.039076251785977e-21,1.6139253834892067e-21,3.4630160927675494e-22,7.322910085247288e-23,1.5437045200513715e-23,3.2520840436311963e-24,6.85077570974776e-25,1.4461537449524534e-25,3.1963160492201045e-26,1.3867238386831737e-26,3.6794689617652286e-26,1.6857113019477584e-25,7.990167311972985e-25,3.7928681682565056e-24,1.7999871288356077e-23,8.529209280744112e-23,4.0124782796133496e-22,1.8254052961458507e-21,7.189449394405973e-21,1.757915417512145e-20,1.723873220321184e-20,6.859371529421261e-21,1.7244730934817256e-21,3.7814137410612e-22,8.033778488436786e-23,1.6952412604055772e-23,3.5720552355626825e-24,7.52442030486573e-25,1.5848938021471566e-25,3.338269844203619e-26,7.03139475066574e-27,1.4810211568238322e-27,3.1194711013827824e-28,6.57053148722066e-29,1.3839515913247933e-29
2.789565079699082e-29,1.3243926892771042e-28,6.28777704540042e-28,2.985227139800684e-27,1.417286075506971e-26,6.728792657062917e-26,3.194583827383594e-25,1.5166300086551916e-24,7.199279730184415e-24,3.4153319110237757e-23,1.6155429969347995e-22,7.538485649816579e-22,3.3059081569683643e-21,1.1318770904308031e-20,1.9756188160414324e-20,1.2874704919487146e-20,4.007239515706238e-21,9.30484183266694e-22,2.0023123498992761e-22,4.2367151340589505e-23,8.932368058466029e-24,1.881827770991931e-24,3.965010415965397e-25,8.406268975550568e-26,2.0303225708140217e-26,1.6606578258957925e-26,6.203707490174108e-26,2.909907239950937e-25,1.3807599989979293e-24,6.554745192039893e-24,3.110874357017304e-23,1.4744704382455808e-22,6.945094204769864e-22,3.177558782046371e-21,1.2809244696055247e-20,3.344095837145694e-20,3.606901325226174e-20,1.5364156106030714e-20,3.960130799586223e-21,8.73751331166363e-22,1.8588294902160275e-22,3.923517988282482e-23,8.267773180995828e-24,1.7416022063358245e-24,3.6684047890249364e-25,7.726783968398442e-26,1.6274920039223033e-26,3.427982954085415e-27,7.220352381557994e-28,1.5208209936949553e-28,3.203300470801417e-29,6.747136431995478e-30,1.4211331986469998e-30,2.993319832147608e-31,6.303972834052246e-32,1.3269649362878374e-32,2.810461929403337e-33,6.047829468336357e-34,1.0672640238240656e-34,3.5575467460802203e-35,0.0,0.0,0.0,0.0,0.0,0.0,0.0,0.0,0.0,0.0,0.0,0.0,0.0,0.0,0.0,0.0,0.0,0.0,0.0,0.0,0.0,0.0,0.0,0.0,0.0,0.0,0.0,0.0,0.0,3.5575467460802193e-35,1.0672640238240654e-34,6.047829468336357e-34,2.8104619294033363e-33,1.3269649362878382e-32,6.303972834052249e-32,2.9933198321476104e-31,1.4211331986469987e-30,6.74713643199548e-30,3.20330047080142e-29,1.5208209936949557e-28,7.220352381557995e-28,3.427982954085417e-27,1.627492003922302e-26,7.72678396839844e-26,3.668404789024935e-25,1.741602206335826e-24,8.267773180995831e-24,3.9235179882824794e-23,1.8588294902160273e-22,8.737513311663987e-22,3.9601307995862775e-21,1.5364156106031042e-20,3.606901325226294e-20,3.344095837145551e-20,1.2809244696055103e-20,3.177558782046347e-21,6.945094204769382e-22,1.4744704382458216e-22,3.110874357018508e-23,6.5547451919917444e-24,1.3807599989979293e-24,2.9099072403120487e-25,6.203707490174108e-26,1.6606578222846738e-26,2.030322573221434e-26,8.4062689815691e-26,3.965010415604285e-25,1.881827770979894e-24,8.932368058429918e-24,4.23671513406858e-23,2.002312349898915e-22,9.304841832667301e-22,4.007239515706371e-21,1.2874704919487098e-20,1.975618816041418e-20,1.131877090430808e-20,3.3059081569683403e-21,7.538485649815856e-22,1.615542996935281e-22,3.4153319110165535e-23,7.199279730280712e-24,1.5166300086551916e-24,3.194583827383594e-25,6.72879265947033e-26,1.4172860827292083e-26,2.9852270194300624e-27,6.287776563917934e-28,1.3243936522420763e-28,2.7895626722866516e-29
5.622800620887145e-29,2.669519218111752e-28,1.2673986203587284e-27,6.017186415997065e-27,2.8567581224902544e-26,1.3562895741263912e-25,6.439117817155088e-25,3.0568671379574852e-24,1.450821511896029e-23,6.87727607455237e-23,3.2410739709880016e-22,1.4865008062925893e-21,6.053317213373207e-21,1.627883516756904e-20,1.837122993939293e-20,8.096422972276624e-21,2.1140796602954976e-21,4.679667619538373e-22,9.962708044390317e-23,2.1031951359010978e-23,4.432078227164627e-24,9.33670247981158e-25,1.9689513584571613e-25,4.257476987503742e-26,1.420235586661139e-26,2.784468490083544e-26,1.2385969305046164e-25,5.8628462085303575e-25,2.783026708365075e-24,1.3210828811229341e-23,6.267604221771494e-23,2.96564042150766e-22,1.3857941751165692e-21,6.1155942636567634e-21,2.1423317933204717e-20,3.929181622396361e-20,2.7000357461628135e-20,8.6422454344564e-21,2.023413356359569e-21,4.3624798471394925e-22,9.234390262562369e-23,1.9470756863501135e-23,4.10202595752468e-24,8.64048875462999e-25,1.8199618110366515e-25,3.83338891979778e-26,8.074261021561114e-27,1.7006797294984996e-27,3.582137570311646e-28,7.545047916526786e-29,1.5892130521010912e-29,3.347331308800712e-30,7.0507018960325965e-31,1.4849200118128283e-31,3.127083589804045e-32,6.617036947709002e-33,1.3874432309712772e-33,2.8460373968641724e-34,7.11509349216044e-35,0.0,0.0,0.0,0.0,0.0,0.0,0.0,0.0,0.0,0.0,0.0,0.0,0.0,0.0,0.0,0.0,0.0,0.0,0.0,0.0,0.0,0.0,0.0,0.0,0.0,0.0,0.0,0.0,0.0,0.0,0.0,7.11509349216044e-35,2.8460373968641733e-34,1.3874432309712769e-33,6.617036947709e-33,3.1270835898040457e-32,1.4849200118128286e-31,7.0507018960325965e-31,3.3473313088007126e-30,1.5892130521010926e-29,7.545047916526786e-29,3.582137570311647e-28,1.7006797294984992e-27,8.074261021561119e-27,3.833388919797777e-26,1.8199618110366515e-25,8.640488754629987e-25,4.1020259575246805e-24,1.947075686350114e-23,9.234390262562367e-23,4.362479847139492e-22,2.023413356359604e-21,8.642245434456586e-21,2.7000357461628794e-20,3.9291816223962985e-20,2.1423317933204584e-20,6.115594263656679e-21,1.385794175116497e-21,2.965640421508382e-22,6.267604221765475e-23,1.3210828811229341e-23,2.783026708413223e-24,5.862846207928504e-25,1.2385969314675814e-25,2.7844684864724253e-26,1.420235586661139e-26,4.2574769863000356e-26,1.9689513586979026e-25,9.336702479089356e-25,4.432078227200738e-24,2.1031951359010978e-23,9.962708044391521e-23,4.679667619538253e-22,2.114079660295594e-21,8.096422972276672e-21,1.8371229939392832e-20,1.627883516756904e-20,6.053317213373255e-21,1.4865008062924449e-21,3.2410739709880016e-22,6.877276074557184e-23,1.450821511896029e-23,3.0568671379815593e-24,6.439117816914347e-25,1.3562895741263912e-25,2.856758124897667e-26,6.017186391922941e-27,1.2673986925811013e-27,2.669518014405537e-28,5.622798213474714e-29
1.1333625869882508e-28,5.380827504898062e-28,2.5546378821150424e-27,1.2128567730384052e-26,5.758233061800862e-26,2.7338006010129184e-25,1.2978794151903744e-24,6.161039194300224e-24,2.9231179962946825e-23,1.3834439681552094e-22,6.47146111943979e-22,2.8694581121762943e-21,1.0229556150044224e-20,1.951169366345634e-20,1.400375423800093e-20,4.590020881854246e-21,1.0824024197783866e-21,2.3375364325904305e-22,4.9498062972743953e-23,1.0437483235486214e-23,2.1989855598384244e-24,4.632934683055284e-25,9.805253333611666e-26,2.287531096277039e-26,1.5369840912759265e-26,5.333288716819282e-26,2.490697662296085e-25,1.1816133507544226e-24,5.60936702808845e-24,2.662333368304278e-23,1.262178445402977e-22,5.951917811412695e-22,2.7374726620893252e-21,1.127897719439866e-20,3.14190569530998e-20,3.748925332004518e-20,1.7254945254726847e-20,4.582869862189058e-21,1.0188607934549868e-21,2.171161296893847e-22,4.58439924997381e-23,9.661129247404015e-24,2.0351440962177835e-24,4.286717805987029e-25,9.029146876616425e-26,1.9018088961017593e-26,4.0057761962177025e-27,8.43735674059632e-28,1.7771582453057706e-28,3.7432257827277565e-29,7.884341824767843e-30,1.6606628210570472e-30,3.4977799607402178e-31,7.367679311129536e-32,1.554647928036941e-32,3.2373675389329486e-33,7.115093492160416e-34,1.4230186984320869e-34,3.5575467460802203e-35,0.0,0.0,0.0,0.0,0.0,0.0,0.0,0.0,0.0,0.0,0.0,0.0,0.0,0.0,0.0,0.0,0.0,0.0,0.0,0.0,0.0,0.0,0.0,0.0,0.0,0.0,0.0,0.0,0.0,0.0,0.0,3.5575467460802193e-35,1.4230186984320877e-34,7.115093492160418e-34,3.2373675389329514e-33,1.5546479280369409e-32,7.367679311129539e-32,3.4977799607402165e-31,1.6606628210570476e-30,7.884341824767842e-30,3.7432257827277577e-29,1.7771582453057703e-28,8.43735674059632e-28,4.0057761962177e-27,1.9018088961017596e-26,9.029146876616421e-26,4.286717805987027e-25,2.0351440962177835e-24,9.661129247404015e-24,4.584399249973809e-23,2.171161296893847e-22,1.0188607934550224e-21,4.582869862189115e-21,1.725494525472723e-20,3.748925332004641e-20,3.1419056953098274e-20,1.1278977194398576e-20,2.737472662089229e-21,5.951917811412575e-22,1.2621784454030974e-22,2.662333368301871e-23,5.60936702808845e-24,1.1816133507423856e-24,2.4906976626571966e-25,5.333288719226694e-26,1.5369840912759265e-26,2.2875310926659204e-26,9.805253334815372e-26,4.632934683175655e-25,2.1989855598263873e-24,1.0437483235510289e-23,4.949806297271988e-23,2.337536432590671e-22,1.0824024197783986e-21,4.5900208818543065e-21,1.4003754238000856e-20,1.951169366345641e-20,1.0229556150044152e-20,2.869458112176222e-21,6.471461119439549e-22,1.3834439681552094e-22,2.923117996304312e-23,6.1610391941317054e-24,1.2978794153588932e-24,2.733800600772177e-25,5.75823305939345e-26,1.2128567754458177e-26,2.5546378821150424e-27,5.380828227121791e-28,1.1333623462470078e-28
2.284467562847926e-28,1.0845889889256274e-27,5.149267410635794e-27,2.4446995608763992e-26,1.160658987090458e-25,5.5103540139890265e-25,2.6159776768970906e-24,1.2416296085595347e-23,5.886975513289591e-23,2.7773192974357405e-22,1.2800634288240866e-21,5.3211433680728565e-21,1.523338152062807e-20,1.9009413412423455e-20,9.07156293713757e-21,2.4448894949243613e-21,5.456023787965224e-22,1.1636325629339204e-22,2.4574425116448998e-23,5.1789992257685795e-24,1.09102125819103e-24,2.300059623251199e-25,4.938992165691866e-26,1.4882760025166552e-26,2.4403166775648272e-26,1.0611526485996742e-25,5.017450237543126e-25,2.3816219712425084e-24,1.1305609039368786e-23,5.364261357190499e-23,2.53943790312171e-22,1.1893391894323357e-21,5.302366540289131e-21,1.929375396724986e-20,3.8583550866284846e-20,2.923902320517263e-20,9.883049154932505e-21,2.352834363084579e-21,5.092397303927092e-22,1.0788452771120458e-22,2.2751518923267773e-23,4.7933828912069795e-24,1.009683896808295e-24,2.126719007347833e-25,4.479513726884792e-26,9.435193389068205e-27,1.9873326110507933e-27,4.185914084926014e-28,8.816778381039161e-29,1.857078534303019e-29,3.911558222709434e-30,8.238566754540089e-31,1.7353713027364907e-31,3.6571580549698264e-32,7.684300971532993e-33,1.6364715031968882e-33,3.2017920714721932e-34,7.11509349216044e-35,3.5575467460802203e-35,0.0,0.0,0.0,0.0,0.0,0.0,0.0,0.0,0.0,0.0,0.0,0.0,0.0,0.0,0.0,0.0,0.0,0.0,0.0,0.0,0.0,0.0,0.0,0.0,0.0,0.0,0.0,0.0,0.0,0.0,0.0,3.5575467460802193e-35,7.115093492160437e-35,3.2017920714721924e-34,1.636471503196889e-33,7.684300971532992e-33,3.657158054969828e-32,1.7353713027364892e-31,8.238566754540089e-31,3.911558222709434e-30,1.8570785343030184e-29,8.816778381039165e-29,4.185914084926014e-28,1.987332611050794e-27,9.4351933890682e-27,4.4795137268847945e-26,2.126719007347832e-25,1.009683896808295e-24,4.7933828912069795e-24,2.2751518923267773e-23,1.078845277112045e-22,5.092397303927448e-22,2.3528343630846166e-21,9.883049154932678e-21,2.923902320517318e-20,3.8583550866284304e-20,1.92937539672498e-20,5.3023665402889745e-21,1.1893391894322996e-21,2.539437903122312e-22,5.364261357183277e-23,1.1305609039368786e-23,2.3816219712545455e-24,5.017450237182015e-25,1.0611526487200448e-25,2.4403166775648272e-26,1.4882760061277738e-26,4.938992171710397e-26,2.300059622649346e-25,1.091021258178993e-24,5.1789992257806166e-24,2.457442511643696e-23,1.1636325629340408e-22,5.456023787965345e-22,2.4448894949243372e-21,9.071562937137617e-21,1.90094134124236e-20,1.523338152062807e-20,5.321143368072688e-21,1.2800634288240385e-21,2.777319297435259e-22,5.886975513301628e-23,1.2416296085595347e-23,2.6159776768489424e-24,5.510354013748285e-25,1.1606589873311992e-25,2.444699553654162e-26,5.1492674347099184e-27,1.084589037073876e-27,2.284467322106683e-28
