conda : C:\Users\norma\miniconda3\envs\qtcad\Lib\site-packages\qtcad\device\device.py:1579: UserWarning: 'phi' set as a Field will not persist after mesh refinement. Please consider using a function or consta
nt instead.
At line:6 char:1
+ conda run --no-capture-output -n qtcad python 4-charge_detection.py 2 ...
+ ~~~~~~~~~~~~~~~~~~~~~~~~~~~~~~~~~~~~~~~~~~~~~~~~~~~~~~~~~~~~~~~~~~~~~
    + CategoryInfo          : NotSpecified: (C:\Users\norma\...nstant instead.:String) [], RemoteException
    + FullyQualifiedErrorId : NativeCommandError
 
  super().set_potential(phi)
C:\Users\norma\miniconda3\envs\qtcad\Lib\site-packages\qtcad\device\device.py:1562: UserWarning: 'rho_0' set as a Field will not persist after mesh refinement. Please consider using a function or constant ins
tead.
  super().set_vol_charge_density(rho_0, region)
2026-10-02 14:02:43.904 (  57.421s) [ 92794F77B8A0466]          vtkmSlice.cxx:328   WARN| vtkmSlice (0000018AD636ADF0): Viskores failed with message: vtkmSlice only generates triangles in the output.
Falling back to the default VTK implementation.
2026-10-02 14:02:45.745 (  59.262s) [ 92794F77B8A0466]          vtkmSlice.cxx:328   WARN| vtkmSlice (0000018AD636AF90): Viskores failed with message: vtkmSlice only generates triangles in the output.
Falling back to the default VTK implementation.

|  ||  |||                                                                 \\  
|  ||  |||         @@@@     @@@@@@@@      @@@@@        @       @@@@@@@      \\ 
|  ||  |||      @@@   @@@      @@      @@@    @       @@       @@    @@@     \\
|  ||  |||     @@       @@     @@     @@             @ @@      @@     @@@     \\
|  ||  |||     @@       @@     @@     @@            @    @     @@      @@     //
|  ||  |||      @@     @@      @@      @@@    @    @@@@@@@@    @@    @@@     //
|  ||  |||        @@@@@@       @@        @@@@@@   @@      @@   @@@@@@       // 
|  ||  |||             @@                                                  //   

                                 Version 2.2.6                                  
  Copyright (c) 2022-2026 Nanoacademic Technologies Inc. All rights reserved.   

      Welcome to QTCAD, the Quantum-Technology Computer-Aided Design tool.      

                        For documentation, please visit:                        
                      https://docs.nanoacademic.com/qtcad/                      

                      For technical support, please visit:                      
        https://nanoacademic.atlassian.net/servicedesk/customer/portal/1        
                                   or email:                                    
                            support@nanoacademic.com                            

    Please consider citing QTCAD in your work following our suggestions at:     
                  https://docs.nanoacademic.com/qtcad/citing/                   

                   For any commercial inquiry, please email:                    
                             sales@nanoacademic.com                             

      For more information about Nanoacademic Technologies, please visit:       
                            https://nanoacademic.com                            

--------------------------------------------------------------------------------
Loading mesh from file:
 C:\Users\norma\Desktop\연구자료\QTCAD Simulation\Simulation Example\M17. FD-SOI SET\Reference\meshes\refined_dqdfdsoi.msh
Done.
================================================================================
3D MESH STATISTICS
--------------------------------------------------------------------------------
Total number of elements      3022976             
Triangular elements           233537              
Tetrahedral elements          2789439             
Total number of nodes         524802              
Boundary physical names       back_gate_bnd, source_bnd, drain_bnd, dots, plunger_gate_1_bnd, plunger_gate_2_bnd, barrier_gate_1_bnd, barrier_gate_2_bnd, barrier_gate_3_bnd, 
Region physical names         oxide, channel, source, drain, oxide.QD1, oxide.QD2, channel.QD1, channel.QD2, 
================================================================================
================================================================================
3D SUBMESH STATISTICS
--------------------------------------------------------------------------------
Total number of elements      467651              
Triangular elements           48839               
Tetrahedral elements          418812              
Total number of nodes         82471               
Boundary physical names       dots, plunger_gate_2_bnd, barrier_gate_2_bnd, barrier_gate_3_bnd, 
Region physical names         oxide.QD2, channel.QD2,       
================================================================================
--------------------------------------------------------------------------------
Solving Schrödinger's equation for electrons.
--------------------------------------------------------------------------------
Schrodinger's equation solved in 5.388150999962818 s.
Energy levels (eV)
[0.02372721 0.02422721 0.02807382 0.02857382 0.03440091 0.03490091 0.04327043 0.04377043 0.04603034 0.04653034]
================================================================================
3D SUBMESH STATISTICS
--------------------------------------------------------------------------------
Total number of elements      1266098             
Triangular elements           132577              
Tetrahedral elements          1133521             
Total number of nodes         218519              
Boundary physical names       dots, plunger_gate_1_bnd, barrier_gate_1_bnd, barrier_gate_2_bnd, 
Region physical names         oxide.QD1, channel.QD1,       
================================================================================


==================================================
Setting V_SET = 1.25 V
==================================================


--------------------------------------------------
Solving for N = 12 electrons...
--------------------------------------------------



================================================================================
LAUNCHING SELF-CONSISTENT SCHRODINGER-POISSON LOOP
================================================================================
Schrodinger iter #              Time (s)       
--------------------------------------------------------------------------------
1                               21.900566                           
--------------------------------------------------------------------------------
Maximum absolute error on potential (V):    2.196098e-02                        
--------------------------------------------------------------------------------

================================================================================
Schrodinger iter #              Time (s)       
--------------------------------------------------------------------------------
2                               7.519311                            
--------------------------------------------------------------------------------
Maximum absolute error on potential (V):    1.976192e-02                        
--------------------------------------------------------------------------------

================================================================================
Schrodinger iter #              Time (s)       
--------------------------------------------------------------------------------
3                               6.418150                            
--------------------------------------------------------------------------------
Maximum absolute error on potential (V):    1.778353e-02                        
--------------------------------------------------------------------------------

================================================================================
Schrodinger iter #              Time (s)       
--------------------------------------------------------------------------------
4                               12.154615                           
--------------------------------------------------------------------------------
Maximum absolute error on potential (V):    1.600367e-02                        
--------------------------------------------------------------------------------

================================================================================
Schrodinger iter #              Time (s)       
--------------------------------------------------------------------------------
5                               7.947787                            
--------------------------------------------------------------------------------
Maximum absolute error on potential (V):    1.440198e-02                        
--------------------------------------------------------------------------------

================================================================================
Schrodinger iter #              Time (s)       
--------------------------------------------------------------------------------
6                               16.983338                           
--------------------------------------------------------------------------------
Maximum absolute error on potential (V):    1.296082e-02                        
--------------------------------------------------------------------------------

================================================================================
Schrodinger iter #              Time (s)       
--------------------------------------------------------------------------------
7                               9.359210                            
--------------------------------------------------------------------------------
Maximum absolute error on potential (V):    1.166395e-02                        
--------------------------------------------------------------------------------

================================================================================
Schrodinger iter #              Time (s)       
--------------------------------------------------------------------------------
8                               12.312932                           
--------------------------------------------------------------------------------
Maximum absolute error on potential (V):    1.049698e-02                        
--------------------------------------------------------------------------------

================================================================================
Schrodinger iter #              Time (s)       
--------------------------------------------------------------------------------
9                               7.868060                            
--------------------------------------------------------------------------------
Maximum absolute error on potential (V):    9.446778e-03                        
--------------------------------------------------------------------------------

================================================================================
Schrodinger iter #              Time (s)       
--------------------------------------------------------------------------------
10                              8.206847                            
--------------------------------------------------------------------------------
Maximum absolute error on potential (V):    8.501718e-03                        
--------------------------------------------------------------------------------

================================================================================
Schrodinger iter #              Time (s)       
--------------------------------------------------------------------------------
11                              11.147586                           
--------------------------------------------------------------------------------
Maximum absolute error on potential (V):    7.651148e-03                        
--------------------------------------------------------------------------------

================================================================================
Schrodinger iter #              Time (s)       
--------------------------------------------------------------------------------
12                              6.541444                            
--------------------------------------------------------------------------------
Maximum absolute error on potential (V):    6.885847e-03                        
--------------------------------------------------------------------------------

================================================================================
Schrodinger iter #              Time (s)       
--------------------------------------------------------------------------------
13                              6.939945                            
--------------------------------------------------------------------------------
Maximum absolute error on potential (V):    6.196977e-03                        
--------------------------------------------------------------------------------

================================================================================
Schrodinger iter #              Time (s)       
--------------------------------------------------------------------------------
14                              9.106097                            
--------------------------------------------------------------------------------
Maximum absolute error on potential (V):    5.577225e-03                        
--------------------------------------------------------------------------------

================================================================================
Schrodinger iter #              Time (s)       
--------------------------------------------------------------------------------
15                              8.774070                            
--------------------------------------------------------------------------------
Maximum absolute error on potential (V):    5.019237e-03                        
--------------------------------------------------------------------------------

================================================================================
Schrodinger iter #              Time (s)       
--------------------------------------------------------------------------------
16                              6.590129                            
--------------------------------------------------------------------------------
Maximum absolute error on potential (V):    4.517251e-03                        
--------------------------------------------------------------------------------

================================================================================
Schrodinger iter #              Time (s)       
--------------------------------------------------------------------------------
17                              6.756498                            
--------------------------------------------------------------------------------
Maximum absolute error on potential (V):    4.065300e-03                        
--------------------------------------------------------------------------------

================================================================================
Schrodinger iter #              Time (s)       
--------------------------------------------------------------------------------
18                              5.464484                            
--------------------------------------------------------------------------------
Maximum absolute error on potential (V):    3.658740e-03                        
--------------------------------------------------------------------------------

================================================================================
Schrodinger iter #              Time (s)       
--------------------------------------------------------------------------------
19                              5.947907                            
--------------------------------------------------------------------------------
Maximum absolute error on potential (V):    3.292793e-03                        
--------------------------------------------------------------------------------

================================================================================
Schrodinger iter #              Time (s)       
--------------------------------------------------------------------------------
20                              5.318479                            
--------------------------------------------------------------------------------
Maximum absolute error on potential (V):    2.963466e-03                        
--------------------------------------------------------------------------------

================================================================================
Schrodinger iter #              Time (s)       
--------------------------------------------------------------------------------
21                              8.514664                            
--------------------------------------------------------------------------------
Maximum absolute error on potential (V):    2.667049e-03                        
--------------------------------------------------------------------------------

================================================================================
Schrodinger iter #              Time (s)       
--------------------------------------------------------------------------------
22                              8.490565                            
--------------------------------------------------------------------------------
Maximum absolute error on potential (V):    2.400297e-03                        
--------------------------------------------------------------------------------

================================================================================
Schrodinger iter #              Time (s)       
--------------------------------------------------------------------------------
23                              5.470638                            
--------------------------------------------------------------------------------
Maximum absolute error on potential (V):    2.160207e-03                        
--------------------------------------------------------------------------------

================================================================================
Schrodinger iter #              Time (s)       
--------------------------------------------------------------------------------
24                              4.742873                            
--------------------------------------------------------------------------------
Maximum absolute error on potential (V):    1.944146e-03                        
--------------------------------------------------------------------------------

================================================================================
Schrodinger iter #              Time (s)       
--------------------------------------------------------------------------------
25                              4.850731                            
--------------------------------------------------------------------------------
Maximum absolute error on potential (V):    1.749683e-03                        
--------------------------------------------------------------------------------

================================================================================
Schrodinger iter #              Time (s)       
--------------------------------------------------------------------------------
26                              5.076954                            
--------------------------------------------------------------------------------
Maximum absolute error on potential (V):    1.574683e-03                        
--------------------------------------------------------------------------------

================================================================================
Schrodinger iter #              Time (s)       
--------------------------------------------------------------------------------
27                              6.163253                            
--------------------------------------------------------------------------------
Maximum absolute error on potential (V):    1.417178e-03                        
--------------------------------------------------------------------------------

================================================================================
Schrodinger iter #              Time (s)       
--------------------------------------------------------------------------------
28                              6.970429                            
--------------------------------------------------------------------------------
Maximum absolute error on potential (V):    1.275435e-03                        
--------------------------------------------------------------------------------

================================================================================
Schrodinger iter #              Time (s)       
--------------------------------------------------------------------------------
29                              8.138405                            
--------------------------------------------------------------------------------
Maximum absolute error on potential (V):    1.147865e-03                        
--------------------------------------------------------------------------------

================================================================================
Schrodinger iter #              Time (s)       
--------------------------------------------------------------------------------
30                              6.552898                            
--------------------------------------------------------------------------------
Maximum absolute error on potential (V):    1.033060e-03                        
--------------------------------------------------------------------------------

================================================================================
Schrodinger iter #              Time (s)       
--------------------------------------------------------------------------------
31                              3.345318                            
--------------------------------------------------------------------------------
Maximum absolute error on potential (V):    9.297345e-04                        
--------------------------------------------------------------------------------

================================================================================
Schrodinger iter #              Time (s)       
--------------------------------------------------------------------------------
32                              4.508816                            
--------------------------------------------------------------------------------
Maximum absolute error on potential (V):    8.367477e-04                        
--------------------------------------------------------------------------------

================================================================================
Schrodinger iter #              Time (s)       
--------------------------------------------------------------------------------
33                              3.748377                            
--------------------------------------------------------------------------------
Maximum absolute error on potential (V):    7.530594e-04                        
--------------------------------------------------------------------------------

================================================================================
Schrodinger iter #              Time (s)       
--------------------------------------------------------------------------------
34                              4.746951                            
--------------------------------------------------------------------------------
Maximum absolute error on potential (V):    6.777439e-04                        
--------------------------------------------------------------------------------

================================================================================
Schrodinger iter #              Time (s)       
--------------------------------------------------------------------------------
35                              4.786786                            
--------------------------------------------------------------------------------
Maximum absolute error on potential (V):    6.099602e-04                        
--------------------------------------------------------------------------------

================================================================================
Schrodinger iter #              Time (s)       
--------------------------------------------------------------------------------
36                              7.155674                            
--------------------------------------------------------------------------------
Maximum absolute error on potential (V):    5.489574e-04                        
--------------------------------------------------------------------------------

================================================================================
Schrodinger iter #              Time (s)       
--------------------------------------------------------------------------------
37                              5.984555                            
--------------------------------------------------------------------------------
Maximum absolute error on potential (V):    4.940553e-04                        
--------------------------------------------------------------------------------

================================================================================
Schrodinger iter #              Time (s)       
--------------------------------------------------------------------------------
38                              5.159962                            
--------------------------------------------------------------------------------
Maximum absolute error on potential (V):    4.446451e-04                        
--------------------------------------------------------------------------------

================================================================================
Schrodinger iter #              Time (s)       
--------------------------------------------------------------------------------
39                              4.014594                            
--------------------------------------------------------------------------------
Maximum absolute error on potential (V):    4.001763e-04                        
--------------------------------------------------------------------------------

================================================================================
Schrodinger iter #              Time (s)       
--------------------------------------------------------------------------------
40                              4.174648                            
--------------------------------------------------------------------------------
Maximum absolute error on potential (V):    3.601554e-04                        
--------------------------------------------------------------------------------

================================================================================
Schrodinger iter #              Time (s)       
--------------------------------------------------------------------------------
41                              4.421884                            
--------------------------------------------------------------------------------
Maximum absolute error on potential (V):    3.241369e-04                        
--------------------------------------------------------------------------------

================================================================================
Schrodinger iter #              Time (s)       
--------------------------------------------------------------------------------
42                              8.113270                            
--------------------------------------------------------------------------------
Maximum absolute error on potential (V):    2.917210e-04                        
--------------------------------------------------------------------------------

================================================================================
Schrodinger iter #              Time (s)       
--------------------------------------------------------------------------------
43                              7.134908                            
--------------------------------------------------------------------------------
Maximum absolute error on potential (V):    2.625469e-04                        
--------------------------------------------------------------------------------

================================================================================
Schrodinger iter #              Time (s)       
--------------------------------------------------------------------------------
44                              6.849070                            
--------------------------------------------------------------------------------
Maximum absolute error on potential (V):    2.362906e-04                        
--------------------------------------------------------------------------------

================================================================================
Schrodinger iter #              Time (s)       
--------------------------------------------------------------------------------
45                              4.727114                            
--------------------------------------------------------------------------------
Maximum absolute error on potential (V):    2.126602e-04                        
--------------------------------------------------------------------------------

================================================================================
Schrodinger iter #              Time (s)       
--------------------------------------------------------------------------------
46                              5.291913                            
--------------------------------------------------------------------------------
Maximum absolute error on potential (V):    1.913930e-04                        
--------------------------------------------------------------------------------

================================================================================
Schrodinger iter #              Time (s)       
--------------------------------------------------------------------------------
47                              4.355747                            
--------------------------------------------------------------------------------
Maximum absolute error on potential (V):    1.722527e-04                        
--------------------------------------------------------------------------------

================================================================================
Schrodinger iter #              Time (s)       
--------------------------------------------------------------------------------
48                              3.946492                            
--------------------------------------------------------------------------------
Maximum absolute error on potential (V):    1.550266e-04                        
--------------------------------------------------------------------------------

================================================================================
Schrodinger iter #              Time (s)       
--------------------------------------------------------------------------------
49                              4.788571                            
--------------------------------------------------------------------------------
Maximum absolute error on potential (V):    1.395232e-04                        
--------------------------------------------------------------------------------

================================================================================
Schrodinger iter #              Time (s)       
--------------------------------------------------------------------------------
50                              12.142270                           
--------------------------------------------------------------------------------
Maximum absolute error on potential (V):    1.255703e-04                        
--------------------------------------------------------------------------------

================================================================================
Schrodinger iter #              Time (s)       
--------------------------------------------------------------------------------
51                              4.987368                            
--------------------------------------------------------------------------------
Maximum absolute error on potential (V):    1.130127e-04                        
--------------------------------------------------------------------------------

================================================================================
Schrodinger iter #              Time (s)       
--------------------------------------------------------------------------------
52                              4.086971                            
--------------------------------------------------------------------------------
Maximum absolute error on potential (V):    1.017110e-04                        
--------------------------------------------------------------------------------

================================================================================
Schrodinger iter #              Time (s)       
--------------------------------------------------------------------------------
53                              4.407275                            
--------------------------------------------------------------------------------
Maximum absolute error on potential (V):    9.153943e-05                        
--------------------------------------------------------------------------------

================================================================================
Schrodinger iter #              Time (s)       
--------------------------------------------------------------------------------
54                              3.799931                            
--------------------------------------------------------------------------------
Maximum absolute error on potential (V):    8.238510e-05                        
--------------------------------------------------------------------------------

================================================================================
Schrodinger iter #              Time (s)       
--------------------------------------------------------------------------------
55                              5.006745                            
--------------------------------------------------------------------------------
Maximum absolute error on potential (V):    7.414625e-05                        
--------------------------------------------------------------------------------

================================================================================
Schrodinger iter #              Time (s)       
--------------------------------------------------------------------------------
56                              4.841931                            
--------------------------------------------------------------------------------
Maximum absolute error on potential (V):    6.673131e-05                        
--------------------------------------------------------------------------------

================================================================================
Schrodinger iter #              Time (s)       
--------------------------------------------------------------------------------
57                              5.770866                            
--------------------------------------------------------------------------------
Maximum absolute error on potential (V):    6.005790e-05                        
--------------------------------------------------------------------------------

================================================================================
Schrodinger iter #              Time (s)       
--------------------------------------------------------------------------------
58                              6.772773                            
--------------------------------------------------------------------------------
Maximum absolute error on potential (V):    5.405186e-05                        
--------------------------------------------------------------------------------

================================================================================
Schrodinger iter #              Time (s)       
--------------------------------------------------------------------------------
59                              4.839220                            
--------------------------------------------------------------------------------
Maximum absolute error on potential (V):    4.864644e-05                        
--------------------------------------------------------------------------------

================================================================================
Schrodinger iter #              Time (s)       
--------------------------------------------------------------------------------
60                              4.934250                            
--------------------------------------------------------------------------------
Maximum absolute error on potential (V):    4.378159e-05                        
--------------------------------------------------------------------------------

================================================================================
Schrodinger iter #              Time (s)       
--------------------------------------------------------------------------------
61                              4.550550                            
--------------------------------------------------------------------------------
Maximum absolute error on potential (V):    3.940324e-05                        
--------------------------------------------------------------------------------

================================================================================
Schrodinger iter #              Time (s)       
--------------------------------------------------------------------------------
62                              5.245227                            
--------------------------------------------------------------------------------
Maximum absolute error on potential (V):    3.546274e-05                        
--------------------------------------------------------------------------------

================================================================================
Schrodinger iter #              Time (s)       
--------------------------------------------------------------------------------
63                              6.896102                            
--------------------------------------------------------------------------------
Maximum absolute error on potential (V):    3.191631e-05                        
--------------------------------------------------------------------------------

================================================================================
Schrodinger iter #              Time (s)       
--------------------------------------------------------------------------------
64                              5.927575                            
--------------------------------------------------------------------------------
Maximum absolute error on potential (V):    2.872454e-05                        
--------------------------------------------------------------------------------

================================================================================
Schrodinger iter #              Time (s)       
--------------------------------------------------------------------------------
65                              4.268545                            
--------------------------------------------------------------------------------
Maximum absolute error on potential (V):    2.585196e-05                        
--------------------------------------------------------------------------------

================================================================================
Schrodinger iter #              Time (s)       
--------------------------------------------------------------------------------
66                              3.273998                            
--------------------------------------------------------------------------------
Maximum absolute error on potential (V):    2.326664e-05                        
--------------------------------------------------------------------------------

================================================================================
Schrodinger iter #              Time (s)       
--------------------------------------------------------------------------------
67                              3.332586                            
--------------------------------------------------------------------------------
Maximum absolute error on potential (V):    2.093988e-05                        
--------------------------------------------------------------------------------

================================================================================
Schrodinger iter #              Time (s)       
--------------------------------------------------------------------------------
68                              3.485766                            
--------------------------------------------------------------------------------
Maximum absolute error on potential (V):    1.884579e-05                        
--------------------------------------------------------------------------------

C:\Users\norma\miniconda3\envs\qtcad\Lib\site-packages\qtcad\device\io.py:45: UserWarning: A large file (>10MB) was produced. Please make sure this is compatible with your memory capabilites.
  iop.save(
2026-10-02 14:34:55.731 (1989.247s) [ 92794F77B8A0466]          vtkmSlice.cxx:328   WARN| vtkmSlice (0000018AD672F550): Viskores failed with message: vtkmSlice only generates triangles in the output.
Falling back to the default VTK implementation.
2026-10-02 14:34:59.362 (1992.879s) [ 92794F77B8A0466]          vtkmSlice.cxx:328   WARN| vtkmSlice (0000018AD672F550): Viskores failed with message: vtkmSlice only generates triangles in the output.
Falling back to the default VTK implementation.
================================================================================
Schrodinger iter #              Time (s)       
--------------------------------------------------------------------------------
69                              3.466543                            
--------------------------------------------------------------------------------
Maximum absolute error on potential (V):    1.696113e-05                        
--------------------------------------------------------------------------------

================================================================================
Schrodinger iter #              Time (s)       
--------------------------------------------------------------------------------
70                              4.035473                            
--------------------------------------------------------------------------------
Maximum absolute error on potential (V):    1.526494e-05                        
--------------------------------------------------------------------------------

================================================================================
Schrodinger iter #              Time (s)       
--------------------------------------------------------------------------------
71                              4.605875                            
--------------------------------------------------------------------------------
Maximum absolute error on potential (V):    1.373838e-05                        
--------------------------------------------------------------------------------

================================================================================
Schrodinger iter #              Time (s)       
--------------------------------------------------------------------------------
72                              4.303706                            
--------------------------------------------------------------------------------
Maximum absolute error on potential (V):    1.236448e-05                        
--------------------------------------------------------------------------------

================================================================================
Schrodinger iter #              Time (s)       
--------------------------------------------------------------------------------
73                              4.280793                            
--------------------------------------------------------------------------------
Maximum absolute error on potential (V):    1.112797e-05                        
--------------------------------------------------------------------------------

================================================================================
Schrodinger iter #              Time (s)       
--------------------------------------------------------------------------------
74                              6.884900                            
--------------------------------------------------------------------------------
Maximum absolute error on potential (V):    1.001513e-05                        
--------------------------------------------------------------------------------

================================================================================
Schrodinger iter #              Time (s)       
--------------------------------------------------------------------------------
75                              4.425946                            
--------------------------------------------------------------------------------
Maximum absolute error on potential (V):    9.013570e-06                        
--------------------------------------------------------------------------------

================================================================================
Schrodinger-Poisson loop completed.
Error converged below required tolerance after:
> 75 Schrodinger iterations.
> 1885.7897608280182 s.
Average computation time / Schrodinger iteration is 25.14386375427246 s.
================================================================================
Energies and population factors of SET SubDevice:
Energy levels (eV)
[-0.14116145 -0.14066145 -0.13880781 -0.13830781 -0.13364257 -0.13314257 -0.12723795 -0.12673795 -0.12148393 -0.12098393]
Population factors
[1.00000000e+000 1.00000000e+000 1.00000000e+000 1.00000000e+000
 1.00000000e+000 1.00000000e+000 5.46778808e-194 3.45876430e-219
 0.00000000e+000 0.00000000e+000]
Saved variable phi in C:\Users\norma\Desktop\연구자료\QTCAD Simulation\Simulation Example\M17. FD-SOI SET\Reference\output\charge_sensing\phi_vset1.25_N12.hdf5
Estimated file size: 2.403 MB
Saved data in C:\Users\norma\Desktop\연구자료\QTCAD Simulation\Simulation Example\M17. FD-SOI SET\Reference\output\charge_sensing\wf_vset1.25_N12.vtu
Estimated file size: 311.626 MB
  Many-body ground-state energy (eV): -1.6514473046
--------------------------------------------------
Solving for N = 13 electrons...
--------------------------------------------------



================================================================================
LAUNCHING SELF-CONSISTENT SCHRODINGER-POISSON LOOP
================================================================================
Schrodinger iter #              Time (s)       
--------------------------------------------------------------------------------
1                               41.589701                           
--------------------------------------------------------------------------------
Maximum absolute error on potential (V):    1.466256e-02                        
--------------------------------------------------------------------------------

================================================================================
Schrodinger iter #              Time (s)       
--------------------------------------------------------------------------------
2                               5.187156                            
--------------------------------------------------------------------------------
Maximum absolute error on potential (V):    1.261074e-02                        
--------------------------------------------------------------------------------

================================================================================
Schrodinger iter #              Time (s)       
--------------------------------------------------------------------------------
3                               5.848312                            
--------------------------------------------------------------------------------
Maximum absolute error on potential (V):    1.088517e-02                        
--------------------------------------------------------------------------------

================================================================================
Schrodinger iter #              Time (s)       
--------------------------------------------------------------------------------
4                               8.332065                            
--------------------------------------------------------------------------------
Maximum absolute error on potential (V):    9.410586e-03                        
--------------------------------------------------------------------------------

================================================================================
Schrodinger iter #              Time (s)       
--------------------------------------------------------------------------------
5                               9.068772                            
--------------------------------------------------------------------------------
Maximum absolute error on potential (V):    8.175052e-03                        
--------------------------------------------------------------------------------

================================================================================
Schrodinger iter #              Time (s)       
--------------------------------------------------------------------------------
6                               8.982518                            
--------------------------------------------------------------------------------
Maximum absolute error on potential (V):    7.118278e-03                        
--------------------------------------------------------------------------------

================================================================================
Schrodinger iter #              Time (s)       
--------------------------------------------------------------------------------
7                               5.453296                            
--------------------------------------------------------------------------------
Maximum absolute error on potential (V):    6.208640e-03                        
--------------------------------------------------------------------------------

================================================================================
Schrodinger iter #              Time (s)       
--------------------------------------------------------------------------------
8                               4.937388                            
--------------------------------------------------------------------------------
Maximum absolute error on potential (V):    5.430104e-03                        
--------------------------------------------------------------------------------

================================================================================
Schrodinger iter #              Time (s)       
--------------------------------------------------------------------------------
9                               4.918751                            
--------------------------------------------------------------------------------
Maximum absolute error on potential (V):    4.763705e-03                        
--------------------------------------------------------------------------------

================================================================================
Schrodinger iter #              Time (s)       
--------------------------------------------------------------------------------
10                              4.719861                            
--------------------------------------------------------------------------------
Maximum absolute error on potential (V):    4.187626e-03                        
--------------------------------------------------------------------------------

================================================================================
Schrodinger iter #              Time (s)       
--------------------------------------------------------------------------------
11                              6.749457                            
--------------------------------------------------------------------------------
Maximum absolute error on potential (V):    3.693032e-03                        
--------------------------------------------------------------------------------

================================================================================
Schrodinger iter #              Time (s)       
--------------------------------------------------------------------------------
12                              8.623167                            
--------------------------------------------------------------------------------
Maximum absolute error on potential (V):    3.261919e-03                        
--------------------------------------------------------------------------------

================================================================================
Schrodinger iter #              Time (s)       
--------------------------------------------------------------------------------
13                              7.432342                            
--------------------------------------------------------------------------------
Maximum absolute error on potential (V):    2.905130e-03                        
--------------------------------------------------------------------------------

================================================================================
Schrodinger iter #              Time (s)       
--------------------------------------------------------------------------------
14                              6.226376                            
--------------------------------------------------------------------------------
Maximum absolute error on potential (V):    2.594253e-03                        
--------------------------------------------------------------------------------

================================================================================
Schrodinger iter #              Time (s)       
--------------------------------------------------------------------------------
15                              5.761219                            
--------------------------------------------------------------------------------
Maximum absolute error on potential (V):    2.321910e-03                        
--------------------------------------------------------------------------------

================================================================================
Schrodinger iter #              Time (s)       
--------------------------------------------------------------------------------
16                              4.967060                            
--------------------------------------------------------------------------------
Maximum absolute error on potential (V):    2.070073e-03                        
--------------------------------------------------------------------------------

================================================================================
Schrodinger iter #              Time (s)       
--------------------------------------------------------------------------------
17                              6.261054                            
--------------------------------------------------------------------------------
Maximum absolute error on potential (V):    1.859100e-03                        
--------------------------------------------------------------------------------

================================================================================
Schrodinger iter #              Time (s)       
--------------------------------------------------------------------------------
18                              6.100457                            
--------------------------------------------------------------------------------
Maximum absolute error on potential (V):    1.668367e-03                        
--------------------------------------------------------------------------------

================================================================================
Schrodinger iter #              Time (s)       
--------------------------------------------------------------------------------
19                              6.555640                            
--------------------------------------------------------------------------------
Maximum absolute error on potential (V):    1.497254e-03                        
--------------------------------------------------------------------------------

================================================================================
Schrodinger iter #              Time (s)       
--------------------------------------------------------------------------------
20                              5.587154                            
--------------------------------------------------------------------------------
Maximum absolute error on potential (V):    1.342036e-03                        
--------------------------------------------------------------------------------

================================================================================
Schrodinger iter #              Time (s)       
--------------------------------------------------------------------------------
21                              4.660231                            
--------------------------------------------------------------------------------
Maximum absolute error on potential (V):    1.203704e-03                        
--------------------------------------------------------------------------------

================================================================================
Schrodinger iter #              Time (s)       
--------------------------------------------------------------------------------
22                              4.873519                            
--------------------------------------------------------------------------------
Maximum absolute error on potential (V):    1.079303e-03                        
--------------------------------------------------------------------------------

================================================================================
Schrodinger iter #              Time (s)       
--------------------------------------------------------------------------------
23                              4.517222                            
--------------------------------------------------------------------------------
Maximum absolute error on potential (V):    9.677265e-04                        
--------------------------------------------------------------------------------

================================================================================
Schrodinger iter #              Time (s)       
--------------------------------------------------------------------------------
24                              4.569946                            
--------------------------------------------------------------------------------
Maximum absolute error on potential (V):    8.676848e-04                        
--------------------------------------------------------------------------------

================================================================================
Schrodinger iter #              Time (s)       
--------------------------------------------------------------------------------
25                              5.482663                            
--------------------------------------------------------------------------------
Maximum absolute error on potential (V):    7.779191e-04                        
--------------------------------------------------------------------------------

================================================================================
Schrodinger iter #              Time (s)       
--------------------------------------------------------------------------------
26                              4.435952                            
--------------------------------------------------------------------------------
Maximum absolute error on potential (V):    6.985805e-04                        
--------------------------------------------------------------------------------

================================================================================
Schrodinger iter #              Time (s)       
--------------------------------------------------------------------------------
27                              4.629444                            
--------------------------------------------------------------------------------
Maximum absolute error on potential (V):    6.276645e-04                        
--------------------------------------------------------------------------------

================================================================================
Schrodinger iter #              Time (s)       
--------------------------------------------------------------------------------
28                              4.650618                            
--------------------------------------------------------------------------------
Maximum absolute error on potential (V):    5.640062e-04                        
--------------------------------------------------------------------------------

================================================================================
Schrodinger iter #              Time (s)       
--------------------------------------------------------------------------------
29                              4.769533                            
--------------------------------------------------------------------------------
Maximum absolute error on potential (V):    5.067060e-04                        
--------------------------------------------------------------------------------

================================================================================
Schrodinger iter #              Time (s)       
--------------------------------------------------------------------------------
30                              4.804091                            
--------------------------------------------------------------------------------
Maximum absolute error on potential (V):    4.552887e-04                        
--------------------------------------------------------------------------------

================================================================================
Schrodinger iter #              Time (s)       
--------------------------------------------------------------------------------
31                              4.577929                            
--------------------------------------------------------------------------------
Maximum absolute error on potential (V):    4.090045e-04                        
--------------------------------------------------------------------------------

================================================================================
Schrodinger iter #              Time (s)       
--------------------------------------------------------------------------------
32                              7.530735                            
--------------------------------------------------------------------------------
Maximum absolute error on potential (V):    3.674790e-04                        
--------------------------------------------------------------------------------

================================================================================
Schrodinger iter #              Time (s)       
--------------------------------------------------------------------------------
33                              7.786083                            
--------------------------------------------------------------------------------
Maximum absolute error on potential (V):    3.301063e-04                        
--------------------------------------------------------------------------------

================================================================================
Schrodinger iter #              Time (s)       
--------------------------------------------------------------------------------
34                              6.701094                            
--------------------------------------------------------------------------------
Maximum absolute error on potential (V):    2.965742e-04                        
--------------------------------------------------------------------------------

================================================================================
Schrodinger iter #              Time (s)       
--------------------------------------------------------------------------------
35                              4.677091                            
--------------------------------------------------------------------------------
Maximum absolute error on potential (V):    2.664054e-04                        
--------------------------------------------------------------------------------

================================================================================
Schrodinger iter #              Time (s)       
--------------------------------------------------------------------------------
36                              4.125718                            
--------------------------------------------------------------------------------
Maximum absolute error on potential (V):    2.393331e-04                        
--------------------------------------------------------------------------------

================================================================================
Schrodinger iter #              Time (s)       
--------------------------------------------------------------------------------
37                              4.299862                            
--------------------------------------------------------------------------------
Maximum absolute error on potential (V):    2.149848e-04                        
--------------------------------------------------------------------------------

================================================================================
Schrodinger iter #              Time (s)       
--------------------------------------------------------------------------------
38                              5.070367                            
--------------------------------------------------------------------------------
Maximum absolute error on potential (V):    1.931310e-04                        
--------------------------------------------------------------------------------

================================================================================
Schrodinger iter #              Time (s)       
--------------------------------------------------------------------------------
39                              5.276929                            
--------------------------------------------------------------------------------
Maximum absolute error on potential (V):    1.734847e-04                        
--------------------------------------------------------------------------------

================================================================================
Schrodinger iter #              Time (s)       
--------------------------------------------------------------------------------
40                              6.278363                            
--------------------------------------------------------------------------------
Maximum absolute error on potential (V):    1.558456e-04                        
--------------------------------------------------------------------------------

================================================================================
Schrodinger iter #              Time (s)       
--------------------------------------------------------------------------------
41                              4.471300                            
--------------------------------------------------------------------------------
Maximum absolute error on potential (V):    1.399947e-04                        
--------------------------------------------------------------------------------

================================================================================
Schrodinger iter #              Time (s)       
--------------------------------------------------------------------------------
42                              3.543827                            
--------------------------------------------------------------------------------
Maximum absolute error on potential (V):    1.257593e-04                        
--------------------------------------------------------------------------------

================================================================================
Schrodinger iter #              Time (s)       
--------------------------------------------------------------------------------
43                              3.660911                            
--------------------------------------------------------------------------------
Maximum absolute error on potential (V):    1.129711e-04                        
--------------------------------------------------------------------------------

================================================================================
Schrodinger iter #              Time (s)       
--------------------------------------------------------------------------------
44                              3.939669                            
--------------------------------------------------------------------------------
Maximum absolute error on potential (V):    1.014847e-04                        
--------------------------------------------------------------------------------

================================================================================
Schrodinger iter #              Time (s)       
--------------------------------------------------------------------------------
45                              6.517567                            
--------------------------------------------------------------------------------
Maximum absolute error on potential (V):    9.116645e-05                        
--------------------------------------------------------------------------------

================================================================================
Schrodinger iter #              Time (s)       
--------------------------------------------------------------------------------
46                              7.959799                            
--------------------------------------------------------------------------------
Maximum absolute error on potential (V):    8.189961e-05                        
--------------------------------------------------------------------------------

================================================================================
Schrodinger iter #              Time (s)       
--------------------------------------------------------------------------------
47                              7.713663                            
--------------------------------------------------------------------------------
Maximum absolute error on potential (V):    7.357428e-05                        
--------------------------------------------------------------------------------

================================================================================
Schrodinger iter #              Time (s)       
--------------------------------------------------------------------------------
48                              7.334657                            
--------------------------------------------------------------------------------
Maximum absolute error on potential (V):    6.609583e-05                        
--------------------------------------------------------------------------------

================================================================================
Schrodinger iter #              Time (s)       
--------------------------------------------------------------------------------
49                              6.632034                            
--------------------------------------------------------------------------------
Maximum absolute error on potential (V):    5.937851e-05                        
--------------------------------------------------------------------------------

================================================================================
Schrodinger iter #              Time (s)       
--------------------------------------------------------------------------------
50                              6.382344                            
--------------------------------------------------------------------------------
Maximum absolute error on potential (V):    5.334378e-05                        
--------------------------------------------------------------------------------

================================================================================
Schrodinger iter #              Time (s)       
--------------------------------------------------------------------------------
51                              6.981237                            
--------------------------------------------------------------------------------
Maximum absolute error on potential (V):    4.792322e-05                        
--------------------------------------------------------------------------------

================================================================================
Schrodinger iter #              Time (s)       
--------------------------------------------------------------------------------
52                              6.170098                            
--------------------------------------------------------------------------------
Maximum absolute error on potential (V):    4.307282e-05                        
--------------------------------------------------------------------------------

================================================================================
Schrodinger iter #              Time (s)       
--------------------------------------------------------------------------------
53                              4.501955                            
--------------------------------------------------------------------------------
Maximum absolute error on potential (V):    3.872022e-05                        
--------------------------------------------------------------------------------

================================================================================
Schrodinger iter #              Time (s)       
--------------------------------------------------------------------------------
54                              4.446023                            
--------------------------------------------------------------------------------
Maximum absolute error on potential (V):    3.480772e-05                        
--------------------------------------------------------------------------------

================================================================================
Schrodinger iter #              Time (s)       
--------------------------------------------------------------------------------
55                              4.349836                            
--------------------------------------------------------------------------------
Maximum absolute error on potential (V):    3.129032e-05                        
--------------------------------------------------------------------------------

================================================================================
Schrodinger iter #              Time (s)       
--------------------------------------------------------------------------------
56                              4.479059                            
--------------------------------------------------------------------------------
Maximum absolute error on potential (V):    2.812803e-05                        
--------------------------------------------------------------------------------

================================================================================
Schrodinger iter #              Time (s)       
--------------------------------------------------------------------------------
57                              5.032755                            
--------------------------------------------------------------------------------
Maximum absolute error on potential (V):    2.528522e-05                        
--------------------------------------------------------------------------------

================================================================================
Schrodinger iter #              Time (s)       
--------------------------------------------------------------------------------
58                              4.725992                            
--------------------------------------------------------------------------------
Maximum absolute error on potential (V):    2.272984e-05                        
--------------------------------------------------------------------------------

================================================================================
Schrodinger iter #              Time (s)       
--------------------------------------------------------------------------------
59                              4.708825                            
--------------------------------------------------------------------------------
Maximum absolute error on potential (V):    2.043256e-05                        
--------------------------------------------------------------------------------

================================================================================
Schrodinger iter #              Time (s)       
--------------------------------------------------------------------------------
60                              4.943908                            
--------------------------------------------------------------------------------
Maximum absolute error on potential (V):    1.836760e-05                        
--------------------------------------------------------------------------------

================================================================================
Schrodinger iter #              Time (s)       
--------------------------------------------------------------------------------
61                              3.412582                            
--------------------------------------------------------------------------------
Maximum absolute error on potential (V):    1.651065e-05                        
--------------------------------------------------------------------------------

================================================================================
Schrodinger iter #              Time (s)       
--------------------------------------------------------------------------------
62                              3.526259                            
--------------------------------------------------------------------------------
Maximum absolute error on potential (V):    1.484176e-05                        
--------------------------------------------------------------------------------

================================================================================
Schrodinger iter #              Time (s)       
--------------------------------------------------------------------------------
63                              4.397881                            
--------------------------------------------------------------------------------
Maximum absolute error on potential (V):    1.334260e-05                        
--------------------------------------------------------------------------------

================================================================================
Schrodinger iter #              Time (s)       
--------------------------------------------------------------------------------
64                              7.995981                            
--------------------------------------------------------------------------------
Maximum absolute error on potential (V):    1.199412e-05                        
--------------------------------------------------------------------------------

================================================================================
Schrodinger iter #              Time (s)       
--------------------------------------------------------------------------------
65                              6.048425                            
--------------------------------------------------------------------------------
Maximum absolute error on potential (V):    1.078206e-05                        
--------------------------------------------------------------------------------

================================================================================
Schrodinger iter #              Time (s)       
--------------------------------------------------------------------------------
66                              4.710147                            
--------------------------------------------------------------------------------
Maximum absolute error on potential (V):    9.692606e-06                        
--------------------------------------------------------------------------------

================================================================================
Schrodinger-Poisson loop completed.
Error converged below required tolerance after:
> 66 Schrodinger iterations.
> 1456.309877872467 s.
Average computation time / Schrodinger iteration is 22.06530126658353 s.
================================================================================
Energies and population factors of SET SubDevice:
Energy levels (eV)
[-0.13179084 -0.13129084 -0.12957277 -0.12907277 -0.12438479 -0.12388479 -0.11758326 -0.11708326 -0.11299971 -0.11249971]
Population factors
[1.00000000e+000 1.00000000e+000 1.00000000e+000 1.00000000e+000
 1.00000000e+000 1.00000000e+000 4.99999998e-001 6.32571018e-026
 9.98477982e-232 6.31608238e-257]
Saved variable phi in C:\Users\norma\Desktop\연구자료\QTCAD Simulation\Simulation Example\M17. FD-SOI SET\Reference\output\charge_sensing\phi_vset1.25_N13.hdf5
Estimated file size: 2.403 MB
2026-10-02 14:59:43.954 (3477.471s) [ 92794F77B8A0466]          vtkmSlice.cxx:328   WARN| vtkmSlice (0000018AD636ADF0): Viskores failed with message: vtkmSlice only generates triangles in the output.
Falling back to the default VTK implementation.
2026-10-02 14:59:46.431 (3479.947s) [ 92794F77B8A0466]          vtkmSlice.cxx:328   WARN| vtkmSlice (0000018AD636A770): Viskores failed with message: vtkmSlice only generates triangles in the output.
Falling back to the default VTK implementation.
Saved data in C:\Users\norma\Desktop\연구자료\QTCAD Simulation\Simulation Example\M17. FD-SOI SET\Reference\output\charge_sensing\wf_vset1.25_N13.vtu
Estimated file size: 311.608 MB
  Many-body ground-state energy (eV): -1.6575768450
  Chemical potentials (eV): -0.0061295404071647795


==================================================
Setting V_SET = 1.2 V
==================================================


--------------------------------------------------
Solving for N = 12 electrons...
--------------------------------------------------



================================================================================
LAUNCHING SELF-CONSISTENT SCHRODINGER-POISSON LOOP
================================================================================
Schrodinger iter #              Time (s)       
--------------------------------------------------------------------------------
1                               24.499952                           
--------------------------------------------------------------------------------
Maximum absolute error on potential (V):    5.000000e-02                        
--------------------------------------------------------------------------------

================================================================================
Schrodinger iter #              Time (s)       
--------------------------------------------------------------------------------
2                               5.456458                            
--------------------------------------------------------------------------------
Maximum absolute error on potential (V):    4.500000e-02                        
--------------------------------------------------------------------------------

================================================================================
Schrodinger iter #              Time (s)       
--------------------------------------------------------------------------------
3                               6.115601                            
--------------------------------------------------------------------------------
Maximum absolute error on potential (V):    4.050000e-02                        
--------------------------------------------------------------------------------

================================================================================
Schrodinger iter #              Time (s)       
--------------------------------------------------------------------------------
4                               6.284554                            
--------------------------------------------------------------------------------
Maximum absolute error on potential (V):    3.645000e-02                        
--------------------------------------------------------------------------------

================================================================================
Schrodinger iter #              Time (s)       
--------------------------------------------------------------------------------
5                               6.208514                            
--------------------------------------------------------------------------------
Maximum absolute error on potential (V):    3.280500e-02                        
--------------------------------------------------------------------------------

================================================================================
Schrodinger iter #              Time (s)       
--------------------------------------------------------------------------------
6                               5.073959                            
--------------------------------------------------------------------------------
Maximum absolute error on potential (V):    2.952450e-02                        
--------------------------------------------------------------------------------

================================================================================
Schrodinger iter #              Time (s)       
--------------------------------------------------------------------------------
7                               3.998619                            
--------------------------------------------------------------------------------
Maximum absolute error on potential (V):    2.657205e-02                        
--------------------------------------------------------------------------------

================================================================================
Schrodinger iter #              Time (s)       
--------------------------------------------------------------------------------
8                               3.897591                            
--------------------------------------------------------------------------------
Maximum absolute error on potential (V):    2.391484e-02                        
--------------------------------------------------------------------------------

================================================================================
Schrodinger iter #              Time (s)       
--------------------------------------------------------------------------------
9                               3.831142                            
--------------------------------------------------------------------------------
Maximum absolute error on potential (V):    2.152336e-02                        
--------------------------------------------------------------------------------

================================================================================
Schrodinger iter #              Time (s)       
--------------------------------------------------------------------------------
10                              5.593440                            
--------------------------------------------------------------------------------
Maximum absolute error on potential (V):    1.937102e-02                        
--------------------------------------------------------------------------------

================================================================================
Schrodinger iter #              Time (s)       
--------------------------------------------------------------------------------
11                              6.033899                            
--------------------------------------------------------------------------------
Maximum absolute error on potential (V):    1.743392e-02                        
--------------------------------------------------------------------------------

================================================================================
Schrodinger iter #              Time (s)       
--------------------------------------------------------------------------------
12                              8.897470                            
--------------------------------------------------------------------------------
Maximum absolute error on potential (V):    1.569053e-02                        
--------------------------------------------------------------------------------

================================================================================
Schrodinger iter #              Time (s)       
--------------------------------------------------------------------------------
13                              8.336894                            
--------------------------------------------------------------------------------
Maximum absolute error on potential (V):    1.412148e-02                        
--------------------------------------------------------------------------------

================================================================================
Schrodinger iter #              Time (s)       
--------------------------------------------------------------------------------
14                              4.427637                            
--------------------------------------------------------------------------------
Maximum absolute error on potential (V):    1.270933e-02                        
--------------------------------------------------------------------------------

================================================================================
Schrodinger iter #              Time (s)       
--------------------------------------------------------------------------------
15                              3.771878                            
--------------------------------------------------------------------------------
Maximum absolute error on potential (V):    1.143840e-02                        
--------------------------------------------------------------------------------

================================================================================
Schrodinger iter #              Time (s)       
--------------------------------------------------------------------------------
16                              3.654471                            
--------------------------------------------------------------------------------
Maximum absolute error on potential (V):    1.029456e-02                        
--------------------------------------------------------------------------------

================================================================================
Schrodinger iter #              Time (s)       
--------------------------------------------------------------------------------
17                              3.867317                            
--------------------------------------------------------------------------------
Maximum absolute error on potential (V):    9.265101e-03                        
--------------------------------------------------------------------------------

================================================================================
Schrodinger iter #              Time (s)       
--------------------------------------------------------------------------------
18                              4.346196                            
--------------------------------------------------------------------------------
Maximum absolute error on potential (V):    8.338591e-03                        
--------------------------------------------------------------------------------

================================================================================
Schrodinger iter #              Time (s)       
--------------------------------------------------------------------------------
19                              4.819596                            
--------------------------------------------------------------------------------
Maximum absolute error on potential (V):    7.504732e-03                        
--------------------------------------------------------------------------------

================================================================================
Schrodinger iter #              Time (s)       
--------------------------------------------------------------------------------
20                              5.665385                            
--------------------------------------------------------------------------------
Maximum absolute error on potential (V):    6.754259e-03                        
--------------------------------------------------------------------------------

================================================================================
Schrodinger iter #              Time (s)       
--------------------------------------------------------------------------------
21                              5.500520                            
--------------------------------------------------------------------------------
Maximum absolute error on potential (V):    6.078833e-03                        
--------------------------------------------------------------------------------

================================================================================
Schrodinger iter #              Time (s)       
--------------------------------------------------------------------------------
22                              4.141827                            
--------------------------------------------------------------------------------
Maximum absolute error on potential (V):    5.470949e-03                        
--------------------------------------------------------------------------------

================================================================================
Schrodinger iter #              Time (s)       
--------------------------------------------------------------------------------
23                              3.762980                            
--------------------------------------------------------------------------------
Maximum absolute error on potential (V):    4.923855e-03                        
--------------------------------------------------------------------------------

================================================================================
Schrodinger iter #              Time (s)       
--------------------------------------------------------------------------------
24                              3.568642                            
--------------------------------------------------------------------------------
Maximum absolute error on potential (V):    4.431469e-03                        
--------------------------------------------------------------------------------

================================================================================
Schrodinger iter #              Time (s)       
--------------------------------------------------------------------------------
25                              3.775072                            
--------------------------------------------------------------------------------
Maximum absolute error on potential (V):    3.988322e-03                        
--------------------------------------------------------------------------------

================================================================================
Schrodinger iter #              Time (s)       
--------------------------------------------------------------------------------
26                              3.745430                            
--------------------------------------------------------------------------------
Maximum absolute error on potential (V):    3.589490e-03                        
--------------------------------------------------------------------------------

================================================================================
Schrodinger iter #              Time (s)       
--------------------------------------------------------------------------------
27                              4.247328                            
--------------------------------------------------------------------------------
Maximum absolute error on potential (V):    3.230541e-03                        
--------------------------------------------------------------------------------

================================================================================
Schrodinger iter #              Time (s)       
--------------------------------------------------------------------------------
28                              4.792276                            
--------------------------------------------------------------------------------
Maximum absolute error on potential (V):    2.907487e-03                        
--------------------------------------------------------------------------------

================================================================================
Schrodinger iter #              Time (s)       
--------------------------------------------------------------------------------
29                              5.490436                            
--------------------------------------------------------------------------------
Maximum absolute error on potential (V):    2.616738e-03                        
--------------------------------------------------------------------------------

================================================================================
Schrodinger iter #              Time (s)       
--------------------------------------------------------------------------------
30                              5.334045                            
--------------------------------------------------------------------------------
Maximum absolute error on potential (V):    2.355064e-03                        
--------------------------------------------------------------------------------

================================================================================
Schrodinger iter #              Time (s)       
--------------------------------------------------------------------------------
31                              4.223949                            
--------------------------------------------------------------------------------
Maximum absolute error on potential (V):    2.119558e-03                        
--------------------------------------------------------------------------------

================================================================================
Schrodinger iter #              Time (s)       
--------------------------------------------------------------------------------
32                              3.830205                            
--------------------------------------------------------------------------------
Maximum absolute error on potential (V):    1.907602e-03                        
--------------------------------------------------------------------------------

================================================================================
Schrodinger iter #              Time (s)       
--------------------------------------------------------------------------------
33                              3.654677                            
--------------------------------------------------------------------------------
Maximum absolute error on potential (V):    1.716842e-03                        
--------------------------------------------------------------------------------

================================================================================
Schrodinger iter #              Time (s)       
--------------------------------------------------------------------------------
34                              3.748767                            
--------------------------------------------------------------------------------
Maximum absolute error on potential (V):    1.545158e-03                        
--------------------------------------------------------------------------------

================================================================================
Schrodinger iter #              Time (s)       
--------------------------------------------------------------------------------
35                              4.132791                            
--------------------------------------------------------------------------------
Maximum absolute error on potential (V):    1.390642e-03                        
--------------------------------------------------------------------------------

================================================================================
Schrodinger iter #              Time (s)       
--------------------------------------------------------------------------------
36                              4.956131                            
--------------------------------------------------------------------------------
Maximum absolute error on potential (V):    1.251578e-03                        
--------------------------------------------------------------------------------

================================================================================
Schrodinger iter #              Time (s)       
--------------------------------------------------------------------------------
37                              5.481915                            
--------------------------------------------------------------------------------
Maximum absolute error on potential (V):    1.126420e-03                        
--------------------------------------------------------------------------------

================================================================================
Schrodinger iter #              Time (s)       
--------------------------------------------------------------------------------
38                              5.193011                            
--------------------------------------------------------------------------------
Maximum absolute error on potential (V):    1.013778e-03                        
--------------------------------------------------------------------------------

================================================================================
Schrodinger iter #              Time (s)       
--------------------------------------------------------------------------------
39                              4.494261                            
--------------------------------------------------------------------------------
Maximum absolute error on potential (V):    9.124002e-04                        
--------------------------------------------------------------------------------

================================================================================
Schrodinger iter #              Time (s)       
--------------------------------------------------------------------------------
40                              3.797822                            
--------------------------------------------------------------------------------
Maximum absolute error on potential (V):    8.211602e-04                        
--------------------------------------------------------------------------------

================================================================================
Schrodinger iter #              Time (s)       
--------------------------------------------------------------------------------
41                              3.584888                            
--------------------------------------------------------------------------------
Maximum absolute error on potential (V):    7.390441e-04                        
--------------------------------------------------------------------------------

================================================================================
Schrodinger iter #              Time (s)       
--------------------------------------------------------------------------------
42                              3.555907                            
--------------------------------------------------------------------------------
Maximum absolute error on potential (V):    6.651397e-04                        
--------------------------------------------------------------------------------

================================================================================
Schrodinger iter #              Time (s)       
--------------------------------------------------------------------------------
43                              4.236100                            
--------------------------------------------------------------------------------
Maximum absolute error on potential (V):    5.986258e-04                        
--------------------------------------------------------------------------------

================================================================================
Schrodinger iter #              Time (s)       
--------------------------------------------------------------------------------
44                              4.423625                            
--------------------------------------------------------------------------------
Maximum absolute error on potential (V):    5.387632e-04                        
--------------------------------------------------------------------------------

================================================================================
Schrodinger iter #              Time (s)       
--------------------------------------------------------------------------------
45                              4.879879                            
--------------------------------------------------------------------------------
Maximum absolute error on potential (V):    4.848869e-04                        
--------------------------------------------------------------------------------

================================================================================
Schrodinger iter #              Time (s)       
--------------------------------------------------------------------------------
46                              5.623506                            
--------------------------------------------------------------------------------
Maximum absolute error on potential (V):    4.363982e-04                        
--------------------------------------------------------------------------------

================================================================================
Schrodinger iter #              Time (s)       
--------------------------------------------------------------------------------
47                              5.356802                            
--------------------------------------------------------------------------------
Maximum absolute error on potential (V):    3.927584e-04                        
--------------------------------------------------------------------------------

================================================================================
Schrodinger iter #              Time (s)       
--------------------------------------------------------------------------------
48                              4.133089                            
--------------------------------------------------------------------------------
Maximum absolute error on potential (V):    3.534825e-04                        
--------------------------------------------------------------------------------

================================================================================
Schrodinger iter #              Time (s)       
--------------------------------------------------------------------------------
49                              3.518957                            
--------------------------------------------------------------------------------
Maximum absolute error on potential (V):    3.181343e-04                        
--------------------------------------------------------------------------------

================================================================================
Schrodinger iter #              Time (s)       
--------------------------------------------------------------------------------
50                              3.547887                            
--------------------------------------------------------------------------------
Maximum absolute error on potential (V):    2.863208e-04                        
--------------------------------------------------------------------------------

================================================================================
Schrodinger iter #              Time (s)       
--------------------------------------------------------------------------------
51                              3.565822                            
--------------------------------------------------------------------------------
Maximum absolute error on potential (V):    2.576888e-04                        
--------------------------------------------------------------------------------

================================================================================
Schrodinger iter #              Time (s)       
--------------------------------------------------------------------------------
52                              3.733463                            
--------------------------------------------------------------------------------
Maximum absolute error on potential (V):    2.319199e-04                        
--------------------------------------------------------------------------------

================================================================================
Schrodinger iter #              Time (s)       
--------------------------------------------------------------------------------
53                              4.571649                            
--------------------------------------------------------------------------------
Maximum absolute error on potential (V):    2.087279e-04                        
--------------------------------------------------------------------------------

================================================================================
Schrodinger iter #              Time (s)       
--------------------------------------------------------------------------------
54                              4.714818                            
--------------------------------------------------------------------------------
Maximum absolute error on potential (V):    1.878551e-04                        
--------------------------------------------------------------------------------

================================================================================
Schrodinger iter #              Time (s)       
--------------------------------------------------------------------------------
55                              5.348551                            
--------------------------------------------------------------------------------
Maximum absolute error on potential (V):    1.690696e-04                        
--------------------------------------------------------------------------------

================================================================================
Schrodinger iter #              Time (s)       
--------------------------------------------------------------------------------
56                              5.334170                            
--------------------------------------------------------------------------------
Maximum absolute error on potential (V):    1.521626e-04                        
--------------------------------------------------------------------------------

================================================================================
Schrodinger iter #              Time (s)       
--------------------------------------------------------------------------------
57                              4.323516                            
--------------------------------------------------------------------------------
Maximum absolute error on potential (V):    1.369464e-04                        
--------------------------------------------------------------------------------

================================================================================
Schrodinger iter #              Time (s)       
--------------------------------------------------------------------------------
58                              3.783435                            
--------------------------------------------------------------------------------
Maximum absolute error on potential (V):    1.232517e-04                        
--------------------------------------------------------------------------------

================================================================================
Schrodinger iter #              Time (s)       
--------------------------------------------------------------------------------
59                              3.822290                            
--------------------------------------------------------------------------------
Maximum absolute error on potential (V):    1.109266e-04                        
--------------------------------------------------------------------------------

================================================================================
Schrodinger iter #              Time (s)       
--------------------------------------------------------------------------------
60                              3.821207                            
--------------------------------------------------------------------------------
Maximum absolute error on potential (V):    9.983391e-05                        
--------------------------------------------------------------------------------

================================================================================
Schrodinger iter #              Time (s)       
--------------------------------------------------------------------------------
61                              4.289074                            
--------------------------------------------------------------------------------
Maximum absolute error on potential (V):    8.985051e-05                        
--------------------------------------------------------------------------------

================================================================================
Schrodinger iter #              Time (s)       
--------------------------------------------------------------------------------
62                              4.520212                            
--------------------------------------------------------------------------------
Maximum absolute error on potential (V):    8.086546e-05                        
--------------------------------------------------------------------------------

================================================================================
Schrodinger iter #              Time (s)       
--------------------------------------------------------------------------------
63                              5.595727                            
--------------------------------------------------------------------------------
Maximum absolute error on potential (V):    7.277892e-05                        
--------------------------------------------------------------------------------

================================================================================
Schrodinger iter #              Time (s)       
--------------------------------------------------------------------------------
64                              5.297864                            
--------------------------------------------------------------------------------
Maximum absolute error on potential (V):    6.550103e-05                        
--------------------------------------------------------------------------------

================================================================================
Schrodinger iter #              Time (s)       
--------------------------------------------------------------------------------
65                              5.271091                            
--------------------------------------------------------------------------------
Maximum absolute error on potential (V):    5.895092e-05                        
--------------------------------------------------------------------------------

================================================================================
Schrodinger iter #              Time (s)       
--------------------------------------------------------------------------------
66                              4.147203                            
--------------------------------------------------------------------------------
Maximum absolute error on potential (V):    5.305583e-05                        
--------------------------------------------------------------------------------

================================================================================
Schrodinger iter #              Time (s)       
--------------------------------------------------------------------------------
67                              3.737962                            
--------------------------------------------------------------------------------
Maximum absolute error on potential (V):    4.775025e-05                        
--------------------------------------------------------------------------------

================================================================================
Schrodinger iter #              Time (s)       
--------------------------------------------------------------------------------
68                              3.841216                            
--------------------------------------------------------------------------------
Maximum absolute error on potential (V):    4.297522e-05                        
--------------------------------------------------------------------------------

================================================================================
Schrodinger iter #              Time (s)       
--------------------------------------------------------------------------------
69                              3.972994                            
--------------------------------------------------------------------------------
Maximum absolute error on potential (V):    3.867770e-05                        
--------------------------------------------------------------------------------

================================================================================
Schrodinger iter #              Time (s)       
--------------------------------------------------------------------------------
70                              4.146449                            
--------------------------------------------------------------------------------
Maximum absolute error on potential (V):    3.480993e-05                        
--------------------------------------------------------------------------------

================================================================================
Schrodinger iter #              Time (s)       
--------------------------------------------------------------------------------
71                              4.659169                            
--------------------------------------------------------------------------------
Maximum absolute error on potential (V):    3.132894e-05                        
--------------------------------------------------------------------------------

================================================================================
Schrodinger iter #              Time (s)       
--------------------------------------------------------------------------------
72                              5.301590                            
--------------------------------------------------------------------------------
Maximum absolute error on potential (V):    2.819604e-05                        
--------------------------------------------------------------------------------

================================================================================
Schrodinger iter #              Time (s)       
--------------------------------------------------------------------------------
73                              5.220108                            
--------------------------------------------------------------------------------
Maximum absolute error on potential (V):    2.537644e-05                        
--------------------------------------------------------------------------------

================================================================================
Schrodinger iter #              Time (s)       
--------------------------------------------------------------------------------
74                              4.636978                            
--------------------------------------------------------------------------------
Maximum absolute error on potential (V):    2.283880e-05                        
--------------------------------------------------------------------------------

================================================================================
Schrodinger iter #              Time (s)       
--------------------------------------------------------------------------------
75                              3.957963                            
--------------------------------------------------------------------------------
Maximum absolute error on potential (V):    2.055492e-05                        
--------------------------------------------------------------------------------

================================================================================
Schrodinger iter #              Time (s)       
--------------------------------------------------------------------------------
76                              4.175868                            
--------------------------------------------------------------------------------
Maximum absolute error on potential (V):    1.849942e-05                        
--------------------------------------------------------------------------------

================================================================================
Schrodinger iter #              Time (s)       
2026-10-02 15:24:54.234 (4987.751s) [ 92794F77B8A0466]          vtkmSlice.cxx:328   WARN| vtkmSlice (0000018AE25AB0F0): Viskores failed with message: vtkmSlice only generates triangles in the output.
Falling back to the default VTK implementation.
2026-10-02 15:24:56.440 (4989.957s) [ 92794F77B8A0466]          vtkmSlice.cxx:328   WARN| vtkmSlice (0000018AE2C34420): Viskores failed with message: vtkmSlice only generates triangles in the output.
Falling back to the default VTK implementation.
--------------------------------------------------------------------------------
77                              4.079298                            
--------------------------------------------------------------------------------
Maximum absolute error on potential (V):    1.664948e-05                        
--------------------------------------------------------------------------------

================================================================================
Schrodinger iter #              Time (s)       
--------------------------------------------------------------------------------
78                              4.517378                            
--------------------------------------------------------------------------------
Maximum absolute error on potential (V):    1.498453e-05                        
--------------------------------------------------------------------------------

================================================================================
Schrodinger iter #              Time (s)       
--------------------------------------------------------------------------------
79                              5.414549                            
--------------------------------------------------------------------------------
Maximum absolute error on potential (V):    1.348608e-05                        
--------------------------------------------------------------------------------

================================================================================
Schrodinger iter #              Time (s)       
--------------------------------------------------------------------------------
80                              4.401350                            
--------------------------------------------------------------------------------
Maximum absolute error on potential (V):    1.213747e-05                        
--------------------------------------------------------------------------------

================================================================================
Schrodinger iter #              Time (s)       
--------------------------------------------------------------------------------
81                              4.482635                            
--------------------------------------------------------------------------------
Maximum absolute error on potential (V):    1.092373e-05                        
--------------------------------------------------------------------------------

================================================================================
Schrodinger iter #              Time (s)       
--------------------------------------------------------------------------------
82                              3.710539                            
--------------------------------------------------------------------------------
Maximum absolute error on potential (V):    9.831353e-06                        
--------------------------------------------------------------------------------

================================================================================
Schrodinger-Poisson loop completed.
Error converged below required tolerance after:
> 82 Schrodinger iterations.
> 1488.8609931468964 s.
Average computation time / Schrodinger iteration is 18.156841446713702 s.
================================================================================
Energies and population factors of SET SubDevice:
Energy levels (eV)
[-0.11188552 -0.11138552 -0.10952582 -0.10902582 -0.10435384 -0.10385384 -0.09792382 -0.09742382 -0.09315221 -0.09265221]
Population factors
[1.00000000e+000 1.00000000e+000 1.00000000e+000 1.00000000e+000
 1.00000000e+000 1.00000000e+000 1.04510175e-219 6.61101083e-245
 0.00000000e+000 0.00000000e+000]
Saved variable phi in C:\Users\norma\Desktop\연구자료\QTCAD Simulation\Simulation Example\M17. FD-SOI SET\Reference\output\charge_sensing\phi_vset1.20_N12.hdf5
Estimated file size: 2.403 MB
Saved data in C:\Users\norma\Desktop\연구자료\QTCAD Simulation\Simulation Example\M17. FD-SOI SET\Reference\output\charge_sensing\wf_vset1.20_N12.vtu
Estimated file size: 311.573 MB
  Many-body ground-state energy (eV): -1.3000607156
--------------------------------------------------
Solving for N = 13 electrons...
--------------------------------------------------



================================================================================
LAUNCHING SELF-CONSISTENT SCHRODINGER-POISSON LOOP
================================================================================
Schrodinger iter #              Time (s)       
--------------------------------------------------------------------------------
1                               21.334288                           
--------------------------------------------------------------------------------
Maximum absolute error on potential (V):    1.448710e-02                        
--------------------------------------------------------------------------------

================================================================================
Schrodinger iter #              Time (s)       
--------------------------------------------------------------------------------
2                               5.010414                            
--------------------------------------------------------------------------------
Maximum absolute error on potential (V):    1.245175e-02                        
--------------------------------------------------------------------------------

================================================================================
Schrodinger iter #              Time (s)       
--------------------------------------------------------------------------------
3                               5.639888                            
--------------------------------------------------------------------------------
Maximum absolute error on potential (V):    1.073812e-02                        
--------------------------------------------------------------------------------

================================================================================
Schrodinger iter #              Time (s)       
--------------------------------------------------------------------------------
4                               7.931359                            
--------------------------------------------------------------------------------
Maximum absolute error on potential (V):    9.284814e-03                        
--------------------------------------------------------------------------------

================================================================================
Schrodinger iter #              Time (s)       
--------------------------------------------------------------------------------
5                               8.551735                            
--------------------------------------------------------------------------------
Maximum absolute error on potential (V):    8.066614e-03                        
--------------------------------------------------------------------------------

================================================================================
Schrodinger iter #              Time (s)       
--------------------------------------------------------------------------------
6                               8.506844                            
--------------------------------------------------------------------------------
Maximum absolute error on potential (V):    7.021841e-03                        
--------------------------------------------------------------------------------

================================================================================
Schrodinger iter #              Time (s)       
--------------------------------------------------------------------------------
7                               6.973068                            
--------------------------------------------------------------------------------
Maximum absolute error on potential (V):    6.122514e-03                        
--------------------------------------------------------------------------------

================================================================================
Schrodinger iter #              Time (s)       
--------------------------------------------------------------------------------
8                               4.337971                            
--------------------------------------------------------------------------------
Maximum absolute error on potential (V):    5.353422e-03                        
--------------------------------------------------------------------------------

================================================================================
Schrodinger iter #              Time (s)       
--------------------------------------------------------------------------------
9                               4.102374                            
--------------------------------------------------------------------------------
Maximum absolute error on potential (V):    4.700029e-03                        
--------------------------------------------------------------------------------

================================================================================
Schrodinger iter #              Time (s)       
--------------------------------------------------------------------------------
10                              6.147280                            
--------------------------------------------------------------------------------
Maximum absolute error on potential (V):    4.130566e-03                        
--------------------------------------------------------------------------------

================================================================================
Schrodinger iter #              Time (s)       
--------------------------------------------------------------------------------
11                              7.789578                            
--------------------------------------------------------------------------------
Maximum absolute error on potential (V):    3.642191e-03                        
--------------------------------------------------------------------------------

================================================================================
Schrodinger iter #              Time (s)       
--------------------------------------------------------------------------------
12                              5.217464                            
--------------------------------------------------------------------------------
Maximum absolute error on potential (V):    3.228296e-03                        
--------------------------------------------------------------------------------

================================================================================
Schrodinger iter #              Time (s)       
--------------------------------------------------------------------------------
13                              4.931230                            
--------------------------------------------------------------------------------
Maximum absolute error on potential (V):    2.870637e-03                        
--------------------------------------------------------------------------------

================================================================================
Schrodinger iter #              Time (s)       
--------------------------------------------------------------------------------
14                              4.981710                            
--------------------------------------------------------------------------------
Maximum absolute error on potential (V):    2.562663e-03                        
--------------------------------------------------------------------------------

================================================================================
Schrodinger iter #              Time (s)       
--------------------------------------------------------------------------------
15                              5.197745                            
--------------------------------------------------------------------------------
Maximum absolute error on potential (V):    2.292388e-03                        
--------------------------------------------------------------------------------

================================================================================
Schrodinger iter #              Time (s)       
--------------------------------------------------------------------------------
16                              5.049878                            
--------------------------------------------------------------------------------
Maximum absolute error on potential (V):    2.051357e-03                        
--------------------------------------------------------------------------------

================================================================================
Schrodinger iter #              Time (s)       
--------------------------------------------------------------------------------
17                              4.681507                            
--------------------------------------------------------------------------------
Maximum absolute error on potential (V):    1.842272e-03                        
--------------------------------------------------------------------------------

================================================================================
Schrodinger iter #              Time (s)       
--------------------------------------------------------------------------------
18                              4.611571                            
--------------------------------------------------------------------------------
Maximum absolute error on potential (V):    1.653456e-03                        
--------------------------------------------------------------------------------

================================================================================
Schrodinger iter #              Time (s)       
--------------------------------------------------------------------------------
19                              4.946312                            
--------------------------------------------------------------------------------
Maximum absolute error on potential (V):    1.482647e-03                        
--------------------------------------------------------------------------------

================================================================================
Schrodinger iter #              Time (s)       
--------------------------------------------------------------------------------
20                              4.153634                            
--------------------------------------------------------------------------------
Maximum absolute error on potential (V):    1.329999e-03                        
--------------------------------------------------------------------------------

================================================================================
Schrodinger iter #              Time (s)       
--------------------------------------------------------------------------------
21                              3.512704                            
--------------------------------------------------------------------------------
Maximum absolute error on potential (V):    1.191917e-03                        
--------------------------------------------------------------------------------

================================================================================
Schrodinger iter #              Time (s)       
--------------------------------------------------------------------------------
22                              3.242491                            
--------------------------------------------------------------------------------
Maximum absolute error on potential (V):    1.068432e-03                        
--------------------------------------------------------------------------------

================================================================================
Schrodinger iter #              Time (s)       
--------------------------------------------------------------------------------
23                              3.584486                            
--------------------------------------------------------------------------------
Maximum absolute error on potential (V):    9.572606e-04                        
--------------------------------------------------------------------------------

================================================================================
Schrodinger iter #              Time (s)       
--------------------------------------------------------------------------------
24                              4.711506                            
--------------------------------------------------------------------------------
Maximum absolute error on potential (V):    8.580795e-04                        
--------------------------------------------------------------------------------

================================================================================
Schrodinger iter #              Time (s)       
--------------------------------------------------------------------------------
25                              5.038325                            
--------------------------------------------------------------------------------
Maximum absolute error on potential (V):    7.704879e-04                        
--------------------------------------------------------------------------------

================================================================================
Schrodinger iter #              Time (s)       
--------------------------------------------------------------------------------
26                              5.179784                            
--------------------------------------------------------------------------------
Maximum absolute error on potential (V):    6.921372e-04                        
--------------------------------------------------------------------------------

================================================================================
Schrodinger iter #              Time (s)       
--------------------------------------------------------------------------------
27                              5.112086                            
--------------------------------------------------------------------------------
Maximum absolute error on potential (V):    6.215363e-04                        
--------------------------------------------------------------------------------

================================================================================
Schrodinger iter #              Time (s)       
--------------------------------------------------------------------------------
28                              4.327302                            
--------------------------------------------------------------------------------
Maximum absolute error on potential (V):    5.583384e-04                        
--------------------------------------------------------------------------------

================================================================================
Schrodinger iter #              Time (s)       
--------------------------------------------------------------------------------
29                              4.037680                            
--------------------------------------------------------------------------------
Maximum absolute error on potential (V):    5.013906e-04                        
--------------------------------------------------------------------------------

================================================================================
Schrodinger iter #              Time (s)       
--------------------------------------------------------------------------------
30                              4.257380                            
--------------------------------------------------------------------------------
Maximum absolute error on potential (V):    4.504114e-04                        
--------------------------------------------------------------------------------

================================================================================
Schrodinger iter #              Time (s)       
--------------------------------------------------------------------------------
31                              4.802497                            
--------------------------------------------------------------------------------
Maximum absolute error on potential (V):    4.044835e-04                        
--------------------------------------------------------------------------------

================================================================================
Schrodinger iter #              Time (s)       
--------------------------------------------------------------------------------
32                              5.876749                            
--------------------------------------------------------------------------------
Maximum absolute error on potential (V):    3.633555e-04                        
--------------------------------------------------------------------------------

================================================================================
Schrodinger iter #              Time (s)       
--------------------------------------------------------------------------------
33                              9.196173                            
--------------------------------------------------------------------------------
Maximum absolute error on potential (V):    3.263198e-04                        
--------------------------------------------------------------------------------

================================================================================
Schrodinger iter #              Time (s)       
--------------------------------------------------------------------------------
34                              5.215544                            
--------------------------------------------------------------------------------
Maximum absolute error on potential (V):    2.931365e-04                        
--------------------------------------------------------------------------------

================================================================================
Schrodinger iter #              Time (s)       
--------------------------------------------------------------------------------
35                              5.767265                            
--------------------------------------------------------------------------------
Maximum absolute error on potential (V):    2.632698e-04                        
--------------------------------------------------------------------------------

================================================================================
Schrodinger iter #              Time (s)       
--------------------------------------------------------------------------------
36                              4.777872                            
--------------------------------------------------------------------------------
Maximum absolute error on potential (V):    2.364960e-04                        
--------------------------------------------------------------------------------

================================================================================
Schrodinger iter #              Time (s)       
--------------------------------------------------------------------------------
37                              4.957543                            
--------------------------------------------------------------------------------
Maximum absolute error on potential (V):    2.124111e-04                        
--------------------------------------------------------------------------------

================================================================================
Schrodinger iter #              Time (s)       
--------------------------------------------------------------------------------
38                              7.576806                            
--------------------------------------------------------------------------------
Maximum absolute error on potential (V):    1.908086e-04                        
--------------------------------------------------------------------------------

================================================================================
Schrodinger iter #              Time (s)       
--------------------------------------------------------------------------------
39                              6.427674                            
--------------------------------------------------------------------------------
Maximum absolute error on potential (V):    1.713843e-04                        
--------------------------------------------------------------------------------

================================================================================
Schrodinger iter #              Time (s)       
--------------------------------------------------------------------------------
40                              4.234440                            
--------------------------------------------------------------------------------
Maximum absolute error on potential (V):    1.539538e-04                        
--------------------------------------------------------------------------------

================================================================================
Schrodinger iter #              Time (s)       
--------------------------------------------------------------------------------
41                              3.445492                            
--------------------------------------------------------------------------------
Maximum absolute error on potential (V):    1.382997e-04                        
--------------------------------------------------------------------------------

================================================================================
Schrodinger iter #              Time (s)       
--------------------------------------------------------------------------------
42                              3.611569                            
--------------------------------------------------------------------------------
Maximum absolute error on potential (V):    1.242444e-04                        
--------------------------------------------------------------------------------

================================================================================
Schrodinger iter #              Time (s)       
--------------------------------------------------------------------------------
43                              4.487870                            
--------------------------------------------------------------------------------
Maximum absolute error on potential (V):    1.116108e-04                        
--------------------------------------------------------------------------------

================================================================================
Schrodinger iter #              Time (s)       
--------------------------------------------------------------------------------
44                              4.652906                            
--------------------------------------------------------------------------------
Maximum absolute error on potential (V):    1.002661e-04                        
--------------------------------------------------------------------------------

================================================================================
Schrodinger iter #              Time (s)       
--------------------------------------------------------------------------------
45                              6.259525                            
--------------------------------------------------------------------------------
Maximum absolute error on potential (V):    9.007082e-05                        
--------------------------------------------------------------------------------

================================================================================
Schrodinger iter #              Time (s)       
--------------------------------------------------------------------------------
46                              4.565826                            
--------------------------------------------------------------------------------
Maximum absolute error on potential (V):    8.091467e-05                        
--------------------------------------------------------------------------------

================================================================================
Schrodinger iter #              Time (s)       
--------------------------------------------------------------------------------
47                              4.010770                            
--------------------------------------------------------------------------------
Maximum absolute error on potential (V):    7.270378e-05                        
--------------------------------------------------------------------------------

================================================================================
Schrodinger iter #              Time (s)       
--------------------------------------------------------------------------------
48                              4.432121                            
--------------------------------------------------------------------------------
Maximum absolute error on potential (V):    6.533819e-05                        
--------------------------------------------------------------------------------

================================================================================
Schrodinger iter #              Time (s)       
--------------------------------------------------------------------------------
49                              5.084867                            
--------------------------------------------------------------------------------
Maximum absolute error on potential (V):    5.871589e-05                        
--------------------------------------------------------------------------------

================================================================================
Schrodinger iter #              Time (s)       
--------------------------------------------------------------------------------
50                              4.159403                            
--------------------------------------------------------------------------------
Maximum absolute error on potential (V):    5.276758e-05                        
--------------------------------------------------------------------------------

================================================================================
Schrodinger iter #              Time (s)       
--------------------------------------------------------------------------------
51                              8.553939                            
--------------------------------------------------------------------------------
Maximum absolute error on potential (V):    4.742056e-05                        
--------------------------------------------------------------------------------

================================================================================
Schrodinger iter #              Time (s)       
--------------------------------------------------------------------------------
52                              4.762586                            
--------------------------------------------------------------------------------
Maximum absolute error on potential (V):    4.261762e-05                        
--------------------------------------------------------------------------------

================================================================================
Schrodinger iter #              Time (s)       
--------------------------------------------------------------------------------
53                              4.662686                            
--------------------------------------------------------------------------------
Maximum absolute error on potential (V):    3.829924e-05                        
--------------------------------------------------------------------------------

================================================================================
Schrodinger iter #              Time (s)       
--------------------------------------------------------------------------------
54                              6.070260                            
2026-10-02 15:47:53.307 (6366.824s) [ 92794F77B8A0466]          vtkmSlice.cxx:328   WARN| vtkmSlice (0000018AE1768B90): Viskores failed with message: vtkmSlice only generates triangles in the output.
Falling back to the default VTK implementation.
2026-10-02 15:47:55.951 (6369.468s) [ 92794F77B8A0466]          vtkmSlice.cxx:328   WARN| vtkmSlice (0000018AE1768850): Viskores failed with message: vtkmSlice only generates triangles in the output.
Falling back to the default VTK implementation.
--------------------------------------------------------------------------------
Maximum absolute error on potential (V):    3.442050e-05                        
--------------------------------------------------------------------------------

================================================================================
Schrodinger iter #              Time (s)       
--------------------------------------------------------------------------------
55                              4.526878                            
--------------------------------------------------------------------------------
Maximum absolute error on potential (V):    3.093458e-05                        
--------------------------------------------------------------------------------

================================================================================
Schrodinger iter #              Time (s)       
--------------------------------------------------------------------------------
56                              4.982768                            
--------------------------------------------------------------------------------
Maximum absolute error on potential (V):    2.780159e-05                        
--------------------------------------------------------------------------------

================================================================================
Schrodinger iter #              Time (s)       
--------------------------------------------------------------------------------
57                              3.929501                            
--------------------------------------------------------------------------------
Maximum absolute error on potential (V):    2.498799e-05                        
--------------------------------------------------------------------------------

================================================================================
Schrodinger iter #              Time (s)       
--------------------------------------------------------------------------------
58                              3.650444                            
--------------------------------------------------------------------------------
Maximum absolute error on potential (V):    2.246035e-05                        
--------------------------------------------------------------------------------

================================================================================
Schrodinger iter #              Time (s)       
--------------------------------------------------------------------------------
59                              3.574656                            
--------------------------------------------------------------------------------
Maximum absolute error on potential (V):    2.019009e-05                        
--------------------------------------------------------------------------------

================================================================================
Schrodinger iter #              Time (s)       
--------------------------------------------------------------------------------
60                              3.677666                            
--------------------------------------------------------------------------------
Maximum absolute error on potential (V):    1.814742e-05                        
--------------------------------------------------------------------------------

================================================================================
Schrodinger iter #              Time (s)       
--------------------------------------------------------------------------------
61                              4.270637                            
--------------------------------------------------------------------------------
Maximum absolute error on potential (V):    1.631319e-05                        
--------------------------------------------------------------------------------

================================================================================
Schrodinger iter #              Time (s)       
--------------------------------------------------------------------------------
62                              5.383280                            
--------------------------------------------------------------------------------
Maximum absolute error on potential (V):    1.466293e-05                        
--------------------------------------------------------------------------------

================================================================================
Schrodinger iter #              Time (s)       
--------------------------------------------------------------------------------
63                              5.150295                            
--------------------------------------------------------------------------------
Maximum absolute error on potential (V):    1.318011e-05                        
--------------------------------------------------------------------------------

================================================================================
Schrodinger iter #              Time (s)       
--------------------------------------------------------------------------------
64                              5.317744                            
--------------------------------------------------------------------------------
Maximum absolute error on potential (V):    1.184768e-05                        
--------------------------------------------------------------------------------

================================================================================
Schrodinger iter #              Time (s)       
--------------------------------------------------------------------------------
65                              6.771055                            
--------------------------------------------------------------------------------
Maximum absolute error on potential (V):    1.064933e-05                        
--------------------------------------------------------------------------------

================================================================================
Schrodinger iter #              Time (s)       
--------------------------------------------------------------------------------
66                              4.477679                            
--------------------------------------------------------------------------------
Maximum absolute error on potential (V):    9.573276e-06                        
--------------------------------------------------------------------------------

================================================================================
Schrodinger-Poisson loop completed.
Error converged below required tolerance after:
> 66 Schrodinger iterations.
> 1357.6596710681915 s.
Average computation time / Schrodinger iteration is 20.570601192387667 s.
================================================================================
Energies and population factors of SET SubDevice:
Energy levels (eV)
[-0.10261895 -0.10211895 -0.10039476 -0.09989476 -0.09520066 -0.09470066 -0.08837834 -0.08787834 -0.08474256 -0.08424256]
Population factors
[1.00000000e+000 1.00000000e+000 1.00000000e+000 1.00000000e+000
 1.00000000e+000 1.00000000e+000 5.00000013e-001 6.32571056e-026
 5.81901564e-184 3.68094068e-209]
Saved variable phi in C:\Users\norma\Desktop\연구자료\QTCAD Simulation\Simulation Example\M17. FD-SOI SET\Reference\output\charge_sensing\phi_vset1.20_N13.hdf5
Estimated file size: 2.403 MB
Saved data in C:\Users\norma\Desktop\연구자료\QTCAD Simulation\Simulation Example\M17. FD-SOI SET\Reference\output\charge_sensing\wf_vset1.20_N13.vtu
Estimated file size: 311.556 MB
  Many-body ground-state energy (eV): -1.2782358002
  Chemical potentials (eV): 0.021824915413530065
--------------------------------------------------
Charge Sensing: Lever Arm [eV/V] = [-0.55908912], Intercept [eV] = [0.69273186]
Charge Sensing: Coulomb Peak Position [V]: [1.23903656]
Shift in peak position [V]: 0.0003396298403577358

================================================================================
Exiting QTCAD script.
Total simulation time: 6376.999425999995 s
