conda : C:\Users\norma\miniconda3\envs\qtcad\Lib\site-packages\qtcad\device\device.py:1579: UserWarning: 'phi' set as a Field will not persist after mesh refinement. Please consi
der using a function or constant instead.
At line:5 char:1
+ conda run --no-capture-output -n qtcad python 3-coulomb_peaks.py 2>&1 ...
+ ~~~~~~~~~~~~~~~~~~~~~~~~~~~~~~~~~~~~~~~~~~~~~~~~~~~~~~~~~~~~~~~~~~~~~
    + CategoryInfo          : NotSpecified: (C:\Users\norma\...nstant instead.:String) [], RemoteException
    + FullyQualifiedErrorId : NativeCommandError
 
  super().set_potential(phi)

|  ||  |||                                                                 \\  
|  ||  |||         @@@@     @@@@@@@@      @@@@@        @       @@@@@@@      \\ 
|  ||  |||      @@@   @@@      @@      @@@    @       @@       @@    @@@     \\
|  ||  |||     @@       @@     @@     @@             @ @@      @@     @@@     \\
|  ||  |||     @@       @@     @@     @@            @    @     @@      @@     //
|  ||  |||      @@     @@      @@      @@@    @    @@@@@@@@    @@    @@@     //
|  ||  |||        @@@@@@       @@        @@@@@@   @@      @@   @@@@@@       // 
|  ||  |||             @@                                                  //   

                                 Version 2.2.6                                  
  Copyright (c) 2022-2026 Nanoacademic Technologies Inc. All rights reserved.   

      Welcome to QTCAD, the Quantum-Technology Computer-Aided Design tool.      

                        For documentation, please visit:                        
                      https://docs.nanoacademic.com/qtcad/                      

                      For technical support, please visit:                      
        https://nanoacademic.atlassian.net/servicedesk/customer/portal/1        
                                   or email:                                    
                            support@nanoacademic.com                            

    Please consider citing QTCAD in your work following our suggestions at:     
                  https://docs.nanoacademic.com/qtcad/citing/                   

                   For any commercial inquiry, please email:                    
                             sales@nanoacademic.com                             

      For more information about Nanoacademic Technologies, please visit:       
                            https://nanoacademic.com                            

--------------------------------------------------------------------------------
Loading mesh from file:
 C:\Users\norma\Desktop\연구자료\QTCAD Simulation\Simulation Example\M17. FD-SOI SET\Reference\meshes\refined_dqdfdsoi.msh
Done.
================================================================================
3D MESH STATISTICS
--------------------------------------------------------------------------------
Total number of elements      3022976             
Triangular elements           233537              
Tetrahedral elements          2789439             
Total number of nodes         524802              
Boundary physical names       back_gate_bnd, source_bnd, drain_bnd, dots, plunger_gate_1_bnd, plunger_gate_2_bnd, barrier_gate_1_bnd, barrier_gate_2_bnd, barrier_gate_3_bnd, 
Region physical names         oxide, channel, source, drain, oxide.QD1, oxide.QD2, channel.QD1, channel.QD2, 
================================================================================
================================================================================
3D SUBMESH STATISTICS
--------------------------------------------------------------------------------
Total number of elements      1266098             
Triangular elements           132577              
Tetrahedral elements          1133521             
Total number of nodes         218519              
Boundary physical names       dots, plunger_gate_1_bnd, barrier_gate_1_bnd, barrier_gate_2_bnd, 
Region physical names         oxide.QD1, channel.QD1,       
================================================================================


==================================================
Setting V_SET = 1.25 V
==================================================


--------------------------------------------------
Solving for N = 12 electrons...
--------------------------------------------------



================================================================================
LAUNCHING SELF-CONSISTENT SCHRODINGER-POISSON LOOP
================================================================================
Schrodinger iter #              Time (s)       
--------------------------------------------------------------------------------
1                               18.481827                           
--------------------------------------------------------------------------------
Maximum absolute error on potential (V):    1.875904e-01                        
--------------------------------------------------------------------------------

================================================================================
Schrodinger iter #              Time (s)       
--------------------------------------------------------------------------------
2                               3.904274                            
--------------------------------------------------------------------------------
Maximum absolute error on potential (V):    1.638567e-01                        
--------------------------------------------------------------------------------

================================================================================
Schrodinger iter #              Time (s)       
--------------------------------------------------------------------------------
3                               3.929037                            
--------------------------------------------------------------------------------
Maximum absolute error on potential (V):    1.447484e-01                        
--------------------------------------------------------------------------------

================================================================================
Schrodinger iter #              Time (s)       
--------------------------------------------------------------------------------
4                               3.970784                            
--------------------------------------------------------------------------------
Maximum absolute error on potential (V):    1.275159e-01                        
--------------------------------------------------------------------------------

================================================================================
Schrodinger iter #              Time (s)       
--------------------------------------------------------------------------------
5                               3.960563                            
--------------------------------------------------------------------------------
Maximum absolute error on potential (V):    1.120116e-01                        
--------------------------------------------------------------------------------

================================================================================
Schrodinger iter #              Time (s)       
--------------------------------------------------------------------------------
6                               4.371450                            
--------------------------------------------------------------------------------
Maximum absolute error on potential (V):    9.834243e-02                        
--------------------------------------------------------------------------------

================================================================================
Schrodinger iter #              Time (s)       
--------------------------------------------------------------------------------
7                               4.271780                            
--------------------------------------------------------------------------------
Maximum absolute error on potential (V):    8.638018e-02                        
--------------------------------------------------------------------------------

================================================================================
Schrodinger iter #              Time (s)       
--------------------------------------------------------------------------------
8                               5.690452                            
--------------------------------------------------------------------------------
Maximum absolute error on potential (V):    7.581389e-02                        
--------------------------------------------------------------------------------

================================================================================
Schrodinger iter #              Time (s)       
--------------------------------------------------------------------------------
9                               21.671522                           
--------------------------------------------------------------------------------
Maximum absolute error on potential (V):    6.652728e-02                        
--------------------------------------------------------------------------------

================================================================================
Schrodinger iter #              Time (s)       
--------------------------------------------------------------------------------
10                              3.928723                            
--------------------------------------------------------------------------------
Maximum absolute error on potential (V):    5.836596e-02                        
--------------------------------------------------------------------------------

================================================================================
Schrodinger iter #              Time (s)       
--------------------------------------------------------------------------------
11                              3.947668                            
--------------------------------------------------------------------------------
Maximum absolute error on potential (V):    5.124188e-02                        
--------------------------------------------------------------------------------

================================================================================
Schrodinger iter #              Time (s)       
--------------------------------------------------------------------------------
12                              3.623886                            
--------------------------------------------------------------------------------
Maximum absolute error on potential (V):    4.503074e-02                        
--------------------------------------------------------------------------------

================================================================================
Schrodinger iter #              Time (s)       
--------------------------------------------------------------------------------
13                              3.517835                            
--------------------------------------------------------------------------------
Maximum absolute error on potential (V):    3.975947e-02                        
--------------------------------------------------------------------------------

================================================================================
Schrodinger iter #              Time (s)       
--------------------------------------------------------------------------------
14                              3.540092                            
--------------------------------------------------------------------------------
Maximum absolute error on potential (V):    3.516402e-02                        
--------------------------------------------------------------------------------

================================================================================
Schrodinger iter #              Time (s)       
--------------------------------------------------------------------------------
15                              3.493608                            
--------------------------------------------------------------------------------
Maximum absolute error on potential (V):    3.110640e-02                        
--------------------------------------------------------------------------------

================================================================================
Schrodinger iter #              Time (s)       
--------------------------------------------------------------------------------
16                              3.463553                            
--------------------------------------------------------------------------------
Maximum absolute error on potential (V):    2.753707e-02                        
--------------------------------------------------------------------------------

================================================================================
Schrodinger iter #              Time (s)       
--------------------------------------------------------------------------------
17                              3.739322                            
--------------------------------------------------------------------------------
Maximum absolute error on potential (V):    2.441994e-02                        
--------------------------------------------------------------------------------

================================================================================
Schrodinger iter #              Time (s)       
--------------------------------------------------------------------------------
18                              5.551239                            
--------------------------------------------------------------------------------
Maximum absolute error on potential (V):    2.172728e-02                        
--------------------------------------------------------------------------------

================================================================================
Schrodinger iter #              Time (s)       
--------------------------------------------------------------------------------
19                              5.719276                            
--------------------------------------------------------------------------------
Maximum absolute error on potential (V):    1.934044e-02                        
--------------------------------------------------------------------------------

================================================================================
Schrodinger iter #              Time (s)       
--------------------------------------------------------------------------------
20                              3.894984                            
--------------------------------------------------------------------------------
Maximum absolute error on potential (V):    1.722321e-02                        
--------------------------------------------------------------------------------

================================================================================
Schrodinger iter #              Time (s)       
--------------------------------------------------------------------------------
21                              3.459890                            
--------------------------------------------------------------------------------
Maximum absolute error on potential (V):    1.534514e-02                        
--------------------------------------------------------------------------------

================================================================================
Schrodinger iter #              Time (s)       
--------------------------------------------------------------------------------
22                              3.422179                            
--------------------------------------------------------------------------------
Maximum absolute error on potential (V):    1.371915e-02                        
--------------------------------------------------------------------------------

================================================================================
Schrodinger iter #              Time (s)       
--------------------------------------------------------------------------------
23                              3.563330                            
--------------------------------------------------------------------------------
Maximum absolute error on potential (V):    1.227547e-02                        
--------------------------------------------------------------------------------

================================================================================
Schrodinger iter #              Time (s)       
--------------------------------------------------------------------------------
24                              3.590334                            
--------------------------------------------------------------------------------
Maximum absolute error on potential (V):    1.098606e-02                        
--------------------------------------------------------------------------------

================================================================================
Schrodinger iter #              Time (s)       
--------------------------------------------------------------------------------
25                              3.753428                            
--------------------------------------------------------------------------------
Maximum absolute error on potential (V):    9.834020e-03                        
--------------------------------------------------------------------------------

================================================================================
Schrodinger iter #              Time (s)       
--------------------------------------------------------------------------------
26                              4.038230                            
--------------------------------------------------------------------------------
Maximum absolute error on potential (V):    8.817432e-03                        
--------------------------------------------------------------------------------

================================================================================
Schrodinger iter #              Time (s)       
--------------------------------------------------------------------------------
27                              4.258434                            
--------------------------------------------------------------------------------
Maximum absolute error on potential (V):    7.910908e-03                        
--------------------------------------------------------------------------------

================================================================================
Schrodinger iter #              Time (s)       
--------------------------------------------------------------------------------
28                              4.237550                            
--------------------------------------------------------------------------------
Maximum absolute error on potential (V):    7.100402e-03                        
--------------------------------------------------------------------------------

================================================================================
Schrodinger iter #              Time (s)       
--------------------------------------------------------------------------------
29                              4.798225                            
--------------------------------------------------------------------------------
Maximum absolute error on potential (V):    6.372728e-03                        
--------------------------------------------------------------------------------

================================================================================
Schrodinger iter #              Time (s)       
--------------------------------------------------------------------------------
30                              3.125182                            
--------------------------------------------------------------------------------
Maximum absolute error on potential (V):    5.720377e-03                        
--------------------------------------------------------------------------------

================================================================================
Schrodinger iter #              Time (s)       
--------------------------------------------------------------------------------
31                              3.204968                            
--------------------------------------------------------------------------------
Maximum absolute error on potential (V):    5.136166e-03                        
--------------------------------------------------------------------------------

================================================================================
Schrodinger iter #              Time (s)       
--------------------------------------------------------------------------------
32                              3.201031                            
--------------------------------------------------------------------------------
Maximum absolute error on potential (V):    4.611572e-03                        
--------------------------------------------------------------------------------

================================================================================
Schrodinger iter #              Time (s)       
--------------------------------------------------------------------------------
33                              3.250070                            
--------------------------------------------------------------------------------
Maximum absolute error on potential (V):    4.142785e-03                        
--------------------------------------------------------------------------------

================================================================================
Schrodinger iter #              Time (s)       
--------------------------------------------------------------------------------
34                              3.495918                            
--------------------------------------------------------------------------------
Maximum absolute error on potential (V):    3.716422e-03                        
--------------------------------------------------------------------------------

================================================================================
Schrodinger iter #              Time (s)       
--------------------------------------------------------------------------------
35                              3.379079                            
--------------------------------------------------------------------------------
Maximum absolute error on potential (V):    3.338989e-03                        
--------------------------------------------------------------------------------

================================================================================
Schrodinger iter #              Time (s)       
--------------------------------------------------------------------------------
36                              4.044427                            
--------------------------------------------------------------------------------
Maximum absolute error on potential (V):    2.998172e-03                        
--------------------------------------------------------------------------------

================================================================================
Schrodinger iter #              Time (s)       
--------------------------------------------------------------------------------
37                              3.613879                            
--------------------------------------------------------------------------------
Maximum absolute error on potential (V):    2.693002e-03                        
--------------------------------------------------------------------------------

================================================================================
Schrodinger iter #              Time (s)       
--------------------------------------------------------------------------------
38                              3.596747                            
--------------------------------------------------------------------------------
Maximum absolute error on potential (V):    2.417591e-03                        
--------------------------------------------------------------------------------

================================================================================
Schrodinger iter #              Time (s)       
--------------------------------------------------------------------------------
39                              3.159741                            
--------------------------------------------------------------------------------
Maximum absolute error on potential (V):    2.170957e-03                        
--------------------------------------------------------------------------------

================================================================================
Schrodinger iter #              Time (s)       
--------------------------------------------------------------------------------
40                              3.334405                            
--------------------------------------------------------------------------------
Maximum absolute error on potential (V):    1.948508e-03                        
--------------------------------------------------------------------------------

================================================================================
Schrodinger iter #              Time (s)       
--------------------------------------------------------------------------------
41                              3.107501                            
--------------------------------------------------------------------------------
Maximum absolute error on potential (V):    1.749463e-03                        
--------------------------------------------------------------------------------

================================================================================
Schrodinger iter #              Time (s)       
--------------------------------------------------------------------------------
42                              3.070004                            
--------------------------------------------------------------------------------
Maximum absolute error on potential (V):    1.570208e-03                        
--------------------------------------------------------------------------------

================================================================================
Schrodinger iter #              Time (s)       
--------------------------------------------------------------------------------
43                              3.135503                            
--------------------------------------------------------------------------------
Maximum absolute error on potential (V):    1.409771e-03                        
--------------------------------------------------------------------------------

================================================================================
Schrodinger iter #              Time (s)       
--------------------------------------------------------------------------------
44                              3.240943                            
--------------------------------------------------------------------------------
Maximum absolute error on potential (V):    1.265311e-03                        
--------------------------------------------------------------------------------

================================================================================
Schrodinger iter #              Time (s)       
--------------------------------------------------------------------------------
45                              3.246474                            
--------------------------------------------------------------------------------
Maximum absolute error on potential (V):    1.137303e-03                        
--------------------------------------------------------------------------------

================================================================================
Schrodinger iter #              Time (s)       
--------------------------------------------------------------------------------
46                              3.453653                            
--------------------------------------------------------------------------------
Maximum absolute error on potential (V):    1.022151e-03                        
--------------------------------------------------------------------------------

================================================================================
Schrodinger iter #              Time (s)       
--------------------------------------------------------------------------------
47                              3.530732                            
--------------------------------------------------------------------------------
Maximum absolute error on potential (V):    9.187772e-04                        
--------------------------------------------------------------------------------

================================================================================
Schrodinger iter #              Time (s)       
--------------------------------------------------------------------------------
48                              3.590543                            
--------------------------------------------------------------------------------
Maximum absolute error on potential (V):    8.256984e-04                        
--------------------------------------------------------------------------------

================================================================================
Schrodinger iter #              Time (s)       
--------------------------------------------------------------------------------
49                              3.248764                            
--------------------------------------------------------------------------------
Maximum absolute error on potential (V):    7.421331e-04                        
--------------------------------------------------------------------------------

================================================================================
Schrodinger iter #              Time (s)       
--------------------------------------------------------------------------------
50                              3.019377                            
--------------------------------------------------------------------------------
Maximum absolute error on potential (V):    6.669110e-04                        
--------------------------------------------------------------------------------

================================================================================
Schrodinger iter #              Time (s)       
--------------------------------------------------------------------------------
51                              2.998777                            
--------------------------------------------------------------------------------
Maximum absolute error on potential (V):    5.993690e-04                        
--------------------------------------------------------------------------------

================================================================================
Schrodinger iter #              Time (s)       
--------------------------------------------------------------------------------
52                              3.087625                            
--------------------------------------------------------------------------------
Maximum absolute error on potential (V):    5.385910e-04                        
--------------------------------------------------------------------------------

================================================================================
Schrodinger iter #              Time (s)       
--------------------------------------------------------------------------------
53                              3.193402                            
--------------------------------------------------------------------------------
Maximum absolute error on potential (V):    4.840113e-04                        
--------------------------------------------------------------------------------

================================================================================
Schrodinger iter #              Time (s)       
--------------------------------------------------------------------------------
54                              3.080885                            
--------------------------------------------------------------------------------
Maximum absolute error on potential (V):    4.349144e-04                        
--------------------------------------------------------------------------------

================================================================================
Schrodinger iter #              Time (s)       
--------------------------------------------------------------------------------
55                              3.171677                            
--------------------------------------------------------------------------------
Maximum absolute error on potential (V):    3.908193e-04                        
--------------------------------------------------------------------------------

================================================================================
Schrodinger iter #              Time (s)       
--------------------------------------------------------------------------------
56                              3.157729                            
--------------------------------------------------------------------------------
Maximum absolute error on potential (V):    3.511661e-04                        
--------------------------------------------------------------------------------

================================================================================
Schrodinger iter #              Time (s)       
--------------------------------------------------------------------------------
57                              3.347124                            
--------------------------------------------------------------------------------
Maximum absolute error on potential (V):    3.155494e-04                        
--------------------------------------------------------------------------------

================================================================================
Schrodinger iter #              Time (s)       
--------------------------------------------------------------------------------
58                              3.437033                            
--------------------------------------------------------------------------------
Maximum absolute error on potential (V):    2.835289e-04                        
--------------------------------------------------------------------------------

================================================================================
Schrodinger iter #              Time (s)       
--------------------------------------------------------------------------------
59                              3.552781                            
--------------------------------------------------------------------------------
Maximum absolute error on potential (V):    2.547658e-04                        
--------------------------------------------------------------------------------

================================================================================
Schrodinger iter #              Time (s)       
--------------------------------------------------------------------------------
60                              3.601819                            
--------------------------------------------------------------------------------
Maximum absolute error on potential (V):    2.289122e-04                        
--------------------------------------------------------------------------------

================================================================================
Schrodinger iter #              Time (s)       
--------------------------------------------------------------------------------
61                              3.282881                            
--------------------------------------------------------------------------------
Maximum absolute error on potential (V):    2.056875e-04                        
--------------------------------------------------------------------------------

================================================================================
Schrodinger iter #              Time (s)       
--------------------------------------------------------------------------------
62                              2.995287                            
--------------------------------------------------------------------------------
Maximum absolute error on potential (V):    1.848151e-04                        
--------------------------------------------------------------------------------

================================================================================
Schrodinger iter #              Time (s)       
--------------------------------------------------------------------------------
63                              3.048847                            
--------------------------------------------------------------------------------
Maximum absolute error on potential (V):    1.660645e-04                        
--------------------------------------------------------------------------------

================================================================================
Schrodinger iter #              Time (s)       
--------------------------------------------------------------------------------
64                              3.081498                            
--------------------------------------------------------------------------------
Maximum absolute error on potential (V):    1.492147e-04                        
--------------------------------------------------------------------------------

================================================================================
Schrodinger iter #              Time (s)       
--------------------------------------------------------------------------------
65                              3.105082                            
--------------------------------------------------------------------------------
Maximum absolute error on potential (V):    1.340773e-04                        
--------------------------------------------------------------------------------

================================================================================
Schrodinger iter #              Time (s)       
--------------------------------------------------------------------------------
66                              3.129899                            
--------------------------------------------------------------------------------
Maximum absolute error on potential (V):    1.204754e-04                        
--------------------------------------------------------------------------------

================================================================================
Schrodinger iter #              Time (s)       
--------------------------------------------------------------------------------
67                              3.092256                            
--------------------------------------------------------------------------------
Maximum absolute error on potential (V):    1.082554e-04                        
--------------------------------------------------------------------------------

================================================================================
Schrodinger iter #              Time (s)       
--------------------------------------------------------------------------------
68                              3.151634                            
--------------------------------------------------------------------------------
Maximum absolute error on potential (V):    9.727522e-05                        
--------------------------------------------------------------------------------

================================================================================
Schrodinger iter #              Time (s)       
--------------------------------------------------------------------------------
69                              3.360915                            
--------------------------------------------------------------------------------
Maximum absolute error on potential (V):    8.741038e-05                        
--------------------------------------------------------------------------------

================================================================================
Schrodinger iter #              Time (s)       
--------------------------------------------------------------------------------
70                              3.522900                            
--------------------------------------------------------------------------------
Maximum absolute error on potential (V):    7.854656e-05                        
--------------------------------------------------------------------------------

================================================================================
Schrodinger iter #              Time (s)       
--------------------------------------------------------------------------------
71                              3.494313                            
--------------------------------------------------------------------------------
Maximum absolute error on potential (V):    7.058283e-05                        
--------------------------------------------------------------------------------

================================================================================
Schrodinger iter #              Time (s)       
--------------------------------------------------------------------------------
72                              3.528886                            
--------------------------------------------------------------------------------
Maximum absolute error on potential (V):    6.342717e-05                        
--------------------------------------------------------------------------------

================================================================================
Schrodinger iter #              Time (s)       
--------------------------------------------------------------------------------
73                              3.268123                            
--------------------------------------------------------------------------------
Maximum absolute error on potential (V):    5.699793e-05                        
--------------------------------------------------------------------------------

================================================================================
Schrodinger iter #              Time (s)       
--------------------------------------------------------------------------------
74                              3.109818                            
--------------------------------------------------------------------------------
Maximum absolute error on potential (V):    5.122097e-05                        
--------------------------------------------------------------------------------

================================================================================
Schrodinger iter #              Time (s)       
--------------------------------------------------------------------------------
75                              3.067902                            
--------------------------------------------------------------------------------
Maximum absolute error on potential (V):    4.603029e-05                        
--------------------------------------------------------------------------------

================================================================================
Schrodinger iter #              Time (s)       
--------------------------------------------------------------------------------
76                              2.985515                            
--------------------------------------------------------------------------------
Maximum absolute error on potential (V):    4.136612e-05                        
--------------------------------------------------------------------------------

================================================================================
Schrodinger iter #              Time (s)       
--------------------------------------------------------------------------------
77                              3.008098                            
--------------------------------------------------------------------------------
Maximum absolute error on potential (V):    3.717516e-05                        
--------------------------------------------------------------------------------

================================================================================
Schrodinger iter #              Time (s)       
--------------------------------------------------------------------------------
78                              3.125941                            
--------------------------------------------------------------------------------
Maximum absolute error on potential (V):    3.340921e-05                        
--------------------------------------------------------------------------------

================================================================================
Schrodinger iter #              Time (s)       
--------------------------------------------------------------------------------
79                              3.202905                            
--------------------------------------------------------------------------------
Maximum absolute error on potential (V):    3.002521e-05                        
--------------------------------------------------------------------------------

================================================================================
Schrodinger iter #              Time (s)       
--------------------------------------------------------------------------------
80                              3.266024                            
--------------------------------------------------------------------------------
Maximum absolute error on potential (V):    2.698430e-05                        
--------------------------------------------------------------------------------

================================================================================
Schrodinger iter #              Time (s)       
--------------------------------------------------------------------------------
81                              3.424926                            
--------------------------------------------------------------------------------
Maximum absolute error on potential (V):    2.425171e-05                        
--------------------------------------------------------------------------------

================================================================================
Schrodinger iter #              Time (s)       
--------------------------------------------------------------------------------
82                              3.546103                            
--------------------------------------------------------------------------------
Maximum absolute error on potential (V):    2.180334e-05                        
--------------------------------------------------------------------------------

================================================================================
Schrodinger iter #              Time (s)       
--------------------------------------------------------------------------------
83                              3.466054                            
--------------------------------------------------------------------------------
Maximum absolute error on potential (V):    1.960559e-05                        
--------------------------------------------------------------------------------

================================================================================
Schrodinger iter #              Time (s)       
--------------------------------------------------------------------------------
84                              3.213781                            
--------------------------------------------------------------------------------
Maximum absolute error on potential (V):    1.762946e-05                        
--------------------------------------------------------------------------------

================================================================================
Schrodinger iter #              Time (s)       
--------------------------------------------------------------------------------
85                              3.028468                            
--------------------------------------------------------------------------------
Maximum absolute error on potential (V):    1.585260e-05                        
--------------------------------------------------------------------------------

================================================================================
Schrodinger iter #              Time (s)       
--------------------------------------------------------------------------------
C:\Users\norma\miniconda3\envs\qtcad\Lib\site-packages\qtcad\device\io.py:45: UserWarning: A large file (>10MB) was produced. Please make sure this is compatible with your memory
 capabilites.
  iop.save(
2026-10-01 23:17:59.410 (1320.039s) [6D8A1E73360EF30E]          vtkmSlice.cxx:328   WARN| vtkmSlice (0000017C2BB8ED70): Viskores failed with message: vtkmSlice only generates tri
angles in the output.
Falling back to the default VTK implementation.
2026-10-01 23:18:01.865 (1322.494s) [6D8A1E73360EF30E]          vtkmSlice.cxx:328   WARN| vtkmSlice (0000017C2A3C9F90): Viskores failed with message: vtkmSlice only generates tri
angles in the output.
Falling back to the default VTK implementation.
86                              3.035310                            
--------------------------------------------------------------------------------
Maximum absolute error on potential (V):    1.425490e-05                        
--------------------------------------------------------------------------------

================================================================================
Schrodinger iter #              Time (s)       
--------------------------------------------------------------------------------
87                              3.114003                            
--------------------------------------------------------------------------------
Maximum absolute error on potential (V):    1.281829e-05                        
--------------------------------------------------------------------------------

================================================================================
Schrodinger iter #              Time (s)       
--------------------------------------------------------------------------------
88                              3.067454                            
--------------------------------------------------------------------------------
Maximum absolute error on potential (V):    1.152651e-05                        
--------------------------------------------------------------------------------

================================================================================
Schrodinger iter #              Time (s)       
--------------------------------------------------------------------------------
89                              3.189504                            
--------------------------------------------------------------------------------
Maximum absolute error on potential (V):    1.036497e-05                        
--------------------------------------------------------------------------------

================================================================================
Schrodinger iter #              Time (s)       
--------------------------------------------------------------------------------
90                              3.223988                            
--------------------------------------------------------------------------------
Maximum absolute error on potential (V):    9.320513e-06                        
--------------------------------------------------------------------------------

================================================================================
Schrodinger-Poisson loop completed.
Error converged below required tolerance after:
> 90 Schrodinger iterations.
> 1264.1724879741669 s.
Average computation time / Schrodinger iteration is 14.04636112054189 s.
================================================================================
Energies and population factors of SET SubDevice:
Energy levels (eV)
[-0.14144527 -0.14094527 -0.13908656 -0.13858656 -0.13392315 -0.13342315 -0.12751824 -0.12701824 -0.12178711 -0.12128711]
Population factors
[1.00000000e+000 1.00000000e+000 1.00000000e+000 1.00000000e+000
 1.00000000e+000 1.00000000e+000 1.17906685e-194 7.45843522e-220
 0.00000000e+000 0.00000000e+000]
Saved variable phi in C:\Users\norma\Desktop\연구자료\QTCAD Simulation\Simulation Example\M17. FD-SOI SET\Reference\output\coulomb_peaks\phi_vset1.25_N12.hdf5
Estimated file size: 2.403 MB
Saved data in C:\Users\norma\Desktop\연구자료\QTCAD Simulation\Simulation Example\M17. FD-SOI SET\Reference\output\coulomb_peaks\wf_vset1.25_N12.vtu
Estimated file size: 311.635 MB
  Many-body ground-state energy (eV): -1.6548199507
--------------------------------------------------
Solving for N = 13 electrons...
--------------------------------------------------



================================================================================
LAUNCHING SELF-CONSISTENT SCHRODINGER-POISSON LOOP
================================================================================
Schrodinger iter #              Time (s)       
--------------------------------------------------------------------------------
1                               22.390311                           
--------------------------------------------------------------------------------
Maximum absolute error on potential (V):    1.466345e-02                        
--------------------------------------------------------------------------------

================================================================================
Schrodinger iter #              Time (s)       
--------------------------------------------------------------------------------
2                               3.515865                            
--------------------------------------------------------------------------------
Maximum absolute error on potential (V):    1.261346e-02                        
--------------------------------------------------------------------------------

================================================================================
Schrodinger iter #              Time (s)       
--------------------------------------------------------------------------------
3                               3.778184                            
--------------------------------------------------------------------------------
Maximum absolute error on potential (V):    1.088860e-02                        
--------------------------------------------------------------------------------

================================================================================
Schrodinger iter #              Time (s)       
--------------------------------------------------------------------------------
4                               3.491265                            
--------------------------------------------------------------------------------
Maximum absolute error on potential (V):    9.414169e-03                        
--------------------------------------------------------------------------------

================================================================================
Schrodinger iter #              Time (s)       
--------------------------------------------------------------------------------
5                               3.848034                            
--------------------------------------------------------------------------------
Maximum absolute error on potential (V):    8.178904e-03                        
--------------------------------------------------------------------------------

================================================================================
Schrodinger iter #              Time (s)       
--------------------------------------------------------------------------------
6                               3.644596                            
--------------------------------------------------------------------------------
Maximum absolute error on potential (V):    7.121716e-03                        
--------------------------------------------------------------------------------

================================================================================
Schrodinger iter #              Time (s)       
--------------------------------------------------------------------------------
7                               3.800287                            
--------------------------------------------------------------------------------
Maximum absolute error on potential (V):    6.211994e-03                        
--------------------------------------------------------------------------------

================================================================================
Schrodinger iter #              Time (s)       
--------------------------------------------------------------------------------
8                               4.165055                            
--------------------------------------------------------------------------------
Maximum absolute error on potential (V):    5.434014e-03                        
--------------------------------------------------------------------------------

================================================================================
Schrodinger iter #              Time (s)       
--------------------------------------------------------------------------------
9                               5.389806                            
--------------------------------------------------------------------------------
Maximum absolute error on potential (V):    4.766164e-03                        
--------------------------------------------------------------------------------

================================================================================
Schrodinger iter #              Time (s)       
--------------------------------------------------------------------------------
10                              4.252860                            
--------------------------------------------------------------------------------
Maximum absolute error on potential (V):    4.191429e-03                        
--------------------------------------------------------------------------------

================================================================================
Schrodinger iter #              Time (s)       
--------------------------------------------------------------------------------
11                              3.449438                            
--------------------------------------------------------------------------------
Maximum absolute error on potential (V):    3.694862e-03                        
--------------------------------------------------------------------------------

================================================================================
Schrodinger iter #              Time (s)       
--------------------------------------------------------------------------------
12                              3.405968                            
--------------------------------------------------------------------------------
Maximum absolute error on potential (V):    3.265081e-03                        
--------------------------------------------------------------------------------

================================================================================
Schrodinger iter #              Time (s)       
--------------------------------------------------------------------------------
13                              3.571683                            
--------------------------------------------------------------------------------
Maximum absolute error on potential (V):    2.908811e-03                        
--------------------------------------------------------------------------------

================================================================================
Schrodinger iter #              Time (s)       
--------------------------------------------------------------------------------
14                              3.744790                            
--------------------------------------------------------------------------------
Maximum absolute error on potential (V):    2.597985e-03                        
--------------------------------------------------------------------------------

================================================================================
Schrodinger iter #              Time (s)       
--------------------------------------------------------------------------------
15                              4.029427                            
--------------------------------------------------------------------------------
Maximum absolute error on potential (V):    2.320891e-03                        
--------------------------------------------------------------------------------

================================================================================
Schrodinger iter #              Time (s)       
--------------------------------------------------------------------------------
16                              3.689768                            
--------------------------------------------------------------------------------
Maximum absolute error on potential (V):    2.072249e-03                        
--------------------------------------------------------------------------------

================================================================================
Schrodinger iter #              Time (s)       
--------------------------------------------------------------------------------
17                              3.220647                            
--------------------------------------------------------------------------------
Maximum absolute error on potential (V):    1.861772e-03                        
--------------------------------------------------------------------------------

================================================================================
Schrodinger iter #              Time (s)       
--------------------------------------------------------------------------------
18                              3.146340                            
--------------------------------------------------------------------------------
Maximum absolute error on potential (V):    1.670625e-03                        
--------------------------------------------------------------------------------

================================================================================
Schrodinger iter #              Time (s)       
--------------------------------------------------------------------------------
19                              3.069477                            
--------------------------------------------------------------------------------
Maximum absolute error on potential (V):    1.499136e-03                        
--------------------------------------------------------------------------------

================================================================================
Schrodinger iter #              Time (s)       
--------------------------------------------------------------------------------
20                              3.227318                            
--------------------------------------------------------------------------------
Maximum absolute error on potential (V):    1.344247e-03                        
--------------------------------------------------------------------------------

================================================================================
Schrodinger iter #              Time (s)       
--------------------------------------------------------------------------------
21                              3.087242                            
--------------------------------------------------------------------------------
Maximum absolute error on potential (V):    1.205429e-03                        
--------------------------------------------------------------------------------

================================================================================
Schrodinger iter #              Time (s)       
--------------------------------------------------------------------------------
22                              4.548211                            
--------------------------------------------------------------------------------
Maximum absolute error on potential (V):    1.080637e-03                        
--------------------------------------------------------------------------------

================================================================================
Schrodinger iter #              Time (s)       
--------------------------------------------------------------------------------
23                              4.841138                            
--------------------------------------------------------------------------------
Maximum absolute error on potential (V):    9.687540e-04                        
--------------------------------------------------------------------------------

================================================================================
Schrodinger iter #              Time (s)       
--------------------------------------------------------------------------------
24                              4.994312                            
--------------------------------------------------------------------------------
Maximum absolute error on potential (V):    8.684656e-04                        
--------------------------------------------------------------------------------

================================================================================
Schrodinger iter #              Time (s)       
--------------------------------------------------------------------------------
25                              4.772851                            
--------------------------------------------------------------------------------
Maximum absolute error on potential (V):    7.785289e-04                        
--------------------------------------------------------------------------------

================================================================================
Schrodinger iter #              Time (s)       
--------------------------------------------------------------------------------
26                              4.095479                            
--------------------------------------------------------------------------------
Maximum absolute error on potential (V):    6.991310e-04                        
--------------------------------------------------------------------------------

================================================================================
Schrodinger iter #              Time (s)       
--------------------------------------------------------------------------------
27                              3.380412                            
--------------------------------------------------------------------------------
Maximum absolute error on potential (V):    6.281374e-04                        
--------------------------------------------------------------------------------

================================================================================
Schrodinger iter #              Time (s)       
--------------------------------------------------------------------------------
28                              3.321228                            
--------------------------------------------------------------------------------
Maximum absolute error on potential (V):    5.644233e-04                        
--------------------------------------------------------------------------------

================================================================================
Schrodinger iter #              Time (s)       
--------------------------------------------------------------------------------
29                              3.517277                            
--------------------------------------------------------------------------------
Maximum absolute error on potential (V):    5.070698e-04                        
--------------------------------------------------------------------------------

================================================================================
Schrodinger iter #              Time (s)       
--------------------------------------------------------------------------------
30                              3.439405                            
--------------------------------------------------------------------------------
Maximum absolute error on potential (V):    4.556130e-04                        
--------------------------------------------------------------------------------

================================================================================
Schrodinger iter #              Time (s)       
--------------------------------------------------------------------------------
31                              5.280114                            
--------------------------------------------------------------------------------
Maximum absolute error on potential (V):    4.092934e-04                        
--------------------------------------------------------------------------------

================================================================================
Schrodinger iter #              Time (s)       
--------------------------------------------------------------------------------
32                              4.710829                            
--------------------------------------------------------------------------------
Maximum absolute error on potential (V):    3.677397e-04                        
--------------------------------------------------------------------------------

================================================================================
Schrodinger iter #              Time (s)       
--------------------------------------------------------------------------------
33                              4.591051                            
--------------------------------------------------------------------------------
Maximum absolute error on potential (V):    3.303415e-04                        
--------------------------------------------------------------------------------

================================================================================
Schrodinger iter #              Time (s)       
--------------------------------------------------------------------------------
34                              6.742287                            
--------------------------------------------------------------------------------
Maximum absolute error on potential (V):    2.967882e-04                        
--------------------------------------------------------------------------------

================================================================================
Schrodinger iter #              Time (s)       
--------------------------------------------------------------------------------
35                              4.647565                            
--------------------------------------------------------------------------------
Maximum absolute error on potential (V):    2.666009e-04                        
--------------------------------------------------------------------------------

================================================================================
Schrodinger iter #              Time (s)       
--------------------------------------------------------------------------------
36                              6.165331                            
--------------------------------------------------------------------------------
Maximum absolute error on potential (V):    2.395112e-04                        
--------------------------------------------------------------------------------

================================================================================
Schrodinger iter #              Time (s)       
--------------------------------------------------------------------------------
37                              7.990487                            
--------------------------------------------------------------------------------
Maximum absolute error on potential (V):    2.151494e-04                        
--------------------------------------------------------------------------------

================================================================================
Schrodinger iter #              Time (s)       
--------------------------------------------------------------------------------
38                              9.710417                            
--------------------------------------------------------------------------------
Maximum absolute error on potential (V):    1.932815e-04                        
--------------------------------------------------------------------------------

================================================================================
Schrodinger iter #              Time (s)       
--------------------------------------------------------------------------------
39                              4.681406                            
--------------------------------------------------------------------------------
Maximum absolute error on potential (V):    1.736233e-04                        
--------------------------------------------------------------------------------

================================================================================
Schrodinger iter #              Time (s)       
--------------------------------------------------------------------------------
40                              11.615746                           
--------------------------------------------------------------------------------
Maximum absolute error on potential (V):    1.559742e-04                        
--------------------------------------------------------------------------------

================================================================================
Schrodinger iter #              Time (s)       
--------------------------------------------------------------------------------
41                              7.255989                            
--------------------------------------------------------------------------------
Maximum absolute error on potential (V):    1.401118e-04                        
--------------------------------------------------------------------------------

================================================================================
Schrodinger iter #              Time (s)       
--------------------------------------------------------------------------------
42                              3.855089                            
--------------------------------------------------------------------------------
Maximum absolute error on potential (V):    1.258688e-04                        
--------------------------------------------------------------------------------

================================================================================
Schrodinger iter #              Time (s)       
--------------------------------------------------------------------------------
43                              9.073300                            
--------------------------------------------------------------------------------
Maximum absolute error on potential (V):    1.130707e-04                        
--------------------------------------------------------------------------------

================================================================================
Schrodinger iter #              Time (s)       
--------------------------------------------------------------------------------
44                              6.136941                            
--------------------------------------------------------------------------------
Maximum absolute error on potential (V):    1.015767e-04                        
--------------------------------------------------------------------------------

================================================================================
Schrodinger iter #              Time (s)       
--------------------------------------------------------------------------------
45                              9.215805                            
--------------------------------------------------------------------------------
Maximum absolute error on potential (V):    9.125114e-05                        
--------------------------------------------------------------------------------

================================================================================
Schrodinger iter #              Time (s)       
--------------------------------------------------------------------------------
46                              4.753628                            
--------------------------------------------------------------------------------
Maximum absolute error on potential (V):    8.197740e-05                        
--------------------------------------------------------------------------------

================================================================================
Schrodinger iter #              Time (s)       
--------------------------------------------------------------------------------
47                              3.177030                            
--------------------------------------------------------------------------------
Maximum absolute error on potential (V):    7.364547e-05                        
--------------------------------------------------------------------------------

================================================================================
Schrodinger iter #              Time (s)       
--------------------------------------------------------------------------------
48                              3.314399                            
--------------------------------------------------------------------------------
Maximum absolute error on potential (V):    6.616088e-05                        
--------------------------------------------------------------------------------

================================================================================
Schrodinger iter #              Time (s)       
--------------------------------------------------------------------------------
49                              3.378722                            
--------------------------------------------------------------------------------
Maximum absolute error on potential (V):    5.943891e-05                        
--------------------------------------------------------------------------------

================================================================================
Schrodinger iter #              Time (s)       
--------------------------------------------------------------------------------
50                              3.480267                            
--------------------------------------------------------------------------------
Maximum absolute error on potential (V):    5.339902e-05                        
--------------------------------------------------------------------------------

================================================================================
Schrodinger iter #              Time (s)       
--------------------------------------------------------------------------------
51                              3.766967                            
--------------------------------------------------------------------------------
Maximum absolute error on potential (V):    4.797383e-05                        
--------------------------------------------------------------------------------

================================================================================
Schrodinger iter #              Time (s)       
--------------------------------------------------------------------------------
52                              3.604548                            
--------------------------------------------------------------------------------
Maximum absolute error on potential (V):    4.311372e-05                        
--------------------------------------------------------------------------------

================================================================================
Schrodinger iter #              Time (s)       
--------------------------------------------------------------------------------
53                              3.638155                            
--------------------------------------------------------------------------------
Maximum absolute error on potential (V):    3.875724e-05                        
--------------------------------------------------------------------------------

================================================================================
Schrodinger iter #              Time (s)       
--------------------------------------------------------------------------------
54                              3.346350                            
--------------------------------------------------------------------------------
Maximum absolute error on potential (V):    3.484131e-05                        
--------------------------------------------------------------------------------

================================================================================
Schrodinger iter #              Time (s)       
--------------------------------------------------------------------------------
55                              3.090910                            
2026-10-01 23:40:27.394 (2667.985s) [6D8A1E73360EF30E]          vtkmSlice.cxx:328   WARN| vtkmSlice (0000017C296261D0): Viskores failed with message: vtkmSlice only generates tri
angles in the output.
Falling back to the default VTK implementation.
2026-10-01 23:40:35.054 (2675.645s) [6D8A1E73360EF30E]          vtkmSlice.cxx:328   WARN| vtkmSlice (0000017C2B64B210): Viskores failed with message: vtkmSlice only generates tri
angles in the output.
Falling back to the default VTK implementation.
--------------------------------------------------------------------------------
Maximum absolute error on potential (V):    3.132089e-05                        
--------------------------------------------------------------------------------

================================================================================
Schrodinger iter #              Time (s)       
--------------------------------------------------------------------------------
56                              3.147118                            
--------------------------------------------------------------------------------
Maximum absolute error on potential (V):    2.815634e-05                        
--------------------------------------------------------------------------------

================================================================================
Schrodinger iter #              Time (s)       
--------------------------------------------------------------------------------
57                              3.290796                            
--------------------------------------------------------------------------------
Maximum absolute error on potential (V):    2.531157e-05                        
--------------------------------------------------------------------------------

================================================================================
Schrodinger iter #              Time (s)       
--------------------------------------------------------------------------------
58                              4.516081                            
--------------------------------------------------------------------------------
Maximum absolute error on potential (V):    2.275377e-05                        
--------------------------------------------------------------------------------

================================================================================
Schrodinger iter #              Time (s)       
--------------------------------------------------------------------------------
59                              4.318176                            
--------------------------------------------------------------------------------
Maximum absolute error on potential (V):    2.045403e-05                        
--------------------------------------------------------------------------------

================================================================================
Schrodinger iter #              Time (s)       
--------------------------------------------------------------------------------
60                              4.778794                            
--------------------------------------------------------------------------------
Maximum absolute error on potential (V):    1.838727e-05                        
--------------------------------------------------------------------------------

================================================================================
Schrodinger iter #              Time (s)       
--------------------------------------------------------------------------------
61                              5.843240                            
--------------------------------------------------------------------------------
Maximum absolute error on potential (V):    1.652931e-05                        
--------------------------------------------------------------------------------

================================================================================
Schrodinger iter #              Time (s)       
--------------------------------------------------------------------------------
62                              7.410380                            
--------------------------------------------------------------------------------
Maximum absolute error on potential (V):    1.485838e-05                        
--------------------------------------------------------------------------------

================================================================================
Schrodinger iter #              Time (s)       
--------------------------------------------------------------------------------
63                              5.131802                            
--------------------------------------------------------------------------------
Maximum absolute error on potential (V):    1.335746e-05                        
--------------------------------------------------------------------------------

================================================================================
Schrodinger iter #              Time (s)       
--------------------------------------------------------------------------------
64                              5.479323                            
--------------------------------------------------------------------------------
Maximum absolute error on potential (V):    1.200793e-05                        
--------------------------------------------------------------------------------

================================================================================
Schrodinger iter #              Time (s)       
--------------------------------------------------------------------------------
65                              6.021771                            
--------------------------------------------------------------------------------
Maximum absolute error on potential (V):    1.079451e-05                        
--------------------------------------------------------------------------------

================================================================================
Schrodinger iter #              Time (s)       
--------------------------------------------------------------------------------
66                              6.435553                            
--------------------------------------------------------------------------------
Maximum absolute error on potential (V):    9.703212e-06                        
--------------------------------------------------------------------------------

================================================================================
Schrodinger-Poisson loop completed.
Error converged below required tolerance after:
> 66 Schrodinger iterations.
> 1314.3728199005127 s.
Average computation time / Schrodinger iteration is 19.91473990136927 s.
================================================================================
Energies and population factors of SET SubDevice:
Energy levels (eV)
[-0.13206498 -0.13156498 -0.12984147 -0.12934147 -0.12465571 -0.12415571 -0.11785407 -0.11735407 -0.11329233 -0.11279233]
Population factors
[1.00000000e+000 1.00000000e+000 1.00000000e+000 1.00000000e+000
 1.00000000e+000 1.00000000e+000 4.99999968e-001 6.32570941e-026
 1.25408217e-230 7.93296042e-256]
Saved variable phi in C:\Users\norma\Desktop\연구자료\QTCAD Simulation\Simulation Example\M17. FD-SOI SET\Reference\output\coulomb_peaks\phi_vset1.25_N13.hdf5
Estimated file size: 2.403 MB
Saved data in C:\Users\norma\Desktop\연구자료\QTCAD Simulation\Simulation Example\M17. FD-SOI SET\Reference\output\coulomb_peaks\wf_vset1.25_N13.vtu
Estimated file size: 311.598 MB
  Many-body ground-state energy (eV): -1.6611027149
  Chemical potentials (eV): -0.006282764212746102
--------------------------------------------------
Solving for N = 14 electrons...
--------------------------------------------------



================================================================================
LAUNCHING SELF-CONSISTENT SCHRODINGER-POISSON LOOP
================================================================================
Schrodinger iter #              Time (s)       
--------------------------------------------------------------------------------
1                               36.984910                           
--------------------------------------------------------------------------------
Maximum absolute error on potential (V):    1.458178e-02                        
--------------------------------------------------------------------------------

================================================================================
Schrodinger iter #              Time (s)       
--------------------------------------------------------------------------------
2                               22.145356                           
--------------------------------------------------------------------------------
Maximum absolute error on potential (V):    1.251491e-02                        
--------------------------------------------------------------------------------

================================================================================
Schrodinger iter #              Time (s)       
--------------------------------------------------------------------------------
3                               11.902059                           
--------------------------------------------------------------------------------
Maximum absolute error on potential (V):    1.076791e-02                        
--------------------------------------------------------------------------------

================================================================================
Schrodinger iter #              Time (s)       
--------------------------------------------------------------------------------
4                               6.675074                            
--------------------------------------------------------------------------------
Maximum absolute error on potential (V):    9.289452e-03                        
--------------------------------------------------------------------------------

================================================================================
Schrodinger iter #              Time (s)       
--------------------------------------------------------------------------------
5                               15.629350                           
--------------------------------------------------------------------------------
Maximum absolute error on potential (V):    8.046570e-03                        
--------------------------------------------------------------------------------

================================================================================
Schrodinger iter #              Time (s)       
--------------------------------------------------------------------------------
6                               7.608658                            
--------------------------------------------------------------------------------
Maximum absolute error on potential (V):    6.991622e-03                        
--------------------------------------------------------------------------------

================================================================================
Schrodinger iter #              Time (s)       
--------------------------------------------------------------------------------
7                               10.741404                           
--------------------------------------------------------------------------------
Maximum absolute error on potential (V):    6.089725e-03                        
--------------------------------------------------------------------------------

================================================================================
Schrodinger iter #              Time (s)       
--------------------------------------------------------------------------------
8                               10.918672                           
--------------------------------------------------------------------------------
Maximum absolute error on potential (V):    5.320486e-03                        
--------------------------------------------------------------------------------

================================================================================
Schrodinger iter #              Time (s)       
--------------------------------------------------------------------------------
9                               6.083968                            
--------------------------------------------------------------------------------
Maximum absolute error on potential (V):    4.662509e-03                        
--------------------------------------------------------------------------------

================================================================================
Schrodinger iter #              Time (s)       
--------------------------------------------------------------------------------
10                              6.315603                            
--------------------------------------------------------------------------------
Maximum absolute error on potential (V):    4.098785e-03                        
--------------------------------------------------------------------------------

================================================================================
Schrodinger iter #              Time (s)       
--------------------------------------------------------------------------------
11                              5.281858                            
--------------------------------------------------------------------------------
Maximum absolute error on potential (V):    3.625588e-03                        
--------------------------------------------------------------------------------

================================================================================
Schrodinger iter #              Time (s)       
--------------------------------------------------------------------------------
12                              6.432455                            
--------------------------------------------------------------------------------
Maximum absolute error on potential (V):    3.223882e-03                        
--------------------------------------------------------------------------------

================================================================================
Schrodinger iter #              Time (s)       
--------------------------------------------------------------------------------
13                              10.285873                           
--------------------------------------------------------------------------------
Maximum absolute error on potential (V):    2.857448e-03                        
--------------------------------------------------------------------------------

================================================================================
Schrodinger iter #              Time (s)       
--------------------------------------------------------------------------------
14                              6.575779                            
--------------------------------------------------------------------------------
Maximum absolute error on potential (V):    2.556044e-03                        
--------------------------------------------------------------------------------

================================================================================
Schrodinger iter #              Time (s)       
--------------------------------------------------------------------------------
15                              4.627936                            
--------------------------------------------------------------------------------
Maximum absolute error on potential (V):    2.286496e-03                        
--------------------------------------------------------------------------------

================================================================================
Schrodinger iter #              Time (s)       
--------------------------------------------------------------------------------
16                              4.211210                            
--------------------------------------------------------------------------------
Maximum absolute error on potential (V):    2.038427e-03                        
--------------------------------------------------------------------------------

================================================================================
Schrodinger iter #              Time (s)       
--------------------------------------------------------------------------------
17                              4.463823                            
--------------------------------------------------------------------------------
Maximum absolute error on potential (V):    1.826618e-03                        
--------------------------------------------------------------------------------

================================================================================
Schrodinger iter #              Time (s)       
--------------------------------------------------------------------------------
18                              4.030981                            
--------------------------------------------------------------------------------
Maximum absolute error on potential (V):    1.639172e-03                        
--------------------------------------------------------------------------------

================================================================================
Schrodinger iter #              Time (s)       
--------------------------------------------------------------------------------
19                              8.792273                            
--------------------------------------------------------------------------------
Maximum absolute error on potential (V):    1.472808e-03                        
--------------------------------------------------------------------------------

================================================================================
Schrodinger iter #              Time (s)       
--------------------------------------------------------------------------------
20                              8.234277                            
--------------------------------------------------------------------------------
Maximum absolute error on potential (V):    1.321456e-03                        
--------------------------------------------------------------------------------

================================================================================
Schrodinger iter #              Time (s)       
--------------------------------------------------------------------------------
21                              6.141273                            
--------------------------------------------------------------------------------
Maximum absolute error on potential (V):    1.186320e-03                        
--------------------------------------------------------------------------------

================================================================================
Schrodinger iter #              Time (s)       
--------------------------------------------------------------------------------
22                              6.619632                            
--------------------------------------------------------------------------------
Maximum absolute error on potential (V):    1.063896e-03                        
--------------------------------------------------------------------------------

================================================================================
Schrodinger iter #              Time (s)       
--------------------------------------------------------------------------------
23                              5.440965                            
--------------------------------------------------------------------------------
Maximum absolute error on potential (V):    9.557940e-04                        
--------------------------------------------------------------------------------

================================================================================
Schrodinger iter #              Time (s)       
--------------------------------------------------------------------------------
24                              6.005750                            
--------------------------------------------------------------------------------
Maximum absolute error on potential (V):    8.588426e-04                        
--------------------------------------------------------------------------------

================================================================================
Schrodinger iter #              Time (s)       
--------------------------------------------------------------------------------
25                              7.402298                            
--------------------------------------------------------------------------------
Maximum absolute error on potential (V):    7.719922e-04                        
--------------------------------------------------------------------------------

================================================================================
Schrodinger iter #              Time (s)       
--------------------------------------------------------------------------------
26                              5.556480                            
--------------------------------------------------------------------------------
Maximum absolute error on potential (V):    6.935473e-04                        
--------------------------------------------------------------------------------

================================================================================
Schrodinger iter #              Time (s)       
--------------------------------------------------------------------------------
27                              3.988072                            
--------------------------------------------------------------------------------
Maximum absolute error on potential (V):    6.232476e-04                        
--------------------------------------------------------------------------------

================================================================================
Schrodinger iter #              Time (s)       
--------------------------------------------------------------------------------
28                              3.627285                            
--------------------------------------------------------------------------------
Maximum absolute error on potential (V):    5.598258e-04                        
--------------------------------------------------------------------------------

================================================================================
Schrodinger iter #              Time (s)       
--------------------------------------------------------------------------------
29                              3.397634                            
--------------------------------------------------------------------------------
Maximum absolute error on potential (V):    5.029682e-04                        
--------------------------------------------------------------------------------

================================================================================
Schrodinger iter #              Time (s)       
--------------------------------------------------------------------------------
30                              3.618219                            
--------------------------------------------------------------------------------
Maximum absolute error on potential (V):    4.517259e-04                        
--------------------------------------------------------------------------------

================================================================================
Schrodinger iter #              Time (s)       
--------------------------------------------------------------------------------
31                              3.868810                            
--------------------------------------------------------------------------------
Maximum absolute error on potential (V):    4.057714e-04                        
--------------------------------------------------------------------------------

================================================================================
Schrodinger iter #              Time (s)       
--------------------------------------------------------------------------------
32                              4.131674                            
--------------------------------------------------------------------------------
Maximum absolute error on potential (V):    3.643930e-04                        
--------------------------------------------------------------------------------

================================================================================
Schrodinger iter #              Time (s)       
--------------------------------------------------------------------------------
33                              3.452817                            
--------------------------------------------------------------------------------
Maximum absolute error on potential (V):    3.272732e-04                        
--------------------------------------------------------------------------------

================================================================================
Schrodinger iter #              Time (s)       
--------------------------------------------------------------------------------
34                              3.120575                            
--------------------------------------------------------------------------------
Maximum absolute error on potential (V):    2.938761e-04                        
--------------------------------------------------------------------------------

================================================================================
Schrodinger iter #              Time (s)       
--------------------------------------------------------------------------------
35                              3.249097                            
--------------------------------------------------------------------------------
Maximum absolute error on potential (V):    2.639088e-04                        
--------------------------------------------------------------------------------

================================================================================
Schrodinger iter #              Time (s)       
--------------------------------------------------------------------------------
36                              3.165258                            
--------------------------------------------------------------------------------
Maximum absolute error on potential (V):    2.369651e-04                        
--------------------------------------------------------------------------------

================================================================================
Schrodinger iter #              Time (s)       
--------------------------------------------------------------------------------
37                              3.218064                            
--------------------------------------------------------------------------------
Maximum absolute error on potential (V):    2.127836e-04                        
--------------------------------------------------------------------------------

================================================================================
Schrodinger iter #              Time (s)       
--------------------------------------------------------------------------------
38                              3.484352                            
--------------------------------------------------------------------------------
Maximum absolute error on potential (V):    1.910540e-04                        
--------------------------------------------------------------------------------

================================================================================
Schrodinger iter #              Time (s)       
--------------------------------------------------------------------------------
39                              3.422096                            
--------------------------------------------------------------------------------
Maximum absolute error on potential (V):    1.715494e-04                        
--------------------------------------------------------------------------------

================================================================================
Schrodinger iter #              Time (s)       
--------------------------------------------------------------------------------
40                              4.011529                            
--------------------------------------------------------------------------------
Maximum absolute error on potential (V):    1.540300e-04                        
--------------------------------------------------------------------------------

================================================================================
Schrodinger iter #              Time (s)       
--------------------------------------------------------------------------------
41                              3.879419                            
--------------------------------------------------------------------------------
Maximum absolute error on potential (V):    1.383128e-04                        
--------------------------------------------------------------------------------

================================================================================
Schrodinger iter #              Time (s)       
--------------------------------------------------------------------------------
42                              3.904510                            
--------------------------------------------------------------------------------
Maximum absolute error on potential (V):    1.242047e-04                        
--------------------------------------------------------------------------------

================================================================================
Schrodinger iter #              Time (s)       
--------------------------------------------------------------------------------
43                              3.856729                            
--------------------------------------------------------------------------------
Maximum absolute error on potential (V):    1.115965e-04                        
--------------------------------------------------------------------------------

================================================================================
Schrodinger iter #              Time (s)       
--------------------------------------------------------------------------------
44                              3.476102                            
--------------------------------------------------------------------------------
Maximum absolute error on potential (V):    1.002757e-04                        
--------------------------------------------------------------------------------

================================================================================
Schrodinger iter #              Time (s)       
--------------------------------------------------------------------------------
45                              3.216653                            
--------------------------------------------------------------------------------
Maximum absolute error on potential (V):    9.010305e-05                        
--------------------------------------------------------------------------------

================================================================================
Schrodinger iter #              Time (s)       
--------------------------------------------------------------------------------
46                              3.624360                            
--------------------------------------------------------------------------------
Maximum absolute error on potential (V):    8.096305e-05                        
--------------------------------------------------------------------------------

================================================================================
Schrodinger iter #              Time (s)       
--------------------------------------------------------------------------------
47                              3.520467                            
--------------------------------------------------------------------------------
Maximum absolute error on potential (V):    7.275032e-05                        
--------------------------------------------------------------------------------

================================================================================
Schrodinger iter #              Time (s)       
--------------------------------------------------------------------------------
48                              3.740199                            
--------------------------------------------------------------------------------
Maximum absolute error on potential (V):    6.537215e-05                        
--------------------------------------------------------------------------------

================================================================================
Schrodinger iter #              Time (s)       
--------------------------------------------------------------------------------
49                              4.808215                            
--------------------------------------------------------------------------------
Maximum absolute error on potential (V):    5.874255e-05                        
--------------------------------------------------------------------------------

================================================================================
Schrodinger iter #              Time (s)       
--------------------------------------------------------------------------------
50                              3.992872                            
--------------------------------------------------------------------------------
Maximum absolute error on potential (V):    5.278698e-05                        
--------------------------------------------------------------------------------

================================================================================
Schrodinger iter #              Time (s)       
--------------------------------------------------------------------------------
51                              3.563308                            
--------------------------------------------------------------------------------
Maximum absolute error on potential (V):    4.743557e-05                        
--------------------------------------------------------------------------------

================================================================================
Schrodinger iter #              Time (s)       
--------------------------------------------------------------------------------
52                              3.326519                            
--------------------------------------------------------------------------------
Maximum absolute error on potential (V):    4.262827e-05                        
--------------------------------------------------------------------------------

================================================================================
Schrodinger iter #              Time (s)       
--------------------------------------------------------------------------------
53                              3.636705                            
--------------------------------------------------------------------------------
Maximum absolute error on potential (V):    3.830847e-05                        
--------------------------------------------------------------------------------

================================================================================
Schrodinger iter #              Time (s)       
--------------------------------------------------------------------------------
54                              3.735323                            
--------------------------------------------------------------------------------
Maximum absolute error on potential (V):    3.442780e-05                        
--------------------------------------------------------------------------------

================================================================================
Schrodinger iter #              Time (s)       
--------------------------------------------------------------------------------
55                              3.923005                            
--------------------------------------------------------------------------------
Maximum absolute error on potential (V):    3.094046e-05                        
--------------------------------------------------------------------------------

================================================================================
Schrodinger iter #              Time (s)       
--------------------------------------------------------------------------------
56                              4.320450                            
--------------------------------------------------------------------------------
Maximum absolute error on potential (V):    2.780749e-05                        
--------------------------------------------------------------------------------

================================================================================
Schrodinger iter #              Time (s)       
--------------------------------------------------------------------------------
57                              4.462576                            
--------------------------------------------------------------------------------
Maximum absolute error on potential (V):    2.499187e-05                        
--------------------------------------------------------------------------------

================================================================================
Schrodinger iter #              Time (s)       
--------------------------------------------------------------------------------
58                              4.453874                            
--------------------------------------------------------------------------------
Maximum absolute error on potential (V):    2.246223e-05                        
--------------------------------------------------------------------------------

================================================================================
Schrodinger iter #              Time (s)       
--------------------------------------------------------------------------------
59                              4.056649                            
--------------------------------------------------------------------------------
Maximum absolute error on potential (V):    2.018864e-05                        
--------------------------------------------------------------------------------

================================================================================
Schrodinger iter #              Time (s)       
--------------------------------------------------------------------------------
60                              3.626416                            
--------------------------------------------------------------------------------
Maximum absolute error on potential (V):    1.814588e-05                        
--------------------------------------------------------------------------------

================================================================================
Schrodinger iter #              Time (s)       
--------------------------------------------------------------------------------
61                              3.542918                            
--------------------------------------------------------------------------------
Maximum absolute error on potential (V):    1.630975e-05                        
--------------------------------------------------------------------------------

================================================================================
Schrodinger iter #              Time (s)       
--------------------------------------------------------------------------------
62                              3.431061                            
--------------------------------------------------------------------------------
Maximum absolute error on potential (V):    1.465995e-05                        
--------------------------------------------------------------------------------

================================================================================
Schrodinger iter #              Time (s)       
--------------------------------------------------------------------------------
63                              3.638282                            
--------------------------------------------------------------------------------
Maximum absolute error on potential (V):    1.317693e-05                        
--------------------------------------------------------------------------------

2026-10-02 11:55:44.527 (46785.110s) [6D8A1E73360EF30E]          vtkmSlice.cxx:328   WARN| vtkmSlice (0000017C2BB8FD90): Viskores failed with message: vtkmSlice only generates tr
iangles in the output.
Falling back to the default VTK implementation.
2026-10-02 11:55:46.976 (46787.559s) [6D8A1E73360EF30E]          vtkmSlice.cxx:328   WARN| vtkmSlice (0000017C2B902990): Viskores failed with message: vtkmSlice only generates tr
iangles in the output.
Falling back to the default VTK implementation.
================================================================================
Schrodinger iter #              Time (s)       
--------------------------------------------------------------------------------
64                              3.967820                            
--------------------------------------------------------------------------------
Maximum absolute error on potential (V):    1.184437e-05                        
--------------------------------------------------------------------------------

================================================================================
Schrodinger iter #              Time (s)       
--------------------------------------------------------------------------------
65                              4.317405                            
--------------------------------------------------------------------------------
Maximum absolute error on potential (V):    1.064643e-05                        
--------------------------------------------------------------------------------

================================================================================
Schrodinger iter #              Time (s)       
--------------------------------------------------------------------------------
66                              4.202701                            
--------------------------------------------------------------------------------
Maximum absolute error on potential (V):    9.570006e-06                        
--------------------------------------------------------------------------------

================================================================================
Schrodinger-Poisson loop completed.
Error converged below required tolerance after:
> 66 Schrodinger iterations.
> 44081.75824356079 s.
Average computation time / Schrodinger iteration is 667.9054280808477 s.
================================================================================
Energies and population factors of SET SubDevice:
Energy levels (eV)
[-0.12281382 -0.12231382 -0.12074743 -0.12024743 -0.11553972 -0.11503972 -0.10832023 -0.10782023 -0.10485459 -0.10435459]
Population factors
[1.00000000e+000 1.00000000e+000 1.00000000e+000 1.00000000e+000
 1.00000000e+000 1.00000000e+000 1.00000000e+000 2.51443635e-013
 8.68431037e-163 5.49344309e-188]
Saved variable phi in C:\Users\norma\Desktop\연구자료\QTCAD Simulation\Simulation Example\M17. FD-SOI SET\Reference\output\coulomb_peaks\phi_vset1.25_N14.hdf5
Estimated file size: 2.403 MB
Saved data in C:\Users\norma\Desktop\연구자료\QTCAD Simulation\Simulation Example\M17. FD-SOI SET\Reference\output\coulomb_peaks\wf_vset1.25_N14.vtu
Estimated file size: 311.575 MB
  Many-body ground-state energy (eV): -1.6500443453
  Chemical potentials (eV): 0.011058369568826377


==================================================
Setting V_SET = 1.2 V
==================================================


--------------------------------------------------
Solving for N = 12 electrons...
--------------------------------------------------



================================================================================
LAUNCHING SELF-CONSISTENT SCHRODINGER-POISSON LOOP
================================================================================
Schrodinger iter #              Time (s)       
--------------------------------------------------------------------------------
1                               20.237665                           
--------------------------------------------------------------------------------
Maximum absolute error on potential (V):    5.000000e-02                        
--------------------------------------------------------------------------------

================================================================================
Schrodinger iter #              Time (s)       
--------------------------------------------------------------------------------
2                               4.287575                            
--------------------------------------------------------------------------------
Maximum absolute error on potential (V):    4.500000e-02                        
--------------------------------------------------------------------------------

================================================================================
Schrodinger iter #              Time (s)       
--------------------------------------------------------------------------------
3                               3.971248                            
--------------------------------------------------------------------------------
Maximum absolute error on potential (V):    4.050000e-02                        
--------------------------------------------------------------------------------

================================================================================
Schrodinger iter #              Time (s)       
--------------------------------------------------------------------------------
4                               4.227510                            
--------------------------------------------------------------------------------
Maximum absolute error on potential (V):    3.645000e-02                        
--------------------------------------------------------------------------------

================================================================================
Schrodinger iter #              Time (s)       
--------------------------------------------------------------------------------
5                               3.834864                            
--------------------------------------------------------------------------------
Maximum absolute error on potential (V):    3.280500e-02                        
--------------------------------------------------------------------------------

================================================================================
Schrodinger iter #              Time (s)       
--------------------------------------------------------------------------------
6                               4.064779                            
--------------------------------------------------------------------------------
Maximum absolute error on potential (V):    2.952450e-02                        
--------------------------------------------------------------------------------

================================================================================
Schrodinger iter #              Time (s)       
--------------------------------------------------------------------------------
7                               4.151998                            
--------------------------------------------------------------------------------
Maximum absolute error on potential (V):    2.657205e-02                        
--------------------------------------------------------------------------------

================================================================================
Schrodinger iter #              Time (s)       
--------------------------------------------------------------------------------
8                               4.200540                            
--------------------------------------------------------------------------------
Maximum absolute error on potential (V):    2.391484e-02                        
--------------------------------------------------------------------------------

================================================================================
Schrodinger iter #              Time (s)       
--------------------------------------------------------------------------------
9                               4.233143                            
--------------------------------------------------------------------------------
Maximum absolute error on potential (V):    2.152336e-02                        
--------------------------------------------------------------------------------

================================================================================
Schrodinger iter #              Time (s)       
--------------------------------------------------------------------------------
10                              3.854591                            
--------------------------------------------------------------------------------
Maximum absolute error on potential (V):    1.937102e-02                        
--------------------------------------------------------------------------------

================================================================================
Schrodinger iter #              Time (s)       
--------------------------------------------------------------------------------
11                              3.948992                            
--------------------------------------------------------------------------------
Maximum absolute error on potential (V):    1.743392e-02                        
--------------------------------------------------------------------------------

================================================================================
Schrodinger iter #              Time (s)       
--------------------------------------------------------------------------------
12                              4.021921                            
--------------------------------------------------------------------------------
Maximum absolute error on potential (V):    1.569053e-02                        
--------------------------------------------------------------------------------

================================================================================
Schrodinger iter #              Time (s)       
--------------------------------------------------------------------------------
13                              3.810573                            
--------------------------------------------------------------------------------
Maximum absolute error on potential (V):    1.412148e-02                        
--------------------------------------------------------------------------------

================================================================================
Schrodinger iter #              Time (s)       
--------------------------------------------------------------------------------
14                              3.363543                            
--------------------------------------------------------------------------------
Maximum absolute error on potential (V):    1.270933e-02                        
--------------------------------------------------------------------------------

================================================================================
Schrodinger iter #              Time (s)       
--------------------------------------------------------------------------------
15                              3.223008                            
--------------------------------------------------------------------------------
Maximum absolute error on potential (V):    1.143840e-02                        
--------------------------------------------------------------------------------

================================================================================
Schrodinger iter #              Time (s)       
--------------------------------------------------------------------------------
16                              3.462048                            
--------------------------------------------------------------------------------
Maximum absolute error on potential (V):    1.029456e-02                        
--------------------------------------------------------------------------------

================================================================================
Schrodinger iter #              Time (s)       
--------------------------------------------------------------------------------
17                              3.309614                            
--------------------------------------------------------------------------------
Maximum absolute error on potential (V):    9.265101e-03                        
--------------------------------------------------------------------------------

================================================================================
Schrodinger iter #              Time (s)       
--------------------------------------------------------------------------------
18                              3.464617                            
--------------------------------------------------------------------------------
Maximum absolute error on potential (V):    8.338591e-03                        
--------------------------------------------------------------------------------

================================================================================
Schrodinger iter #              Time (s)       
--------------------------------------------------------------------------------
19                              3.759637                            
--------------------------------------------------------------------------------
Maximum absolute error on potential (V):    7.504732e-03                        
--------------------------------------------------------------------------------

================================================================================
Schrodinger iter #              Time (s)       
--------------------------------------------------------------------------------
20                              3.726340                            
--------------------------------------------------------------------------------
Maximum absolute error on potential (V):    6.754259e-03                        
--------------------------------------------------------------------------------

================================================================================
Schrodinger iter #              Time (s)       
--------------------------------------------------------------------------------
21                              3.387566                            
--------------------------------------------------------------------------------
Maximum absolute error on potential (V):    6.078833e-03                        
--------------------------------------------------------------------------------

================================================================================
Schrodinger iter #              Time (s)       
--------------------------------------------------------------------------------
22                              3.070154                            
--------------------------------------------------------------------------------
Maximum absolute error on potential (V):    5.470949e-03                        
--------------------------------------------------------------------------------

================================================================================
Schrodinger iter #              Time (s)       
--------------------------------------------------------------------------------
23                              3.108937                            
--------------------------------------------------------------------------------
Maximum absolute error on potential (V):    4.923855e-03                        
--------------------------------------------------------------------------------

================================================================================
Schrodinger iter #              Time (s)       
--------------------------------------------------------------------------------
24                              3.131695                            
--------------------------------------------------------------------------------
Maximum absolute error on potential (V):    4.431469e-03                        
--------------------------------------------------------------------------------

================================================================================
Schrodinger iter #              Time (s)       
--------------------------------------------------------------------------------
25                              3.257353                            
--------------------------------------------------------------------------------
Maximum absolute error on potential (V):    3.988322e-03                        
--------------------------------------------------------------------------------

================================================================================
Schrodinger iter #              Time (s)       
--------------------------------------------------------------------------------
26                              3.459793                            
--------------------------------------------------------------------------------
Maximum absolute error on potential (V):    3.589490e-03                        
--------------------------------------------------------------------------------

================================================================================
Schrodinger iter #              Time (s)       
--------------------------------------------------------------------------------
27                              3.548101                            
--------------------------------------------------------------------------------
Maximum absolute error on potential (V):    3.230541e-03                        
--------------------------------------------------------------------------------

================================================================================
Schrodinger iter #              Time (s)       
--------------------------------------------------------------------------------
28                              3.829421                            
--------------------------------------------------------------------------------
Maximum absolute error on potential (V):    2.907487e-03                        
--------------------------------------------------------------------------------

================================================================================
Schrodinger iter #              Time (s)       
--------------------------------------------------------------------------------
29                              3.660728                            
--------------------------------------------------------------------------------
Maximum absolute error on potential (V):    2.616738e-03                        
--------------------------------------------------------------------------------

================================================================================
Schrodinger iter #              Time (s)       
--------------------------------------------------------------------------------
30                              3.301553                            
--------------------------------------------------------------------------------
Maximum absolute error on potential (V):    2.355064e-03                        
--------------------------------------------------------------------------------

================================================================================
Schrodinger iter #              Time (s)       
--------------------------------------------------------------------------------
31                              3.166336                            
--------------------------------------------------------------------------------
Maximum absolute error on potential (V):    2.119558e-03                        
--------------------------------------------------------------------------------

================================================================================
Schrodinger iter #              Time (s)       
--------------------------------------------------------------------------------
32                              3.349723                            
--------------------------------------------------------------------------------
Maximum absolute error on potential (V):    1.907602e-03                        
--------------------------------------------------------------------------------

================================================================================
Schrodinger iter #              Time (s)       
--------------------------------------------------------------------------------
33                              3.350663                            
--------------------------------------------------------------------------------
Maximum absolute error on potential (V):    1.716842e-03                        
--------------------------------------------------------------------------------

================================================================================
Schrodinger iter #              Time (s)       
--------------------------------------------------------------------------------
34                              3.574897                            
--------------------------------------------------------------------------------
Maximum absolute error on potential (V):    1.545158e-03                        
--------------------------------------------------------------------------------

================================================================================
Schrodinger iter #              Time (s)       
--------------------------------------------------------------------------------
35                              3.852966                            
--------------------------------------------------------------------------------
Maximum absolute error on potential (V):    1.390642e-03                        
--------------------------------------------------------------------------------

================================================================================
Schrodinger iter #              Time (s)       
--------------------------------------------------------------------------------
36                              3.963750                            
--------------------------------------------------------------------------------
Maximum absolute error on potential (V):    1.251578e-03                        
--------------------------------------------------------------------------------

================================================================================
Schrodinger iter #              Time (s)       
--------------------------------------------------------------------------------
37                              3.991770                            
--------------------------------------------------------------------------------
Maximum absolute error on potential (V):    1.126420e-03                        
--------------------------------------------------------------------------------

================================================================================
Schrodinger iter #              Time (s)       
--------------------------------------------------------------------------------
38                              3.489600                            
--------------------------------------------------------------------------------
Maximum absolute error on potential (V):    1.013778e-03                        
--------------------------------------------------------------------------------

================================================================================
Schrodinger iter #              Time (s)       
--------------------------------------------------------------------------------
39                              3.228561                            
--------------------------------------------------------------------------------
Maximum absolute error on potential (V):    9.124002e-04                        
--------------------------------------------------------------------------------

================================================================================
Schrodinger iter #              Time (s)       
--------------------------------------------------------------------------------
40                              3.077177                            
--------------------------------------------------------------------------------
Maximum absolute error on potential (V):    8.211602e-04                        
--------------------------------------------------------------------------------

================================================================================
Schrodinger iter #              Time (s)       
--------------------------------------------------------------------------------
41                              3.256084                            
--------------------------------------------------------------------------------
Maximum absolute error on potential (V):    7.390441e-04                        
--------------------------------------------------------------------------------

================================================================================
Schrodinger iter #              Time (s)       
--------------------------------------------------------------------------------
42                              3.274087                            
--------------------------------------------------------------------------------
Maximum absolute error on potential (V):    6.651397e-04                        
--------------------------------------------------------------------------------

================================================================================
Schrodinger iter #              Time (s)       
--------------------------------------------------------------------------------
43                              3.429299                            
--------------------------------------------------------------------------------
Maximum absolute error on potential (V):    5.986258e-04                        
--------------------------------------------------------------------------------

================================================================================
Schrodinger iter #              Time (s)       
--------------------------------------------------------------------------------
44                              3.680726                            
--------------------------------------------------------------------------------
Maximum absolute error on potential (V):    5.387632e-04                        
--------------------------------------------------------------------------------

================================================================================
Schrodinger iter #              Time (s)       
--------------------------------------------------------------------------------
45                              3.724962                            
--------------------------------------------------------------------------------
Maximum absolute error on potential (V):    4.848869e-04                        
--------------------------------------------------------------------------------

================================================================================
Schrodinger iter #              Time (s)       
--------------------------------------------------------------------------------
46                              3.930178                            
--------------------------------------------------------------------------------
Maximum absolute error on potential (V):    4.363982e-04                        
--------------------------------------------------------------------------------

================================================================================
Schrodinger iter #              Time (s)       
--------------------------------------------------------------------------------
47                              3.845244                            
--------------------------------------------------------------------------------
Maximum absolute error on potential (V):    3.927584e-04                        
--------------------------------------------------------------------------------

================================================================================
Schrodinger iter #              Time (s)       
--------------------------------------------------------------------------------
48                              3.386953                            
--------------------------------------------------------------------------------
Maximum absolute error on potential (V):    3.534825e-04                        
--------------------------------------------------------------------------------

================================================================================
Schrodinger iter #              Time (s)       
--------------------------------------------------------------------------------
49                              3.148608                            
--------------------------------------------------------------------------------
Maximum absolute error on potential (V):    3.181343e-04                        
--------------------------------------------------------------------------------

================================================================================
Schrodinger iter #              Time (s)       
--------------------------------------------------------------------------------
50                              3.588492                            
--------------------------------------------------------------------------------
Maximum absolute error on potential (V):    2.863208e-04                        
--------------------------------------------------------------------------------

================================================================================
Schrodinger iter #              Time (s)       
--------------------------------------------------------------------------------
51                              3.354528                            
--------------------------------------------------------------------------------
Maximum absolute error on potential (V):    2.576888e-04                        
--------------------------------------------------------------------------------

================================================================================
Schrodinger iter #              Time (s)       
--------------------------------------------------------------------------------
52                              3.632809                            
--------------------------------------------------------------------------------
Maximum absolute error on potential (V):    2.319199e-04                        
--------------------------------------------------------------------------------

================================================================================
Schrodinger iter #              Time (s)       
--------------------------------------------------------------------------------
53                              3.883113                            
--------------------------------------------------------------------------------
Maximum absolute error on potential (V):    2.087279e-04                        
--------------------------------------------------------------------------------

================================================================================
Schrodinger iter #              Time (s)       
--------------------------------------------------------------------------------
54                              3.831210                            
--------------------------------------------------------------------------------
Maximum absolute error on potential (V):    1.878551e-04                        
--------------------------------------------------------------------------------

================================================================================
Schrodinger iter #              Time (s)       
--------------------------------------------------------------------------------
55                              3.920305                            
--------------------------------------------------------------------------------
Maximum absolute error on potential (V):    1.690696e-04                        
--------------------------------------------------------------------------------

================================================================================
Schrodinger iter #              Time (s)       
--------------------------------------------------------------------------------
56                              3.364948                            
--------------------------------------------------------------------------------
Maximum absolute error on potential (V):    1.521626e-04                        
--------------------------------------------------------------------------------

================================================================================
Schrodinger iter #              Time (s)       
--------------------------------------------------------------------------------
57                              3.193704                            
--------------------------------------------------------------------------------
Maximum absolute error on potential (V):    1.369464e-04                        
--------------------------------------------------------------------------------

================================================================================
Schrodinger iter #              Time (s)       
--------------------------------------------------------------------------------
58                              3.219314                            
--------------------------------------------------------------------------------
Maximum absolute error on potential (V):    1.232517e-04                        
--------------------------------------------------------------------------------

================================================================================
Schrodinger iter #              Time (s)       
--------------------------------------------------------------------------------
59                              3.262220                            
--------------------------------------------------------------------------------
Maximum absolute error on potential (V):    1.109266e-04                        
--------------------------------------------------------------------------------

================================================================================
Schrodinger iter #              Time (s)       
--------------------------------------------------------------------------------
60                              4.085752                            
--------------------------------------------------------------------------------
Maximum absolute error on potential (V):    9.983391e-05                        
--------------------------------------------------------------------------------

================================================================================
Schrodinger iter #              Time (s)       
--------------------------------------------------------------------------------
61                              3.656296                            
--------------------------------------------------------------------------------
Maximum absolute error on potential (V):    8.985051e-05                        
--------------------------------------------------------------------------------

================================================================================
Schrodinger iter #              Time (s)       
--------------------------------------------------------------------------------
62                              3.816443                            
--------------------------------------------------------------------------------
Maximum absolute error on potential (V):    8.086546e-05                        
--------------------------------------------------------------------------------

================================================================================
Schrodinger iter #              Time (s)       
--------------------------------------------------------------------------------
63                              3.817152                            
--------------------------------------------------------------------------------
Maximum absolute error on potential (V):    7.277892e-05                        
--------------------------------------------------------------------------------

================================================================================
Schrodinger iter #              Time (s)       
--------------------------------------------------------------------------------
64                              3.809960                            
--------------------------------------------------------------------------------
Maximum absolute error on potential (V):    6.550103e-05                        
--------------------------------------------------------------------------------

================================================================================
Schrodinger iter #              Time (s)       
--------------------------------------------------------------------------------
65                              3.503229                            
--------------------------------------------------------------------------------
Maximum absolute error on potential (V):    5.895092e-05                        
--------------------------------------------------------------------------------

================================================================================
Schrodinger iter #              Time (s)       
--------------------------------------------------------------------------------
66                              3.458598                            
--------------------------------------------------------------------------------
Maximum absolute error on potential (V):    5.305583e-05                        
--------------------------------------------------------------------------------

================================================================================
Schrodinger iter #              Time (s)       
--------------------------------------------------------------------------------
67                              3.178238                            
--------------------------------------------------------------------------------
Maximum absolute error on potential (V):    4.775025e-05                        
--------------------------------------------------------------------------------

================================================================================
Schrodinger iter #              Time (s)       
--------------------------------------------------------------------------------
68                              3.427440                            
--------------------------------------------------------------------------------
Maximum absolute error on potential (V):    4.297522e-05                        
--------------------------------------------------------------------------------

================================================================================
Schrodinger iter #              Time (s)       
--------------------------------------------------------------------------------
69                              3.555428                            
--------------------------------------------------------------------------------
Maximum absolute error on potential (V):    3.867770e-05                        
--------------------------------------------------------------------------------

================================================================================
Schrodinger iter #              Time (s)       
--------------------------------------------------------------------------------
70                              3.771207                            
--------------------------------------------------------------------------------
Maximum absolute error on potential (V):    3.480993e-05                        
--------------------------------------------------------------------------------

================================================================================
Schrodinger iter #              Time (s)       
--------------------------------------------------------------------------------
71                              3.772880                            
--------------------------------------------------------------------------------
Maximum absolute error on potential (V):    3.132894e-05                        
--------------------------------------------------------------------------------

================================================================================
Schrodinger iter #              Time (s)       
--------------------------------------------------------------------------------
2026-10-02 12:16:06.094 (48006.676s) [6D8A1E73360EF30E]          vtkmSlice.cxx:328   WARN| vtkmSlice (0000017C279F5AC0): Viskores failed with message: vtkmSlice only generates tr
iangles in the output.
Falling back to the default VTK implementation.
2026-10-02 12:16:08.207 (48008.790s) [6D8A1E73360EF30E]          vtkmSlice.cxx:328   WARN| vtkmSlice (0000017C2B8FC780): Viskores failed with message: vtkmSlice only generates tr
iangles in the output.
Falling back to the default VTK implementation.
72                              3.893389                            
--------------------------------------------------------------------------------
Maximum absolute error on potential (V):    2.819604e-05                        
--------------------------------------------------------------------------------

================================================================================
Schrodinger iter #              Time (s)       
--------------------------------------------------------------------------------
73                              3.600224                            
--------------------------------------------------------------------------------
Maximum absolute error on potential (V):    2.537644e-05                        
--------------------------------------------------------------------------------

================================================================================
Schrodinger iter #              Time (s)       
--------------------------------------------------------------------------------
74                              3.618307                            
--------------------------------------------------------------------------------
Maximum absolute error on potential (V):    2.283880e-05                        
--------------------------------------------------------------------------------

================================================================================
Schrodinger iter #              Time (s)       
--------------------------------------------------------------------------------
75                              3.184493                            
--------------------------------------------------------------------------------
Maximum absolute error on potential (V):    2.055492e-05                        
--------------------------------------------------------------------------------

================================================================================
Schrodinger iter #              Time (s)       
--------------------------------------------------------------------------------
76                              3.295498                            
--------------------------------------------------------------------------------
Maximum absolute error on potential (V):    1.849942e-05                        
--------------------------------------------------------------------------------

================================================================================
Schrodinger iter #              Time (s)       
--------------------------------------------------------------------------------
77                              3.386075                            
--------------------------------------------------------------------------------
Maximum absolute error on potential (V):    1.664948e-05                        
--------------------------------------------------------------------------------

================================================================================
Schrodinger iter #              Time (s)       
--------------------------------------------------------------------------------
78                              3.710878                            
--------------------------------------------------------------------------------
Maximum absolute error on potential (V):    1.498453e-05                        
--------------------------------------------------------------------------------

================================================================================
Schrodinger iter #              Time (s)       
--------------------------------------------------------------------------------
79                              3.872015                            
--------------------------------------------------------------------------------
Maximum absolute error on potential (V):    1.348608e-05                        
--------------------------------------------------------------------------------

================================================================================
Schrodinger iter #              Time (s)       
--------------------------------------------------------------------------------
80                              3.881605                            
--------------------------------------------------------------------------------
Maximum absolute error on potential (V):    1.213747e-05                        
--------------------------------------------------------------------------------

================================================================================
Schrodinger iter #              Time (s)       
--------------------------------------------------------------------------------
81                              3.977835                            
--------------------------------------------------------------------------------
Maximum absolute error on potential (V):    1.092373e-05                        
--------------------------------------------------------------------------------

================================================================================
Schrodinger iter #              Time (s)       
--------------------------------------------------------------------------------
82                              3.430892                            
--------------------------------------------------------------------------------
Maximum absolute error on potential (V):    9.831353e-06                        
--------------------------------------------------------------------------------

================================================================================
Schrodinger-Poisson loop completed.
Error converged below required tolerance after:
> 82 Schrodinger iterations.
> 1201.824660539627 s.
Average computation time / Schrodinger iteration is 14.656398363229705 s.
================================================================================
Energies and population factors of SET SubDevice:
Energy levels (eV)
[-0.11215916 -0.11165916 -0.10979425 -0.10929425 -0.10462413 -0.10412413 -0.09819378 -0.09769378 -0.09344583 -0.09294583]
Population factors
[1.00000000e+000 1.00000000e+000 1.00000000e+000 1.00000000e+000
 1.00000000e+000 1.00000000e+000 2.13924758e-220 1.35322603e-245
 0.00000000e+000 0.00000000e+000]
Saved variable phi in C:\Users\norma\Desktop\연구자료\QTCAD Simulation\Simulation Example\M17. FD-SOI SET\Reference\output\coulomb_peaks\phi_vset1.20_N12.hdf5
Estimated file size: 2.403 MB
Saved data in C:\Users\norma\Desktop\연구자료\QTCAD Simulation\Simulation Example\M17. FD-SOI SET\Reference\output\coulomb_peaks\wf_vset1.20_N12.vtu
Estimated file size: 311.572 MB
  Many-body ground-state energy (eV): -1.3033101616
--------------------------------------------------
Solving for N = 13 electrons...
--------------------------------------------------



================================================================================
LAUNCHING SELF-CONSISTENT SCHRODINGER-POISSON LOOP
================================================================================
Schrodinger iter #              Time (s)       
--------------------------------------------------------------------------------
1                               17.991213                           
--------------------------------------------------------------------------------
Maximum absolute error on potential (V):    1.447481e-02                        
--------------------------------------------------------------------------------

================================================================================
Schrodinger iter #              Time (s)       
--------------------------------------------------------------------------------
2                               3.879580                            
--------------------------------------------------------------------------------
Maximum absolute error on potential (V):    1.244399e-02                        
--------------------------------------------------------------------------------

================================================================================
Schrodinger iter #              Time (s)       
--------------------------------------------------------------------------------
3                               3.822501                            
--------------------------------------------------------------------------------
Maximum absolute error on potential (V):    1.073202e-02                        
--------------------------------------------------------------------------------

================================================================================
Schrodinger iter #              Time (s)       
--------------------------------------------------------------------------------
4                               3.580394                            
--------------------------------------------------------------------------------
Maximum absolute error on potential (V):    9.279669e-03                        
--------------------------------------------------------------------------------

================================================================================
Schrodinger iter #              Time (s)       
--------------------------------------------------------------------------------
5                               4.084810                            
--------------------------------------------------------------------------------
Maximum absolute error on potential (V):    8.062922e-03                        
--------------------------------------------------------------------------------

================================================================================
Schrodinger iter #              Time (s)       
--------------------------------------------------------------------------------
6                               3.861112                            
--------------------------------------------------------------------------------
Maximum absolute error on potential (V):    7.018476e-03                        
--------------------------------------------------------------------------------

================================================================================
Schrodinger iter #              Time (s)       
--------------------------------------------------------------------------------
7                               4.039237                            
--------------------------------------------------------------------------------
Maximum absolute error on potential (V):    6.123984e-03                        
--------------------------------------------------------------------------------

================================================================================
Schrodinger iter #              Time (s)       
--------------------------------------------------------------------------------
8                               4.446780                            
--------------------------------------------------------------------------------
Maximum absolute error on potential (V):    5.350655e-03                        
--------------------------------------------------------------------------------

================================================================================
Schrodinger iter #              Time (s)       
--------------------------------------------------------------------------------
9                               4.114381                            
--------------------------------------------------------------------------------
Maximum absolute error on potential (V):    4.696345e-03                        
--------------------------------------------------------------------------------

================================================================================
Schrodinger iter #              Time (s)       
--------------------------------------------------------------------------------
10                              4.220120                            
--------------------------------------------------------------------------------
Maximum absolute error on potential (V):    4.127199e-03                        
--------------------------------------------------------------------------------

================================================================================
Schrodinger iter #              Time (s)       
--------------------------------------------------------------------------------
11                              4.097566                            
--------------------------------------------------------------------------------
Maximum absolute error on potential (V):    3.639261e-03                        
--------------------------------------------------------------------------------

================================================================================
Schrodinger iter #              Time (s)       
--------------------------------------------------------------------------------
12                              4.126832                            
--------------------------------------------------------------------------------
Maximum absolute error on potential (V):    3.226675e-03                        
--------------------------------------------------------------------------------

================================================================================
Schrodinger iter #              Time (s)       
--------------------------------------------------------------------------------
13                              3.868588                            
--------------------------------------------------------------------------------
Maximum absolute error on potential (V):    2.869822e-03                        
--------------------------------------------------------------------------------

================================================================================
Schrodinger iter #              Time (s)       
--------------------------------------------------------------------------------
14                              3.474417                            
--------------------------------------------------------------------------------
Maximum absolute error on potential (V):    2.562127e-03                        
--------------------------------------------------------------------------------

================================================================================
Schrodinger iter #              Time (s)       
--------------------------------------------------------------------------------
15                              3.235865                            
--------------------------------------------------------------------------------
Maximum absolute error on potential (V):    2.291975e-03                        
--------------------------------------------------------------------------------

================================================================================
Schrodinger iter #              Time (s)       
--------------------------------------------------------------------------------
16                              3.734142                            
--------------------------------------------------------------------------------
Maximum absolute error on potential (V):    2.050453e-03                        
--------------------------------------------------------------------------------

================================================================================
Schrodinger iter #              Time (s)       
--------------------------------------------------------------------------------
17                              3.830870                            
--------------------------------------------------------------------------------
Maximum absolute error on potential (V):    1.841945e-03                        
--------------------------------------------------------------------------------

================================================================================
Schrodinger iter #              Time (s)       
--------------------------------------------------------------------------------
18                              4.000829                            
--------------------------------------------------------------------------------
Maximum absolute error on potential (V):    1.652872e-03                        
--------------------------------------------------------------------------------

================================================================================
Schrodinger iter #              Time (s)       
--------------------------------------------------------------------------------
19                              3.783593                            
--------------------------------------------------------------------------------
Maximum absolute error on potential (V):    1.482307e-03                        
--------------------------------------------------------------------------------

================================================================================
Schrodinger iter #              Time (s)       
--------------------------------------------------------------------------------
20                              3.513703                            
--------------------------------------------------------------------------------
Maximum absolute error on potential (V):    1.329141e-03                        
--------------------------------------------------------------------------------

================================================================================
Schrodinger iter #              Time (s)       
--------------------------------------------------------------------------------
21                              3.206987                            
--------------------------------------------------------------------------------
Maximum absolute error on potential (V):    1.191403e-03                        
--------------------------------------------------------------------------------

================================================================================
Schrodinger iter #              Time (s)       
--------------------------------------------------------------------------------
22                              3.290588                            
--------------------------------------------------------------------------------
Maximum absolute error on potential (V):    1.067931e-03                        
--------------------------------------------------------------------------------

================================================================================
Schrodinger iter #              Time (s)       
--------------------------------------------------------------------------------
23                              3.396020                            
--------------------------------------------------------------------------------
Maximum absolute error on potential (V):    9.570062e-04                        
--------------------------------------------------------------------------------

================================================================================
Schrodinger iter #              Time (s)       
--------------------------------------------------------------------------------
24                              3.610907                            
--------------------------------------------------------------------------------
Maximum absolute error on potential (V):    8.578211e-04                        
--------------------------------------------------------------------------------

================================================================================
Schrodinger iter #              Time (s)       
--------------------------------------------------------------------------------
25                              3.816937                            
--------------------------------------------------------------------------------
Maximum absolute error on potential (V):    7.702191e-04                        
--------------------------------------------------------------------------------

================================================================================
Schrodinger iter #              Time (s)       
--------------------------------------------------------------------------------
26                              4.390144                            
--------------------------------------------------------------------------------
Maximum absolute error on potential (V):    6.919084e-04                        
--------------------------------------------------------------------------------

================================================================================
Schrodinger iter #              Time (s)       
--------------------------------------------------------------------------------
27                              3.393579                            
--------------------------------------------------------------------------------
Maximum absolute error on potential (V):    6.214027e-04                        
--------------------------------------------------------------------------------

================================================================================
Schrodinger iter #              Time (s)       
--------------------------------------------------------------------------------
28                              3.101585                            
--------------------------------------------------------------------------------
Maximum absolute error on potential (V):    5.582176e-04                        
--------------------------------------------------------------------------------

================================================================================
Schrodinger iter #              Time (s)       
--------------------------------------------------------------------------------
29                              3.154052                            
--------------------------------------------------------------------------------
Maximum absolute error on potential (V):    5.013272e-04                        
--------------------------------------------------------------------------------

================================================================================
Schrodinger iter #              Time (s)       
--------------------------------------------------------------------------------
30                              3.282181                            
--------------------------------------------------------------------------------
Maximum absolute error on potential (V):    4.503448e-04                        
--------------------------------------------------------------------------------

================================================================================
Schrodinger iter #              Time (s)       
--------------------------------------------------------------------------------
31                              3.487952                            
--------------------------------------------------------------------------------
Maximum absolute error on potential (V):    4.044486e-04                        
--------------------------------------------------------------------------------

================================================================================
Schrodinger iter #              Time (s)       
--------------------------------------------------------------------------------
32                              3.740045                            
--------------------------------------------------------------------------------
Maximum absolute error on potential (V):    3.633119e-04                        
--------------------------------------------------------------------------------

================================================================================
Schrodinger iter #              Time (s)       
--------------------------------------------------------------------------------
33                              3.916069                            
--------------------------------------------------------------------------------
Maximum absolute error on potential (V):    3.262909e-04                        
--------------------------------------------------------------------------------

================================================================================
Schrodinger iter #              Time (s)       
--------------------------------------------------------------------------------
34                              3.858698                            
--------------------------------------------------------------------------------
Maximum absolute error on potential (V):    2.930991e-04                        
--------------------------------------------------------------------------------

================================================================================
Schrodinger iter #              Time (s)       
--------------------------------------------------------------------------------
35                              3.882374                            
--------------------------------------------------------------------------------
Maximum absolute error on potential (V):    2.632403e-04                        
--------------------------------------------------------------------------------

================================================================================
Schrodinger iter #              Time (s)       
--------------------------------------------------------------------------------
36                              3.490435                            
--------------------------------------------------------------------------------
Maximum absolute error on potential (V):    2.364592e-04                        
--------------------------------------------------------------------------------

================================================================================
Schrodinger iter #              Time (s)       
--------------------------------------------------------------------------------
37                              3.297093                            
--------------------------------------------------------------------------------
Maximum absolute error on potential (V):    2.123780e-04                        
--------------------------------------------------------------------------------

================================================================================
Schrodinger iter #              Time (s)       
--------------------------------------------------------------------------------
38                              3.342901                            
--------------------------------------------------------------------------------
Maximum absolute error on potential (V):    1.907711e-04                        
--------------------------------------------------------------------------------

================================================================================
Schrodinger iter #              Time (s)       
--------------------------------------------------------------------------------
39                              3.099876                            
--------------------------------------------------------------------------------
Maximum absolute error on potential (V):    1.713502e-04                        
--------------------------------------------------------------------------------

================================================================================
Schrodinger iter #              Time (s)       
--------------------------------------------------------------------------------
40                              3.331746                            
--------------------------------------------------------------------------------
Maximum absolute error on potential (V):    1.539180e-04                        
--------------------------------------------------------------------------------

================================================================================
Schrodinger iter #              Time (s)       
--------------------------------------------------------------------------------
41                              3.420298                            
--------------------------------------------------------------------------------
Maximum absolute error on potential (V):    1.382606e-04                        
--------------------------------------------------------------------------------

================================================================================
Schrodinger iter #              Time (s)       
--------------------------------------------------------------------------------
42                              3.734972                            
--------------------------------------------------------------------------------
Maximum absolute error on potential (V):    1.242052e-04                        
--------------------------------------------------------------------------------

================================================================================
Schrodinger iter #              Time (s)       
--------------------------------------------------------------------------------
43                              3.864846                            
--------------------------------------------------------------------------------
Maximum absolute error on potential (V):    1.115758e-04                        
--------------------------------------------------------------------------------

================================================================================
Schrodinger iter #              Time (s)       
--------------------------------------------------------------------------------
44                              3.791922                            
--------------------------------------------------------------------------------
Maximum absolute error on potential (V):    1.002319e-04                        
--------------------------------------------------------------------------------

================================================================================
Schrodinger iter #              Time (s)       
--------------------------------------------------------------------------------
45                              3.865277                            
--------------------------------------------------------------------------------
Maximum absolute error on potential (V):    9.003938e-05                        
--------------------------------------------------------------------------------

================================================================================
Schrodinger iter #              Time (s)       
--------------------------------------------------------------------------------
46                              3.732076                            
--------------------------------------------------------------------------------
Maximum absolute error on potential (V):    8.088605e-05                        
--------------------------------------------------------------------------------

================================================================================
Schrodinger iter #              Time (s)       
--------------------------------------------------------------------------------
47                              3.410469                            
--------------------------------------------------------------------------------
Maximum absolute error on potential (V):    7.267328e-05                        
--------------------------------------------------------------------------------

================================================================================
Schrodinger iter #              Time (s)       
--------------------------------------------------------------------------------
48                              3.110284                            
--------------------------------------------------------------------------------
Maximum absolute error on potential (V):    6.531022e-05                        
--------------------------------------------------------------------------------

================================================================================
Schrodinger iter #              Time (s)       
--------------------------------------------------------------------------------
49                              3.422085                            
--------------------------------------------------------------------------------
Maximum absolute error on potential (V):    5.869240e-05                        
--------------------------------------------------------------------------------

================================================================================
Schrodinger iter #              Time (s)       
--------------------------------------------------------------------------------
50                              3.407437                            
--------------------------------------------------------------------------------
Maximum absolute error on potential (V):    5.274586e-05                        
--------------------------------------------------------------------------------

================================================================================
Schrodinger iter #              Time (s)       
--------------------------------------------------------------------------------
51                              3.592854                            
--------------------------------------------------------------------------------
Maximum absolute error on potential (V):    4.740207e-05                        
--------------------------------------------------------------------------------

================================================================================
Schrodinger iter #              Time (s)       
--------------------------------------------------------------------------------
52                              3.715523                            
--------------------------------------------------------------------------------
Maximum absolute error on potential (V):    4.259989e-05                        
--------------------------------------------------------------------------------

================================================================================
Schrodinger iter #              Time (s)       
--------------------------------------------------------------------------------
53                              3.782824                            
--------------------------------------------------------------------------------
Maximum absolute error on potential (V):    3.828521e-05                        
--------------------------------------------------------------------------------

================================================================================
Schrodinger iter #              Time (s)       
--------------------------------------------------------------------------------
54                              3.732884                            
--------------------------------------------------------------------------------
Maximum absolute error on potential (V):    3.440767e-05                        
--------------------------------------------------------------------------------

================================================================================
Schrodinger iter #              Time (s)       
--------------------------------------------------------------------------------
55                              3.477493                            
--------------------------------------------------------------------------------
Maximum absolute error on potential (V):    3.092226e-05                        
--------------------------------------------------------------------------------

================================================================================
Schrodinger iter #              Time (s)       
--------------------------------------------------------------------------------
56                              3.178412                            
--------------------------------------------------------------------------------
Maximum absolute error on potential (V):    2.779213e-05                        
--------------------------------------------------------------------------------

================================================================================
Schrodinger iter #              Time (s)       
--------------------------------------------------------------------------------
57                              3.357492                            
--------------------------------------------------------------------------------
Maximum absolute error on potential (V):    2.497891e-05                        
--------------------------------------------------------------------------------

================================================================================
Schrodinger iter #              Time (s)       
--------------------------------------------------------------------------------
58                              3.553514                            
--------------------------------------------------------------------------------
Maximum absolute error on potential (V):    2.245326e-05                        
--------------------------------------------------------------------------------

================================================================================
Schrodinger iter #              Time (s)       
--------------------------------------------------------------------------------
59                              3.511695                            
--------------------------------------------------------------------------------
Maximum absolute error on potential (V):    2.018270e-05                        
--------------------------------------------------------------------------------

================================================================================
Schrodinger iter #              Time (s)       
--------------------------------------------------------------------------------
60                              3.777965                            
--------------------------------------------------------------------------------
Maximum absolute error on potential (V):    1.814161e-05                        
--------------------------------------------------------------------------------

================================================================================
Schrodinger iter #              Time (s)       
--------------------------------------------------------------------------------
61                              3.853670                            
--------------------------------------------------------------------------------
Maximum absolute error on potential (V):    1.630762e-05                        
--------------------------------------------------------------------------------

================================================================================
Schrodinger iter #              Time (s)       
--------------------------------------------------------------------------------
62                              3.890828                            
--------------------------------------------------------------------------------
Maximum absolute error on potential (V):    1.465793e-05                        
--------------------------------------------------------------------------------

================================================================================
Schrodinger iter #              Time (s)       
--------------------------------------------------------------------------------
63                              3.327902                            
--------------------------------------------------------------------------------
Maximum absolute error on potential (V):    1.317628e-05                        
--------------------------------------------------------------------------------

================================================================================
Schrodinger iter #              Time (s)       
--------------------------------------------------------------------------------
64                              3.224488                            
--------------------------------------------------------------------------------
Maximum absolute error on potential (V):    1.184373e-05                        
--------------------------------------------------------------------------------

2026-10-02 12:32:46.919 (49007.502s) [6D8A1E73360EF30E]          vtkmSlice.cxx:328   WARN| vtkmSlice (0000017C0C857AC0): Viskores failed with message: vtkmSlice only generates tr
iangles in the output.
Falling back to the default VTK implementation.
2026-10-02 12:32:49.351 (49009.934s) [6D8A1E73360EF30E]          vtkmSlice.cxx:328   WARN| vtkmSlice (0000017C0C857AC0): Viskores failed with message: vtkmSlice only generates tr
iangles in the output.
Falling back to the default VTK implementation.
================================================================================
Schrodinger iter #              Time (s)       
--------------------------------------------------------------------------------
65                              3.323372                            
--------------------------------------------------------------------------------
Maximum absolute error on potential (V):    1.064716e-05                        
--------------------------------------------------------------------------------

================================================================================
Schrodinger iter #              Time (s)       
--------------------------------------------------------------------------------
66                              3.278524                            
--------------------------------------------------------------------------------
Maximum absolute error on potential (V):    9.570018e-06                        
--------------------------------------------------------------------------------

================================================================================
Schrodinger-Poisson loop completed.
Error converged below required tolerance after:
> 66 Schrodinger iterations.
> 980.4462473392487 s.
Average computation time / Schrodinger iteration is 14.855246283791281 s.
================================================================================
Energies and population factors of SET SubDevice:
Energy levels (eV)
[-0.10289618 -0.10239618 -0.10066640 -0.10016640 -0.09547456 -0.09497456 -0.08865211 -0.08815211 -0.08503885 -0.08453885]
Population factors
[1.00000000e+000 1.00000000e+000 1.00000000e+000 1.00000000e+000
 1.00000000e+000 1.00000000e+000 4.99999982e-001 6.32570978e-026
 7.93147088e-183 5.01721865e-208]
Saved variable phi in C:\Users\norma\Desktop\연구자료\QTCAD Simulation\Simulation Example\M17. FD-SOI SET\Reference\output\coulomb_peaks\phi_vset1.20_N13.hdf5
Estimated file size: 2.402 MB
Saved data in C:\Users\norma\Desktop\연구자료\QTCAD Simulation\Simulation Example\M17. FD-SOI SET\Reference\output\coulomb_peaks\wf_vset1.20_N13.vtu
Estimated file size: 311.556 MB
  Many-body ground-state energy (eV): -1.2818006363
  Chemical potentials (eV): 0.021509525293913263
--------------------------------------------------
Solving for N = 14 electrons...
--------------------------------------------------



================================================================================
LAUNCHING SELF-CONSISTENT SCHRODINGER-POISSON LOOP
================================================================================
Schrodinger iter #              Time (s)       
--------------------------------------------------------------------------------
1                               23.826617                           
--------------------------------------------------------------------------------
Maximum absolute error on potential (V):    1.439467e-02                        
--------------------------------------------------------------------------------

================================================================================
Schrodinger iter #              Time (s)       
--------------------------------------------------------------------------------
2                               3.910792                            
--------------------------------------------------------------------------------
Maximum absolute error on potential (V):    1.234395e-02                        
--------------------------------------------------------------------------------

================================================================================
Schrodinger iter #              Time (s)       
--------------------------------------------------------------------------------
3                               3.978043                            
--------------------------------------------------------------------------------
Maximum absolute error on potential (V):    1.060761e-02                        
--------------------------------------------------------------------------------

================================================================================
Schrodinger iter #              Time (s)       
--------------------------------------------------------------------------------
4                               4.014072                            
--------------------------------------------------------------------------------
Maximum absolute error on potential (V):    9.156505e-03                        
--------------------------------------------------------------------------------

================================================================================
Schrodinger iter #              Time (s)       
--------------------------------------------------------------------------------
5                               4.415969                            
--------------------------------------------------------------------------------
Maximum absolute error on potential (V):    7.925922e-03                        
--------------------------------------------------------------------------------

================================================================================
Schrodinger iter #              Time (s)       
--------------------------------------------------------------------------------
6                               4.316427                            
--------------------------------------------------------------------------------
Maximum absolute error on potential (V):    6.888756e-03                        
--------------------------------------------------------------------------------

================================================================================
Schrodinger iter #              Time (s)       
--------------------------------------------------------------------------------
7                               4.452339                            
--------------------------------------------------------------------------------
Maximum absolute error on potential (V):    5.998294e-03                        
--------------------------------------------------------------------------------

================================================================================
Schrodinger iter #              Time (s)       
--------------------------------------------------------------------------------
8                               4.192995                            
--------------------------------------------------------------------------------
Maximum absolute error on potential (V):    5.239572e-03                        
--------------------------------------------------------------------------------

================================================================================
Schrodinger iter #              Time (s)       
--------------------------------------------------------------------------------
9                               3.731522                            
--------------------------------------------------------------------------------
Maximum absolute error on potential (V):    4.595490e-03                        
--------------------------------------------------------------------------------

================================================================================
Schrodinger iter #              Time (s)       
--------------------------------------------------------------------------------
10                              3.648733                            
--------------------------------------------------------------------------------
Maximum absolute error on potential (V):    4.048440e-03                        
--------------------------------------------------------------------------------

================================================================================
Schrodinger iter #              Time (s)       
--------------------------------------------------------------------------------
11                              3.356816                            
--------------------------------------------------------------------------------
Maximum absolute error on potential (V):    3.582415e-03                        
--------------------------------------------------------------------------------

================================================================================
Schrodinger iter #              Time (s)       
--------------------------------------------------------------------------------
12                              3.584703                            
--------------------------------------------------------------------------------
Maximum absolute error on potential (V):    3.189086e-03                        
--------------------------------------------------------------------------------

================================================================================
Schrodinger iter #              Time (s)       
--------------------------------------------------------------------------------
13                              3.589227                            
--------------------------------------------------------------------------------
Maximum absolute error on potential (V):    2.836085e-03                        
--------------------------------------------------------------------------------

================================================================================
Schrodinger iter #              Time (s)       
--------------------------------------------------------------------------------
14                              3.770865                            
--------------------------------------------------------------------------------
Maximum absolute error on potential (V):    2.526885e-03                        
--------------------------------------------------------------------------------

================================================================================
Schrodinger iter #              Time (s)       
--------------------------------------------------------------------------------
15                              3.854863                            
--------------------------------------------------------------------------------
Maximum absolute error on potential (V):    2.261417e-03                        
--------------------------------------------------------------------------------

================================================================================
Schrodinger iter #              Time (s)       
--------------------------------------------------------------------------------
16                              4.781198                            
--------------------------------------------------------------------------------
Maximum absolute error on potential (V):    2.023389e-03                        
--------------------------------------------------------------------------------

================================================================================
Schrodinger iter #              Time (s)       
--------------------------------------------------------------------------------
17                              6.038523                            
--------------------------------------------------------------------------------
Maximum absolute error on potential (V):    1.811285e-03                        
--------------------------------------------------------------------------------

================================================================================
Schrodinger iter #              Time (s)       
--------------------------------------------------------------------------------
18                              3.983816                            
--------------------------------------------------------------------------------
Maximum absolute error on potential (V):    1.619359e-03                        
--------------------------------------------------------------------------------

================================================================================
Schrodinger iter #              Time (s)       
--------------------------------------------------------------------------------
19                              4.148872                            
--------------------------------------------------------------------------------
Maximum absolute error on potential (V):    1.453614e-03                        
--------------------------------------------------------------------------------

================================================================================
Schrodinger iter #              Time (s)       
--------------------------------------------------------------------------------
20                              3.592976                            
--------------------------------------------------------------------------------
Maximum absolute error on potential (V):    1.305344e-03                        
--------------------------------------------------------------------------------

================================================================================
Schrodinger iter #              Time (s)       
--------------------------------------------------------------------------------
21                              3.828961                            
--------------------------------------------------------------------------------
Maximum absolute error on potential (V):    1.171575e-03                        
--------------------------------------------------------------------------------

================================================================================
Schrodinger iter #              Time (s)       
--------------------------------------------------------------------------------
22                              3.987544                            
--------------------------------------------------------------------------------
Maximum absolute error on potential (V):    1.052918e-03                        
--------------------------------------------------------------------------------

================================================================================
Schrodinger iter #              Time (s)       
--------------------------------------------------------------------------------
23                              4.063908                            
--------------------------------------------------------------------------------
Maximum absolute error on potential (V):    9.464161e-04                        
--------------------------------------------------------------------------------

================================================================================
Schrodinger iter #              Time (s)       
--------------------------------------------------------------------------------
24                              4.158154                            
--------------------------------------------------------------------------------
Maximum absolute error on potential (V):    8.503825e-04                        
--------------------------------------------------------------------------------

================================================================================
Schrodinger iter #              Time (s)       
--------------------------------------------------------------------------------
25                              3.675904                            
--------------------------------------------------------------------------------
Maximum absolute error on potential (V):    7.641445e-04                        
--------------------------------------------------------------------------------

================================================================================
Schrodinger iter #              Time (s)       
--------------------------------------------------------------------------------
26                              3.378774                            
--------------------------------------------------------------------------------
Maximum absolute error on potential (V):    6.863879e-04                        
--------------------------------------------------------------------------------

================================================================================
Schrodinger iter #              Time (s)       
--------------------------------------------------------------------------------
27                              3.327337                            
--------------------------------------------------------------------------------
Maximum absolute error on potential (V):    6.166257e-04                        
--------------------------------------------------------------------------------

================================================================================
Schrodinger iter #              Time (s)       
--------------------------------------------------------------------------------
28                              3.581078                            
--------------------------------------------------------------------------------
Maximum absolute error on potential (V):    5.537538e-04                        
--------------------------------------------------------------------------------

================================================================================
Schrodinger iter #              Time (s)       
--------------------------------------------------------------------------------
29                              3.739740                            
--------------------------------------------------------------------------------
Maximum absolute error on potential (V):    4.973679e-04                        
--------------------------------------------------------------------------------

================================================================================
Schrodinger iter #              Time (s)       
--------------------------------------------------------------------------------
30                              3.858312                            
--------------------------------------------------------------------------------
Maximum absolute error on potential (V):    4.465838e-04                        
--------------------------------------------------------------------------------

================================================================================
Schrodinger iter #              Time (s)       
--------------------------------------------------------------------------------
31                              4.345744                            
--------------------------------------------------------------------------------
Maximum absolute error on potential (V):    4.010428e-04                        
--------------------------------------------------------------------------------

================================================================================
Schrodinger iter #              Time (s)       
--------------------------------------------------------------------------------
32                              11.555733                           
--------------------------------------------------------------------------------
Maximum absolute error on potential (V):    3.600550e-04                        
--------------------------------------------------------------------------------

================================================================================
Schrodinger iter #              Time (s)       
--------------------------------------------------------------------------------
33                              4.703499                            
--------------------------------------------------------------------------------
Maximum absolute error on potential (V):    3.232959e-04                        
--------------------------------------------------------------------------------

================================================================================
Schrodinger iter #              Time (s)       
--------------------------------------------------------------------------------
34                              2.921423                            
--------------------------------------------------------------------------------
Maximum absolute error on potential (V):    2.902347e-04                        
--------------------------------------------------------------------------------

================================================================================
Schrodinger iter #              Time (s)       
--------------------------------------------------------------------------------
35                              3.272795                            
--------------------------------------------------------------------------------
Maximum absolute error on potential (V):    2.605989e-04                        
--------------------------------------------------------------------------------

================================================================================
Schrodinger iter #              Time (s)       
--------------------------------------------------------------------------------
36                              3.376909                            
--------------------------------------------------------------------------------
Maximum absolute error on potential (V):    2.340138e-04                        
--------------------------------------------------------------------------------

================================================================================
Schrodinger iter #              Time (s)       
--------------------------------------------------------------------------------
37                              3.347756                            
--------------------------------------------------------------------------------
Maximum absolute error on potential (V):    2.101421e-04                        
--------------------------------------------------------------------------------

================================================================================
Schrodinger iter #              Time (s)       
--------------------------------------------------------------------------------
38                              3.299509                            
--------------------------------------------------------------------------------
Maximum absolute error on potential (V):    1.886841e-04                        
--------------------------------------------------------------------------------

================================================================================
Schrodinger iter #              Time (s)       
--------------------------------------------------------------------------------
39                              3.375506                            
--------------------------------------------------------------------------------
Maximum absolute error on potential (V):    1.694187e-04                        
--------------------------------------------------------------------------------

================================================================================
Schrodinger iter #              Time (s)       
--------------------------------------------------------------------------------
40                              3.261054                            
--------------------------------------------------------------------------------
Maximum absolute error on potential (V):    1.521725e-04                        
--------------------------------------------------------------------------------

================================================================================
Schrodinger iter #              Time (s)       
--------------------------------------------------------------------------------
41                              3.366716                            
--------------------------------------------------------------------------------
Maximum absolute error on potential (V):    1.366892e-04                        
--------------------------------------------------------------------------------

================================================================================
Schrodinger iter #              Time (s)       
--------------------------------------------------------------------------------
42                              3.252472                            
--------------------------------------------------------------------------------
Maximum absolute error on potential (V):    1.227755e-04                        
--------------------------------------------------------------------------------

================================================================================
Schrodinger iter #              Time (s)       
--------------------------------------------------------------------------------
43                              3.311263                            
--------------------------------------------------------------------------------
Maximum absolute error on potential (V):    1.102817e-04                        
--------------------------------------------------------------------------------

================================================================================
Schrodinger iter #              Time (s)       
--------------------------------------------------------------------------------
44                              3.322446                            
--------------------------------------------------------------------------------
Maximum absolute error on potential (V):    9.905765e-05                        
--------------------------------------------------------------------------------

================================================================================
Schrodinger iter #              Time (s)       
--------------------------------------------------------------------------------
45                              3.410109                            
--------------------------------------------------------------------------------
Maximum absolute error on potential (V):    8.897919e-05                        
--------------------------------------------------------------------------------

================================================================================
Schrodinger iter #              Time (s)       
--------------------------------------------------------------------------------
46                              3.358135                            
--------------------------------------------------------------------------------
Maximum absolute error on potential (V):    7.992675e-05                        
--------------------------------------------------------------------------------

================================================================================
Schrodinger iter #              Time (s)       
--------------------------------------------------------------------------------
47                              3.769900                            
--------------------------------------------------------------------------------
Maximum absolute error on potential (V):    7.179813e-05                        
--------------------------------------------------------------------------------

================================================================================
Schrodinger iter #              Time (s)       
--------------------------------------------------------------------------------
48                              3.478440                            
--------------------------------------------------------------------------------
Maximum absolute error on potential (V):    6.450377e-05                        
--------------------------------------------------------------------------------

================================================================================
Schrodinger iter #              Time (s)       
--------------------------------------------------------------------------------
49                              3.533921                            
--------------------------------------------------------------------------------
Maximum absolute error on potential (V):    5.795774e-05                        
--------------------------------------------------------------------------------

================================================================================
Schrodinger iter #              Time (s)       
--------------------------------------------------------------------------------
50                              3.650369                            
--------------------------------------------------------------------------------
Maximum absolute error on potential (V):    5.207764e-05                        
--------------------------------------------------------------------------------

================================================================================
Schrodinger iter #              Time (s)       
--------------------------------------------------------------------------------
51                              3.485708                            
--------------------------------------------------------------------------------
Maximum absolute error on potential (V):    4.679499e-05                        
--------------------------------------------------------------------------------

================================================================================
Schrodinger iter #              Time (s)       
--------------------------------------------------------------------------------
52                              3.511247                            
--------------------------------------------------------------------------------
Maximum absolute error on potential (V):    4.204965e-05                        
--------------------------------------------------------------------------------

================================================================================
Schrodinger iter #              Time (s)       
--------------------------------------------------------------------------------
53                              3.431898                            
--------------------------------------------------------------------------------
Maximum absolute error on potential (V):    3.778621e-05                        
--------------------------------------------------------------------------------

================================================================================
Schrodinger iter #              Time (s)       
--------------------------------------------------------------------------------
54                              3.472571                            
--------------------------------------------------------------------------------
Maximum absolute error on potential (V):    3.395623e-05                        
--------------------------------------------------------------------------------

================================================================================
Schrodinger iter #              Time (s)       
--------------------------------------------------------------------------------
55                              3.517355                            
--------------------------------------------------------------------------------
Maximum absolute error on potential (V):    3.051496e-05                        
--------------------------------------------------------------------------------

================================================================================
Schrodinger iter #              Time (s)       
--------------------------------------------------------------------------------
56                              3.579862                            
--------------------------------------------------------------------------------
Maximum absolute error on potential (V):    2.742536e-05                        
--------------------------------------------------------------------------------

================================================================================
Schrodinger iter #              Time (s)       
--------------------------------------------------------------------------------
57                              4.265349                            
--------------------------------------------------------------------------------
Maximum absolute error on potential (V):    2.465237e-05                        
--------------------------------------------------------------------------------

================================================================================
Schrodinger iter #              Time (s)       
2026-10-02 14:00:05.310 (54245.893s) [6D8A1E73360EF30E]          vtkmSlice.cxx:328   WARN| vtkmSlice (0000017C2C178970): Viskores failed with message: vtkmSlice only generates tr
iangles in the output.
Falling back to the default VTK implementation.
2026-10-02 14:00:07.683 (54248.266s) [6D8A1E73360EF30E]          vtkmSlice.cxx:328   WARN| vtkmSlice (0000017C2BB8F0A0): Viskores failed with message: vtkmSlice only generates tr
iangles in the output.
Falling back to the default VTK implementation.
--------------------------------------------------------------------------------
58                              4.591189                            
--------------------------------------------------------------------------------
Maximum absolute error on potential (V):    2.216024e-05                        
--------------------------------------------------------------------------------

================================================================================
Schrodinger iter #              Time (s)       
--------------------------------------------------------------------------------
59                              4.409370                            
--------------------------------------------------------------------------------
Maximum absolute error on potential (V):    1.992042e-05                        
--------------------------------------------------------------------------------

================================================================================
Schrodinger iter #              Time (s)       
--------------------------------------------------------------------------------
60                              3.923598                            
--------------------------------------------------------------------------------
Maximum absolute error on potential (V):    1.790729e-05                        
--------------------------------------------------------------------------------

================================================================================
Schrodinger iter #              Time (s)       
--------------------------------------------------------------------------------
61                              3.494257                            
--------------------------------------------------------------------------------
Maximum absolute error on potential (V):    1.609785e-05                        
--------------------------------------------------------------------------------

================================================================================
Schrodinger iter #              Time (s)       
--------------------------------------------------------------------------------
62                              3.207442                            
--------------------------------------------------------------------------------
Maximum absolute error on potential (V):    1.447142e-05                        
--------------------------------------------------------------------------------

================================================================================
Schrodinger iter #              Time (s)       
--------------------------------------------------------------------------------
63                              3.277329                            
--------------------------------------------------------------------------------
Maximum absolute error on potential (V):    1.300945e-05                        
--------------------------------------------------------------------------------

================================================================================
Schrodinger iter #              Time (s)       
--------------------------------------------------------------------------------
64                              3.349173                            
--------------------------------------------------------------------------------
Maximum absolute error on potential (V):    1.169527e-05                        
--------------------------------------------------------------------------------

================================================================================
Schrodinger iter #              Time (s)       
--------------------------------------------------------------------------------
65                              3.332002                            
--------------------------------------------------------------------------------
Maximum absolute error on potential (V):    1.051392e-05                        
--------------------------------------------------------------------------------

================================================================================
Schrodinger iter #              Time (s)       
--------------------------------------------------------------------------------
66                              3.266437                            
--------------------------------------------------------------------------------
Maximum absolute error on potential (V):    9.451943e-06                        
--------------------------------------------------------------------------------

================================================================================
Schrodinger-Poisson loop completed.
Error converged below required tolerance after:
> 66 Schrodinger iterations.
> 5216.228489398956 s.
Average computation time / Schrodinger iteration is 79.03376509565295 s.
================================================================================
Energies and population factors of SET SubDevice:
Energy levels (eV)
[-0.09375660 -0.09325660 -0.09168351 -0.09118351 -0.08647014 -0.08597014 -0.07923533 -0.07873533 -0.07668383 -0.07618383]
Population factors
[1.00000000e+000 1.00000000e+000 1.00000000e+000 1.00000000e+000
 1.00000000e+000 1.00000000e+000 1.00000000e+000 2.51698350e-013
 1.02356564e-116 6.47477964e-142]
Saved variable phi in C:\Users\norma\Desktop\연구자료\QTCAD Simulation\Simulation Example\M17. FD-SOI SET\Reference\output\coulomb_peaks\phi_vset1.20_N14.hdf5
Estimated file size: 2.403 MB
Saved data in C:\Users\norma\Desktop\연구자료\QTCAD Simulation\Simulation Example\M17. FD-SOI SET\Reference\output\coulomb_peaks\wf_vset1.20_N14.vtu
Estimated file size: 311.522 MB
  Many-body ground-state energy (eV): -1.2431116592
  Chemical potentials (eV): 0.038688977169135406
n=13: Lever Arm [eV/V] = -0.5558457901331858, Intercept [eV] = 0.6885244734537364
n=14: Lever Arm [eV/V] = -0.552612152006179, Intercept [eV] = 0.7018235595765503
Coulomb Peak Positions [V]:
[1.23869693 1.27001109]
Distance between Coulomb Peaks [V]:
[0.03131416]
Addition Energies [eV]:
[[0.01734113]
 [0.01717945]]
Capacitance between SET gate and the SET [aF]:
[5.13555308 5.10567695]

================================================================================
Exiting QTCAD script.
Total simulation time: 54254.36284640001 s
