-2.765612252357457883e-19 -2.765612252357457883e-19 -2.765612252357457883e-19 -2.756752055272386130e-19 -2.756751910314966416e-19 -2.589614759641898056e-19 -2.589614759641898056e-19 -2.589614759641895167e-19 -2.231677884456297782e-19 -2.231677884456297782e-19 -2.231677884456297782e-19 -2.231677884456297782e-19 -2.214312602726617243e-19 -2.214272671610481867e-19 -2.214272671610481867e-19 -2.214272671610481867e-19 -2.174509393729756543e-19 -2.174509393729756543e-19 -2.174509393729756543e-19 -2.174509393729756543e-19 -2.174509393729756543e-19 -2.174527036671151432e-19 -2.180709007707685667e-19 -2.180709007707685667e-19 -2.180709007707685667e-19 -2.136288362664861084e-19 -2.136288362664860361e-19 -1.816843932695861314e-19 -1.816843932695861314e-19 -1.816843932695861314e-19 -1.457001610986397069e-19 -1.457001610986397792e-19 -1.457001610986397551e-19 -1.457001610986397551e-19 -1.457001610986397551e-19 -1.457001610986397551e-19 -1.457001610986397551e-19 -1.457001610986397551e-19 -1.457001610986397551e-19 -1.362359206438549734e-19 -1.068117746666664199e-19 -1.068117746666664199e-19 -1.068117746666664680e-19 -1.068117746666664199e-19 -1.068117746666664680e-19 -1.068117746666664680e-19 -1.068117746666664680e-19 -1.068117746666664680e-19 -1.068117746666664680e-19 -1.068117746666664680e-19 -1.068117746666664680e-19 -1.068117746666664680e-19 -2.728300523440732330e-24 -6.135847504263720146e-92 -1.379894282567895670e-159 -3.103252207192625480e-227 -6.978921779083915341e-295 -0.000000000000000000e+00 -0.000000000000000000e+00 -0.000000000000000000e+00 -0.000000000000000000e+00 -0.000000000000000000e+00 -0.000000000000000000e+00 -0.000000000000000000e+00 -0.000000000000000000e+00 -0.000000000000000000e+00 -0.000000000000000000e+00 -0.000000000000000000e+00 -0.000000000000000000e+00 -0.000000000000000000e+00 -0.000000000000000000e+00 -0.000000000000000000e+00 -0.000000000000000000e+00 -0.000000000000000000e+00 -0.000000000000000000e+00 -0.000000000000000000e+00 -0.000000000000000000e+00 -0.000000000000000000e+00 -0.000000000000000000e+00 -0.000000000000000000e+00 -0.000000000000000000e+00 -0.000000000000000000e+00 -0.000000000000000000e+00 -0.000000000000000000e+00 -0.000000000000000000e+00 -0.000000000000000000e+00 -0.000000000000000000e+00 -0.000000000000000000e+00 -0.000000000000000000e+00 -0.000000000000000000e+00 -0.000000000000000000e+00 -0.000000000000000000e+00 -0.000000000000000000e+00 -0.000000000000000000e+00 -0.000000000000000000e+00 -0.000000000000000000e+00 -0.000000000000000000e+00 -0.000000000000000000e+00 -0.000000000000000000e+00 -0.000000000000000000e+00 -0.000000000000000000e+00 -0.000000000000000000e+00 -0.000000000000000000e+00 -0.000000000000000000e+00 -0.000000000000000000e+00 -0.000000000000000000e+00 -0.000000000000000000e+00 -0.000000000000000000e+00 -0.000000000000000000e+00 -0.000000000000000000e+00 -0.000000000000000000e+00 -0.000000000000000000e+00 -0.000000000000000000e+00 -0.000000000000000000e+00 -0.000000000000000000e+00 -0.000000000000000000e+00 -0.000000000000000000e+00 -0.000000000000000000e+00 -0.000000000000000000e+00 -0.000000000000000000e+00 -0.000000000000000000e+00 -0.000000000000000000e+00 -0.000000000000000000e+00 -0.000000000000000000e+00 -0.000000000000000000e+00 -0.000000000000000000e+00 -0.000000000000000000e+00 -0.000000000000000000e+00 -0.000000000000000000e+00 -0.000000000000000000e+00 -0.000000000000000000e+00 -0.000000000000000000e+00 -0.000000000000000000e+00 -0.000000000000000000e+00 -0.000000000000000000e+00 -0.000000000000000000e+00 -0.000000000000000000e+00 -0.000000000000000000e+00 -0.000000000000000000e+00 -0.000000000000000000e+00 -0.000000000000000000e+00 -0.000000000000000000e+00 -0.000000000000000000e+00 -0.000000000000000000e+00 -0.000000000000000000e+00 -0.000000000000000000e+00 -0.000000000000000000e+00 -0.000000000000000000e+00 -0.000000000000000000e+00 -0.000000000000000000e+00
-2.765612252357457883e-19 -2.765612252357457883e-19 -2.765612252357457883e-19 -2.765612252357457883e-19 -2.756752055272386130e-19 -2.589614760084802239e-19 -2.589614759641898056e-19 -2.589614759641898056e-19 -2.312424362836366272e-19 -2.231677884456297782e-19 -2.231677884456297782e-19 -2.231677884456297782e-19 -2.231677884456297782e-19 -2.214272671610481867e-19 -2.214272671610481867e-19 -2.214272671610481867e-19 -2.214272671610482830e-19 -2.174509393729756543e-19 -2.174509393729756543e-19 -2.174509393729756543e-19 -2.174509393729756543e-19 -2.174509393729756543e-19 -2.174534492895797248e-19 -2.180709007707685667e-19 -2.180709007707685667e-19 -2.180709007707685667e-19 -2.136288362664861084e-19 -2.046562318652160340e-19 -1.816843932695861314e-19 -1.816843932695861314e-19 -1.816843929640683291e-19 -1.457001610986397069e-19 -1.457001610986397551e-19 -1.457001610986397551e-19 -1.457001610986397551e-19 -1.457001610986397551e-19 -1.457001610986397551e-19 -1.457001610986397551e-19 -1.457001610986397551e-19 -1.457001610986397551e-19 -1.068136003633674098e-19 -1.068117746666664199e-19 -1.068117746666664199e-19 -1.068117746666663116e-19 -1.068117746666664199e-19 -1.068117746666664680e-19 -1.068117746666664680e-19 -1.068117746666664680e-19 -1.068117746666664680e-19 -1.068117746666664680e-19 -1.068117746666664680e-19 -1.068117746666664680e-19 -1.068117746666664680e-19 -6.287032642513633993e-39 -1.413894395467543249e-106 -3.179715257104162731e-174 -7.150879972841412223e-242 -1.608165519592826172e-309 -0.000000000000000000e+00 -0.000000000000000000e+00 -0.000000000000000000e+00 -0.000000000000000000e+00 -0.000000000000000000e+00 -0.000000000000000000e+00 -0.000000000000000000e+00 -0.000000000000000000e+00 -0.000000000000000000e+00 -0.000000000000000000e+00 -0.000000000000000000e+00 -0.000000000000000000e+00 -0.000000000000000000e+00 -0.000000000000000000e+00 -0.000000000000000000e+00 -0.000000000000000000e+00 -0.000000000000000000e+00 -0.000000000000000000e+00 -0.000000000000000000e+00 -0.000000000000000000e+00 -0.000000000000000000e+00 -0.000000000000000000e+00 -0.000000000000000000e+00 -0.000000000000000000e+00 -0.000000000000000000e+00 -0.000000000000000000e+00 -0.000000000000000000e+00 -0.000000000000000000e+00 -0.000000000000000000e+00 -0.000000000000000000e+00 -0.000000000000000000e+00 -0.000000000000000000e+00 -0.000000000000000000e+00 -0.000000000000000000e+00 -0.000000000000000000e+00 -0.000000000000000000e+00 -0.000000000000000000e+00 -0.000000000000000000e+00 -0.000000000000000000e+00 -0.000000000000000000e+00 -0.000000000000000000e+00 -0.000000000000000000e+00 -0.000000000000000000e+00 -0.000000000000000000e+00 -0.000000000000000000e+00 -0.000000000000000000e+00 -0.000000000000000000e+00 -0.000000000000000000e+00 -0.000000000000000000e+00 -0.000000000000000000e+00 -0.000000000000000000e+00 -0.000000000000000000e+00 -0.000000000000000000e+00 -0.000000000000000000e+00 -0.000000000000000000e+00 -0.000000000000000000e+00 -0.000000000000000000e+00 -0.000000000000000000e+00 -0.000000000000000000e+00 -0.000000000000000000e+00 -0.000000000000000000e+00 -0.000000000000000000e+00 -0.000000000000000000e+00 -0.000000000000000000e+00 -0.000000000000000000e+00 -0.000000000000000000e+00 -0.000000000000000000e+00 -0.000000000000000000e+00 -0.000000000000000000e+00 -0.000000000000000000e+00 -0.000000000000000000e+00 -0.000000000000000000e+00 -0.000000000000000000e+00 -0.000000000000000000e+00 -0.000000000000000000e+00 -0.000000000000000000e+00 -0.000000000000000000e+00 -0.000000000000000000e+00 -0.000000000000000000e+00 -0.000000000000000000e+00 -0.000000000000000000e+00 -0.000000000000000000e+00 -0.000000000000000000e+00 -0.000000000000000000e+00 -0.000000000000000000e+00 -0.000000000000000000e+00 -0.000000000000000000e+00 -0.000000000000000000e+00 -0.000000000000000000e+00 -0.000000000000000000e+00 -0.000000000000000000e+00 -0.000000000000000000e+00
-2.765612252357457883e-19 -2.765612252357457883e-19 -2.765612252357457883e-19 -2.765612252357457883e-19 -2.765612252357456920e-19 -2.756752055272386130e-19 -2.589614759641898056e-19 -2.589614759641898056e-19 -2.589614759641898056e-19 -2.231677884456297782e-19 -2.231677884456297782e-19 -2.231677884456297782e-19 -2.231677884456297782e-19 -2.231677884456297782e-19 -2.214272671610481867e-19 -2.214272671610481867e-19 -2.214272671610481867e-19 -2.179915278041132001e-19 -2.174509393729756543e-19 -2.174509393729756543e-19 -2.174509393729756543e-19 -2.174509393729756543e-19 -2.174509393729756543e-19 -2.174549944004461351e-19 -2.180709007707685667e-19 -2.180709007707685667e-19 -2.180709007707685667e-19 -2.136288362664861084e-19 -1.816843932695866369e-19 -1.816843932695861314e-19 -1.816843932695861314e-19 -1.457001708649401047e-19 -1.457001610986397069e-19 -1.457001610986397551e-19 -1.457001610986397551e-19 -1.457001610986397551e-19 -1.457001610986397551e-19 -1.457001610986397551e-19 -1.457001610986397551e-19 -1.457001610986397551e-19 -1.457001610986397551e-19 -1.068117746666664199e-19 -1.068117746666664199e-19 -1.068117746666664199e-19 -1.068117746666664199e-19 -1.068117746666664199e-19 -1.068117746666664680e-19 -1.068117746666664680e-19 -1.068117746666664680e-19 -1.068117746666664680e-19 -1.068117746666664680e-19 -1.068117746666664680e-19 -1.068117746666664680e-19 -1.068117746666664680e-19 -1.448732259266495149e-53 -3.258062329842889707e-121 -7.327075156396198700e-189 -1.647790155999430053e-256 -4.940656458412465442e-324 -0.000000000000000000e+00 -0.000000000000000000e+00 -0.000000000000000000e+00 -0.000000000000000000e+00 -0.000000000000000000e+00 -0.000000000000000000e+00 -0.000000000000000000e+00 -0.000000000000000000e+00 -0.000000000000000000e+00 -0.000000000000000000e+00 -0.000000000000000000e+00 -0.000000000000000000e+00 -0.000000000000000000e+00 -0.000000000000000000e+00 -0.000000000000000000e+00 -0.000000000000000000e+00 -0.000000000000000000e+00 -0.000000000000000000e+00 -0.000000000000000000e+00 -0.000000000000000000e+00 -0.000000000000000000e+00 -0.000000000000000000e+00 -0.000000000000000000e+00 -0.000000000000000000e+00 -0.000000000000000000e+00 -0.000000000000000000e+00 -0.000000000000000000e+00 -0.000000000000000000e+00 -0.000000000000000000e+00 -0.000000000000000000e+00 -0.000000000000000000e+00 -0.000000000000000000e+00 -0.000000000000000000e+00 -0.000000000000000000e+00 -0.000000000000000000e+00 -0.000000000000000000e+00 -0.000000000000000000e+00 -0.000000000000000000e+00 -0.000000000000000000e+00 -0.000000000000000000e+00 -0.000000000000000000e+00 -0.000000000000000000e+00 -0.000000000000000000e+00 -0.000000000000000000e+00 -0.000000000000000000e+00 -0.000000000000000000e+00 -0.000000000000000000e+00 -0.000000000000000000e+00 -0.000000000000000000e+00 -0.000000000000000000e+00 -0.000000000000000000e+00 -0.000000000000000000e+00 -0.000000000000000000e+00 -0.000000000000000000e+00 -0.000000000000000000e+00 -0.000000000000000000e+00 -0.000000000000000000e+00 -0.000000000000000000e+00 -0.000000000000000000e+00 -0.000000000000000000e+00 -0.000000000000000000e+00 -0.000000000000000000e+00 -0.000000000000000000e+00 -0.000000000000000000e+00 -0.000000000000000000e+00 -0.000000000000000000e+00 -0.000000000000000000e+00 -0.000000000000000000e+00 -0.000000000000000000e+00 -0.000000000000000000e+00 -0.000000000000000000e+00 -0.000000000000000000e+00 -0.000000000000000000e+00 -0.000000000000000000e+00 -0.000000000000000000e+00 -0.000000000000000000e+00 -0.000000000000000000e+00 -0.000000000000000000e+00 -0.000000000000000000e+00 -0.000000000000000000e+00 -0.000000000000000000e+00 -0.000000000000000000e+00 -0.000000000000000000e+00 -0.000000000000000000e+00 -0.000000000000000000e+00 -0.000000000000000000e+00 -0.000000000000000000e+00 -0.000000000000000000e+00 -0.000000000000000000e+00 -0.000000000000000000e+00 -0.000000000000000000e+00
-2.765612252357457883e-19 -2.765612252357457883e-19 -2.765612252357457883e-19 -2.765612252357457883e-19 -2.765612252357457883e-19 -2.761221684493570293e-19 -2.756752055272386130e-19 -2.589614759641898056e-19 -2.589614759641898056e-19 -2.589614759641898056e-19 -2.231677884456297782e-19 -2.231677884456297782e-19 -2.231677884456297782e-19 -2.231677884456297782e-19 -2.231735878949435732e-19 -2.214272671610481867e-19 -2.214272671610481867e-19 -2.214272671610481867e-19 -2.174509393729755098e-19 -2.174509393729756543e-19 -2.174509393729756543e-19 -2.174509393729756543e-19 -2.174509393729756543e-19 -2.174509393729756543e-19 -2.180709007707678927e-19 -2.180709007707685667e-19 -2.180709007707685667e-19 -2.180708820261376930e-19 -2.136288362664861084e-19 -1.816843932695861314e-19 -1.816843932695861314e-19 -1.816843932695861314e-19 -1.457001610986397069e-19 -1.457001610986396347e-19 -1.457001610986397551e-19 -1.457001610986397551e-19 -1.457001610986397551e-19 -1.457001610986397551e-19 -1.457001610986397551e-19 -1.457001610986397551e-19 -1.457001610986397551e-19 -1.457001610986397551e-19 -1.068117746666664199e-19 -1.068117746666664199e-19 -1.068117746666664199e-19 -1.068117746666664199e-19 -1.068117746666664199e-19 -1.068117746666664680e-19 -1.068117746666664680e-19 -1.068117746666664680e-19 -1.068117746666664680e-19 -1.068117746666664680e-19 -1.068117746666664680e-19 -1.068117746666664680e-19 -1.068117746666664680e-19 -3.338339847074219608e-68 -7.507611727699457160e-136 -1.688391129599711086e-203 -3.797032544974871180e-271 -0.000000000000000000e+00 -0.000000000000000000e+00 -0.000000000000000000e+00 -0.000000000000000000e+00 -0.000000000000000000e+00 -0.000000000000000000e+00 -0.000000000000000000e+00 -0.000000000000000000e+00 -0.000000000000000000e+00 -0.000000000000000000e+00 -0.000000000000000000e+00 -0.000000000000000000e+00 -0.000000000000000000e+00 -0.000000000000000000e+00 -0.000000000000000000e+00 -0.000000000000000000e+00 -0.000000000000000000e+00 -0.000000000000000000e+00 -0.000000000000000000e+00 -0.000000000000000000e+00 -0.000000000000000000e+00 -0.000000000000000000e+00 -0.000000000000000000e+00 -0.000000000000000000e+00 -0.000000000000000000e+00 -0.000000000000000000e+00 -0.000000000000000000e+00 -0.000000000000000000e+00 -0.000000000000000000e+00 -0.000000000000000000e+00 -0.000000000000000000e+00 -0.000000000000000000e+00 -0.000000000000000000e+00 -0.000000000000000000e+00 -0.000000000000000000e+00 -0.000000000000000000e+00 -0.000000000000000000e+00 -0.000000000000000000e+00 -0.000000000000000000e+00 -0.000000000000000000e+00 -0.000000000000000000e+00 -0.000000000000000000e+00 -0.000000000000000000e+00 -0.000000000000000000e+00 -0.000000000000000000e+00 -0.000000000000000000e+00 -0.000000000000000000e+00 -0.000000000000000000e+00 -0.000000000000000000e+00 -0.000000000000000000e+00 -0.000000000000000000e+00 -0.000000000000000000e+00 -0.000000000000000000e+00 -0.000000000000000000e+00 -0.000000000000000000e+00 -0.000000000000000000e+00 -0.000000000000000000e+00 -0.000000000000000000e+00 -0.000000000000000000e+00 -0.000000000000000000e+00 -0.000000000000000000e+00 -0.000000000000000000e+00 -0.000000000000000000e+00 -0.000000000000000000e+00 -0.000000000000000000e+00 -0.000000000000000000e+00 -0.000000000000000000e+00 -0.000000000000000000e+00 -0.000000000000000000e+00 -0.000000000000000000e+00 -0.000000000000000000e+00 -0.000000000000000000e+00 -0.000000000000000000e+00 -0.000000000000000000e+00 -0.000000000000000000e+00 -0.000000000000000000e+00 -0.000000000000000000e+00 -0.000000000000000000e+00 -0.000000000000000000e+00 -0.000000000000000000e+00 -0.000000000000000000e+00 -0.000000000000000000e+00 -0.000000000000000000e+00 -0.000000000000000000e+00 -0.000000000000000000e+00 -0.000000000000000000e+00 -0.000000000000000000e+00 -0.000000000000000000e+00 -0.000000000000000000e+00 -0.000000000000000000e+00 -0.000000000000000000e+00
-2.978769982011852165e-19 -2.765612252357457883e-19 -2.765612252357457883e-19 -2.765612252357457883e-19 -2.765612252357457883e-19 -2.765612252357457883e-19 -2.756752055272387574e-19 -2.756752055272386611e-19 -2.589614759641898056e-19 -2.589614759641898056e-19 -2.589614759641898056e-19 -2.231677884456297782e-19 -2.231677884456297782e-19 -2.231677884456297782e-19 -2.231677884456297782e-19 -2.254492551838677074e-19 -2.214272671610481867e-19 -2.214272671610481867e-19 -2.214272671610481867e-19 -2.174509393729756543e-19 -2.174509393729756543e-19 -2.174509393729756543e-19 -2.174509393729756543e-19 -2.174509393729756543e-19 -2.174509393729802765e-19 -2.180709007707685667e-19 -2.180709007707685667e-19 -2.180709007707685667e-19 -2.136288362689117930e-19 -2.136288362664861084e-19 -1.816843932695861314e-19 -1.816843932695861314e-19 -1.816843932695861314e-19 -1.457001610986397069e-19 -1.457001610986395143e-19 -1.457001610986397551e-19 -1.457001610986397551e-19 -1.457001610986397551e-19 -1.457001610986397551e-19 -1.457001610986397551e-19 -1.457001610986397551e-19 -1.457001610986397551e-19 -1.457001610803180224e-19 -1.068117746666664199e-19 -1.068117746666664199e-19 -1.068117746666664199e-19 -1.068117746666664199e-19 -1.068117746666664199e-19 -1.068117746666664680e-19 -1.068117746666664680e-19 -1.068117746666664680e-19 -1.068117746666664680e-19 -1.068117746666664680e-19 -1.068117746666664680e-19 -1.068117746666664680e-19 -1.068084394581078444e-19 -7.692596657033380087e-83 -1.729992497001804800e-150 -3.890590099958167637e-218 -8.749570505164359303e-286 -0.000000000000000000e+00 -0.000000000000000000e+00 -0.000000000000000000e+00 -0.000000000000000000e+00 -0.000000000000000000e+00 -0.000000000000000000e+00 -0.000000000000000000e+00 -0.000000000000000000e+00 -0.000000000000000000e+00 -0.000000000000000000e+00 -0.000000000000000000e+00 -0.000000000000000000e+00 -0.000000000000000000e+00 -0.000000000000000000e+00 -0.000000000000000000e+00 -0.000000000000000000e+00 -0.000000000000000000e+00 -0.000000000000000000e+00 -0.000000000000000000e+00 -0.000000000000000000e+00 -0.000000000000000000e+00 -0.000000000000000000e+00 -0.000000000000000000e+00 -0.000000000000000000e+00 -0.000000000000000000e+00 -0.000000000000000000e+00 -0.000000000000000000e+00 -0.000000000000000000e+00 -0.000000000000000000e+00 -0.000000000000000000e+00 -0.000000000000000000e+00 -0.000000000000000000e+00 -0.000000000000000000e+00 -0.000000000000000000e+00 -0.000000000000000000e+00 -0.000000000000000000e+00 -0.000000000000000000e+00 -0.000000000000000000e+00 -0.000000000000000000e+00 -0.000000000000000000e+00 -0.000000000000000000e+00 -0.000000000000000000e+00 -0.000000000000000000e+00 -0.000000000000000000e+00 -0.000000000000000000e+00 -0.000000000000000000e+00 -0.000000000000000000e+00 -0.000000000000000000e+00 -0.000000000000000000e+00 -0.000000000000000000e+00 -0.000000000000000000e+00 -0.000000000000000000e+00 -0.000000000000000000e+00 -0.000000000000000000e+00 -0.000000000000000000e+00 -0.000000000000000000e+00 -0.000000000000000000e+00 -0.000000000000000000e+00 -0.000000000000000000e+00 -0.000000000000000000e+00 -0.000000000000000000e+00 -0.000000000000000000e+00 -0.000000000000000000e+00 -0.000000000000000000e+00 -0.000000000000000000e+00 -0.000000000000000000e+00 -0.000000000000000000e+00 -0.000000000000000000e+00 -0.000000000000000000e+00 -0.000000000000000000e+00 -0.000000000000000000e+00 -0.000000000000000000e+00 -0.000000000000000000e+00 -0.000000000000000000e+00 -0.000000000000000000e+00 -0.000000000000000000e+00 -0.000000000000000000e+00 -0.000000000000000000e+00 -0.000000000000000000e+00 -0.000000000000000000e+00 -0.000000000000000000e+00 -0.000000000000000000e+00 -0.000000000000000000e+00 -0.000000000000000000e+00 -0.000000000000000000e+00 -0.000000000000000000e+00 -0.000000000000000000e+00 -0.000000000000000000e+00 -0.000000000000000000e+00 -0.000000000000000000e+00
-2.978769982011852165e-19 -2.978769982011852165e-19 -2.765612252357457883e-19 -2.765612252357457883e-19 -2.765612252357457883e-19 -2.765612252357457883e-19 -2.765612252357457883e-19 -2.756752055272386130e-19 -2.718134885386756592e-19 -2.589614759641898056e-19 -2.589614759641898056e-19 -2.589614758567409703e-19 -2.231677884456297782e-19 -2.231677884456297782e-19 -2.231677884456297782e-19 -2.231677884456297782e-19 -2.214272671725956775e-19 -2.214272671610481867e-19 -2.214272671610481867e-19 -2.214272671610481867e-19 -2.174509393729756543e-19 -2.174509393729756543e-19 -2.174509393729756543e-19 -2.174509393729756543e-19 -2.174509393729756543e-19 -2.174534492865152333e-19 -2.180709007707685667e-19 -2.180709007707685667e-19 -2.180709007707685667e-19 -2.136288362664861084e-19 -2.136288362565337691e-19 -1.816843932695861314e-19 -1.816843932695861314e-19 -1.816843932695861314e-19 -1.457001610986397069e-19 -1.457001610986397551e-19 -1.457001610986397551e-19 -1.457001610986397551e-19 -1.457001610986397551e-19 -1.457001610986397551e-19 -1.457001610986397551e-19 -1.457001610986397551e-19 -1.457001610986397551e-19 -1.296035608221126308e-19 -1.068117746666664199e-19 -1.068117746666664199e-19 -1.068117746666664921e-19 -1.068117746666664199e-19 -1.068117746666664680e-19 -1.068117746666664680e-19 -1.068117746666664680e-19 -1.068117746666664680e-19 -1.068117746666664680e-19 -1.068117746666664680e-19 -1.068117746666664680e-19 -1.068117746666664680e-19 -7.882139549798613162e-30 -1.772618907558572652e-97 -3.986452880401742135e-165 -8.965156864755191344e-233 -2.016179295750563826e-300 -0.000000000000000000e+00 -0.000000000000000000e+00 -0.000000000000000000e+00 -0.000000000000000000e+00 -0.000000000000000000e+00 -0.000000000000000000e+00 -0.000000000000000000e+00 -0.000000000000000000e+00 -0.000000000000000000e+00 -0.000000000000000000e+00 -0.000000000000000000e+00 -0.000000000000000000e+00 -0.000000000000000000e+00 -0.000000000000000000e+00 -0.000000000000000000e+00 -0.000000000000000000e+00 -0.000000000000000000e+00 -0.000000000000000000e+00 -0.000000000000000000e+00 -0.000000000000000000e+00 -0.000000000000000000e+00 -0.000000000000000000e+00 -0.000000000000000000e+00 -0.000000000000000000e+00 -0.000000000000000000e+00 -0.000000000000000000e+00 -0.000000000000000000e+00 -0.000000000000000000e+00 -0.000000000000000000e+00 -0.000000000000000000e+00 -0.000000000000000000e+00 -0.000000000000000000e+00 -0.000000000000000000e+00 -0.000000000000000000e+00 -0.000000000000000000e+00 -0.000000000000000000e+00 -0.000000000000000000e+00 -0.000000000000000000e+00 -0.000000000000000000e+00 -0.000000000000000000e+00 -0.000000000000000000e+00 -0.000000000000000000e+00 -0.000000000000000000e+00 -0.000000000000000000e+00 -0.000000000000000000e+00 -0.000000000000000000e+00 -0.000000000000000000e+00 -0.000000000000000000e+00 -0.000000000000000000e+00 -0.000000000000000000e+00 -0.000000000000000000e+00 -0.000000000000000000e+00 -0.000000000000000000e+00 -0.000000000000000000e+00 -0.000000000000000000e+00 -0.000000000000000000e+00 -0.000000000000000000e+00 -0.000000000000000000e+00 -0.000000000000000000e+00 -0.000000000000000000e+00 -0.000000000000000000e+00 -0.000000000000000000e+00 -0.000000000000000000e+00 -0.000000000000000000e+00 -0.000000000000000000e+00 -0.000000000000000000e+00 -0.000000000000000000e+00 -0.000000000000000000e+00 -0.000000000000000000e+00 -0.000000000000000000e+00 -0.000000000000000000e+00 -0.000000000000000000e+00 -0.000000000000000000e+00 -0.000000000000000000e+00 -0.000000000000000000e+00 -0.000000000000000000e+00 -0.000000000000000000e+00 -0.000000000000000000e+00 -0.000000000000000000e+00 -0.000000000000000000e+00 -0.000000000000000000e+00 -0.000000000000000000e+00 -0.000000000000000000e+00 -0.000000000000000000e+00 -0.000000000000000000e+00 -0.000000000000000000e+00 -0.000000000000000000e+00 -0.000000000000000000e+00 -0.000000000000000000e+00
-2.978769982011852165e-19 -2.978769982011852165e-19 -2.978769980797214371e-19 -2.765612252357457883e-19 -2.765612252357457883e-19 -2.765612252357457883e-19 -2.765612252357457883e-19 -2.765612252357457883e-19 -2.756752055272386130e-19 -2.589614759641900463e-19 -2.589614759641898056e-19 -2.589614759641898056e-19 -2.231678191427702427e-19 -2.231677884456297782e-19 -2.231677884456297782e-19 -2.231677884456297782e-19 -2.231677884456297782e-19 -2.214272671610481867e-19 -2.214272671610481867e-19 -2.214272671610481867e-19 -2.214272671410316598e-19 -2.174509393729756543e-19 -2.174509393729756543e-19 -2.174509393729756543e-19 -2.174509393729756543e-19 -2.174509393729756543e-19 -2.174534492895810248e-19 -2.180709007707685667e-19 -2.180709007707685667e-19 -2.180709007707685667e-19 -2.136288362664861084e-19 -1.816846295404471634e-19 -1.816843932695861314e-19 -1.816843932695861314e-19 -1.815789493842791540e-19 -1.457001610986397069e-19 -1.457001610986397551e-19 -1.457001610986397551e-19 -1.457001610986397551e-19 -1.457001610986397551e-19 -1.457001610986397551e-19 -1.457001610986397551e-19 -1.457001610986397551e-19 -1.457001610986397551e-19 -1.068117746719413374e-19 -1.068117746666664199e-19 -1.068117746666664199e-19 -1.068117746666662393e-19 -1.068117746666664199e-19 -1.068117746666664680e-19 -1.068117746666664680e-19 -1.068117746666664680e-19 -1.068117746666664680e-19 -1.068117746666664680e-19 -1.068117746666664680e-19 -1.068117746666664680e-19 -1.068117746666664680e-19 -1.816295617974085314e-44 -4.084677686252452629e-112 -9.186055196902060729e-180 -2.065857249015520308e-247 -4.645918277264729763e-315 -0.000000000000000000e+00 -0.000000000000000000e+00 -0.000000000000000000e+00 -0.000000000000000000e+00 -0.000000000000000000e+00 -0.000000000000000000e+00 -0.000000000000000000e+00 -0.000000000000000000e+00 -0.000000000000000000e+00 -0.000000000000000000e+00 -0.000000000000000000e+00 -0.000000000000000000e+00 -0.000000000000000000e+00 -0.000000000000000000e+00 -0.000000000000000000e+00 -0.000000000000000000e+00 -0.000000000000000000e+00 -0.000000000000000000e+00 -0.000000000000000000e+00 -0.000000000000000000e+00 -0.000000000000000000e+00 -0.000000000000000000e+00 -0.000000000000000000e+00 -0.000000000000000000e+00 -0.000000000000000000e+00 -0.000000000000000000e+00 -0.000000000000000000e+00 -0.000000000000000000e+00 -0.000000000000000000e+00 -0.000000000000000000e+00 -0.000000000000000000e+00 -0.000000000000000000e+00 -0.000000000000000000e+00 -0.000000000000000000e+00 -0.000000000000000000e+00 -0.000000000000000000e+00 -0.000000000000000000e+00 -0.000000000000000000e+00 -0.000000000000000000e+00 -0.000000000000000000e+00 -0.000000000000000000e+00 -0.000000000000000000e+00 -0.000000000000000000e+00 -0.000000000000000000e+00 -0.000000000000000000e+00 -0.000000000000000000e+00 -0.000000000000000000e+00 -0.000000000000000000e+00 -0.000000000000000000e+00 -0.000000000000000000e+00 -0.000000000000000000e+00 -0.000000000000000000e+00 -0.000000000000000000e+00 -0.000000000000000000e+00 -0.000000000000000000e+00 -0.000000000000000000e+00 -0.000000000000000000e+00 -0.000000000000000000e+00 -0.000000000000000000e+00 -0.000000000000000000e+00 -0.000000000000000000e+00 -0.000000000000000000e+00 -0.000000000000000000e+00 -0.000000000000000000e+00 -0.000000000000000000e+00 -0.000000000000000000e+00 -0.000000000000000000e+00 -0.000000000000000000e+00 -0.000000000000000000e+00 -0.000000000000000000e+00 -0.000000000000000000e+00 -0.000000000000000000e+00 -0.000000000000000000e+00 -0.000000000000000000e+00 -0.000000000000000000e+00 -0.000000000000000000e+00 -0.000000000000000000e+00 -0.000000000000000000e+00 -0.000000000000000000e+00 -0.000000000000000000e+00 -0.000000000000000000e+00 -0.000000000000000000e+00 -0.000000000000000000e+00 -0.000000000000000000e+00 -0.000000000000000000e+00 -0.000000000000000000e+00 -0.000000000000000000e+00 -0.000000000000000000e+00
-2.978769982011852165e-19 -2.978769982011852165e-19 -2.978769982011852165e-19 -2.765612341126954804e-19 -2.765612252357457883e-19 -2.765612252357457883e-19 -2.765612252357457883e-19 -2.765612252357457883e-19 -2.765612252350515387e-19 -2.756752055272386130e-19 -2.589614759641898056e-19 -2.589614759641898056e-19 -2.589614759641898056e-19 -2.231677884456297782e-19 -2.231677884456297782e-19 -2.231677884456297782e-19 -2.231677884456297782e-19 -2.231677884456343041e-19 -2.214272671610481867e-19 -2.214272671610481867e-19 -2.214272671610481867e-19 -2.174509411770489296e-19 -2.174509393729756543e-19 -2.174509393729756543e-19 -2.174509393729756543e-19 -2.174509393729756543e-19 -2.174509393729756543e-19 -2.180701905410073507e-19 -2.180709007707685667e-19 -2.180709007707685667e-19 -2.180709007707684223e-19 -2.136288362664861084e-19 -1.816843932695861314e-19 -1.816843932695861314e-19 -1.816843932695861314e-19 -1.457001610986678014e-19 -1.457001610986397069e-19 -1.457001610986397551e-19 -1.457001610986397551e-19 -1.457001610986397551e-19 -1.457001610986397551e-19 -1.457001610986397551e-19 -1.457001610986397551e-19 -1.457001610986397551e-19 -1.457001610986397551e-19 -1.068117746666664199e-19 -1.068117746666664199e-19 -1.068117746666664199e-19 -1.068117746666664199e-19 -1.068117746666664199e-19 -1.068117746666664680e-19 -1.068117746666664680e-19 -1.068117746666664680e-19 -1.068117746666664680e-19 -1.068117746666664680e-19 -1.068117746666664680e-19 -1.068117746666664680e-19 -1.068117746666664680e-19 -4.185322716993395542e-59 -9.412396386756714132e-127 -2.116759249688267647e-194 -4.760392079796285063e-262 -0.000000000000000000e+00 -0.000000000000000000e+00 -0.000000000000000000e+00 -0.000000000000000000e+00 -0.000000000000000000e+00 -0.000000000000000000e+00 -0.000000000000000000e+00 -0.000000000000000000e+00 -0.000000000000000000e+00 -0.000000000000000000e+00 -0.000000000000000000e+00 -0.000000000000000000e+00 -0.000000000000000000e+00 -0.000000000000000000e+00 -0.000000000000000000e+00 -0.000000000000000000e+00 -0.000000000000000000e+00 -0.000000000000000000e+00 -0.000000000000000000e+00 -0.000000000000000000e+00 -0.000000000000000000e+00 -0.000000000000000000e+00 -0.000000000000000000e+00 -0.000000000000000000e+00 -0.000000000000000000e+00 -0.000000000000000000e+00 -0.000000000000000000e+00 -0.000000000000000000e+00 -0.000000000000000000e+00 -0.000000000000000000e+00 -0.000000000000000000e+00 -0.000000000000000000e+00 -0.000000000000000000e+00 -0.000000000000000000e+00 -0.000000000000000000e+00 -0.000000000000000000e+00 -0.000000000000000000e+00 -0.000000000000000000e+00 -0.000000000000000000e+00 -0.000000000000000000e+00 -0.000000000000000000e+00 -0.000000000000000000e+00 -0.000000000000000000e+00 -0.000000000000000000e+00 -0.000000000000000000e+00 -0.000000000000000000e+00 -0.000000000000000000e+00 -0.000000000000000000e+00 -0.000000000000000000e+00 -0.000000000000000000e+00 -0.000000000000000000e+00 -0.000000000000000000e+00 -0.000000000000000000e+00 -0.000000000000000000e+00 -0.000000000000000000e+00 -0.000000000000000000e+00 -0.000000000000000000e+00 -0.000000000000000000e+00 -0.000000000000000000e+00 -0.000000000000000000e+00 -0.000000000000000000e+00 -0.000000000000000000e+00 -0.000000000000000000e+00 -0.000000000000000000e+00 -0.000000000000000000e+00 -0.000000000000000000e+00 -0.000000000000000000e+00 -0.000000000000000000e+00 -0.000000000000000000e+00 -0.000000000000000000e+00 -0.000000000000000000e+00 -0.000000000000000000e+00 -0.000000000000000000e+00 -0.000000000000000000e+00 -0.000000000000000000e+00 -0.000000000000000000e+00 -0.000000000000000000e+00 -0.000000000000000000e+00 -0.000000000000000000e+00 -0.000000000000000000e+00 -0.000000000000000000e+00 -0.000000000000000000e+00 -0.000000000000000000e+00 -0.000000000000000000e+00 -0.000000000000000000e+00 -0.000000000000000000e+00 -0.000000000000000000e+00 -0.000000000000000000e+00
-3.050188350359307403e-19 -2.978769982011852165e-19 -2.978769982011852165e-19 -2.978769982011852165e-19 -2.765612252357457883e-19 -2.765612252357457883e-19 -2.765612252357457883e-19 -2.765612252357457883e-19 -2.765612252357457883e-19 -2.756752081329902425e-19 -2.756752055272386130e-19 -2.589614759641898056e-19 -2.589614759641898056e-19 -2.589614759641898056e-19 -2.231677884456297782e-19 -2.231677884456297782e-19 -2.231677884456297782e-19 -2.231677884456297782e-19 -2.254466750439240563e-19 -2.214272671610481867e-19 -2.214272671610481867e-19 -2.214272671610481867e-19 -2.174509393729756543e-19 -2.174509393729756543e-19 -2.174509393729756543e-19 -2.174509393729756543e-19 -2.174509393729756543e-19 -2.174509393729756543e-19 -2.180709007707685667e-19 -2.180709007707685667e-19 -2.180709007707685667e-19 -2.154340595841848509e-19 -2.136288362664861084e-19 -1.816843932695861314e-19 -1.816843932695861314e-19 -1.816843932695861314e-19 -1.457001610986397069e-19 -1.457001610986394903e-19 -1.457001610986397551e-19 -1.457001610986397551e-19 -1.457001610986397551e-19 -1.457001610986397551e-19 -1.457001610986397551e-19 -1.457001610986397551e-19 -1.457001610986397551e-19 -1.457001610986397551e-19 -1.068117746666664199e-19 -1.068117746666664199e-19 -1.068117746666664199e-19 -1.068117746666664199e-19 -1.068117746666664199e-19 -1.068117746666664680e-19 -1.068117746666664680e-19 -1.068117746666664680e-19 -1.068117746666664680e-19 -1.068117746666664680e-19 -1.068117746666664680e-19 -1.068117746666664680e-19 -1.068117746666636754e-19 -9.644314544436599471e-74 -2.168915457870279103e-141 -4.877686477058713399e-209 -1.096945723826281028e-276 -0.000000000000000000e+00 -0.000000000000000000e+00 -0.000000000000000000e+00 -0.000000000000000000e+00 -0.000000000000000000e+00 -0.000000000000000000e+00 -0.000000000000000000e+00 -0.000000000000000000e+00 -0.000000000000000000e+00 -0.000000000000000000e+00 -0.000000000000000000e+00 -0.000000000000000000e+00 -0.000000000000000000e+00 -0.000000000000000000e+00 -0.000000000000000000e+00 -0.000000000000000000e+00 -0.000000000000000000e+00 -0.000000000000000000e+00 -0.000000000000000000e+00 -0.000000000000000000e+00 -0.000000000000000000e+00 -0.000000000000000000e+00 -0.000000000000000000e+00 -0.000000000000000000e+00 -0.000000000000000000e+00 -0.000000000000000000e+00 -0.000000000000000000e+00 -0.000000000000000000e+00 -0.000000000000000000e+00 -0.000000000000000000e+00 -0.000000000000000000e+00 -0.000000000000000000e+00 -0.000000000000000000e+00 -0.000000000000000000e+00 -0.000000000000000000e+00 -0.000000000000000000e+00 -0.000000000000000000e+00 -0.000000000000000000e+00 -0.000000000000000000e+00 -0.000000000000000000e+00 -0.000000000000000000e+00 -0.000000000000000000e+00 -0.000000000000000000e+00 -0.000000000000000000e+00 -0.000000000000000000e+00 -0.000000000000000000e+00 -0.000000000000000000e+00 -0.000000000000000000e+00 -0.000000000000000000e+00 -0.000000000000000000e+00 -0.000000000000000000e+00 -0.000000000000000000e+00 -0.000000000000000000e+00 -0.000000000000000000e+00 -0.000000000000000000e+00 -0.000000000000000000e+00 -0.000000000000000000e+00 -0.000000000000000000e+00 -0.000000000000000000e+00 -0.000000000000000000e+00 -0.000000000000000000e+00 -0.000000000000000000e+00 -0.000000000000000000e+00 -0.000000000000000000e+00 -0.000000000000000000e+00 -0.000000000000000000e+00 -0.000000000000000000e+00 -0.000000000000000000e+00 -0.000000000000000000e+00 -0.000000000000000000e+00 -0.000000000000000000e+00 -0.000000000000000000e+00 -0.000000000000000000e+00 -0.000000000000000000e+00 -0.000000000000000000e+00 -0.000000000000000000e+00 -0.000000000000000000e+00 -0.000000000000000000e+00 -0.000000000000000000e+00 -0.000000000000000000e+00 -0.000000000000000000e+00 -0.000000000000000000e+00 -0.000000000000000000e+00 -0.000000000000000000e+00 -0.000000000000000000e+00 -0.000000000000000000e+00 -0.000000000000000000e+00
-3.050188350359307403e-19 -3.050188350359307403e-19 -2.978769982011852165e-19 -2.978769982011852165e-19 -2.978769982011852165e-19 -2.765612252357457883e-19 -2.765612252357457883e-19 -2.765612252357457883e-19 -2.765612252357457883e-19 -2.765612252357457883e-19 -2.756752055272386130e-19 -2.756752055232363861e-19 -2.589614759641898056e-19 -2.589614759641898056e-19 -2.589614759641898056e-19 -2.231677884456297782e-19 -2.231677884456297782e-19 -2.231677884456297782e-19 -2.231677884456297782e-19 -2.245749365748531166e-19 -2.214272671610481867e-19 -2.214272671610481867e-19 -2.214272671610481867e-19 -2.174509393729756543e-19 -2.174509393729756543e-19 -2.174509393729756543e-19 -2.174509393729756543e-19 -2.174509393729756543e-19 -2.174509410116340326e-19 -2.180709007707685667e-19 -2.180709007707685667e-19 -2.180709007707685667e-19 -2.136288362664861565e-19 -2.136288362664861084e-19 -1.816843932695861314e-19 -1.816843932695861314e-19 -1.816843932695861314e-19 -1.457001610986397069e-19 -1.457001610986396347e-19 -1.457001610986397551e-19 -1.457001610986397551e-19 -1.457001610986397551e-19 -1.457001610986397551e-19 -1.457001610986397551e-19 -1.457001610986397551e-19 -1.457001610986397551e-19 -1.456938216859133295e-19 -1.068117746666664199e-19 -1.068117746666664199e-19 -1.068117746666662875e-19 -1.068117746666664199e-19 -1.068117746666664680e-19 -1.068117746666664680e-19 -1.068117746666664680e-19 -1.068117746666664680e-19 -1.068117746666664680e-19 -1.068117746666664680e-19 -1.068117746666664680e-19 -1.068117746666664680e-19 -9.045116475983788248e-21 -2.222356776795889274e-88 -4.997870967280974961e-156 -1.123974083119078318e-223 -2.527711795265565401e-291 -0.000000000000000000e+00 -0.000000000000000000e+00 -0.000000000000000000e+00 -0.000000000000000000e+00 -0.000000000000000000e+00 -0.000000000000000000e+00 -0.000000000000000000e+00 -0.000000000000000000e+00 -0.000000000000000000e+00 -0.000000000000000000e+00 -0.000000000000000000e+00 -0.000000000000000000e+00 -0.000000000000000000e+00 -0.000000000000000000e+00 -0.000000000000000000e+00 -0.000000000000000000e+00 -0.000000000000000000e+00 -0.000000000000000000e+00 -0.000000000000000000e+00 -0.000000000000000000e+00 -0.000000000000000000e+00 -0.000000000000000000e+00 -0.000000000000000000e+00 -0.000000000000000000e+00 -0.000000000000000000e+00 -0.000000000000000000e+00 -0.000000000000000000e+00 -0.000000000000000000e+00 -0.000000000000000000e+00 -0.000000000000000000e+00 -0.000000000000000000e+00 -0.000000000000000000e+00 -0.000000000000000000e+00 -0.000000000000000000e+00 -0.000000000000000000e+00 -0.000000000000000000e+00 -0.000000000000000000e+00 -0.000000000000000000e+00 -0.000000000000000000e+00 -0.000000000000000000e+00 -0.000000000000000000e+00 -0.000000000000000000e+00 -0.000000000000000000e+00 -0.000000000000000000e+00 -0.000000000000000000e+00 -0.000000000000000000e+00 -0.000000000000000000e+00 -0.000000000000000000e+00 -0.000000000000000000e+00 -0.000000000000000000e+00 -0.000000000000000000e+00 -0.000000000000000000e+00 -0.000000000000000000e+00 -0.000000000000000000e+00 -0.000000000000000000e+00 -0.000000000000000000e+00 -0.000000000000000000e+00 -0.000000000000000000e+00 -0.000000000000000000e+00 -0.000000000000000000e+00 -0.000000000000000000e+00 -0.000000000000000000e+00 -0.000000000000000000e+00 -0.000000000000000000e+00 -0.000000000000000000e+00 -0.000000000000000000e+00 -0.000000000000000000e+00 -0.000000000000000000e+00 -0.000000000000000000e+00 -0.000000000000000000e+00 -0.000000000000000000e+00 -0.000000000000000000e+00 -0.000000000000000000e+00 -0.000000000000000000e+00 -0.000000000000000000e+00 -0.000000000000000000e+00 -0.000000000000000000e+00 -0.000000000000000000e+00 -0.000000000000000000e+00 -0.000000000000000000e+00 -0.000000000000000000e+00 -0.000000000000000000e+00 -0.000000000000000000e+00 -0.000000000000000000e+00 -0.000000000000000000e+00 -0.000000000000000000e+00
-3.050188350359307403e-19 -3.050188350359307403e-19 -3.050188346215432238e-19 -2.978769982011852165e-19 -2.978769982011852165e-19 -2.978769982011852165e-19 -2.765612252357457883e-19 -2.765612252357457883e-19 -2.765612252357457883e-19 -2.765612252357457883e-19 -2.765612252357457883e-19 -2.756752055272386130e-19 -2.589616363780320209e-19 -2.589614759641898056e-19 -2.589614759641898056e-19 -2.589243272820032907e-19 -2.231677884456297782e-19 -2.231677884456297782e-19 -2.231677884456297782e-19 -2.231677884456297782e-19 -2.214272671610482830e-19 -2.214272671610481867e-19 -2.214272671610481867e-19 -2.214272671610481867e-19 -2.174509393729756543e-19 -2.174509393729756543e-19 -2.174509393729756543e-19 -2.174509393729756543e-19 -2.174509393729756543e-19 -2.174534492895797248e-19 -2.180709007707685667e-19 -2.180709007707685667e-19 -2.180709007707685667e-19 -2.136288362664861084e-19 -2.136253917201798862e-19 -1.816843932695861314e-19 -1.816843932695861314e-19 -1.816843932695019923e-19 -1.457001610986397069e-19 -1.457001610986397551e-19 -1.457001610986397551e-19 -1.457001610986397551e-19 -1.457001610986397551e-19 -1.457001610986397551e-19 -1.457001610986397551e-19 -1.457001610986397551e-19 -1.457001610986397551e-19 -1.119375891816801598e-19 -1.068117746666664199e-19 -1.068117746666664199e-19 -1.068117746666663958e-19 -1.068117746666664199e-19 -1.068117746666664680e-19 -1.068117746666664680e-19 -1.068117746666664680e-19 -1.068117746666664680e-19 -1.068117746666664680e-19 -1.068117746666664680e-19 -1.068117746666664680e-19 -1.068117746666664680e-19 -2.277114871142126315e-35 -5.121016761338319705e-103 -1.151668411738446772e-170 -2.589993730556470543e-238 -5.824651832028273657e-306 -0.000000000000000000e+00 -0.000000000000000000e+00 -0.000000000000000000e+00 -0.000000000000000000e+00 -0.000000000000000000e+00 -0.000000000000000000e+00 -0.000000000000000000e+00 -0.000000000000000000e+00 -0.000000000000000000e+00 -0.000000000000000000e+00 -0.000000000000000000e+00 -0.000000000000000000e+00 -0.000000000000000000e+00 -0.000000000000000000e+00 -0.000000000000000000e+00 -0.000000000000000000e+00 -0.000000000000000000e+00 -0.000000000000000000e+00 -0.000000000000000000e+00 -0.000000000000000000e+00 -0.000000000000000000e+00 -0.000000000000000000e+00 -0.000000000000000000e+00 -0.000000000000000000e+00 -0.000000000000000000e+00 -0.000000000000000000e+00 -0.000000000000000000e+00 -0.000000000000000000e+00 -0.000000000000000000e+00 -0.000000000000000000e+00 -0.000000000000000000e+00 -0.000000000000000000e+00 -0.000000000000000000e+00 -0.000000000000000000e+00 -0.000000000000000000e+00 -0.000000000000000000e+00 -0.000000000000000000e+00 -0.000000000000000000e+00 -0.000000000000000000e+00 -0.000000000000000000e+00 -0.000000000000000000e+00 -0.000000000000000000e+00 -0.000000000000000000e+00 -0.000000000000000000e+00 -0.000000000000000000e+00 -0.000000000000000000e+00 -0.000000000000000000e+00 -0.000000000000000000e+00 -0.000000000000000000e+00 -0.000000000000000000e+00 -0.000000000000000000e+00 -0.000000000000000000e+00 -0.000000000000000000e+00 -0.000000000000000000e+00 -0.000000000000000000e+00 -0.000000000000000000e+00 -0.000000000000000000e+00 -0.000000000000000000e+00 -0.000000000000000000e+00 -0.000000000000000000e+00 -0.000000000000000000e+00 -0.000000000000000000e+00 -0.000000000000000000e+00 -0.000000000000000000e+00 -0.000000000000000000e+00 -0.000000000000000000e+00 -0.000000000000000000e+00 -0.000000000000000000e+00 -0.000000000000000000e+00 -0.000000000000000000e+00 -0.000000000000000000e+00 -0.000000000000000000e+00 -0.000000000000000000e+00 -0.000000000000000000e+00 -0.000000000000000000e+00 -0.000000000000000000e+00 -0.000000000000000000e+00 -0.000000000000000000e+00 -0.000000000000000000e+00 -0.000000000000000000e+00 -0.000000000000000000e+00 -0.000000000000000000e+00 -0.000000000000000000e+00 -0.000000000000000000e+00 -0.000000000000000000e+00
-3.050188350359307403e-19 -3.050188350359307403e-19 -3.050188350359307403e-19 -2.978770079830652561e-19 -2.978769982011852165e-19 -2.978769982011852165e-19 -2.978350386938840049e-19 -2.765612252357457883e-19 -2.765612252357457883e-19 -2.765612252357457883e-19 -2.765612252357457883e-19 -2.765612252357457883e-19 -2.756752055272386130e-19 -2.589614759641898056e-19 -2.589614759641898056e-19 -2.589614759641898056e-19 -2.231677884457186117e-19 -2.231677884456297782e-19 -2.231677884456297782e-19 -2.231677884456297782e-19 -2.231677884456297782e-19 -2.214272671610481867e-19 -2.214272671610481867e-19 -2.214272671610481867e-19 -2.214203504691694823e-19 -2.174509393729756543e-19 -2.174509393729756543e-19 -2.174509393729756543e-19 -2.174509393729756543e-19 -2.174509393729756543e-19 -2.174534497172490320e-19 -2.180709007707685667e-19 -2.180709007707685667e-19 -2.180709007707685667e-19 -2.136288362664861084e-19 -1.816843932702691143e-19 -1.816843932695861314e-19 -1.816843932695861314e-19 -1.457354991601285778e-19 -1.457001610986397069e-19 -1.457001610986397551e-19 -1.457001610986397551e-19 -1.457001610986397551e-19 -1.457001610986397551e-19 -1.457001610986397551e-19 -1.457001610986397551e-19 -1.457001610986397551e-19 -1.457001610986397551e-19 -1.068117746666665282e-19 -1.068117746666664199e-19 -1.068117746666664199e-19 -1.068117746666664199e-19 -1.068117746666664199e-19 -1.068117746666664680e-19 -1.068117746666664680e-19 -1.068117746666664680e-19 -1.068117746666664680e-19 -1.068117746666664680e-19 -1.068117746666664680e-19 -1.068117746666664680e-19 -1.068117746666664680e-19 -5.247196824725903578e-50 -1.180045118936888216e-117 -2.653810270967333959e-185 -5.968169217662586882e-253 -1.342376359750666861e-320 -0.000000000000000000e+00 -0.000000000000000000e+00 -0.000000000000000000e+00 -0.000000000000000000e+00 -0.000000000000000000e+00 -0.000000000000000000e+00 -0.000000000000000000e+00 -0.000000000000000000e+00 -0.000000000000000000e+00 -0.000000000000000000e+00 -0.000000000000000000e+00 -0.000000000000000000e+00 -0.000000000000000000e+00 -0.000000000000000000e+00 -0.000000000000000000e+00 -0.000000000000000000e+00 -0.000000000000000000e+00 -0.000000000000000000e+00 -0.000000000000000000e+00 -0.000000000000000000e+00 -0.000000000000000000e+00 -0.000000000000000000e+00 -0.000000000000000000e+00 -0.000000000000000000e+00 -0.000000000000000000e+00 -0.000000000000000000e+00 -0.000000000000000000e+00 -0.000000000000000000e+00 -0.000000000000000000e+00 -0.000000000000000000e+00 -0.000000000000000000e+00 -0.000000000000000000e+00 -0.000000000000000000e+00 -0.000000000000000000e+00 -0.000000000000000000e+00 -0.000000000000000000e+00 -0.000000000000000000e+00 -0.000000000000000000e+00 -0.000000000000000000e+00 -0.000000000000000000e+00 -0.000000000000000000e+00 -0.000000000000000000e+00 -0.000000000000000000e+00 -0.000000000000000000e+00 -0.000000000000000000e+00 -0.000000000000000000e+00 -0.000000000000000000e+00 -0.000000000000000000e+00 -0.000000000000000000e+00 -0.000000000000000000e+00 -0.000000000000000000e+00 -0.000000000000000000e+00 -0.000000000000000000e+00 -0.000000000000000000e+00 -0.000000000000000000e+00 -0.000000000000000000e+00 -0.000000000000000000e+00 -0.000000000000000000e+00 -0.000000000000000000e+00 -0.000000000000000000e+00 -0.000000000000000000e+00 -0.000000000000000000e+00 -0.000000000000000000e+00 -0.000000000000000000e+00 -0.000000000000000000e+00 -0.000000000000000000e+00 -0.000000000000000000e+00 -0.000000000000000000e+00 -0.000000000000000000e+00 -0.000000000000000000e+00 -0.000000000000000000e+00 -0.000000000000000000e+00 -0.000000000000000000e+00 -0.000000000000000000e+00 -0.000000000000000000e+00 -0.000000000000000000e+00 -0.000000000000000000e+00 -0.000000000000000000e+00 -0.000000000000000000e+00 -0.000000000000000000e+00 -0.000000000000000000e+00 -0.000000000000000000e+00 -0.000000000000000000e+00 -0.000000000000000000e+00
-3.050188350359307403e-19 -3.050188350359307403e-19 -3.050188350359307403e-19 -3.050188350359307403e-19 -2.978769982011852165e-19 -2.978769982011852165e-19 -2.978769982011852165e-19 -2.765612252357713068e-19 -2.765612252357457883e-19 -2.765612252357457883e-19 -2.765612252357457883e-19 -2.765612252357457883e-19 -2.765609850014912310e-19 -2.756752055272386130e-19 -2.589614759641898056e-19 -2.589614759641898056e-19 -2.589614759641898056e-19 -2.231677884456297782e-19 -2.231677884456297782e-19 -2.231677884456297782e-19 -2.231677884456297782e-19 -2.231677900509165091e-19 -2.214272671610481867e-19 -2.214272671610481867e-19 -2.214272671610481867e-19 -2.174509393729808543e-19 -2.174509393729756543e-19 -2.174509393729756543e-19 -2.174509393729756543e-19 -2.174509393729756543e-19 -2.174509393729756543e-19 -2.180709007687142736e-19 -2.180709007707685667e-19 -2.180709007707685667e-19 -2.180709007655931596e-19 -2.136288362664861084e-19 -1.816843932695861314e-19 -1.816843932695861314e-19 -1.816843932695861314e-19 -1.457001610986397069e-19 -1.457001610986395625e-19 -1.457001610986397551e-19 -1.457001610986397551e-19 -1.457001610986397551e-19 -1.457001610986397551e-19 -1.457001610986397551e-19 -1.457001610986397551e-19 -1.457001610986397551e-19 -1.457001610986397551e-19 -1.068117746666664199e-19 -1.068117746666664199e-19 -1.068117746666664199e-19 -1.068117746666664199e-19 -1.068117746666664199e-19 -1.068117746666664680e-19 -1.068117746666664680e-19 -1.068117746666664680e-19 -1.068117746666664680e-19 -1.068117746666664680e-19 -1.068117746666664680e-19 -1.068117746666664680e-19 -1.068117746666664680e-19 -1.209121018285036944e-64 -2.719199228634804867e-132 -6.115222821529622768e-200 -1.375255985775407406e-267 -0.000000000000000000e+00 -0.000000000000000000e+00 -0.000000000000000000e+00 -0.000000000000000000e+00 -0.000000000000000000e+00 -0.000000000000000000e+00 -0.000000000000000000e+00 -0.000000000000000000e+00 -0.000000000000000000e+00 -0.000000000000000000e+00 -0.000000000000000000e+00 -0.000000000000000000e+00 -0.000000000000000000e+00 -0.000000000000000000e+00 -0.000000000000000000e+00 -0.000000000000000000e+00 -0.000000000000000000e+00 -0.000000000000000000e+00 -0.000000000000000000e+00 -0.000000000000000000e+00 -0.000000000000000000e+00 -0.000000000000000000e+00 -0.000000000000000000e+00 -0.000000000000000000e+00 -0.000000000000000000e+00 -0.000000000000000000e+00 -0.000000000000000000e+00 -0.000000000000000000e+00 -0.000000000000000000e+00 -0.000000000000000000e+00 -0.000000000000000000e+00 -0.000000000000000000e+00 -0.000000000000000000e+00 -0.000000000000000000e+00 -0.000000000000000000e+00 -0.000000000000000000e+00 -0.000000000000000000e+00 -0.000000000000000000e+00 -0.000000000000000000e+00 -0.000000000000000000e+00 -0.000000000000000000e+00 -0.000000000000000000e+00 -0.000000000000000000e+00 -0.000000000000000000e+00 -0.000000000000000000e+00 -0.000000000000000000e+00 -0.000000000000000000e+00 -0.000000000000000000e+00 -0.000000000000000000e+00 -0.000000000000000000e+00 -0.000000000000000000e+00 -0.000000000000000000e+00 -0.000000000000000000e+00 -0.000000000000000000e+00 -0.000000000000000000e+00 -0.000000000000000000e+00 -0.000000000000000000e+00 -0.000000000000000000e+00 -0.000000000000000000e+00 -0.000000000000000000e+00 -0.000000000000000000e+00 -0.000000000000000000e+00 -0.000000000000000000e+00 -0.000000000000000000e+00 -0.000000000000000000e+00 -0.000000000000000000e+00 -0.000000000000000000e+00 -0.000000000000000000e+00 -0.000000000000000000e+00 -0.000000000000000000e+00 -0.000000000000000000e+00 -0.000000000000000000e+00 -0.000000000000000000e+00 -0.000000000000000000e+00 -0.000000000000000000e+00 -0.000000000000000000e+00 -0.000000000000000000e+00 -0.000000000000000000e+00 -0.000000000000000000e+00 -0.000000000000000000e+00 -0.000000000000000000e+00 -0.000000000000000000e+00 -0.000000000000000000e+00 -0.000000000000000000e+00
-3.050188350359307403e-19 -3.050188350359307403e-19 -3.050188350359307403e-19 -3.050188350359307403e-19 -3.050188350359307403e-19 -2.978769982011852165e-19 -2.978769982011852165e-19 -2.978769982011852165e-19 -2.765612252357457883e-19 -2.765612252357457883e-19 -2.765612252357457883e-19 -2.765612252357457883e-19 -2.765612252357457883e-19 -2.756752055272461723e-19 -2.756752055272386130e-19 -2.589614759641898056e-19 -2.589614759641898056e-19 -2.589614759641898056e-19 -2.231677884456297782e-19 -2.231677884456297782e-19 -2.231677884456297782e-19 -2.231677884456297782e-19 -2.254492584028731794e-19 -2.214272671610481867e-19 -2.214272671610481867e-19 -2.214272671610481867e-19 -2.174509393729756543e-19 -2.174509393729756543e-19 -2.174509393729756543e-19 -2.174509393729756543e-19 -2.174509393729756543e-19 -2.174509393729756543e-19 -2.180709007707685667e-19 -2.180709007707685667e-19 -2.180709007707685667e-19 -2.136288450520933007e-19 -2.136288362664861084e-19 -1.816843932695861314e-19 -1.816843932695861314e-19 -1.816843932695861314e-19 -1.457001610986397069e-19 -1.457001610986395384e-19 -1.457001610986397551e-19 -1.457001610986397551e-19 -1.457001610986397551e-19 -1.457001610986397551e-19 -1.457001610986397551e-19 -1.457001610986397551e-19 -1.457001610986397551e-19 -1.457001610986344588e-19 -1.068117746666664199e-19 -1.068117746666664199e-19 -1.068117746666664199e-19 -1.068117746666664199e-19 -1.068117746666664199e-19 -1.068117746666664680e-19 -1.068117746666664680e-19 -1.068117746666664680e-19 -1.068117746666664680e-19 -1.068117746666664680e-19 -1.068117746666664680e-19 -1.068117746666664680e-19 -1.068117737457983763e-19 -2.786199347368003313e-79 -6.265899774806096431e-147 -1.409141812663404882e-214 -3.169027146236995809e-282 -0.000000000000000000e+00 -0.000000000000000000e+00 -0.000000000000000000e+00 -0.000000000000000000e+00 -0.000000000000000000e+00 -0.000000000000000000e+00 -0.000000000000000000e+00 -0.000000000000000000e+00 -0.000000000000000000e+00 -0.000000000000000000e+00 -0.000000000000000000e+00 -0.000000000000000000e+00 -0.000000000000000000e+00 -0.000000000000000000e+00 -0.000000000000000000e+00 -0.000000000000000000e+00 -0.000000000000000000e+00 -0.000000000000000000e+00 -0.000000000000000000e+00 -0.000000000000000000e+00 -0.000000000000000000e+00 -0.000000000000000000e+00 -0.000000000000000000e+00 -0.000000000000000000e+00 -0.000000000000000000e+00 -0.000000000000000000e+00 -0.000000000000000000e+00 -0.000000000000000000e+00 -0.000000000000000000e+00 -0.000000000000000000e+00 -0.000000000000000000e+00 -0.000000000000000000e+00 -0.000000000000000000e+00 -0.000000000000000000e+00 -0.000000000000000000e+00 -0.000000000000000000e+00 -0.000000000000000000e+00 -0.000000000000000000e+00 -0.000000000000000000e+00 -0.000000000000000000e+00 -0.000000000000000000e+00 -0.000000000000000000e+00 -0.000000000000000000e+00 -0.000000000000000000e+00 -0.000000000000000000e+00 -0.000000000000000000e+00 -0.000000000000000000e+00 -0.000000000000000000e+00 -0.000000000000000000e+00 -0.000000000000000000e+00 -0.000000000000000000e+00 -0.000000000000000000e+00 -0.000000000000000000e+00 -0.000000000000000000e+00 -0.000000000000000000e+00 -0.000000000000000000e+00 -0.000000000000000000e+00 -0.000000000000000000e+00 -0.000000000000000000e+00 -0.000000000000000000e+00 -0.000000000000000000e+00 -0.000000000000000000e+00 -0.000000000000000000e+00 -0.000000000000000000e+00 -0.000000000000000000e+00 -0.000000000000000000e+00 -0.000000000000000000e+00 -0.000000000000000000e+00 -0.000000000000000000e+00 -0.000000000000000000e+00 -0.000000000000000000e+00 -0.000000000000000000e+00 -0.000000000000000000e+00 -0.000000000000000000e+00 -0.000000000000000000e+00 -0.000000000000000000e+00 -0.000000000000000000e+00 -0.000000000000000000e+00 -0.000000000000000000e+00 -0.000000000000000000e+00 -0.000000000000000000e+00 -0.000000000000000000e+00 -0.000000000000000000e+00
-3.050188350359307403e-19 -3.050188350359307403e-19 -3.050188350359307403e-19 -3.050188350359307403e-19 -3.050188350359307403e-19 -3.050188350359307403e-19 -2.978769982011852165e-19 -2.978769982011852165e-19 -2.978769982011852165e-19 -2.765612252357457883e-19 -2.765612252357457883e-19 -2.765612252357457883e-19 -2.765612252357457883e-19 -2.765612252357457883e-19 -2.756752055272386130e-19 -2.756738202874947264e-19 -2.589614759641898056e-19 -2.589614759641898056e-19 -2.589614759641601944e-19 -2.231677884456297782e-19 -2.231677884456297782e-19 -2.231677884456297782e-19 -2.231677884456297782e-19 -2.214273089843431401e-19 -2.214272671610481867e-19 -2.214272671610481867e-19 -2.214272671610481867e-19 -2.174509393729756543e-19 -2.174509393729756543e-19 -2.174509393729756543e-19 -2.174509393729756543e-19 -2.174509393729756543e-19 -2.174534382393560833e-19 -2.180709007707685667e-19 -2.180709007707685667e-19 -2.180709007707685667e-19 -2.136288362664861084e-19 -2.136288362664832195e-19 -1.816843932695861314e-19 -1.816843932695861314e-19 -1.816843932695861314e-19 -1.457001610986397069e-19 -1.457001610986397551e-19 -1.457001610986397551e-19 -1.457001610986397551e-19 -1.457001610986397551e-19 -1.457001610986397551e-19 -1.457001610986397551e-19 -1.457001610986397551e-19 -1.457001610986397551e-19 -1.297209222165490045e-19 -1.068117746666664199e-19 -1.068117746666664199e-19 -1.068117746666664560e-19 -1.068117746666664199e-19 -1.068117746666664680e-19 -1.068117746666664680e-19 -1.068117746666664680e-19 -1.068117746666664680e-19 -1.068117746666664680e-19 -1.068117746666664680e-19 -1.068117746666664680e-19 -1.068117746666664680e-19 -2.854849562570145157e-26 -6.420289355550145296e-94 -1.443862574482838175e-161 -3.247110867659162469e-229 -7.302446349968827731e-297 -0.000000000000000000e+00 -0.000000000000000000e+00 -0.000000000000000000e+00 -0.000000000000000000e+00 -0.000000000000000000e+00 -0.000000000000000000e+00 -0.000000000000000000e+00 -0.000000000000000000e+00 -0.000000000000000000e+00 -0.000000000000000000e+00 -0.000000000000000000e+00 -0.000000000000000000e+00 -0.000000000000000000e+00 -0.000000000000000000e+00 -0.000000000000000000e+00 -0.000000000000000000e+00 -0.000000000000000000e+00 -0.000000000000000000e+00 -0.000000000000000000e+00 -0.000000000000000000e+00 -0.000000000000000000e+00 -0.000000000000000000e+00 -0.000000000000000000e+00 -0.000000000000000000e+00 -0.000000000000000000e+00 -0.000000000000000000e+00 -0.000000000000000000e+00 -0.000000000000000000e+00 -0.000000000000000000e+00 -0.000000000000000000e+00 -0.000000000000000000e+00 -0.000000000000000000e+00 -0.000000000000000000e+00 -0.000000000000000000e+00 -0.000000000000000000e+00 -0.000000000000000000e+00 -0.000000000000000000e+00 -0.000000000000000000e+00 -0.000000000000000000e+00 -0.000000000000000000e+00 -0.000000000000000000e+00 -0.000000000000000000e+00 -0.000000000000000000e+00 -0.000000000000000000e+00 -0.000000000000000000e+00 -0.000000000000000000e+00 -0.000000000000000000e+00 -0.000000000000000000e+00 -0.000000000000000000e+00 -0.000000000000000000e+00 -0.000000000000000000e+00 -0.000000000000000000e+00 -0.000000000000000000e+00 -0.000000000000000000e+00 -0.000000000000000000e+00 -0.000000000000000000e+00 -0.000000000000000000e+00 -0.000000000000000000e+00 -0.000000000000000000e+00 -0.000000000000000000e+00 -0.000000000000000000e+00 -0.000000000000000000e+00 -0.000000000000000000e+00 -0.000000000000000000e+00 -0.000000000000000000e+00 -0.000000000000000000e+00 -0.000000000000000000e+00 -0.000000000000000000e+00 -0.000000000000000000e+00 -0.000000000000000000e+00 -0.000000000000000000e+00 -0.000000000000000000e+00 -0.000000000000000000e+00 -0.000000000000000000e+00 -0.000000000000000000e+00 -0.000000000000000000e+00 -0.000000000000000000e+00 -0.000000000000000000e+00 -0.000000000000000000e+00 -0.000000000000000000e+00 -0.000000000000000000e+00 -0.000000000000000000e+00
-3.050188350359307403e-19 -3.050188350359307403e-19 -3.050188350359307403e-19 -3.050188350359307403e-19 -3.050188350359307403e-19 -3.050188350359307403e-19 -3.048787690364358711e-19 -2.978769982011852165e-19 -2.978769982011852165e-19 -2.978769982011517053e-19 -2.765612252357457883e-19 -2.765612252357457883e-19 -2.765612252357457883e-19 -2.765612252357457883e-19 -2.765612252357457883e-19 -2.756752055272386130e-19 -2.589614759646534250e-19 -2.589614759641898056e-19 -2.589614759641898056e-19 -2.232786005677615738e-19 -2.231677884456297782e-19 -2.231677884456297782e-19 -2.231677884456297782e-19 -2.231677884456297782e-19 -2.214272671610481867e-19 -2.214272671610481867e-19 -2.214272671610481867e-19 -2.214272671610428422e-19 -2.174509393729756543e-19 -2.174509393729756543e-19 -2.174509393729756543e-19 -2.174509393729756543e-19 -2.174509393729756543e-19 -2.174534492895797248e-19 -2.180709007707685667e-19 -2.180709007707685667e-19 -2.180709007707685667e-19 -2.136288362664861084e-19 -1.825178275742778078e-19 -1.816843932695861314e-19 -1.816843932695861314e-19 -1.816843640713717369e-19 -1.457001610986397069e-19 -1.457001610986397551e-19 -1.457001610986397551e-19 -1.457001610986397551e-19 -1.457001610986397551e-19 -1.457001610986397551e-19 -1.457001610986397551e-19 -1.457001610986397551e-19 -1.457001610986397551e-19 -1.068117937714931016e-19 -1.068117746666664199e-19 -1.068117746666664199e-19 -1.068117746666664199e-19 -1.068117746666664199e-19 -1.068117746666664680e-19 -1.068117746666664680e-19 -1.068117746666664680e-19 -1.068117746666664680e-19 -1.068117746666664680e-19 -1.068117746666664680e-19 -1.068117746666664680e-19 -1.068117746666664680e-19 -6.578483041611824498e-41 -1.479438843740343899e-108 -3.327118544690276228e-176 -7.482376076090722496e-244 -1.682715869361313610e-311 -0.000000000000000000e+00 -0.000000000000000000e+00 -0.000000000000000000e+00 -0.000000000000000000e+00 -0.000000000000000000e+00 -0.000000000000000000e+00 -0.000000000000000000e+00 -0.000000000000000000e+00 -0.000000000000000000e+00 -0.000000000000000000e+00 -0.000000000000000000e+00 -0.000000000000000000e+00 -0.000000000000000000e+00 -0.000000000000000000e+00 -0.000000000000000000e+00 -0.000000000000000000e+00 -0.000000000000000000e+00 -0.000000000000000000e+00 -0.000000000000000000e+00 -0.000000000000000000e+00 -0.000000000000000000e+00 -0.000000000000000000e+00 -0.000000000000000000e+00 -0.000000000000000000e+00 -0.000000000000000000e+00 -0.000000000000000000e+00 -0.000000000000000000e+00 -0.000000000000000000e+00 -0.000000000000000000e+00 -0.000000000000000000e+00 -0.000000000000000000e+00 -0.000000000000000000e+00 -0.000000000000000000e+00 -0.000000000000000000e+00 -0.000000000000000000e+00 -0.000000000000000000e+00 -0.000000000000000000e+00 -0.000000000000000000e+00 -0.000000000000000000e+00 -0.000000000000000000e+00 -0.000000000000000000e+00 -0.000000000000000000e+00 -0.000000000000000000e+00 -0.000000000000000000e+00 -0.000000000000000000e+00 -0.000000000000000000e+00 -0.000000000000000000e+00 -0.000000000000000000e+00 -0.000000000000000000e+00 -0.000000000000000000e+00 -0.000000000000000000e+00 -0.000000000000000000e+00 -0.000000000000000000e+00 -0.000000000000000000e+00 -0.000000000000000000e+00 -0.000000000000000000e+00 -0.000000000000000000e+00 -0.000000000000000000e+00 -0.000000000000000000e+00 -0.000000000000000000e+00 -0.000000000000000000e+00 -0.000000000000000000e+00 -0.000000000000000000e+00 -0.000000000000000000e+00 -0.000000000000000000e+00 -0.000000000000000000e+00 -0.000000000000000000e+00 -0.000000000000000000e+00 -0.000000000000000000e+00 -0.000000000000000000e+00 -0.000000000000000000e+00 -0.000000000000000000e+00 -0.000000000000000000e+00 -0.000000000000000000e+00 -0.000000000000000000e+00 -0.000000000000000000e+00 -0.000000000000000000e+00 -0.000000000000000000e+00 -0.000000000000000000e+00 -0.000000000000000000e+00 -0.000000000000000000e+00
-3.050188350359307403e-19 -3.050188350359307403e-19 -3.050188350359307403e-19 -3.050188350359307403e-19 -3.050188350359307403e-19 -3.050188350359307403e-19 -3.050188350359307403e-19 -2.978769982012133832e-19 -2.978769982011852165e-19 -2.978769982011852165e-19 -2.765933266701813059e-19 -2.765612252357457883e-19 -2.765612252357457883e-19 -2.765612252357457883e-19 -2.765612252357457883e-19 -2.765612252357454994e-19 -2.756752055272386130e-19 -2.589614759641898056e-19 -2.589614759641898056e-19 -2.589614759641898056e-19 -2.231677884456297782e-19 -2.231677884456297782e-19 -2.231677884456297782e-19 -2.231677884456297782e-19 -2.231677884456296819e-19 -2.214272671610481867e-19 -2.214272671610481867e-19 -2.214272671610481867e-19 -2.174574630328463475e-19 -2.174509393729756543e-19 -2.174509393729756543e-19 -2.174509393729756543e-19 -2.174509393729756543e-19 -2.174509393729756543e-19 -2.175728570106621829e-19 -2.180709007707685667e-19 -2.180709007707685667e-19 -2.180709007707685667e-19 -2.136288362664861084e-19 -1.816843932695861314e-19 -1.816843932695861314e-19 -1.816843932695861314e-19 -1.457001612008299831e-19 -1.457001610986397069e-19 -1.457001610986397551e-19 -1.457001610986397551e-19 -1.457001610986397551e-19 -1.457001610986397551e-19 -1.457001610986397551e-19 -1.457001610986397551e-19 -1.457001610986397551e-19 -1.457001610986397551e-19 -1.068117746666664199e-19 -1.068117746666664199e-19 -1.068117746666664199e-19 -1.068117746666664199e-19 -1.068117746666664199e-19 -1.068117746666664680e-19 -1.068117746666664680e-19 -1.068117746666664680e-19 -1.068117746666664680e-19 -1.068117746666664680e-19 -1.068117746666664680e-19 -1.068117746666664680e-19 -1.068117746666664680e-19 -1.515891699840100465e-55 -3.409097582924715057e-123 -7.666739207787521519e-191 -1.724177400334210810e-258 -0.000000000000000000e+00 -0.000000000000000000e+00 -0.000000000000000000e+00 -0.000000000000000000e+00 -0.000000000000000000e+00 -0.000000000000000000e+00 -0.000000000000000000e+00 -0.000000000000000000e+00 -0.000000000000000000e+00 -0.000000000000000000e+00 -0.000000000000000000e+00 -0.000000000000000000e+00 -0.000000000000000000e+00 -0.000000000000000000e+00 -0.000000000000000000e+00 -0.000000000000000000e+00 -0.000000000000000000e+00 -0.000000000000000000e+00 -0.000000000000000000e+00 -0.000000000000000000e+00 -0.000000000000000000e+00 -0.000000000000000000e+00 -0.000000000000000000e+00 -0.000000000000000000e+00 -0.000000000000000000e+00 -0.000000000000000000e+00 -0.000000000000000000e+00 -0.000000000000000000e+00 -0.000000000000000000e+00 -0.000000000000000000e+00 -0.000000000000000000e+00 -0.000000000000000000e+00 -0.000000000000000000e+00 -0.000000000000000000e+00 -0.000000000000000000e+00 -0.000000000000000000e+00 -0.000000000000000000e+00 -0.000000000000000000e+00 -0.000000000000000000e+00 -0.000000000000000000e+00 -0.000000000000000000e+00 -0.000000000000000000e+00 -0.000000000000000000e+00 -0.000000000000000000e+00 -0.000000000000000000e+00 -0.000000000000000000e+00 -0.000000000000000000e+00 -0.000000000000000000e+00 -0.000000000000000000e+00 -0.000000000000000000e+00 -0.000000000000000000e+00 -0.000000000000000000e+00 -0.000000000000000000e+00 -0.000000000000000000e+00 -0.000000000000000000e+00 -0.000000000000000000e+00 -0.000000000000000000e+00 -0.000000000000000000e+00 -0.000000000000000000e+00 -0.000000000000000000e+00 -0.000000000000000000e+00 -0.000000000000000000e+00 -0.000000000000000000e+00 -0.000000000000000000e+00 -0.000000000000000000e+00 -0.000000000000000000e+00 -0.000000000000000000e+00 -0.000000000000000000e+00 -0.000000000000000000e+00 -0.000000000000000000e+00 -0.000000000000000000e+00 -0.000000000000000000e+00 -0.000000000000000000e+00 -0.000000000000000000e+00 -0.000000000000000000e+00 -0.000000000000000000e+00 -0.000000000000000000e+00 -0.000000000000000000e+00 -0.000000000000000000e+00 -0.000000000000000000e+00 -0.000000000000000000e+00
-3.050188350359307403e-19 -3.050188350359307403e-19 -3.050188350359307403e-19 -3.050188350359307403e-19 -3.050188350359307403e-19 -3.050188350359307403e-19 -3.050188350359307403e-19 -3.050188350359307403e-19 -2.978769982011852165e-19 -2.978769982011852165e-19 -2.978769982011852165e-19 -2.765612252357457883e-19 -2.765612252357457883e-19 -2.765612252357457883e-19 -2.765612252357457883e-19 -2.765612252357457883e-19 -2.756845439154297270e-19 -2.756752055272386130e-19 -2.589614759641898056e-19 -2.589614759641898056e-19 -2.589614759641898056e-19 -2.231677884456297782e-19 -2.231677884456297782e-19 -2.231677884456297782e-19 -2.231677884456297782e-19 -2.236146232908088614e-19 -2.214272671610481867e-19 -2.214272671610481867e-19 -2.214272671610481867e-19 -2.174509393729756543e-19 -2.174509393729756543e-19 -2.174509393729756543e-19 -2.174509393729756543e-19 -2.174509393729756543e-19 -2.174509393729756543e-19 -2.180709007707685667e-19 -2.180709007707685667e-19 -2.180709007707685667e-19 -2.180691100677500718e-19 -2.136288362664861084e-19 -1.816843932695861314e-19 -1.816843932695861314e-19 -1.816843932695861314e-19 -1.457001610986397069e-19 -1.457001610986396347e-19 -1.457001610986397551e-19 -1.457001610986397551e-19 -1.457001610986397551e-19 -1.457001610986397551e-19 -1.457001610986397551e-19 -1.457001610986397551e-19 -1.457001610986397551e-19 -1.457001610986397551e-19 -1.068117746666664199e-19 -1.068117746666664199e-19 -1.068117746666664199e-19 -1.068117746666664199e-19 -1.068117746666664199e-19 -1.068117746666664680e-19 -1.068117746666664680e-19 -1.068117746666664680e-19 -1.068117746666664680e-19 -1.068117746666664680e-19 -1.068117746666664680e-19 -1.068117746666664680e-19 -1.068117746666664680e-19 -3.493096556012558423e-70 -7.855644982621549890e-138 -1.766660528941305202e-205 -3.973053048379275506e-273 -0.000000000000000000e+00 -0.000000000000000000e+00 -0.000000000000000000e+00 -0.000000000000000000e+00 -0.000000000000000000e+00 -0.000000000000000000e+00 -0.000000000000000000e+00 -0.000000000000000000e+00 -0.000000000000000000e+00 -0.000000000000000000e+00 -0.000000000000000000e+00 -0.000000000000000000e+00 -0.000000000000000000e+00 -0.000000000000000000e+00 -0.000000000000000000e+00 -0.000000000000000000e+00 -0.000000000000000000e+00 -0.000000000000000000e+00 -0.000000000000000000e+00 -0.000000000000000000e+00 -0.000000000000000000e+00 -0.000000000000000000e+00 -0.000000000000000000e+00 -0.000000000000000000e+00 -0.000000000000000000e+00 -0.000000000000000000e+00 -0.000000000000000000e+00 -0.000000000000000000e+00 -0.000000000000000000e+00 -0.000000000000000000e+00 -0.000000000000000000e+00 -0.000000000000000000e+00 -0.000000000000000000e+00 -0.000000000000000000e+00 -0.000000000000000000e+00 -0.000000000000000000e+00 -0.000000000000000000e+00 -0.000000000000000000e+00 -0.000000000000000000e+00 -0.000000000000000000e+00 -0.000000000000000000e+00 -0.000000000000000000e+00 -0.000000000000000000e+00 -0.000000000000000000e+00 -0.000000000000000000e+00 -0.000000000000000000e+00 -0.000000000000000000e+00 -0.000000000000000000e+00 -0.000000000000000000e+00 -0.000000000000000000e+00 -0.000000000000000000e+00 -0.000000000000000000e+00 -0.000000000000000000e+00 -0.000000000000000000e+00 -0.000000000000000000e+00 -0.000000000000000000e+00 -0.000000000000000000e+00 -0.000000000000000000e+00 -0.000000000000000000e+00 -0.000000000000000000e+00 -0.000000000000000000e+00 -0.000000000000000000e+00 -0.000000000000000000e+00 -0.000000000000000000e+00 -0.000000000000000000e+00 -0.000000000000000000e+00 -0.000000000000000000e+00 -0.000000000000000000e+00 -0.000000000000000000e+00 -0.000000000000000000e+00 -0.000000000000000000e+00 -0.000000000000000000e+00 -0.000000000000000000e+00 -0.000000000000000000e+00 -0.000000000000000000e+00 -0.000000000000000000e+00 -0.000000000000000000e+00 -0.000000000000000000e+00 -0.000000000000000000e+00 -0.000000000000000000e+00
-3.050188350359307403e-19 -3.050188350359307403e-19 -3.050188350359307403e-19 -3.050188350359307403e-19 -3.050188350359307403e-19 -3.050188350359307403e-19 -3.050188350359307403e-19 -3.050188350359307403e-19 -3.050188350359307403e-19 -2.978769982011852165e-19 -2.978769982011852165e-19 -2.978769982011852165e-19 -2.765612252357457883e-19 -2.765612252357457883e-19 -2.765612252357457883e-19 -2.765612252357457883e-19 -2.765612252357457883e-19 -2.756752055272386130e-19 -2.756752055272374574e-19 -2.589614759641898056e-19 -2.589614759641898056e-19 -2.589614759641898056e-19 -2.231677884456297782e-19 -2.231677884456297782e-19 -2.231677884456297782e-19 -2.231677884456297782e-19 -2.254489499964169176e-19 -2.214272671610481867e-19 -2.214272671610481867e-19 -2.214272671610481867e-19 -2.174509393729756543e-19 -2.174509393729756543e-19 -2.174509393729756543e-19 -2.174509393729756543e-19 -2.174509393729756543e-19 -2.174509393734283923e-19 -2.180709007707685667e-19 -2.180709007707685667e-19 -2.180709007707685667e-19 -2.136288362665114103e-19 -2.136288362664861084e-19 -1.816843932695861314e-19 -1.816843932695861314e-19 -1.816843932695861314e-19 -1.457001610986397069e-19 -1.457001610986397792e-19 -1.457001610986397551e-19 -1.457001610986397551e-19 -1.457001610986397551e-19 -1.457001610986397551e-19 -1.457001610986397551e-19 -1.457001610986397551e-19 -1.457001610986397551e-19 -1.457001593476609979e-19 -1.068117746666664199e-19 -1.068117746666664199e-19 -1.068117746666663597e-19 -1.068117746666664199e-19 -1.068117746666664199e-19 -1.068117746666664680e-19 -1.068117746666664680e-19 -1.068117746666664680e-19 -1.068117746666664680e-19 -1.068117746666664680e-19 -1.068117746666664680e-19 -1.068117746666664680e-19 -1.064939684460549402e-19 -8.049205329731364736e-85 -1.810190426990968289e-152 -4.070947687053915112e-220 -9.155177722548270858e-288 -0.000000000000000000e+00 -0.000000000000000000e+00 -0.000000000000000000e+00 -0.000000000000000000e+00 -0.000000000000000000e+00 -0.000000000000000000e+00 -0.000000000000000000e+00 -0.000000000000000000e+00 -0.000000000000000000e+00 -0.000000000000000000e+00 -0.000000000000000000e+00 -0.000000000000000000e+00 -0.000000000000000000e+00 -0.000000000000000000e+00 -0.000000000000000000e+00 -0.000000000000000000e+00 -0.000000000000000000e+00 -0.000000000000000000e+00 -0.000000000000000000e+00 -0.000000000000000000e+00 -0.000000000000000000e+00 -0.000000000000000000e+00 -0.000000000000000000e+00 -0.000000000000000000e+00 -0.000000000000000000e+00 -0.000000000000000000e+00 -0.000000000000000000e+00 -0.000000000000000000e+00 -0.000000000000000000e+00 -0.000000000000000000e+00 -0.000000000000000000e+00 -0.000000000000000000e+00 -0.000000000000000000e+00 -0.000000000000000000e+00 -0.000000000000000000e+00 -0.000000000000000000e+00 -0.000000000000000000e+00 -0.000000000000000000e+00 -0.000000000000000000e+00 -0.000000000000000000e+00 -0.000000000000000000e+00 -0.000000000000000000e+00 -0.000000000000000000e+00 -0.000000000000000000e+00 -0.000000000000000000e+00 -0.000000000000000000e+00 -0.000000000000000000e+00 -0.000000000000000000e+00 -0.000000000000000000e+00 -0.000000000000000000e+00 -0.000000000000000000e+00 -0.000000000000000000e+00 -0.000000000000000000e+00 -0.000000000000000000e+00 -0.000000000000000000e+00 -0.000000000000000000e+00 -0.000000000000000000e+00 -0.000000000000000000e+00 -0.000000000000000000e+00 -0.000000000000000000e+00 -0.000000000000000000e+00 -0.000000000000000000e+00 -0.000000000000000000e+00 -0.000000000000000000e+00 -0.000000000000000000e+00 -0.000000000000000000e+00 -0.000000000000000000e+00 -0.000000000000000000e+00 -0.000000000000000000e+00 -0.000000000000000000e+00 -0.000000000000000000e+00 -0.000000000000000000e+00 -0.000000000000000000e+00 -0.000000000000000000e+00 -0.000000000000000000e+00 -0.000000000000000000e+00 -0.000000000000000000e+00 -0.000000000000000000e+00 -0.000000000000000000e+00
-3.050188350359307403e-19 -3.050188350359307403e-19 -3.050188350359307403e-19 -3.050188350359307403e-19 -3.050188350359307403e-19 -3.050188350359307403e-19 -3.050188350359307403e-19 -3.050188350359307403e-19 -3.050188350359307403e-19 -3.050188350358163400e-19 -2.978769982011852165e-19 -2.978769982011852165e-19 -2.978769982011852165e-19 -2.765612252357457883e-19 -2.765612252357457883e-19 -2.765612252357457883e-19 -2.765612252357457883e-19 -2.765612252357457883e-19 -2.756752055272386130e-19 -2.595229981808902538e-19 -2.589614759641898056e-19 -2.589614759641898056e-19 -2.589614656953586500e-19 -2.231677884456297782e-19 -2.231677884456297782e-19 -2.231677884456297782e-19 -2.231677884456297782e-19 -2.214272671611690870e-19 -2.214272671610481867e-19 -2.214272671610481867e-19 -2.214272671610481867e-19 -2.174509393729756543e-19 -2.174509393729756543e-19 -2.174509393729756543e-19 -2.174509393729756543e-19 -2.174509393729756543e-19 -2.174534492895475137e-19 -2.180709007707685667e-19 -2.180709007707685667e-19 -2.180709007707685667e-19 -2.136288362664861084e-19 -2.136288353153566738e-19 -1.816843932695861314e-19 -1.816843932695861314e-19 -1.816843932695862758e-19 -1.457001610986397069e-19 -1.457001610986397551e-19 -1.457001610986397551e-19 -1.457001610986397551e-19 -1.457001610986397551e-19 -1.457001610986397551e-19 -1.457001610986397551e-19 -1.457001610986397551e-19 -1.457001610986397551e-19 -1.295820879902101447e-19 -1.068117746666664199e-19 -1.068117746666664199e-19 -1.068117746666664319e-19 -1.068117746666664199e-19 -1.068117746666664680e-19 -1.068117746666664680e-19 -1.068117746666664680e-19 -1.068117746666664680e-19 -1.068117746666664680e-19 -1.068117746666664680e-19 -1.068117746666664680e-19 -1.068117746666664680e-19 -8.247534936144337293e-32 -1.854792886516099637e-99 -4.171254415414408226e-167 -9.380758102228869799e-235 -2.109644097641551535e-302 -0.000000000000000000e+00 -0.000000000000000000e+00 -0.000000000000000000e+00 -0.000000000000000000e+00 -0.000000000000000000e+00 -0.000000000000000000e+00 -0.000000000000000000e+00 -0.000000000000000000e+00 -0.000000000000000000e+00 -0.000000000000000000e+00 -0.000000000000000000e+00 -0.000000000000000000e+00 -0.000000000000000000e+00 -0.000000000000000000e+00 -0.000000000000000000e+00 -0.000000000000000000e+00 -0.000000000000000000e+00 -0.000000000000000000e+00 -0.000000000000000000e+00 -0.000000000000000000e+00 -0.000000000000000000e+00 -0.000000000000000000e+00 -0.000000000000000000e+00 -0.000000000000000000e+00 -0.000000000000000000e+00 -0.000000000000000000e+00 -0.000000000000000000e+00 -0.000000000000000000e+00 -0.000000000000000000e+00 -0.000000000000000000e+00 -0.000000000000000000e+00 -0.000000000000000000e+00 -0.000000000000000000e+00 -0.000000000000000000e+00 -0.000000000000000000e+00 -0.000000000000000000e+00 -0.000000000000000000e+00 -0.000000000000000000e+00 -0.000000000000000000e+00 -0.000000000000000000e+00 -0.000000000000000000e+00 -0.000000000000000000e+00 -0.000000000000000000e+00 -0.000000000000000000e+00 -0.000000000000000000e+00 -0.000000000000000000e+00 -0.000000000000000000e+00 -0.000000000000000000e+00 -0.000000000000000000e+00 -0.000000000000000000e+00 -0.000000000000000000e+00 -0.000000000000000000e+00 -0.000000000000000000e+00 -0.000000000000000000e+00 -0.000000000000000000e+00 -0.000000000000000000e+00 -0.000000000000000000e+00 -0.000000000000000000e+00 -0.000000000000000000e+00 -0.000000000000000000e+00 -0.000000000000000000e+00 -0.000000000000000000e+00 -0.000000000000000000e+00 -0.000000000000000000e+00 -0.000000000000000000e+00 -0.000000000000000000e+00 -0.000000000000000000e+00 -0.000000000000000000e+00 -0.000000000000000000e+00 -0.000000000000000000e+00 -0.000000000000000000e+00 -0.000000000000000000e+00 -0.000000000000000000e+00 -0.000000000000000000e+00 -0.000000000000000000e+00 -0.000000000000000000e+00 -0.000000000000000000e+00 -0.000000000000000000e+00
-3.204353239996298061e-19 -3.050188350359307403e-19 -3.050188350359307403e-19 -3.050188350359307403e-19 -3.050188350359307403e-19 -3.050188350359307403e-19 -3.050188350359307403e-19 -3.050188350359307403e-19 -3.050188350359307403e-19 -3.050188350359307403e-19 -2.979114472566191779e-19 -2.978769982011852165e-19 -2.978769982011852165e-19 -2.978769865929442699e-19 -2.765612252357457883e-19 -2.765612252357457883e-19 -2.765612252357457883e-19 -2.765612252357457883e-19 -2.765612252357457883e-19 -2.756752055272386130e-19 -2.589614759641899500e-19 -2.589614759641898056e-19 -2.589614759641898056e-19 -2.231677887668320409e-19 -2.231677884456297782e-19 -2.231677884456297782e-19 -2.231677884456297782e-19 -2.231677884456297782e-19 -2.214272671610481867e-19 -2.214272671610481867e-19 -2.214272671610481867e-19 -2.214272652480652582e-19 -2.174509393729756543e-19 -2.174509393729756543e-19 -2.174509393729756543e-19 -2.174509393729756543e-19 -2.174509393729756543e-19 -2.174534492896975436e-19 -2.180709007707685667e-19 -2.180709007707685667e-19 -2.180709007707685667e-19 -2.136288362664861084e-19 -1.816843957418420712e-19 -1.816843932695861314e-19 -1.816843932695861314e-19 -1.737937726712488486e-19 -1.457001610986397069e-19 -1.457001610986397551e-19 -1.457001610986397551e-19 -1.457001610986397551e-19 -1.457001610986397551e-19 -1.457001610986397551e-19 -1.457001610986397551e-19 -1.457001610986397551e-19 -1.457001610986397551e-19 -1.068117746667217061e-19 -1.068117746666664199e-19 -1.068117746666664199e-19 -1.068117746666664199e-19 -1.068117746666664199e-19 -1.068117746666664680e-19 -1.068117746666664680e-19 -1.068117746666664680e-19 -1.068117746666664680e-19 -1.068117746666664680e-19 -1.068117746666664680e-19 -1.068117746666664680e-19 -1.068117746666664680e-19 -1.900494335057067202e-46 -4.274032666508140996e-114 -9.611896703633204430e-182 -2.161624990963245913e-249 -4.861290741195819279e-317 -0.000000000000000000e+00 -0.000000000000000000e+00 -0.000000000000000000e+00 -0.000000000000000000e+00 -0.000000000000000000e+00 -0.000000000000000000e+00 -0.000000000000000000e+00 -0.000000000000000000e+00 -0.000000000000000000e+00 -0.000000000000000000e+00 -0.000000000000000000e+00 -0.000000000000000000e+00 -0.000000000000000000e+00 -0.000000000000000000e+00 -0.000000000000000000e+00 -0.000000000000000000e+00 -0.000000000000000000e+00 -0.000000000000000000e+00 -0.000000000000000000e+00 -0.000000000000000000e+00 -0.000000000000000000e+00 -0.000000000000000000e+00 -0.000000000000000000e+00 -0.000000000000000000e+00 -0.000000000000000000e+00 -0.000000000000000000e+00 -0.000000000000000000e+00 -0.000000000000000000e+00 -0.000000000000000000e+00 -0.000000000000000000e+00 -0.000000000000000000e+00 -0.000000000000000000e+00 -0.000000000000000000e+00 -0.000000000000000000e+00 -0.000000000000000000e+00 -0.000000000000000000e+00 -0.000000000000000000e+00 -0.000000000000000000e+00 -0.000000000000000000e+00 -0.000000000000000000e+00 -0.000000000000000000e+00 -0.000000000000000000e+00 -0.000000000000000000e+00 -0.000000000000000000e+00 -0.000000000000000000e+00 -0.000000000000000000e+00 -0.000000000000000000e+00 -0.000000000000000000e+00 -0.000000000000000000e+00 -0.000000000000000000e+00 -0.000000000000000000e+00 -0.000000000000000000e+00 -0.000000000000000000e+00 -0.000000000000000000e+00 -0.000000000000000000e+00 -0.000000000000000000e+00 -0.000000000000000000e+00 -0.000000000000000000e+00 -0.000000000000000000e+00 -0.000000000000000000e+00 -0.000000000000000000e+00 -0.000000000000000000e+00 -0.000000000000000000e+00 -0.000000000000000000e+00 -0.000000000000000000e+00 -0.000000000000000000e+00 -0.000000000000000000e+00 -0.000000000000000000e+00 -0.000000000000000000e+00 -0.000000000000000000e+00 -0.000000000000000000e+00 -0.000000000000000000e+00 -0.000000000000000000e+00 -0.000000000000000000e+00 -0.000000000000000000e+00 -0.000000000000000000e+00 -0.000000000000000000e+00
-3.204353239999998736e-19 -3.050203146086362419e-19 -3.050188350359307403e-19 -3.050188350359307403e-19 -3.050188350359307403e-19 -3.050188350359307403e-19 -3.050188350359307403e-19 -3.050188350359307403e-19 -3.050188350359307403e-19 -3.050188350359307403e-19 -3.050188350359307403e-19 -2.978769982011852165e-19 -2.978769982011852165e-19 -2.978769982011852165e-19 -2.765612253286304043e-19 -2.765612252357457883e-19 -2.765612252357457883e-19 -2.765612252357457883e-19 -2.765612252357457883e-19 -2.765612251693999573e-19 -2.756752055272386130e-19 -2.589614759641898056e-19 -2.589614759641898056e-19 -2.589614759641898056e-19 -2.231677884456297782e-19 -2.231677884456297782e-19 -2.231677884456297782e-19 -2.231677884456297782e-19 -2.231677884460728383e-19 -2.214272671610481867e-19 -2.214272671610481867e-19 -2.214272671610481867e-19 -2.174509393918527048e-19 -2.174509393729756543e-19 -2.174509393729756543e-19 -2.174509393729756543e-19 -2.174509393729756543e-19 -2.174509393729756543e-19 -2.180708933307583839e-19 -2.180709007707685667e-19 -2.180709007707685667e-19 -2.180709007707670741e-19 -2.136288362664861084e-19 -1.816843932695861314e-19 -1.816843932695861314e-19 -1.816843932695861314e-19 -1.457001610986398754e-19 -1.457001610986397069e-19 -1.457001610986397551e-19 -1.457001610986397551e-19 -1.457001610986397551e-19 -1.457001610986397551e-19 -1.457001610986397551e-19 -1.457001610986397551e-19 -1.457001610986397551e-19 -1.457001610986397551e-19 -1.068117746666664199e-19 -1.068117746666664199e-19 -1.068117746666664199e-19 -1.068117746666664199e-19 -1.068117746666664199e-19 -1.068117746666664680e-19 -1.068117746666664680e-19 -1.068117746666664680e-19 -1.068117746666664680e-19 -1.068117746666664680e-19 -1.068117746666664680e-19 -1.068117746666664680e-19 -1.068117746666664680e-19 -4.379343337791560014e-61 -9.848730479401553876e-129 -2.214886675331076646e-196 -4.981071413030724316e-264 -0.000000000000000000e+00 -0.000000000000000000e+00 -0.000000000000000000e+00 -0.000000000000000000e+00 -0.000000000000000000e+00 -0.000000000000000000e+00 -0.000000000000000000e+00 -0.000000000000000000e+00 -0.000000000000000000e+00 -0.000000000000000000e+00 -0.000000000000000000e+00 -0.000000000000000000e+00 -0.000000000000000000e+00 -0.000000000000000000e+00 -0.000000000000000000e+00 -0.000000000000000000e+00 -0.000000000000000000e+00 -0.000000000000000000e+00 -0.000000000000000000e+00 -0.000000000000000000e+00 -0.000000000000000000e+00 -0.000000000000000000e+00 -0.000000000000000000e+00 -0.000000000000000000e+00 -0.000000000000000000e+00 -0.000000000000000000e+00 -0.000000000000000000e+00 -0.000000000000000000e+00 -0.000000000000000000e+00 -0.000000000000000000e+00 -0.000000000000000000e+00 -0.000000000000000000e+00 -0.000000000000000000e+00 -0.000000000000000000e+00 -0.000000000000000000e+00 -0.000000000000000000e+00 -0.000000000000000000e+00 -0.000000000000000000e+00 -0.000000000000000000e+00 -0.000000000000000000e+00 -0.000000000000000000e+00 -0.000000000000000000e+00 -0.000000000000000000e+00 -0.000000000000000000e+00 -0.000000000000000000e+00 -0.000000000000000000e+00 -0.000000000000000000e+00 -0.000000000000000000e+00 -0.000000000000000000e+00 -0.000000000000000000e+00 -0.000000000000000000e+00 -0.000000000000000000e+00 -0.000000000000000000e+00 -0.000000000000000000e+00 -0.000000000000000000e+00 -0.000000000000000000e+00 -0.000000000000000000e+00 -0.000000000000000000e+00 -0.000000000000000000e+00 -0.000000000000000000e+00 -0.000000000000000000e+00 -0.000000000000000000e+00 -0.000000000000000000e+00 -0.000000000000000000e+00 -0.000000000000000000e+00 -0.000000000000000000e+00 -0.000000000000000000e+00 -0.000000000000000000e+00 -0.000000000000000000e+00 -0.000000000000000000e+00 -0.000000000000000000e+00 -0.000000000000000000e+00 -0.000000000000000000e+00 -0.000000000000000000e+00 -0.000000000000000000e+00 -0.000000000000000000e+00 -0.000000000000000000e+00
-3.204353239999998736e-19 -3.204353239999998736e-19 -3.050188350359307403e-19 -3.050188350359307403e-19 -3.050188350359307403e-19 -3.050188350359307403e-19 -3.050188350359307403e-19 -3.050188350359307403e-19 -3.050188350359307403e-19 -3.050188350359307403e-19 -3.050188350359307403e-19 -3.050188350359307403e-19 -2.978769982011852165e-19 -2.978769982011852165e-19 -2.978769982011852165e-19 -2.765612252357457883e-19 -2.765612252357457883e-19 -2.765612252357457883e-19 -2.765612252357457883e-19 -2.765612252357457883e-19 -2.756752055545041476e-19 -2.756752055272386130e-19 -2.589614759641898056e-19 -2.589614759641898056e-19 -2.589614759641898056e-19 -2.231677884456297782e-19 -2.231677884456297782e-19 -2.231677884456297782e-19 -2.231677884456297782e-19 -2.254492313496589995e-19 -2.214272671610481867e-19 -2.214272671610481867e-19 -2.214272671610481867e-19 -2.174509393729756543e-19 -2.174509393729756543e-19 -2.174509393729756543e-19 -2.174509393729756543e-19 -2.174509393729756543e-19 -2.174509393729756543e-19 -2.180709007707685667e-19 -2.180709007707685667e-19 -2.180709007707685667e-19 -2.136604307947422492e-19 -2.136288362664861084e-19 -1.816843932695861314e-19 -1.816843932695861314e-19 -1.816843932695861314e-19 -1.457001610986397069e-19 -1.457001610986396347e-19 -1.457001610986397551e-19 -1.457001610986397551e-19 -1.457001610986397551e-19 -1.457001610986397551e-19 -1.457001610986397551e-19 -1.457001610986397551e-19 -1.457001610986397551e-19 -1.457001610986395625e-19 -1.068117746666664199e-19 -1.068117746666664199e-19 -1.068117746666664199e-19 -1.068117746666664199e-19 -1.068117746666664199e-19 -1.068117746666664680e-19 -1.068117746666664680e-19 -1.068117746666664680e-19 -1.068117746666664680e-19 -1.068117746666664680e-19 -1.068117746666664680e-19 -1.068117746666664680e-19 -1.068117746664121008e-19 -1.009139975664003550e-75 -2.269460708988703027e-143 -5.103803271943778141e-211 -1.147797260183088533e-278 -0.000000000000000000e+00 -0.000000000000000000e+00 -0.000000000000000000e+00 -0.000000000000000000e+00 -0.000000000000000000e+00 -0.000000000000000000e+00 -0.000000000000000000e+00 -0.000000000000000000e+00 -0.000000000000000000e+00 -0.000000000000000000e+00 -0.000000000000000000e+00 -0.000000000000000000e+00 -0.000000000000000000e+00 -0.000000000000000000e+00 -0.000000000000000000e+00 -0.000000000000000000e+00 -0.000000000000000000e+00 -0.000000000000000000e+00 -0.000000000000000000e+00 -0.000000000000000000e+00 -0.000000000000000000e+00 -0.000000000000000000e+00 -0.000000000000000000e+00 -0.000000000000000000e+00 -0.000000000000000000e+00 -0.000000000000000000e+00 -0.000000000000000000e+00 -0.000000000000000000e+00 -0.000000000000000000e+00 -0.000000000000000000e+00 -0.000000000000000000e+00 -0.000000000000000000e+00 -0.000000000000000000e+00 -0.000000000000000000e+00 -0.000000000000000000e+00 -0.000000000000000000e+00 -0.000000000000000000e+00 -0.000000000000000000e+00 -0.000000000000000000e+00 -0.000000000000000000e+00 -0.000000000000000000e+00 -0.000000000000000000e+00 -0.000000000000000000e+00 -0.000000000000000000e+00 -0.000000000000000000e+00 -0.000000000000000000e+00 -0.000000000000000000e+00 -0.000000000000000000e+00 -0.000000000000000000e+00 -0.000000000000000000e+00 -0.000000000000000000e+00 -0.000000000000000000e+00 -0.000000000000000000e+00 -0.000000000000000000e+00 -0.000000000000000000e+00 -0.000000000000000000e+00 -0.000000000000000000e+00 -0.000000000000000000e+00 -0.000000000000000000e+00 -0.000000000000000000e+00 -0.000000000000000000e+00 -0.000000000000000000e+00 -0.000000000000000000e+00 -0.000000000000000000e+00 -0.000000000000000000e+00 -0.000000000000000000e+00 -0.000000000000000000e+00 -0.000000000000000000e+00 -0.000000000000000000e+00 -0.000000000000000000e+00 -0.000000000000000000e+00 -0.000000000000000000e+00 -0.000000000000000000e+00 -0.000000000000000000e+00 -0.000000000000000000e+00 -0.000000000000000000e+00
-3.204353239999998736e-19 -3.204353239999998736e-19 -3.204353239999998736e-19 -3.050188350359307403e-19 -3.050188350359307403e-19 -3.050188350359307403e-19 -3.050188350359307403e-19 -3.050188350359307403e-19 -3.050188350359307403e-19 -3.050188350359307403e-19 -3.050188350359307403e-19 -3.050188350359307403e-19 -3.050188350359307403e-19 -2.978769982011852165e-19 -2.978769982011852165e-19 -2.978769982011852165e-19 -2.765612252357457883e-19 -2.765612252357457883e-19 -2.765612252357457883e-19 -2.765612252357457883e-19 -2.765612252357457883e-19 -2.756752055272386130e-19 -2.756752051447471927e-19 -2.589614759641898056e-19 -2.589614759641898056e-19 -2.589614759641898056e-19 -2.231677884456297782e-19 -2.231677884456297782e-19 -2.231677884456297782e-19 -2.231677884456297782e-19 -2.215732526943551448e-19 -2.214272671610481867e-19 -2.214272671610481867e-19 -2.214272671610481867e-19 -2.174509393729756543e-19 -2.174509393729756543e-19 -2.174509393729756543e-19 -2.174509393729756543e-19 -2.174509393729756543e-19 -2.174510868720820933e-19 -2.180709007707685667e-19 -2.180709007707685667e-19 -2.180709007707685667e-19 -2.136288362664861084e-19 -2.136288362664861084e-19 -1.816843932695861314e-19 -1.816843932695861314e-19 -1.816843932695861314e-19 -1.457001610986397069e-19 -1.457001610986397792e-19 -1.457001610986397551e-19 -1.457001610986397551e-19 -1.457001610986397551e-19 -1.457001610986397551e-19 -1.457001610986397551e-19 -1.457001610986397551e-19 -1.457001610986397551e-19 -1.451160607116459329e-19 -1.068117746666664199e-19 -1.068117746666664199e-19 -1.068117746666661190e-19 -1.068117746666664199e-19 -1.068117746666664680e-19 -1.068117746666664680e-19 -1.068117746666664680e-19 -1.068117746666664680e-19 -1.068117746666664680e-19 -1.068117746666664680e-19 -1.068117746666664680e-19 -1.068117746666664680e-19 -1.033004818686554241e-22 -2.325379427763940932e-90 -5.229559200970404891e-158 -1.176078583560567529e-225 -2.644889906692501925e-293 0.000000000000000000e+00 0.000000000000000000e+00 0.000000000000000000e+00 0.000000000000000000e+00 0.000000000000000000e+00 0.000000000000000000e+00 0.000000000000000000e+00 0.000000000000000000e+00 0.000000000000000000e+00 0.000000000000000000e+00 0.000000000000000000e+00 0.000000000000000000e+00 0.000000000000000000e+00 0.000000000000000000e+00 0.000000000000000000e+00 0.000000000000000000e+00 0.000000000000000000e+00 0.000000000000000000e+00 0.000000000000000000e+00 0.000000000000000000e+00 0.000000000000000000e+00 0.000000000000000000e+00 0.000000000000000000e+00 0.000000000000000000e+00 0.000000000000000000e+00 0.000000000000000000e+00 0.000000000000000000e+00 0.000000000000000000e+00 0.000000000000000000e+00 0.000000000000000000e+00 0.000000000000000000e+00 0.000000000000000000e+00 0.000000000000000000e+00 0.000000000000000000e+00 0.000000000000000000e+00 0.000000000000000000e+00 0.000000000000000000e+00 0.000000000000000000e+00 0.000000000000000000e+00 0.000000000000000000e+00 0.000000000000000000e+00 0.000000000000000000e+00 0.000000000000000000e+00 0.000000000000000000e+00 0.000000000000000000e+00 0.000000000000000000e+00 0.000000000000000000e+00 0.000000000000000000e+00 0.000000000000000000e+00 0.000000000000000000e+00 0.000000000000000000e+00 0.000000000000000000e+00 0.000000000000000000e+00 0.000000000000000000e+00 0.000000000000000000e+00 0.000000000000000000e+00 0.000000000000000000e+00 0.000000000000000000e+00 0.000000000000000000e+00 0.000000000000000000e+00 0.000000000000000000e+00 0.000000000000000000e+00 0.000000000000000000e+00 0.000000000000000000e+00 0.000000000000000000e+00 0.000000000000000000e+00 0.000000000000000000e+00 0.000000000000000000e+00 0.000000000000000000e+00 0.000000000000000000e+00 0.000000000000000000e+00 0.000000000000000000e+00 0.000000000000000000e+00 0.000000000000000000e+00 0.000000000000000000e+00
-3.204353239999998736e-19 -3.204353239999998736e-19 -3.204353239999998736e-19 -3.204353239999998736e-19 -3.050188350359307403e-19 -3.050188350359307403e-19 -3.050188350359307403e-19 -3.050188350359307403e-19 -3.050188350359307403e-19 -3.050188350359307403e-19 -3.050188350359307403e-19 -3.050188350359307403e-19 -3.050188350359307403e-19 -3.050187954333159722e-19 -2.978769982011852165e-19 -2.978769982011852165e-19 -2.978769982011852165e-19 -2.765612252357457883e-19 -2.765612252357457883e-19 -2.765612252357457883e-19 -2.765612252357457883e-19 -2.765612252357457883e-19 -2.756752055272386130e-19 -2.589614776427078078e-19 -2.589614759641898056e-19 -2.589614759641898056e-19 -2.557655701269828102e-19 -2.231677884456297782e-19 -2.231677884456297782e-19 -2.231677884456297782e-19 -2.231677884456297782e-19 -2.214272671610481867e-19 -2.214272671610481867e-19 -2.214272671610481867e-19 -2.214272671610481386e-19 -2.174509393729756543e-19 -2.174509393729756543e-19 -2.174509393729756543e-19 -2.174509393729756543e-19 -2.174509393729756543e-19 -2.174534492895795804e-19 -2.180709007707685667e-19 -2.180709007707685667e-19 -2.180709007707685667e-19 -2.136288362664861084e-19 -2.133029652412229106e-19 -1.816843932695861314e-19 -1.816843932695861314e-19 -1.816843932615250553e-19 -1.457001610986397069e-19 -1.457001610986397551e-19 -1.457001610986397551e-19 -1.457001610986397551e-19 -1.457001610986397551e-19 -1.457001610986397551e-19 -1.457001610986397551e-19 -1.457001610986397551e-19 -1.457001610986397551e-19 -1.068807614938896211e-19 -1.068117746666664199e-19 -1.068117746666664199e-19 -1.068117746666663477e-19 -1.068117746666664199e-19 -1.068117746666664680e-19 -1.068117746666664680e-19 -1.068117746666664680e-19 -1.068117746666664680e-19 -1.068117746666664680e-19 -1.068117746666664680e-19 -1.068117746666664680e-19 -1.068117746666664680e-19 -2.382675964228319039e-37 -5.358413712141115966e-105 -1.205056748862705704e-172 -2.710059069700344712e-240 4.064100003874646183e-274 4.064100003874646183e-274 4.064100003874646183e-274 4.064100003874646183e-274 4.064100003874646183e-274 4.064100003874646183e-274 4.064100003874646183e-274 4.064100003874646183e-274 4.064100003874646183e-274 4.064100003874646183e-274 4.064100003874646183e-274 4.064100003874646183e-274 4.064100003874646183e-274 4.064100003874646183e-274 4.064100003874646183e-274 4.064100003874646183e-274 4.064100003874646183e-274 4.064100003874646183e-274 4.064100003874646183e-274 4.064100003874646183e-274 4.064100003874646183e-274 4.064100003874646183e-274 4.064100003874646183e-274 4.064100003874646183e-274 4.064100003874646183e-274 4.064100003874646183e-274 4.064100003874646183e-274 4.064100003874646183e-274 4.064100003874646183e-274 4.064100003874646183e-274 4.064100003874646183e-274 4.064100003874646183e-274 4.064100003874646183e-274 4.064100003874646183e-274 4.064100003874646183e-274 4.064100003874646183e-274 4.064100003874646183e-274 4.064100003874646183e-274 4.064100003874646183e-274 4.064100003874646183e-274 4.064100003874646183e-274 4.064100003874646183e-274 4.064100003874646183e-274 4.064100003874646183e-274 4.064100003874646183e-274 4.064100003874646183e-274 4.064100003874646183e-274 4.064100003874646183e-274 4.064100003874646183e-274 4.064100003874646183e-274 4.064100003874646183e-274 4.064100003874646183e-274 4.064100003874646183e-274 4.064100003874646183e-274 4.064100003874646183e-274 4.064100003874646183e-274 4.064100003874646183e-274 4.064100003874646183e-274 4.064100003874646183e-274 4.064100003874646183e-274 4.064100003874646183e-274 4.064100003874646183e-274 4.064100003874646183e-274 4.064100003874646183e-274 4.064100003874646183e-274 4.064100003874646183e-274 4.064100003874646183e-274 4.064100003874646183e-274 4.064100003874646183e-274 4.064100003874646183e-274 4.064100003874646183e-274 4.064100003874646183e-274 4.064100003874646183e-274 4.064100003874646183e-274 4.064100003874646183e-274
-3.204353239999998736e-19 -3.204353239999998736e-19 -3.204353239999998736e-19 -3.204353239999998736e-19 -3.204351958876566999e-19 -3.050188350359307403e-19 -3.050188350359307403e-19 -3.050188350359307403e-19 -3.050188350359307403e-19 -3.050188350359307403e-19 -3.050188350359307403e-19 -3.050188350359307403e-19 -3.050188350359307403e-19 -3.050188350359307403e-19 -2.978769983035394375e-19 -2.978769982011852165e-19 -2.978769982011852165e-19 -2.945069046297779245e-19 -2.765612252357457883e-19 -2.765612252357457883e-19 -2.765612252357457883e-19 -2.765612252357457883e-19 -2.765612252357457883e-19 -2.756752055272386130e-19 -2.589614759641898056e-19 -2.589614759641898056e-19 -2.589614759641898056e-19 -2.231677884456305967e-19 -2.231677884456297782e-19 -2.231677884456297782e-19 -2.231677884456297782e-19 -2.231677884456297782e-19 -2.214272671610481867e-19 -2.214272671610481867e-19 -2.214272671610481867e-19 -2.208592359225048432e-19 -2.174509393729756543e-19 -2.174509393729756543e-19 -2.174509393729756543e-19 -2.174509393729756543e-19 -2.174509393729756543e-19 -2.174534901591216215e-19 -2.180709007707685667e-19 -2.180709007707685667e-19 -2.180709007707685667e-19 -2.136288362664861084e-19 -1.816843932695934740e-19 -1.816843932695861314e-19 -1.816843932695861314e-19 -1.457005312207285646e-19 -1.457001610986397069e-19 -1.457001610986397551e-19 -1.457001610986397551e-19 -1.457001610986397551e-19 -1.457001610986397551e-19 -1.457001610986397551e-19 -1.457001610986397551e-19 -1.457001610986397551e-19 -1.457001610986397551e-19 -1.068117746666664199e-19 -1.068117746666664199e-19 -1.068117746666664199e-19 -1.068117746666664199e-19 -1.068117746666664199e-19 -1.068117746666664680e-19 -1.068117746666664680e-19 -1.068117746666664680e-19 -1.068117746666664680e-19 -1.068117746666664680e-19 -1.068117746666664680e-19 -1.068117746666664680e-19 -1.068117746666664680e-19 -5.490443153439045369e-52 -1.234748926031457440e-119 -2.776833978111393142e-187 4.164238007716040458e-221 4.164238007716040458e-221 4.164238007716040458e-221 4.164238007716040458e-221 4.164238007716040458e-221 4.164238007716040458e-221 4.164238007716040458e-221 4.164238007716040458e-221 4.164238007716040458e-221 4.164238007716040458e-221 4.164238007716040458e-221 4.164238007716040458e-221 4.164238007716040458e-221 4.164238007716040458e-221 4.164238007716040458e-221 4.164238007716040458e-221 4.164238007716040458e-221 4.164238007716040458e-221 4.164238007716040458e-221 4.164238007716040458e-221 4.164238007716040458e-221 4.164238007716040458e-221 4.164238007716040458e-221 4.164238007716040458e-221 4.164238007716040458e-221 4.164238007716040458e-221 4.164238007716040458e-221 4.164238007716040458e-221 4.164238007716040458e-221 4.164238007716040458e-221 4.164238007716040458e-221 4.164238007716040458e-221 4.164238007716040458e-221 4.164238007716040458e-221 4.164238007716040458e-221 4.164238007716040458e-221 4.164238007716040458e-221 4.164238007716040458e-221 4.164238007716040458e-221 4.164238007716040458e-221 4.164238007716040458e-221 4.164238007716040458e-221 4.164238007716040458e-221 4.164238007716040458e-221 4.164238007716040458e-221 4.164238007716040458e-221 4.164238007716040458e-221 4.164238007716040458e-221 4.164238007716040458e-221 4.164238007716040458e-221 4.164238007716040458e-221 4.164238007716040458e-221 4.164238007716040458e-221 4.164238007716040458e-221 4.164238007716040458e-221 4.164238007716040458e-221 4.164238007716040458e-221 4.164238007716040458e-221 4.164238007716040458e-221 4.164238007716040458e-221 4.164238007716040458e-221 4.164238007716040458e-221 4.164238007716040458e-221 4.164238007716040458e-221 4.164238007716040458e-221 4.164238007716040458e-221 4.164238007716040458e-221 4.164238007716040458e-221 4.164238007716040458e-221 4.164238007716040458e-221 4.164238007716040458e-221 4.164238007716040458e-221 4.164238007716040458e-221 4.164238007716040458e-221 4.164238007716040458e-221
-3.204353239999998736e-19 -3.204353239999998736e-19 -3.204353239999998736e-19 -3.204353239999998736e-19 -3.204353239999998736e-19 -3.050188350402055344e-19 -3.050188350359307403e-19 -3.050188350359307403e-19 -3.050188350359307403e-19 -3.050188350359307403e-19 -3.050188350359307403e-19 -3.050188350359307403e-19 -3.050188350359307403e-19 -3.050188350359307403e-19 -3.050188350359307403e-19 -2.978769982011852165e-19 -2.978769982011852165e-19 -2.978769982011852165e-19 -2.765612252357461253e-19 -2.765612252357457883e-19 -2.765612252357457883e-19 -2.765612252357457883e-19 -2.765612252357457883e-19 -2.765388401203299205e-19 -2.756752055272386130e-19 -2.589614759641898056e-19 -2.589614759641898056e-19 -2.589614759641898056e-19 -2.231677884456297782e-19 -2.231677884456297782e-19 -2.231677884456297782e-19 -2.231677884456297782e-19 -2.231679418520934688e-19 -2.214272671610481867e-19 -2.214272671610481867e-19 -2.214272671610481867e-19 -2.174509393729757987e-19 -2.174509393729756543e-19 -2.174509393729756543e-19 -2.174509393729756543e-19 -2.174509393729756543e-19 -2.174509393729756543e-19 -2.180709007707469000e-19 -2.180709007707685667e-19 -2.180709007707685667e-19 -2.180709002761622644e-19 -2.136288362664861084e-19 -1.816843932695861314e-19 -1.816843932695861314e-19 -1.816843932695861314e-19 -1.457001610986397069e-19 -1.457001610986396588e-19 -1.457001610986397551e-19 -1.457001610986397551e-19 -1.457001610986397551e-19 -1.457001610986397551e-19 -1.457001610986397551e-19 -1.457001610986397551e-19 -1.457001610986397551e-19 -1.457001610986397551e-19 -1.068117746666664199e-19 -1.068117746666664199e-19 -1.068117746666664199e-19 -1.068117746666664199e-19 -1.068117746666664199e-19 -1.068117746666664680e-19 -1.068117746666664680e-19 -1.068117746666664680e-19 -1.068117746666664680e-19 -1.068117746666664680e-19 -1.068117746666664680e-19 -1.068117746666664680e-19 -1.068117746666664680e-19 -1.265172708068598969e-66 -2.845254196928520661e-134 4.266843376974854426e-168 4.266843376974854426e-168 4.266843376974854426e-168 4.266843376974854426e-168 4.266843376974854426e-168 4.266843376974854426e-168 4.266843376974854426e-168 4.266843376974854426e-168 4.266843376974854426e-168 4.266843376974854426e-168 4.266843376974854426e-168 4.266843376974854426e-168 4.266843376974854426e-168 4.266843376974854426e-168 4.266843376974854426e-168 4.266843376974854426e-168 4.266843376974854426e-168 4.266843376974854426e-168 4.266843376974854426e-168 4.266843376974854426e-168 4.266843376974854426e-168 4.266843376974854426e-168 4.266843376974854426e-168 4.266843376974854426e-168 4.266843376974854426e-168 4.266843376974854426e-168 4.266843376974854426e-168 4.266843376974854426e-168 4.266843376974854426e-168 4.266843376974854426e-168 4.266843376974854426e-168 4.266843376974854426e-168 4.266843376974854426e-168 4.266843376974854426e-168 4.266843376974854426e-168 4.266843376974854426e-168 4.266843376974854426e-168 4.266843376974854426e-168 4.266843376974854426e-168 4.266843376974854426e-168 4.266843376974854426e-168 4.266843376974854426e-168 4.266843376974854426e-168 4.266843376974854426e-168 4.266843376974854426e-168 4.266843376974854426e-168 4.266843376974854426e-168 4.266843376974854426e-168 4.266843376974854426e-168 4.266843376974854426e-168 4.266843376974854426e-168 4.266843376974854426e-168 4.266843376974854426e-168 4.266843376974854426e-168 4.266843376974854426e-168 4.266843376974854426e-168 4.266843376974854426e-168 4.266843376974854426e-168 4.266843376974854426e-168 4.266843376974854426e-168 4.266843376974854426e-168 4.266843376974854426e-168 4.266843376974854426e-168 4.266843376974854426e-168 4.266843376974854426e-168 4.266843376974854426e-168 4.266843376974854426e-168 4.266843376974854426e-168 4.266843376974854426e-168 4.266843376974854426e-168 4.266843376974854426e-168 4.266843376974854426e-168 4.266843376974854426e-168 4.266843376974854426e-168 4.266843376974854426e-168
-3.204353239999998736e-19 -3.204353239999998736e-19 -3.204353239999998736e-19 -3.204353239999998736e-19 -3.204353239999998736e-19 -3.204353239999998736e-19 -3.050188350359307403e-19 -3.050188350359307403e-19 -3.050188350359307403e-19 -3.050188350359307403e-19 -3.050188350359307403e-19 -3.050188350359307403e-19 -3.050188350359307403e-19 -3.050188350359307403e-19 -3.050188350359307403e-19 -3.050188350359307403e-19 -2.978769982011852165e-19 -2.978769982011852165e-19 -2.978769982011852165e-19 -2.765612252357457883e-19 -2.765612252357457883e-19 -2.765612252357457883e-19 -2.765612252357457883e-19 -2.765612252357457883e-19 -2.756752055272387093e-19 -2.756752055272386130e-19 -2.589614759641898056e-19 -2.589614759641898056e-19 -2.589614759641898056e-19 -2.231677884456297782e-19 -2.231677884456297782e-19 -2.231677884456297782e-19 -2.231677884456297782e-19 -2.254492583259990116e-19 -2.214272671610481867e-19 -2.214272671610481867e-19 -2.214272671610481867e-19 -2.174509393729756543e-19 -2.174509393729756543e-19 -2.174509393729756543e-19 -2.174509393729756543e-19 -2.174509393729756543e-19 -2.174509393729757024e-19 -2.180709007707685667e-19 -2.180709007707685667e-19 -2.180709007707685667e-19 -2.136288363584150057e-19 -2.136288362664861084e-19 -1.816843932695861314e-19 -1.816843932695861314e-19 -1.816843932695861314e-19 -1.457001610986397069e-19 -1.457001610986397069e-19 -1.457001610986397551e-19 -1.457001610986397551e-19 -1.457001610986397551e-19 -1.457001610986397551e-19 -1.457001610986397551e-19 -1.457001610986397551e-19 -1.457001610986397551e-19 -1.457001610981559615e-19 -1.068117746666664199e-19 -1.068117746666664199e-19 -1.068117746666664199e-19 -1.068117746666664199e-19 -1.068117746666664199e-19 -1.068117746666664680e-19 -1.068117746666664680e-19 -1.068117746666664680e-19 -1.068117746666664680e-19 -1.068117746666664680e-19 -1.068117746666664680e-19 -1.068117746666664680e-19 -1.068116866597239939e-19 -2.915360266026980982e-81 4.371976906675323304e-115 4.371976906675323304e-115 4.371976906675323304e-115 4.371976906675323304e-115 4.371976906675323304e-115 4.371976906675323304e-115 4.371976906675323304e-115 4.371976906675323304e-115 4.371976906675323304e-115 4.371976906675323304e-115 4.371976906675323304e-115 4.371976906675323304e-115 4.371976906675323304e-115 4.371976906675323304e-115 4.371976906675323304e-115 4.371976906675323304e-115 4.371976906675323304e-115 4.371976906675323304e-115 4.371976906675323304e-115 4.371976906675323304e-115 4.371976906675323304e-115 4.371976906675323304e-115 4.371976906675323304e-115 4.371976906675323304e-115 4.371976906675323304e-115 4.371976906675323304e-115 4.371976906675323304e-115 4.371976906675323304e-115 4.371976906675323304e-115 4.371976906675323304e-115 4.371976906675323304e-115 4.371976906675323304e-115 4.371976906675323304e-115 4.371976906675323304e-115 4.371976906675323304e-115 4.371976906675323304e-115 4.371976906675323304e-115 4.371976906675323304e-115 4.371976906675323304e-115 4.371976906675323304e-115 4.371976906675323304e-115 4.371976906675323304e-115 4.371976906675323304e-115 4.371976906675323304e-115 4.371976906675323304e-115 4.371976906675323304e-115 4.371976906675323304e-115 4.371976906675323304e-115 4.371976906675323304e-115 4.371976906675323304e-115 4.371976906675323304e-115 4.371976906675323304e-115 4.371976906675323304e-115 4.371976906675323304e-115 4.371976906675323304e-115 4.371976906675323304e-115 4.371976906675323304e-115 4.371976906675323304e-115 4.371976906675323304e-115 4.371976906675323304e-115 4.371976906675323304e-115 4.371976906675323304e-115 4.371976906675323304e-115 4.371976906675323304e-115 4.371976906675323304e-115 4.371976906675323304e-115 4.371976906675323304e-115 4.371976906675323304e-115 4.371976906675323304e-115 4.371976906675323304e-115 4.371976906675323304e-115 4.371976906675323304e-115 4.371976906675323304e-115 4.371976906675323304e-115 4.371976906675323304e-115
-3.204353239999998736e-19 -3.204353239999998736e-19 -3.204353239999998736e-19 -3.204353239999998736e-19 -3.204353239999998736e-19 -3.204353239999998736e-19 -3.204353239999998736e-19 -3.050188350359307403e-19 -3.050188350359307403e-19 -3.050188350359307403e-19 -3.050188350359307403e-19 -3.050188350359307403e-19 -3.050188350359307403e-19 -3.050188350359307403e-19 -3.050188350359307403e-19 -3.050188350359307403e-19 -3.050188350359306921e-19 -2.978769982011852165e-19 -2.978769982011852165e-19 -2.978769982011852165e-19 -2.765612252357457883e-19 -2.765612252357457883e-19 -2.765612252357457883e-19 -2.765612252357457883e-19 -2.765612252357457883e-19 -2.756752055272386130e-19 -2.755438437852928785e-19 -2.589614759641898056e-19 -2.589614759641898056e-19 -2.589614759613546922e-19 -2.231677884456297782e-19 -2.231677884456297782e-19 -2.231677884456297782e-19 -2.231677884456297782e-19 -2.214272675986739257e-19 -2.214272671610481867e-19 -2.214272671610481867e-19 -2.214272671610481867e-19 -2.174509393729756543e-19 -2.174509393729756543e-19 -2.174509393729756543e-19 -2.174509393729756543e-19 -2.174509393729756543e-19 -2.174534491734490862e-19 -2.180709007707685667e-19 -2.180709007707685667e-19 -2.180709007707685667e-19 -2.136288362664861084e-19 -2.136288362662235319e-19 -1.816843932695861314e-19 -1.816843932695861314e-19 -1.816843932695861314e-19 -1.457001610986397069e-19 -1.457001610986397551e-19 -1.457001610986397551e-19 -1.457001610986397551e-19 -1.457001610986397551e-19 -1.457001610986397551e-19 -1.457001610986397551e-19 -1.457001610986397551e-19 -1.457001610986397551e-19 -1.296049840621797367e-19 -1.068117746666664199e-19 -1.068117746666664199e-19 -1.068117746666664921e-19 -1.068117746666664199e-19 -1.068117746666664680e-19 -1.068117746666664680e-19 -1.068117746666664680e-19 -1.068117746666664680e-19 -1.068117746666664680e-19 -1.068117746666664680e-19 -1.068117746666664680e-19 -1.068117746666664680e-19 -2.987193715816040233e-28 4.479700889810026903e-62 4.479700889810026903e-62 4.479700889810026903e-62 4.479700889810026903e-62 4.479700889810026903e-62 4.479700889810026903e-62 4.479700889810026903e-62 4.479700889810026903e-62 4.479700889810026903e-62 4.479700889810026903e-62 4.479700889810026903e-62 4.479700889810026903e-62 4.479700889810026903e-62 4.479700889810026903e-62 4.479700889810026903e-62 4.479700889810026903e-62 4.479700889810026903e-62 4.479700889810026903e-62 4.479700889810026903e-62 4.479700889810026903e-62 4.479700889810026903e-62 4.479700889810026903e-62 4.479700889810026903e-62 4.479700889810026903e-62 4.479700889810026903e-62 4.479700889810026903e-62 4.479700889810026903e-62 4.479700889810026903e-62 4.479700889810026903e-62 4.479700889810026903e-62 4.479700889810026903e-62 4.479700889810026903e-62 4.479700889810026903e-62 4.479700889810026903e-62 4.479700889810026903e-62 4.479700889810026903e-62 4.479700889810026903e-62 4.479700889810026903e-62 4.479700889810026903e-62 4.479700889810026903e-62 4.479700889810026903e-62 4.479700889810026903e-62 4.479700889810026903e-62 4.479700889810026903e-62 4.479700889810026903e-62 4.479700889810026903e-62 4.479700889810026903e-62 4.479700889810026903e-62 4.479700889810026903e-62 4.479700889810026903e-62 4.479700889810026903e-62 4.479700889810026903e-62 4.479700889810026903e-62 4.479700889810026903e-62 4.479700889810026903e-62 4.479700889810026903e-62 4.479700889810026903e-62 4.479700889810026903e-62 4.479700889810026903e-62 4.479700889810026903e-62 4.479700889810026903e-62 4.479700889810026903e-62 4.479700889810026903e-62 4.479700889810026903e-62 4.479700889810026903e-62 4.479700889810026903e-62 4.479700889810026903e-62 4.479700889810026903e-62 4.479700889810026903e-62 4.479700889810026903e-62 4.479700889810026903e-62 4.479700889810026903e-62 4.479700889810026903e-62 4.479700889810026903e-62 4.479700889810026903e-62
-3.050168008376254877e-19 -3.050168008376254877e-19 -3.050168008376254877e-19 -3.050168008376254877e-19 -3.050168008376254877e-19 -3.050168008376254877e-19 -3.050168008376254877e-19 -3.050168008376253432e-19 -2.876817120704343350e-19 -2.876817120704343350e-19 -2.876817120704343350e-19 -2.876817120704343350e-19 -2.876817120704343350e-19 -2.876817120704343350e-19 -2.876817120704343350e-19 -2.876817120704343350e-19 -2.876817120704343350e-19 -2.833323839918884724e-19 -2.798433555091787458e-19 -2.798433555091787458e-19 -2.798433555056262235e-19 -2.563575596934053215e-19 -2.563575596934053215e-19 -2.563575596934053215e-19 -2.563575596934053215e-19 -2.563575596934053215e-19 -2.547085442101747283e-19 -2.301827861864622295e-19 -2.301827861864549591e-19 -2.301827861864549591e-19 -1.952483249920723574e-19 -1.952472110897844676e-19 -1.952472110897844676e-19 -1.952472110897844676e-19 -1.952472110897844676e-19 -1.864443578721580447e-19 -1.864443578721580447e-19 -1.864443578721580447e-19 -1.864443578714634099e-19 -1.812828244733725290e-19 -1.812828244733725290e-19 -1.812828244733725290e-19 -1.812828244733725290e-19 -1.812828244733725290e-19 -1.812832504615489589e-19 -1.812946010539638070e-19 -1.812946010539638070e-19 -1.812946010539638070e-19 -1.782721324062251861e-19 -1.040636679004251451e-19 -1.040397832909578365e-19 -1.040397832909578365e-19 -1.040329189146385851e-19 -5.555980756329619264e-30 -5.555826251308391368e-30 -5.555826251308391368e-30 -5.555826251308391368e-30 -5.555826251308391368e-30 -5.555826251308391368e-30 -5.555646834009564628e-30 -5.555646834009564628e-30 -5.555646834009564628e-30 -2.796033218324324830e-30 -2.795920414781143578e-30 -2.795920414781143578e-30 -2.795921003765918467e-30 -2.795904194567895863e-30 -2.795870215226551787e-30 -2.795870215226551787e-30 -2.795870215226551787e-30 -2.795870215226551787e-30 -2.795870215226551787e-30 -2.795870215226551787e-30 -2.795870215226551787e-30 -2.795870215226551787e-30 1.068117746641813323e-19 1.068117746641813323e-19 1.068117746641813323e-19 1.068117746641813323e-19 1.068117746641813323e-19 1.068117746641813323e-19 1.068117746641813323e-19 1.068117746641813323e-19 1.068117746641813323e-19 1.068117746641813323e-19 1.068117746641813323e-19 1.068117746641813323e-19 1.068117746641813323e-19 1.068117746641813323e-19 1.068117746641813323e-19 1.068117746641813323e-19 1.068117746641813323e-19 1.068117746641813323e-19 1.068117746641813323e-19 1.068117746641813323e-19 1.068117746641813323e-19 1.068117746641813323e-19 1.068117746641813323e-19 1.068117746641813323e-19 1.068117746641813323e-19 1.068117746641813323e-19 1.068117746641813323e-19 1.068117746641813323e-19 1.068117746641813323e-19 1.068117746641813323e-19 1.068117746641813323e-19 1.068117746641813323e-19 1.068117746641813323e-19 1.068117746641813323e-19 1.068117746641813323e-19 1.068117746641813323e-19 1.068117746641813323e-19 1.068117746641813323e-19 1.068117746641813323e-19 1.068117746641813323e-19 1.068117746641813323e-19 1.068117746641813323e-19 1.068117746641813323e-19 1.068117746641813323e-19 1.068117746641813323e-19 1.068117746641813323e-19 1.068117746641813323e-19 1.068117746641813323e-19 1.068117746641813323e-19 1.068117746641813323e-19 1.068117746641813323e-19 1.068117746641813323e-19 1.068117746641813323e-19 1.068117746641813323e-19 1.068117746641813323e-19 1.068117746641813323e-19 1.068117746641813323e-19 1.068117746641813323e-19 1.068117746641813323e-19 1.068117746641813323e-19 1.068117746641813323e-19 1.068117746641813323e-19 1.068117746641813323e-19 1.068117746641813323e-19 1.068117746641813323e-19 1.068117746641813323e-19 1.068117746641813323e-19 1.068117746641813323e-19 1.068117746641813323e-19 1.068117746641813323e-19 1.068117746641813323e-19 1.068117746641813323e-19 1.068117746641813323e-19 1.068117746641813323e-19 1.068117746641813323e-19
-3.050168008372110757e-19 -3.050168008372110757e-19 -3.050168008372110757e-19 -3.050168008372110757e-19 -3.050168008372110757e-19 -3.050168008372110757e-19 -3.050168008372110757e-19 -3.050168008372110757e-19 -2.921649372894783782e-19 -2.876817120699668636e-19 -2.876817120699668636e-19 -2.876817120699668636e-19 -2.876817120699668636e-19 -2.876817120699668636e-19 -2.876817120699668636e-19 -2.876817120699668636e-19 -2.876817120699668636e-19 -2.876817120699668636e-19 -2.798433555086920151e-19 -2.798433555086917262e-19 -2.798433555086917262e-19 -2.563579271244426310e-19 -2.563575596928579241e-19 -2.563575596928579241e-19 -2.563575596928579241e-19 -2.563575596928579241e-19 -2.563575596928239796e-19 -2.547085442096045086e-19 -2.301827861856522797e-19 -2.301827861856522797e-19 -2.301827861856522797e-19 -1.952472110890004456e-19 -1.952472110890004456e-19 -1.952472110890004456e-19 -1.952472110890004456e-19 -1.952472110890005901e-19 -1.864443578711464982e-19 -1.864443578711464982e-19 -1.864443578711464982e-19 -1.812829123816898519e-19 -1.812828244723485361e-19 -1.812828244723485361e-19 -1.812828244723485361e-19 -1.812828244723485361e-19 -1.812828244723485361e-19 -1.812941283015682385e-19 -1.812946010529276807e-19 -1.812946010529276807e-19 -1.812946010529276807e-19 -1.782721324052260136e-19 -1.040397832884385035e-19 -1.040397832884385035e-19 -1.040397832884385035e-19 -3.633183265627574316e-30 2.683811772233371250e-34 7.442210848346044155e-35 7.442210848346044155e-35 7.442210848346044155e-35 7.442210848346044155e-35 7.442210848346044155e-35 1.473695282467029615e-34 1.473695282467029615e-34 1.473695282467029615e-34 2.980216155924039449e-34 2.980216155924039449e-34 2.980216155924039449e-34 2.784906735153419971e-34 2.784906735153419971e-34 2.759824065802276647e-34 2.759824065802276647e-34 2.759824065802276647e-34 2.759824065802276647e-34 2.759824065802276647e-34 2.759824065802276647e-34 2.759824065802276647e-34 2.759824065802276647e-34 1.068117746666667930e-19 1.068117746666667930e-19 1.068117746666667930e-19 1.068117746666667930e-19 1.068117746666667930e-19 1.068117746666667930e-19 1.068117746666667930e-19 1.068117746666667930e-19 1.068117746666667930e-19 1.068117746666667930e-19 1.068117746666667930e-19 1.068117746666667930e-19 1.068117746666667930e-19 1.068117746666667930e-19 1.068117746666667930e-19 1.068117746666667930e-19 1.068117746666667930e-19 1.068117746666667930e-19 1.068117746666667930e-19 1.068117746666667930e-19 1.068117746666667930e-19 1.068117746666667930e-19 1.068117746666667930e-19 1.068117746666667930e-19 1.068117746666667930e-19 1.068117746666667930e-19 1.068117746666667930e-19 1.068117746666667930e-19 1.068117746666667930e-19 1.068117746666667930e-19 1.068117746666667930e-19 1.068117746666667930e-19 1.068117746666667930e-19 1.068117746666667930e-19 1.068117746666667930e-19 1.068117746666667930e-19 1.068117746666667930e-19 1.068117746666667930e-19 1.068117746666667930e-19 1.068117746666667930e-19 1.068117746666667930e-19 1.068117746666667930e-19 1.068117746666667930e-19 1.068117746666667930e-19 1.068117746666667930e-19 1.068117746666667930e-19 1.068117746666667930e-19 1.068117746666667930e-19 1.068117746666667930e-19 1.068117746666667930e-19 1.068117746666667930e-19 1.068117746666667930e-19 1.068117746666667930e-19 1.068117746666667930e-19 1.068117746666667930e-19 1.068117746666667930e-19 1.068117746666667930e-19 1.068117746666667930e-19 1.068117746666667930e-19 1.068117746666667930e-19 1.068117746666667930e-19 1.068117746666667930e-19 1.068117746666667930e-19 1.068117746666667930e-19 1.068117746666667930e-19 1.068117746666667930e-19 1.068117746666667930e-19 1.068117746666667930e-19 1.068117746666667930e-19 1.068117746666667930e-19 1.068117746666667930e-19 1.068117746666667930e-19 1.068117746666667930e-19 1.068117746666667930e-19
-3.050168008372110757e-19 -3.050168008372110757e-19 -3.050168008372110757e-19 -3.050168008372110757e-19 -3.050168008372110757e-19 -3.050168008372110757e-19 -3.050168008372110757e-19 -3.050168008372110757e-19 -3.050168008372110757e-19 -2.876817120699667673e-19 -2.876817120699668636e-19 -2.876817120699668636e-19 -2.876817120699668636e-19 -2.876817120699668636e-19 -2.876817120699668636e-19 -2.876817120699668636e-19 -2.876817120699668636e-19 -2.876817120699668636e-19 -2.876817120699668636e-19 -2.798433555086917262e-19 -2.798433555086917262e-19 -2.798433555086917262e-19 -2.563575596928579241e-19 -2.563575596928579241e-19 -2.563575596928579241e-19 -2.563575596928579241e-19 -2.563575596928579241e-19 -2.547087286586192400e-19 -2.547085442096045086e-19 -2.301827861856522797e-19 -2.301827861856522797e-19 -2.301827861856522797e-19 -1.952472110890004456e-19 -1.952472110890004456e-19 -1.952472110890004456e-19 -1.952472110890004456e-19 -1.966413360016767373e-19 -1.864443578711464982e-19 -1.864443578711464982e-19 -1.864443578711464982e-19 -1.812828244723485361e-19 -1.812828244723485361e-19 -1.812828244723485361e-19 -1.812828244723485361e-19 -1.812828244723485361e-19 -1.812828244723485361e-19 -1.812946010529277770e-19 -1.812946010529276807e-19 -1.812946010529276807e-19 -1.811827506216131410e-19 -1.782721324052260136e-19 -1.040397832884385035e-19 -1.040397832884385035e-19 -1.040397832884385035e-19 2.683811772083744322e-34 2.181690141240539620e-34 7.442210848346044155e-35 7.442210848346044155e-35 7.442210848346044155e-35 7.442210848346044155e-35 1.473695282467029615e-34 1.473695282467029615e-34 1.473695282467029615e-34 1.473695282467029615e-34 2.980216155924039449e-34 2.980216155924039449e-34 2.980216155924039449e-34 2.784906735153419971e-34 2.784906735153419971e-34 2.759824065802276647e-34 2.759824065802276647e-34 2.759824065802276647e-34 2.759824065802276647e-34 2.759824065802276647e-34 2.759824065802276647e-34 2.759824065802276647e-34 5.082890267386673155e-34 1.068117746666667930e-19 1.068117746666667930e-19 1.068117746666667930e-19 1.068117746666667930e-19 1.068117746666667930e-19 1.068117746666667930e-19 1.068117746666667930e-19 1.068117746666667930e-19 1.068117746666667930e-19 1.068117746666667930e-19 1.068117746666667930e-19 1.068117746666667930e-19 1.068117746666667930e-19 1.068117746666667930e-19 1.068117746666667930e-19 1.068117746666667930e-19 1.068117746666667930e-19 1.068117746666667930e-19 1.068117746666667930e-19 1.068117746666667930e-19 1.068117746666667930e-19 1.068117746666667930e-19 1.068117746666667930e-19 1.068117746666667930e-19 1.068117746666667930e-19 1.068117746666667930e-19 1.068117746666667930e-19 1.068117746666667930e-19 1.068117746666667930e-19 1.068117746666667930e-19 1.068117746666667930e-19 1.068117746666667930e-19 1.068117746666667930e-19 1.068117746666667930e-19 1.068117746666667930e-19 1.068117746666667930e-19 1.068117746666667930e-19 1.068117746666667930e-19 1.068117746666667930e-19 1.068117746666667930e-19 1.068117746666667930e-19 1.068117746666667930e-19 1.068117746666667930e-19 1.068117746666667930e-19 1.068117746666667930e-19 1.068117746666667930e-19 1.068117746666667930e-19 1.068117746666667930e-19 1.068117746666667930e-19 1.068117746666667930e-19 1.068117746666667930e-19 1.068117746666667930e-19 1.068117746666667930e-19 1.068117746666667930e-19 1.068117746666667930e-19 1.068117746666667930e-19 1.068117746666667930e-19 1.068117746666667930e-19 1.068117746666667930e-19 1.068117746666667930e-19 1.068117746666667930e-19 1.068117746666667930e-19 1.068117746666667930e-19 1.068117746666667930e-19 1.068117746666667930e-19 1.068117746666667930e-19 1.068117746666667930e-19 1.068117746666667930e-19 1.068117746666667930e-19 1.068117746666667930e-19 1.068117746666667930e-19 1.068117746666667930e-19 1.068117746666667930e-19
-3.050168008372110757e-19 -3.050168008372110757e-19 -3.050168008372110757e-19 -3.050168008372110757e-19 -3.050168008372110757e-19 -3.050168008372110757e-19 -3.050168008372110757e-19 -3.050168008372110757e-19 -3.050168008372110757e-19 -3.050168008372110757e-19 -2.876817120699668636e-19 -2.876817120699668636e-19 -2.876817120699668636e-19 -2.876817120699668636e-19 -2.876817120699668636e-19 -2.876817120699668636e-19 -2.876817120699668636e-19 -2.876817120699668636e-19 -2.876817120699668636e-19 -2.876817120699668636e-19 -2.798433555086917262e-19 -2.798433555086917262e-19 -2.798433555086917262e-19 -2.563575596928579241e-19 -2.563575596928579241e-19 -2.563575596928579241e-19 -2.563575596928579241e-19 -2.563575596928579241e-19 -2.547085442096045086e-19 -2.547085442094528897e-19 -2.301827861856522797e-19 -2.301827861856522797e-19 -2.301827861856522797e-19 -1.952472110890004456e-19 -1.952472110890004456e-19 -1.952472110890004456e-19 -1.952472110890004456e-19 -1.966289391826354308e-19 -1.864443578711464982e-19 -1.864443578711464982e-19 -1.864443578711464982e-19 -1.812828244723485361e-19 -1.812828244723485361e-19 -1.812828244723485361e-19 -1.812828244723485361e-19 -1.812828244723485361e-19 -1.812828244796918903e-19 -1.812946010529276807e-19 -1.812946010529276807e-19 -1.812946010529276807e-19 -1.782721324052261821e-19 -1.782721324052260136e-19 -1.040397832884385035e-19 -1.040397832884385035e-19 -1.040397832884385035e-19 2.683811772233371250e-34 1.017351825741618849e-34 7.442210848346044155e-35 7.442210848346044155e-35 7.442210848346044155e-35 7.442210848346044155e-35 1.473695282467029615e-34 1.473695282467029615e-34 1.473695282467029615e-34 1.032149860925270066e-34 2.980216155924039449e-34 2.980216155924039449e-34 1.997534989606227750e-34 2.784906735153419971e-34 2.784906735153419971e-34 2.759824065802276647e-34 2.759824065802276647e-34 2.759824065802276647e-34 2.759824065802276647e-34 2.759824065802276647e-34 2.759824065802276647e-34 2.759824065802276647e-34 2.594618989154623373e-20 1.068117746666667930e-19 1.068117746666667930e-19 1.068117746666667930e-19 1.068117746666667930e-19 1.068117746666667930e-19 1.068117746666667930e-19 1.068117746666667930e-19 1.068117746666667930e-19 1.068117746666667930e-19 1.068117746666667930e-19 1.068117746666667930e-19 1.068117746666667930e-19 1.068117746666667930e-19 1.068117746666667930e-19 1.068117746666667930e-19 1.068117746666667930e-19 1.068117746666667930e-19 1.068117746666667930e-19 1.068117746666667930e-19 1.068117746666667930e-19 1.068117746666667930e-19 1.068117746666667930e-19 1.068117746666667930e-19 1.068117746666667930e-19 1.068117746666667930e-19 1.068117746666667930e-19 1.068117746666667930e-19 1.068117746666667930e-19 1.068117746666667930e-19 1.068117746666667930e-19 1.068117746666667930e-19 1.068117746666667930e-19 1.068117746666667930e-19 1.068117746666667930e-19 1.068117746666667930e-19 1.068117746666667930e-19 1.068117746666667930e-19 1.068117746666667930e-19 1.068117746666667930e-19 1.068117746666667930e-19 1.068117746666667930e-19 1.068117746666667930e-19 1.068117746666667930e-19 1.068117746666667930e-19 1.068117746666667930e-19 1.068117746666667930e-19 1.068117746666667930e-19 1.068117746666667930e-19 1.068117746666667930e-19 1.068117746666667930e-19 1.068117746666667930e-19 1.068117746666667930e-19 1.068117746666667930e-19 1.068117746666667930e-19 1.068117746666667930e-19 1.068117746666667930e-19 1.068117746666667930e-19 1.068117746666667930e-19 1.068117746666667930e-19 1.068117746666667930e-19 1.068117746666667930e-19 1.068117746666667930e-19 1.068117746666667930e-19 1.068117746666667930e-19 1.068117746666667930e-19 1.068117746666667930e-19 1.068117746666667930e-19 1.068117746666667930e-19 1.068117746666667930e-19 1.068117746666667930e-19 1.068117746666667930e-19 1.068117746666667930e-19
-3.050168008372110757e-19 -3.050168008372110757e-19 -3.050168008372110757e-19 -3.050168008372110757e-19 -3.050168008372110757e-19 -3.050168008372110757e-19 -3.050168008372110757e-19 -3.050168008372110757e-19 -3.050168008372110757e-19 -3.050168008372110757e-19 -3.050168008372110757e-19 -2.876817120699668636e-19 -2.876817120699668636e-19 -2.876817120699668636e-19 -2.876817120699668636e-19 -2.876817120699668636e-19 -2.876817120699668636e-19 -2.876817120699668636e-19 -2.876817120699668636e-19 -2.876817120699668636e-19 -2.876817120585370472e-19 -2.798433555086917262e-19 -2.798433555086917262e-19 -2.798433555086917262e-19 -2.563575596928579241e-19 -2.563575596928579241e-19 -2.563575596928579241e-19 -2.563575596928579241e-19 -2.563575596928579241e-19 -2.547085442096045086e-19 -2.301919146634501332e-19 -2.301827861856522797e-19 -2.301827861856522797e-19 -2.301818017652390673e-19 -1.952472110890004456e-19 -1.952472110890004456e-19 -1.952472110890004456e-19 -1.952472110890004456e-19 -1.864443578711501574e-19 -1.864443578711464982e-19 -1.864443578711464982e-19 -1.864443578711464982e-19 -1.812828244723485361e-19 -1.812828244723485361e-19 -1.812828244723485361e-19 -1.812828244723485361e-19 -1.812828244723485361e-19 -1.812832504605248938e-19 -1.812946010529276807e-19 -1.812946010529276807e-19 -1.812946010529276807e-19 -1.782721324052260136e-19 -1.782719484428440660e-19 -1.040397832884385035e-19 -1.040397832884385035e-19 -1.040397832884329905e-19 2.683811772233371250e-34 7.442210848316163715e-35 7.442210848346044155e-35 7.442210848346044155e-35 7.442210848346044155e-35 7.442210848346044155e-35 1.473695282467029615e-34 1.473695282467029615e-34 1.473695282467029615e-34 2.654628858199357470e-34 2.980216155924039449e-34 2.980216155924039449e-34 3.657808590178570538e-34 2.784906735153419971e-34 2.759824065802276647e-34 2.759824065802276647e-34 2.759824065802276647e-34 2.759824065802276647e-34 2.759824065802276647e-34 2.759824065802276647e-34 2.759824065802276647e-34 2.759824065802276647e-34 1.068117746666659866e-19 1.068117746666667930e-19 1.068117746666667930e-19 1.068117746666667930e-19 1.068117746666667930e-19 1.068117746666667930e-19 1.068117746666667930e-19 1.068117746666667930e-19 1.068117746666667930e-19 1.068117746666667930e-19 1.068117746666667930e-19 1.068117746666667930e-19 1.068117746666667930e-19 1.068117746666667930e-19 1.068117746666667930e-19 1.068117746666667930e-19 1.068117746666667930e-19 1.068117746666667930e-19 1.068117746666667930e-19 1.068117746666667930e-19 1.068117746666667930e-19 1.068117746666667930e-19 1.068117746666667930e-19 1.068117746666667930e-19 1.068117746666667930e-19 1.068117746666667930e-19 1.068117746666667930e-19 1.068117746666667930e-19 1.068117746666667930e-19 1.068117746666667930e-19 1.068117746666667930e-19 1.068117746666667930e-19 1.068117746666667930e-19 1.068117746666667930e-19 1.068117746666667930e-19 1.068117746666667930e-19 1.068117746666667930e-19 1.068117746666667930e-19 1.068117746666667930e-19 1.068117746666667930e-19 1.068117746666667930e-19 1.068117746666667930e-19 1.068117746666667930e-19 1.068117746666667930e-19 1.068117746666667930e-19 1.068117746666667930e-19 1.068117746666667930e-19 1.068117746666667930e-19 1.068117746666667930e-19 1.068117746666667930e-19 1.068117746666667930e-19 1.068117746666667930e-19 1.068117746666667930e-19 1.068117746666667930e-19 1.068117746666667930e-19 1.068117746666667930e-19 1.068117746666667930e-19 1.068117746666667930e-19 1.068117746666667930e-19 1.068117746666667930e-19 1.068117746666667930e-19 1.068117746666667930e-19 1.068117746666667930e-19 1.068117746666667930e-19 1.068117746666667930e-19 1.068117746666667930e-19 1.068117746666667930e-19 1.068117746666667930e-19 1.068117746666667930e-19 1.068117746666667930e-19 1.068117746666667930e-19 1.068117746666667930e-19
-3.050168008372110757e-19 -3.050168008372110757e-19 -3.050168008372110757e-19 -3.050168008372110757e-19 -3.050168008372110757e-19 -3.050168008372110757e-19 -3.050168008372110757e-19 -3.050168008372110757e-19 -3.050168008372110757e-19 -3.050168008372110757e-19 -3.050168008372110757e-19 -3.050168007975739448e-19 -2.876817120699668636e-19 -2.876817120699668636e-19 -2.876817120699668636e-19 -2.876817120699668636e-19 -2.876817120699668636e-19 -2.876817120699668636e-19 -2.876817120699668636e-19 -2.876817120699668636e-19 -2.876817120699668636e-19 -2.798438570705759373e-19 -2.798433555086917262e-19 -2.798433555086917262e-19 -2.798421258621169632e-19 -2.563575596928579241e-19 -2.563575596928579241e-19 -2.563575596928579241e-19 -2.563575596928579241e-19 -2.563575596928579241e-19 -2.547085442096045086e-19 -2.301827861856522797e-19 -2.301827861856522797e-19 -2.301827861856522797e-19 -1.952472110922187227e-19 -1.952472110890004456e-19 -1.952472110890004456e-19 -1.952472110890004456e-19 -1.952472110890004456e-19 -1.864443578711464982e-19 -1.864443578711464982e-19 -1.864443578711464982e-19 -1.864441174285743544e-19 -1.812828244723485361e-19 -1.812828244723485361e-19 -1.812828244723485361e-19 -1.812828244723485361e-19 -1.812828244723485361e-19 -1.812832504607331831e-19 -1.812946010529276807e-19 -1.812946010529276807e-19 -1.812946010529276807e-19 -1.782721324052260136e-19 -1.040397833574621114e-19 -1.040397832884385035e-19 -1.040397832884385035e-19 -4.364148592139199941e-21 2.683811772233371250e-34 7.442210848346044155e-35 7.442210848346044155e-35 7.442210848346044155e-35 7.442210848346044155e-35 7.442210848346044155e-35 1.473695282467029615e-34 1.473695282467029615e-34 1.473695282467029615e-34 3.672188381858681437e-34 2.980216155924039449e-34 2.980216155924039449e-34 2.784906735153419971e-34 2.784906735153419971e-34 2.759824065802276647e-34 2.759824065802276647e-34 2.759824065802276647e-34 2.759824065802276647e-34 2.759824065802276647e-34 2.759824065802276647e-34 2.759824065802276647e-34 2.759824065802276647e-34 1.068117746666667930e-19 1.068117746666667930e-19 1.068117746666667930e-19 1.068117746666667930e-19 1.068117746666667930e-19 1.068117746666667930e-19 1.068117746666667930e-19 1.068117746666667930e-19 1.068117746666667930e-19 1.068117746666667930e-19 1.068117746666667930e-19 1.068117746666667930e-19 1.068117746666667930e-19 1.068117746666667930e-19 1.068117746666667930e-19 1.068117746666667930e-19 1.068117746666667930e-19 1.068117746666667930e-19 1.068117746666667930e-19 1.068117746666667930e-19 1.068117746666667930e-19 1.068117746666667930e-19 1.068117746666667930e-19 1.068117746666667930e-19 1.068117746666667930e-19 1.068117746666667930e-19 1.068117746666667930e-19 1.068117746666667930e-19 1.068117746666667930e-19 1.068117746666667930e-19 1.068117746666667930e-19 1.068117746666667930e-19 1.068117746666667930e-19 1.068117746666667930e-19 1.068117746666667930e-19 1.068117746666667930e-19 1.068117746666667930e-19 1.068117746666667930e-19 1.068117746666667930e-19 1.068117746666667930e-19 1.068117746666667930e-19 1.068117746666667930e-19 1.068117746666667930e-19 1.068117746666667930e-19 1.068117746666667930e-19 1.068117746666667930e-19 1.068117746666667930e-19 1.068117746666667930e-19 1.068117746666667930e-19 1.068117746666667930e-19 1.068117746666667930e-19 1.068117746666667930e-19 1.068117746666667930e-19 1.068117746666667930e-19 1.068117746666667930e-19 1.068117746666667930e-19 1.068117746666667930e-19 1.068117746666667930e-19 1.068117746666667930e-19 1.068117746666667930e-19 1.068117746666667930e-19 1.068117746666667930e-19 1.068117746666667930e-19 1.068117746666667930e-19 1.068117746666667930e-19 1.068117746666667930e-19 1.068117746666667930e-19 1.068117746666667930e-19 1.068117746666667930e-19 1.068117746666667930e-19 1.068117746666667930e-19
-3.050168008372110757e-19 -3.050168008372110757e-19 -3.050168008372110757e-19 -3.050168008372110757e-19 -3.050168008372110757e-19 -3.050168008372110757e-19 -3.050168008372110757e-19 -3.050168008372110757e-19 -3.050168008372110757e-19 -3.050168008372110757e-19 -3.050168008372110757e-19 -3.050168008372110757e-19 -2.876817295398865777e-19 -2.876817120699668636e-19 -2.876817120699668636e-19 -2.876817120699668636e-19 -2.876817120699668636e-19 -2.876817120699668636e-19 -2.876817120699668636e-19 -2.876817120699668636e-19 -2.876817120699668636e-19 -2.876817120699668636e-19 -2.798433555086917262e-19 -2.798433555086917262e-19 -2.798433555086917262e-19 -2.563575596939193522e-19 -2.563575596928579241e-19 -2.563575596928579241e-19 -2.563575596928579241e-19 -2.563575596928579241e-19 -2.563575479351583138e-19 -2.547085442096045086e-19 -2.301827861856522797e-19 -2.301827861856522797e-19 -2.301827861856522797e-19 -1.952472110890004456e-19 -1.952472110890004456e-19 -1.952472110890004456e-19 -1.952472110890004456e-19 -1.952472111159514278e-19 -1.864443578711464982e-19 -1.864443578711464982e-19 -1.864443578711464982e-19 -1.812828244726025422e-19 -1.812828244723485361e-19 -1.812828244723485361e-19 -1.812828244723485361e-19 -1.812828244723485361e-19 -1.812828244723485361e-19 -1.812946010515026611e-19 -1.812946010529276807e-19 -1.812946010529276807e-19 -1.812946010528352120e-19 -1.782721324052260136e-19 -1.040397832884385035e-19 -1.040397832884385035e-19 -1.040397832884385035e-19 1.691247805343104948e-34 1.759888010206349146e-34 7.442210848346044155e-35 7.442210848346044155e-35 7.442210848346044155e-35 7.442210848346044155e-35 1.473695282467029615e-34 1.473695282467029615e-34 1.473695282467029615e-34 1.473695282467029615e-34 2.980216155924039449e-34 2.980216155924039449e-34 2.980216155924039449e-34 2.784906735153419971e-34 2.784906735153419971e-34 2.759824065802276647e-34 2.759824065802276647e-34 2.759824065802276647e-34 2.759824065802276647e-34 2.759824065802276647e-34 2.759824065802276647e-34 2.759824065802276647e-34 2.759824065802276647e-34 1.068117746666667930e-19 1.068117746666667930e-19 1.068117746666667930e-19 1.068117746666667930e-19 1.068117746666667930e-19 1.068117746666667930e-19 1.068117746666667930e-19 1.068117746666667930e-19 1.068117746666667930e-19 1.068117746666667930e-19 1.068117746666667930e-19 1.068117746666667930e-19 1.068117746666667930e-19 1.068117746666667930e-19 1.068117746666667930e-19 1.068117746666667930e-19 1.068117746666667930e-19 1.068117746666667930e-19 1.068117746666667930e-19 1.068117746666667930e-19 1.068117746666667930e-19 1.068117746666667930e-19 1.068117746666667930e-19 1.068117746666667930e-19 1.068117746666667930e-19 1.068117746666667930e-19 1.068117746666667930e-19 1.068117746666667930e-19 1.068117746666667930e-19 1.068117746666667930e-19 1.068117746666667930e-19 1.068117746666667930e-19 1.068117746666667930e-19 1.068117746666667930e-19 1.068117746666667930e-19 1.068117746666667930e-19 1.068117746666667930e-19 1.068117746666667930e-19 1.068117746666667930e-19 1.068117746666667930e-19 1.068117746666667930e-19 1.068117746666667930e-19 1.068117746666667930e-19 1.068117746666667930e-19 1.068117746666667930e-19 1.068117746666667930e-19 1.068117746666667930e-19 1.068117746666667930e-19 1.068117746666667930e-19 1.068117746666667930e-19 1.068117746666667930e-19 1.068117746666667930e-19 1.068117746666667930e-19 1.068117746666667930e-19 1.068117746666667930e-19 1.068117746666667930e-19 1.068117746666667930e-19 1.068117746666667930e-19 1.068117746666667930e-19 1.068117746666667930e-19 1.068117746666667930e-19 1.068117746666667930e-19 1.068117746666667930e-19 1.068117746666667930e-19 1.068117746666667930e-19 1.068117746666667930e-19 1.068117746666667930e-19 1.068117746666667930e-19 1.068117746666667930e-19 1.068117746666667930e-19
-3.050168008372110757e-19 -3.050168008372110757e-19 -3.050168008372110757e-19 -3.050168008372110757e-19 -3.050168008372110757e-19 -3.050168008372110757e-19 -3.050168008372110757e-19 -3.050168008372110757e-19 -3.050168008372110757e-19 -3.050168008372110757e-19 -3.050168008372110757e-19 -3.050168008372110757e-19 -3.050168008372110757e-19 -2.876817120699668636e-19 -2.876817120699668636e-19 -2.876817120699668636e-19 -2.876817120699668636e-19 -2.876817120699668636e-19 -2.876817120699668636e-19 -2.876817120699668636e-19 -2.876817120699668636e-19 -2.876817120699668636e-19 -2.876817120699668636e-19 -2.798433555086917262e-19 -2.798433555086917262e-19 -2.798433555086917262e-19 -2.563575596928579241e-19 -2.563575596928579241e-19 -2.563575596928579241e-19 -2.563575596928579241e-19 -2.563575596928579241e-19 -2.547085442101374134e-19 -2.547085442096045086e-19 -2.301827861856522797e-19 -2.301827861856522797e-19 -2.301827861856522797e-19 -1.952472110890004456e-19 -1.952472110890004456e-19 -1.952472110890004456e-19 -1.952472110890004456e-19 -1.967013330480959555e-19 -1.864443578711464982e-19 -1.864443578711464982e-19 -1.864443578711464982e-19 -1.812828244723485361e-19 -1.812828244723485361e-19 -1.812828244723485361e-19 -1.812828244723485361e-19 -1.812828244723485361e-19 -1.812828244723485361e-19 -1.812946010529276807e-19 -1.812946010529276807e-19 -1.812946010529276807e-19 -1.782723596100544145e-19 -1.782721324052260136e-19 -1.040397832884385035e-19 -1.040397832884385035e-19 -1.040397832884385035e-19 2.683811772233370822e-34 8.485169413160233638e-35 7.442210848346044155e-35 7.442210848346044155e-35 7.442210848346044155e-35 7.442210848346044155e-35 1.473695282467029615e-34 1.473695282467029615e-34 1.473695282467029615e-34 5.487874161253832161e-35 2.980216155924039449e-34 2.980216155924039449e-34 2.980216155924039449e-34 2.784906735153419971e-34 2.784906735153419971e-34 2.759824065802276647e-34 2.759824065802276647e-34 2.759824065802276647e-34 2.759824065802276647e-34 2.759824065802276647e-34 2.759824065802276647e-34 2.759824065802276647e-34 2.733601152248287998e-29 1.068117746666667930e-19 1.068117746666667930e-19 1.068117746666667930e-19 1.068117746666667930e-19 1.068117746666667930e-19 1.068117746666667930e-19 1.068117746666667930e-19 1.068117746666667930e-19 1.068117746666667930e-19 1.068117746666667930e-19 1.068117746666667930e-19 1.068117746666667930e-19 1.068117746666667930e-19 1.068117746666667930e-19 1.068117746666667930e-19 1.068117746666667930e-19 1.068117746666667930e-19 1.068117746666667930e-19 1.068117746666667930e-19 1.068117746666667930e-19 1.068117746666667930e-19 1.068117746666667930e-19 1.068117746666667930e-19 1.068117746666667930e-19 1.068117746666667930e-19 1.068117746666667930e-19 1.068117746666667930e-19 1.068117746666667930e-19 1.068117746666667930e-19 1.068117746666667930e-19 1.068117746666667930e-19 1.068117746666667930e-19 1.068117746666667930e-19 1.068117746666667930e-19 1.068117746666667930e-19 1.068117746666667930e-19 1.068117746666667930e-19 1.068117746666667930e-19 1.068117746666667930e-19 1.068117746666667930e-19 1.068117746666667930e-19 1.068117746666667930e-19 1.068117746666667930e-19 1.068117746666667930e-19 1.068117746666667930e-19 1.068117746666667930e-19 1.068117746666667930e-19 1.068117746666667930e-19 1.068117746666667930e-19 1.068117746666667930e-19 1.068117746666667930e-19 1.068117746666667930e-19 1.068117746666667930e-19 1.068117746666667930e-19 1.068117746666667930e-19 1.068117746666667930e-19 1.068117746666667930e-19 1.068117746666667930e-19 1.068117746666667930e-19 1.068117746666667930e-19 1.068117746666667930e-19 1.068117746666667930e-19 1.068117746666667930e-19 1.068117746666667930e-19 1.068117746666667930e-19 1.068117746666667930e-19 1.068117746666667930e-19 1.068117746666667930e-19 1.068117746666667930e-19
-3.050168008372110757e-19 -3.050168008372110757e-19 -3.050168008372110757e-19 -3.050168008372110757e-19 -3.050168008372110757e-19 -3.050168008372110757e-19 -3.050168008372110757e-19 -3.050168008372110757e-19 -3.050168008372110757e-19 -3.050168008372110757e-19 -3.050168008372110757e-19 -3.050168008372110757e-19 -3.050168008372110757e-19 -3.050168008372110757e-19 -2.876817120699668636e-19 -2.876817120699668636e-19 -2.876817120699668636e-19 -2.876817120699668636e-19 -2.876817120699668636e-19 -2.876817120699668636e-19 -2.876817120699668636e-19 -2.876817120699668636e-19 -2.876817120699668636e-19 -2.876817120699668636e-19 -2.798433555086917262e-19 -2.798433555086917262e-19 -2.798433555086917262e-19 -2.563575596928579241e-19 -2.563575596928579241e-19 -2.563575596928579241e-19 -2.563575596928579241e-19 -2.563575596928579241e-19 -2.547085442096045086e-19 -2.547084917320995289e-19 -2.301827861856522797e-19 -2.301827861856522797e-19 -2.301827861856513648e-19 -1.952472110890004456e-19 -1.952472110890004456e-19 -1.952472110890004456e-19 -1.952472110890004456e-19 -1.864485220241953959e-19 -1.864443578711464982e-19 -1.864443578711464982e-19 -1.864443578711464982e-19 -1.812828244723485361e-19 -1.812828244723485361e-19 -1.812828244723485361e-19 -1.812828244723485361e-19 -1.812828244723485361e-19 -1.812831893171438623e-19 -1.812946010529276807e-19 -1.812946010529276807e-19 -1.812946010529276807e-19 -1.782721324052260136e-19 -1.782721324052257247e-19 -1.040397832884385035e-19 -1.040397832884385035e-19 -1.040397832884385035e-19 2.683811772233371250e-34 1.286243908381479938e-34 7.442210848346044155e-35 7.442210848346044155e-35 7.442210848346044155e-35 7.442210848346044155e-35 1.473695282467029615e-34 1.473695282467029615e-34 1.473695282467029615e-34 1.459344232294030855e-34 2.980216155924039449e-34 2.980216155924039449e-34 3.191717358879494903e-34 2.784906735153419971e-34 2.759824065802276647e-34 2.759824065802276647e-34 2.759824065802276647e-34 2.759824065802276647e-34 2.759824065802276647e-34 2.759824065802276647e-34 2.759824065802276647e-34 2.759824065802276647e-34 1.068108129521320603e-19 1.068117746666667930e-19 1.068117746666667930e-19 1.068117746666667930e-19 1.068117746666667930e-19 1.068117746666667930e-19 1.068117746666667930e-19 1.068117746666667930e-19 1.068117746666667930e-19 1.068117746666667930e-19 1.068117746666667930e-19 1.068117746666667930e-19 1.068117746666667930e-19 1.068117746666667930e-19 1.068117746666667930e-19 1.068117746666667930e-19 1.068117746666667930e-19 1.068117746666667930e-19 1.068117746666667930e-19 1.068117746666667930e-19 1.068117746666667930e-19 1.068117746666667930e-19 1.068117746666667930e-19 1.068117746666667930e-19 1.068117746666667930e-19 1.068117746666667930e-19 1.068117746666667930e-19 1.068117746666667930e-19 1.068117746666667930e-19 1.068117746666667930e-19 1.068117746666667930e-19 1.068117746666667930e-19 1.068117746666667930e-19 1.068117746666667930e-19 1.068117746666667930e-19 1.068117746666667930e-19 1.068117746666667930e-19 1.068117746666667930e-19 1.068117746666667930e-19 1.068117746666667930e-19 1.068117746666667930e-19 1.068117746666667930e-19 1.068117746666667930e-19 1.068117746666667930e-19 1.068117746666667930e-19 1.068117746666667930e-19 1.068117746666667930e-19 1.068117746666667930e-19 1.068117746666667930e-19 1.068117746666667930e-19 1.068117746666667930e-19 1.068117746666667930e-19 1.068117746666667930e-19 1.068117746666667930e-19 1.068117746666667930e-19 1.068117746666667930e-19 1.068117746666667930e-19 1.068117746666667930e-19 1.068117746666667930e-19 1.068117746666667930e-19 1.068117746666667930e-19 1.068117746666667930e-19 1.068117746666667930e-19 1.068117746666667930e-19 1.068117746666667930e-19 1.068117746666667930e-19 1.068117746666667930e-19 1.068117746666667930e-19 1.068117746666667930e-19
-3.050168008372110757e-19 -3.050168008372110757e-19 -3.050168008372110757e-19 -3.050168008372110757e-19 -3.050168008372110757e-19 -3.050168008372110757e-19 -3.050168008372110757e-19 -3.050168008372110757e-19 -3.050168008372110757e-19 -3.050168008372110757e-19 -3.050168008372110757e-19 -3.050168008372110757e-19 -3.050168008372110757e-19 -3.050168008372110757e-19 -3.050168008372110757e-19 -2.876817120699668636e-19 -2.876817120699668636e-19 -2.876817120699668636e-19 -2.876817120699668636e-19 -2.876817120699668636e-19 -2.876817120699668636e-19 -2.876817120699668636e-19 -2.876817120699668636e-19 -2.876817120699668636e-19 -2.876777582084403401e-19 -2.798433555086917262e-19 -2.798433555086917262e-19 -2.798433555086907633e-19 -2.563575596928579241e-19 -2.563575596928579241e-19 -2.563575596928579241e-19 -2.563575596928579241e-19 -2.563575596928579241e-19 -2.547085442096045086e-19 -2.301827862120337643e-19 -2.301827861856522797e-19 -2.301827861856522797e-19 -1.988346773552175762e-19 -1.952472110890004456e-19 -1.952472110890004456e-19 -1.952472110890004456e-19 -1.952472110890004456e-19 -1.864443578711464982e-19 -1.864443578711464982e-19 -1.864443578711464982e-19 -1.864443578711465704e-19 -1.812828244723485361e-19 -1.812828244723485361e-19 -1.812828244723485361e-19 -1.812828244723485361e-19 -1.812828244723485361e-19 -1.812832504605248938e-19 -1.812946010529276807e-19 -1.812946010529276807e-19 -1.812946010529276807e-19 -1.782721324052260136e-19 -1.439964832402149420e-19 -1.040397832884385035e-19 -1.040397832884385035e-19 -1.040397813930835035e-19 2.683811772233371250e-34 7.442210848346044155e-35 7.442210848346044155e-35 7.442210848346044155e-35 7.442210848346044155e-35 7.442210848346044155e-35 1.473695282467029615e-34 1.473695282467029615e-34 1.473695282467029615e-34 3.355884148036288270e-34 2.980216155924039449e-34 2.980216155924039449e-34 3.809142749300411268e-34 2.784906735153419971e-34 2.759824065802276647e-34 2.759824065802276647e-34 2.759824065802276647e-34 2.759824065802276647e-34 2.759824065802276647e-34 2.759824065802276647e-34 2.759824065802276647e-34 2.759824065802276647e-34 1.068117746666667930e-19 1.068117746666667930e-19 1.068117746666667930e-19 1.068117746666667930e-19 1.068117746666667930e-19 1.068117746666667930e-19 1.068117746666667930e-19 1.068117746666667930e-19 1.068117746666667930e-19 1.068117746666667930e-19 1.068117746666667930e-19 1.068117746666667930e-19 1.068117746666667930e-19 1.068117746666667930e-19 1.068117746666667930e-19 1.068117746666667930e-19 1.068117746666667930e-19 1.068117746666667930e-19 1.068117746666667930e-19 1.068117746666667930e-19 1.068117746666667930e-19 1.068117746666667930e-19 1.068117746666667930e-19 1.068117746666667930e-19 1.068117746666667930e-19 1.068117746666667930e-19 1.068117746666667930e-19 1.068117746666667930e-19 1.068117746666667930e-19 1.068117746666667930e-19 1.068117746666667930e-19 1.068117746666667930e-19 1.068117746666667930e-19 1.068117746666667930e-19 1.068117746666667930e-19 1.068117746666667930e-19 1.068117746666667930e-19 1.068117746666667930e-19 1.068117746666667930e-19 1.068117746666667930e-19 1.068117746666667930e-19 1.068117746666667930e-19 1.068117746666667930e-19 1.068117746666667930e-19 1.068117746666667930e-19 1.068117746666667930e-19 1.068117746666667930e-19 1.068117746666667930e-19 1.068117746666667930e-19 1.068117746666667930e-19 1.068117746666667930e-19 1.068117746666667930e-19 1.068117746666667930e-19 1.068117746666667930e-19 1.068117746666667930e-19 1.068117746666667930e-19 1.068117746666667930e-19 1.068117746666667930e-19 1.068117746666667930e-19 1.068117746666667930e-19 1.068117746666667930e-19 1.068117746666667930e-19 1.068117746666667930e-19 1.068117746666667930e-19 1.068117746666667930e-19 1.068117746666667930e-19 1.068117746666667930e-19 1.068117746666667930e-19
-3.050168008372110757e-19 -3.050168008372110757e-19 -3.050168008372110757e-19 -3.050168008372110757e-19 -3.050168008372110757e-19 -3.050168008372110757e-19 -3.050168008372110757e-19 -3.050168008372110757e-19 -3.050168008372110757e-19 -3.050168008372110757e-19 -3.050168008372110757e-19 -3.050168008372110757e-19 -3.050168008372110757e-19 -3.050168008372110757e-19 -3.050168008372110757e-19 -3.050030914258519693e-19 -2.876817120699668636e-19 -2.876817120699668636e-19 -2.876817120699668636e-19 -2.876817120699668636e-19 -2.876817120699668636e-19 -2.876817120699668636e-19 -2.876817120699668636e-19 -2.876817120699668636e-19 -2.876817120699668636e-19 -2.798433555101411811e-19 -2.798433555086917262e-19 -2.798433555086917262e-19 -2.576148875180954052e-19 -2.563575596928579241e-19 -2.563575596928579241e-19 -2.563575596928579241e-19 -2.563575596928579241e-19 -2.563575596928578278e-19 -2.547085442096045086e-19 -2.301827861856522797e-19 -2.301827861856522797e-19 -2.301827861856522797e-19 -1.952472110890004215e-19 -1.952472110890004456e-19 -1.952472110890004456e-19 -1.952472110890004456e-19 -1.952472110890004456e-19 -1.864443578711464982e-19 -1.864443578711464982e-19 -1.864443578711464982e-19 -1.815828723342191490e-19 -1.812828244723485361e-19 -1.812828244723485361e-19 -1.812828244723485361e-19 -1.812828244723485361e-19 -1.812828244723485361e-19 -1.812833221142760923e-19 -1.812946010529276807e-19 -1.812946010529276807e-19 -1.812946010529276807e-19 -1.782721324052260136e-19 -1.040397832884386841e-19 -1.040397832884385035e-19 -1.040397832884385035e-19 -1.315984331213926256e-26 2.683811772233371250e-34 7.442210848346044155e-35 7.442210848346044155e-35 7.442210848346044155e-35 7.442210848346044155e-35 7.442210848346044155e-35 1.473695282467029615e-34 1.473695282467029615e-34 1.473695282467029615e-34 2.980216155924039449e-34 2.980216155924039449e-34 2.980216155924039449e-34 2.784906735153419971e-34 2.784906735153419971e-34 2.759824065802276647e-34 2.759824065802276647e-34 2.759824065802276647e-34 2.759824065802276647e-34 2.759824065802276647e-34 2.759824065802276647e-34 2.759824065802276647e-34 2.759824065802276647e-34 1.068117746666667930e-19 1.068117746666667930e-19 1.068117746666667930e-19 1.068117746666667930e-19 1.068117746666667930e-19 1.068117746666667930e-19 1.068117746666667930e-19 1.068117746666667930e-19 1.068117746666667930e-19 1.068117746666667930e-19 1.068117746666667930e-19 1.068117746666667930e-19 1.068117746666667930e-19 1.068117746666667930e-19 1.068117746666667930e-19 1.068117746666667930e-19 1.068117746666667930e-19 1.068117746666667930e-19 1.068117746666667930e-19 1.068117746666667930e-19 1.068117746666667930e-19 1.068117746666667930e-19 1.068117746666667930e-19 1.068117746666667930e-19 1.068117746666667930e-19 1.068117746666667930e-19 1.068117746666667930e-19 1.068117746666667930e-19 1.068117746666667930e-19 1.068117746666667930e-19 1.068117746666667930e-19 1.068117746666667930e-19 1.068117746666667930e-19 1.068117746666667930e-19 1.068117746666667930e-19 1.068117746666667930e-19 1.068117746666667930e-19 1.068117746666667930e-19 1.068117746666667930e-19 1.068117746666667930e-19 1.068117746666667930e-19 1.068117746666667930e-19 1.068117746666667930e-19 1.068117746666667930e-19 1.068117746666667930e-19 1.068117746666667930e-19 1.068117746666667930e-19 1.068117746666667930e-19 1.068117746666667930e-19 1.068117746666667930e-19 1.068117746666667930e-19 1.068117746666667930e-19 1.068117746666667930e-19 1.068117746666667930e-19 1.068117746666667930e-19 1.068117746666667930e-19 1.068117746666667930e-19 1.068117746666667930e-19 1.068117746666667930e-19 1.068117746666667930e-19 1.068117746666667930e-19 1.068117746666667930e-19 1.068117746666667930e-19 1.068117746666667930e-19 1.068117746666667930e-19 1.068117746666667930e-19 1.068117746666667930e-19
-3.050168008372110757e-19 -3.050168008372110757e-19 -3.050168008372110757e-19 -3.050168008372110757e-19 -3.050168008372110757e-19 -3.050168008372110757e-19 -3.050168008372110757e-19 -3.050168008372110757e-19 -3.050168008372110757e-19 -3.050168008372110757e-19 -3.050168008372110757e-19 -3.050168008372110757e-19 -3.050168008372110757e-19 -3.050168008372110757e-19 -3.050168008372110757e-19 -3.050168008372110757e-19 -2.876817120700172748e-19 -2.876817120699668636e-19 -2.876817120699668636e-19 -2.876817120699668636e-19 -2.876817120699668636e-19 -2.876817120699668636e-19 -2.876817120699668636e-19 -2.876817120699668636e-19 -2.876817120699668636e-19 -2.876817120699668636e-19 -2.798433555086917262e-19 -2.798433555086917262e-19 -2.798433555086917262e-19 -2.563575596928577796e-19 -2.563575596928579241e-19 -2.563575596928579241e-19 -2.563575596928579241e-19 -2.563575596928579241e-19 -2.551840270041214161e-19 -2.547085442096045086e-19 -2.301827861856522797e-19 -2.301827861856522797e-19 -2.301827861856522797e-19 -1.952472110890004456e-19 -1.952472110890004456e-19 -1.952472110890004456e-19 -1.952472110890004456e-19 -1.952564805578356609e-19 -1.864443578711464982e-19 -1.864443578711464982e-19 -1.864443578711464982e-19 -1.812828244723486083e-19 -1.812828244723485361e-19 -1.812828244723485361e-19 -1.812828244723485361e-19 -1.812828244723485361e-19 -1.812828244723485361e-19 -1.812946010529277770e-19 -1.812946010529276807e-19 -1.812946010529276807e-19 -1.812945689850369358e-19 -1.782721324052260136e-19 -1.040397832884385035e-19 -1.040397832884385035e-19 -1.040397832884385035e-19 2.683811230296614804e-34 5.244221204679796332e-35 7.442210848346044155e-35 7.442210848346044155e-35 7.442210848346044155e-35 7.442210848346044155e-35 1.473695282467029615e-34 1.473695282467029615e-34 1.473695282467029615e-34 1.473695282467029615e-34 2.980216155924039449e-34 2.980216155924039449e-34 2.980216155924039449e-34 2.784906735153419971e-34 2.784906735153419971e-34 2.784906735153419971e-34 2.784906735153419971e-34 2.784906735153419971e-34 2.784906735153419971e-34 2.784906735153419971e-34 2.784906735153419971e-34 2.784906735153419971e-34 2.784906735153419971e-34 1.068117746666668292e-19 1.068117746666668292e-19 1.068117746666668292e-19 1.068117746666668292e-19 1.068117746666668292e-19 1.068117746666668292e-19 1.068117746666668292e-19 1.068117746666668292e-19 1.068117746666668292e-19 1.068117746666668292e-19 1.068117746666668292e-19 1.068117746666668292e-19 1.068117746666668292e-19 1.068117746666668292e-19 1.068117746666668292e-19 1.068117746666668292e-19 1.068117746666668292e-19 1.068117746666668292e-19 1.068117746666668292e-19 1.068117746666668292e-19 1.068117746666668292e-19 1.068117746666668292e-19 1.068117746666668292e-19 1.068117746666668292e-19 1.068117746666668292e-19 1.068117746666668292e-19 1.068117746666668292e-19 1.068117746666668292e-19 1.068117746666668292e-19 1.068117746666668292e-19 1.068117746666668292e-19 1.068117746666668292e-19 1.068117746666668292e-19 1.068117746666668292e-19 1.068117746666668292e-19 1.068117746666668292e-19 1.068117746666668292e-19 1.068117746666668292e-19 1.068117746666668292e-19 1.068117746666668292e-19 1.068117746666668292e-19 1.068117746666668292e-19 1.068117746666668292e-19 1.068117746666668292e-19 1.068117746666668292e-19 1.068117746666668292e-19 1.068117746666668292e-19 1.068117746666668292e-19 1.068117746666668292e-19 1.068117746666668292e-19 1.068117746666668292e-19 1.068117746666668292e-19 1.068117746666668292e-19 1.068117746666668292e-19 1.068117746666668292e-19 1.068117746666668292e-19 1.068117746666668292e-19 1.068117746666668292e-19 1.068117746666668292e-19 1.068117746666668292e-19 1.068117746666668292e-19 1.068117746666668292e-19 1.068117746666668292e-19 1.068117746666668292e-19 1.068117746666668292e-19 1.068117746666668292e-19
-3.050168008372110757e-19 -3.050168008372110757e-19 -3.050168008372110757e-19 -3.050168008372110757e-19 -3.050168008372110757e-19 -3.050168008372110757e-19 -3.050168008372110757e-19 -3.050168008372110757e-19 -3.050168008372110757e-19 -3.050168008372110757e-19 -3.050168008372110757e-19 -3.050168008372110757e-19 -3.050168008372110757e-19 -3.050168008372110757e-19 -3.050168008372110757e-19 -3.050168008372110757e-19 -3.050168008372110757e-19 -2.876817120699668636e-19 -2.876817120699668636e-19 -2.876817120699668636e-19 -2.876817120699668636e-19 -2.876817120699668636e-19 -2.876817120699668636e-19 -2.876817120699668636e-19 -2.876817120699668636e-19 -2.876817120699668636e-19 -2.876817120699668636e-19 -2.798433555086917262e-19 -2.798433555086917262e-19 -2.798433555086917262e-19 -2.563575596928579241e-19 -2.563575596928579241e-19 -2.563575596928579241e-19 -2.563575596928579241e-19 -2.563575596928579241e-19 -2.547085442096044604e-19 -2.547085442096044123e-19 -2.301827861856522797e-19 -2.301827861856522797e-19 -2.301827861856522797e-19 -1.952472110890004456e-19 -1.952472110890004456e-19 -1.952472110890004456e-19 -1.952472110890004456e-19 -1.967013130992359765e-19 -1.864443578711464982e-19 -1.864443578711464982e-19 -1.864443578711464982e-19 -1.812828244723485361e-19 -1.812828244723485361e-19 -1.812828244723485361e-19 -1.812828244723485361e-19 -1.812828244723485361e-19 -1.812828244723504861e-19 -1.812946010529276807e-19 -1.812946010529276807e-19 -1.812946010529276807e-19 -1.782721324058824909e-19 -1.782721324052260136e-19 -1.040397832884385035e-19 -1.040397832884385035e-19 -1.040397832884385035e-19 2.683811772233371250e-34 1.394784615653531005e-34 7.442210848346044155e-35 7.442210848346044155e-35 7.442210848346044155e-35 7.442210848346044155e-35 1.473695282467029615e-34 1.473695282467029615e-34 1.473695282467029615e-34 1.558619996916248515e-34 2.980216155924039449e-34 2.980216155924039449e-34 2.980216155924039449e-34 2.784906735153419971e-34 2.784906735153419971e-34 2.784906735153419971e-34 2.784906735153419971e-34 2.784906735153419971e-34 2.784906735153419971e-34 2.784906735153419971e-34 2.784906735153419971e-34 2.784906735153419971e-34 9.461310517230922950e-24 1.068117746666668292e-19 1.068117746666668292e-19 1.068117746666668292e-19 1.068117746666668292e-19 1.068117746666668292e-19 1.068117746666668292e-19 1.068117746666668292e-19 1.068117746666668292e-19 1.068117746666668292e-19 1.068117746666668292e-19 1.068117746666668292e-19 1.068117746666668292e-19 1.068117746666668292e-19 1.068117746666668292e-19 1.068117746666668292e-19 1.068117746666668292e-19 1.068117746666668292e-19 1.068117746666668292e-19 1.068117746666668292e-19 1.068117746666668292e-19 1.068117746666668292e-19 1.068117746666668292e-19 1.068117746666668292e-19 1.068117746666668292e-19 1.068117746666668292e-19 1.068117746666668292e-19 1.068117746666668292e-19 1.068117746666668292e-19 1.068117746666668292e-19 1.068117746666668292e-19 1.068117746666668292e-19 1.068117746666668292e-19 1.068117746666668292e-19 1.068117746666668292e-19 1.068117746666668292e-19 1.068117746666668292e-19 1.068117746666668292e-19 1.068117746666668292e-19 1.068117746666668292e-19 1.068117746666668292e-19 1.068117746666668292e-19 1.068117746666668292e-19 1.068117746666668292e-19 1.068117746666668292e-19 1.068117746666668292e-19 1.068117746666668292e-19 1.068117746666668292e-19 1.068117746666668292e-19 1.068117746666668292e-19 1.068117746666668292e-19 1.068117746666668292e-19 1.068117746666668292e-19 1.068117746666668292e-19 1.068117746666668292e-19 1.068117746666668292e-19 1.068117746666668292e-19 1.068117746666668292e-19 1.068117746666668292e-19 1.068117746666668292e-19 1.068117746666668292e-19 1.068117746666668292e-19 1.068117746666668292e-19 1.068117746666668292e-19 1.068117746666668292e-19 1.068117746666668292e-19
-3.035307603131486080e-19 -3.035307603131486080e-19 -3.035307603131486080e-19 -3.035307603131486080e-19 -3.035307603131486080e-19 -3.035307603131486080e-19 -3.035307603131486080e-19 -3.035307603131486080e-19 -3.035307603131486080e-19 -3.035307603131486080e-19 -3.035307603131486080e-19 -3.035307603131486080e-19 -3.035307603131486080e-19 -3.035307603131486080e-19 -3.035307603131486080e-19 -3.035307603131486080e-19 -3.035307603131486080e-19 -3.035307603131486080e-19 -2.857499802654867322e-19 -2.857499802654867322e-19 -2.857499802654867322e-19 -2.857499802654867322e-19 -2.857499802654867322e-19 -2.857499802654867322e-19 -2.857499802654867322e-19 -2.857499802654867322e-19 -2.857499802654867322e-19 -2.857499802654836989e-19 -2.778089134409432523e-19 -2.778089134409432523e-19 -2.778089134409432523e-19 -2.542649342741378248e-19 -2.542649342741378248e-19 -2.542649342741378248e-19 -2.542649342741378248e-19 -2.542649342741378248e-19 -2.526180414468334588e-19 -2.408396411387274452e-19 -2.243860070680608539e-19 -2.243860070680608539e-19 -2.243860068172004861e-19 -1.917586627554227744e-19 -1.917586627554227744e-19 -1.917586627554227744e-19 -1.917586627554227744e-19 -1.824012593129522858e-19 -1.824012593004710801e-19 -1.824012593004710801e-19 -1.824012593004710801e-19 -1.774679473504795686e-19 -1.774679473504795686e-19 -1.774679473504795686e-19 -1.774679473504795686e-19 -1.774679473504795686e-19 -1.774680837109366389e-19 -1.774763732680735975e-19 -1.774763732680735975e-19 -1.774763732680735975e-19 -1.746667687187702850e-19 -1.746667686667994265e-19 -9.856493283336232751e-20 -9.856493283336232751e-20 -9.856493283336232751e-20 1.574398897834957102e-34 1.429216782817246937e-34 1.429216778961318568e-34 1.429216778961318568e-34 1.429216778961318568e-34 1.429216778961318568e-34 1.156291602947380959e-34 1.156291602947380959e-34 1.156291602947380959e-34 2.030888667172345520e-34 3.432945383781742716e-34 3.432945383781742716e-34 4.121114683832789046e-34 3.044287236406605694e-34 3.044287236406605694e-34 3.044287236406605694e-34 3.044287236406605694e-34 3.044287236406605694e-34 3.044287236406605694e-34 3.044287236406605694e-34 3.044287236406605694e-34 3.044287236406605694e-34 1.068117746638884345e-19 1.068117746666668051e-19 1.068117746666668051e-19 1.068117746666668051e-19 1.068117746666668051e-19 1.068117746666668051e-19 1.068117746666668051e-19 1.068117746666668051e-19 1.068117746666668051e-19 1.068117746666668051e-19 1.068117746666668051e-19 1.068117746666668051e-19 1.068117746666668051e-19 1.068117746666668051e-19 1.068117746666668051e-19 1.068117746666668051e-19 1.068117746666668051e-19 1.068117746666668051e-19 1.068117746666668051e-19 1.068117746666668051e-19 1.068117746666668051e-19 1.068117746666668051e-19 1.068117746666668051e-19 1.068117746666668051e-19 1.068117746666668051e-19 1.068117746666668051e-19 1.068117746666668051e-19 1.068117746666668051e-19 1.068117746666668051e-19 1.068117746666668051e-19 1.068117746666668051e-19 1.068117746666668051e-19 1.068117746666668051e-19 1.068117746666668051e-19 1.068117746666668051e-19 1.068117746666668051e-19 1.068117746666668051e-19 1.068117746666668051e-19 1.068117746666668051e-19 1.068117746666668051e-19 1.068117746666668051e-19 1.068117746666668051e-19 1.068117746666668051e-19 1.068117746666668051e-19 1.068117746666668051e-19 1.068117746666668051e-19 1.068117746666668051e-19 1.068117746666668051e-19 1.068117746666668051e-19 1.068117746666668051e-19 1.068117746666668051e-19 1.068117746666668051e-19 1.068117746666668051e-19 1.068117746666668051e-19 1.068117746666668051e-19 1.068117746666668051e-19 1.068117746666668051e-19 1.068117746666668051e-19 1.068117746666668051e-19 1.068117746666668051e-19 1.068117746666668051e-19 1.068117746666668051e-19 1.068117746666668051e-19 1.068117746666668051e-19 1.068117746666668051e-19
-3.035307603131486080e-19 -3.035307603131486080e-19 -3.035307603131486080e-19 -3.035307603131486080e-19 -3.035307603131486080e-19 -3.035307603131486080e-19 -3.035307603131486080e-19 -3.035307603131486080e-19 -3.035307603131486080e-19 -3.035307603131486080e-19 -3.035307603131486080e-19 -3.035307603131486080e-19 -3.035307603131486080e-19 -3.035307603131486080e-19 -3.035307603131486080e-19 -3.035307603131486080e-19 -3.035307603131486080e-19 -3.035307603131486080e-19 -3.035307603131374857e-19 -2.857499802654867322e-19 -2.857499802654867322e-19 -2.857499802654867322e-19 -2.857499802654867322e-19 -2.857499802654867322e-19 -2.857499802654867322e-19 -2.857499802654867322e-19 -2.857499802654867322e-19 -2.857499802654867322e-19 -2.787773066002484992e-19 -2.778089134409432523e-19 -2.778089134409432523e-19 -2.778089131007866611e-19 -2.542649342741378248e-19 -2.542649342741378248e-19 -2.542649342741378248e-19 -2.542649342741378248e-19 -2.542649342741378248e-19 -2.526180414468334588e-19 -2.243860070680609984e-19 -2.243860070680608539e-19 -2.243860070680608539e-19 -1.917586737534573978e-19 -1.917586627554227744e-19 -1.917586627554227744e-19 -1.917586627554227744e-19 -1.917586627554227744e-19 -1.824012593004710801e-19 -1.824012593004710801e-19 -1.824012593004710801e-19 -1.824012592365003781e-19 -1.774679473504795686e-19 -1.774679473504795686e-19 -1.774679473504795686e-19 -1.774679473504795686e-19 -1.774679473504795686e-19 -1.774680837110026502e-19 -1.774763732680735975e-19 -1.774763732680735975e-19 -1.774763732680735975e-19 -1.746667687187702850e-19 -9.856518961947427398e-20 -9.856493283336232751e-20 -9.856493283336232751e-20 -9.791033230087469686e-20 1.574398897834957102e-34 1.429216778961318568e-34 1.429216778961318568e-34 1.429216778961318568e-34 1.429216778961318568e-34 1.429216778961318568e-34 1.156291602947380959e-34 1.156291602947380959e-34 1.156291602947380959e-34 3.293135857302704554e-34 3.432945383781742716e-34 3.432945383781742716e-34 2.152669938303028555e-34 3.044287236406605694e-34 3.044287236406605694e-34 3.044287236406605694e-34 3.044287236406605694e-34 3.044287236406605694e-34 3.044287236406605694e-34 3.044287236406605694e-34 3.044287236406605694e-34 3.044287236406605694e-34 1.068117746666668051e-19 1.068117746666668051e-19 1.068117746666668051e-19 1.068117746666668051e-19 1.068117746666668051e-19 1.068117746666668051e-19 1.068117746666668051e-19 1.068117746666668051e-19 1.068117746666668051e-19 1.068117746666668051e-19 1.068117746666668051e-19 1.068117746666668051e-19 1.068117746666668051e-19 1.068117746666668051e-19 1.068117746666668051e-19 1.068117746666668051e-19 1.068117746666668051e-19 1.068117746666668051e-19 1.068117746666668051e-19 1.068117746666668051e-19 1.068117746666668051e-19 1.068117746666668051e-19 1.068117746666668051e-19 1.068117746666668051e-19 1.068117746666668051e-19 1.068117746666668051e-19 1.068117746666668051e-19 1.068117746666668051e-19 1.068117746666668051e-19 1.068117746666668051e-19 1.068117746666668051e-19 1.068117746666668051e-19 1.068117746666668051e-19 1.068117746666668051e-19 1.068117746666668051e-19 1.068117746666668051e-19 1.068117746666668051e-19 1.068117746666668051e-19 1.068117746666668051e-19 1.068117746666668051e-19 1.068117746666668051e-19 1.068117746666668051e-19 1.068117746666668051e-19 1.068117746666668051e-19 1.068117746666668051e-19 1.068117746666668051e-19 1.068117746666668051e-19 1.068117746666668051e-19 1.068117746666668051e-19 1.068117746666668051e-19 1.068117746666668051e-19 1.068117746666668051e-19 1.068117746666668051e-19 1.068117746666668051e-19 1.068117746666668051e-19 1.068117746666668051e-19 1.068117746666668051e-19 1.068117746666668051e-19 1.068117746666668051e-19 1.068117746666668051e-19 1.068117746666668051e-19 1.068117746666668051e-19 1.068117746666668051e-19 1.068117746666668051e-19
-3.035307603131486080e-19 -3.035307603131486080e-19 -3.035307603131486080e-19 -3.035307603131486080e-19 -3.035307603131486080e-19 -3.035307603131486080e-19 -3.035307603131486080e-19 -3.035307603131486080e-19 -3.035307603131486080e-19 -3.035307603131486080e-19 -3.035307603131486080e-19 -3.035307603131486080e-19 -3.035307603131486080e-19 -3.035307603131486080e-19 -3.035307603131486080e-19 -3.035307603131486080e-19 -3.035307603131486080e-19 -3.035307603131486080e-19 -3.035307603131486080e-19 -2.858147449418358887e-19 -2.857499802654867322e-19 -2.857499802654867322e-19 -2.857499802654867322e-19 -2.857499802654867322e-19 -2.857499802654867322e-19 -2.857499802654867322e-19 -2.857499802654867322e-19 -2.857499802654867322e-19 -2.857499802654867322e-19 -2.778089134409433005e-19 -2.778089134409432523e-19 -2.778089134409432523e-19 -2.542649381318032849e-19 -2.542649342741378248e-19 -2.542649342741378248e-19 -2.542649342741378248e-19 -2.542649342741378248e-19 -2.542649342708956180e-19 -2.526180414468334588e-19 -2.243860070680608539e-19 -2.243860070680608539e-19 -2.243860070680608539e-19 -1.917586627554227744e-19 -1.917586627554227744e-19 -1.917586627554227744e-19 -1.917586627554227744e-19 -1.917586627554293948e-19 -1.824012593004710801e-19 -1.824012593004710801e-19 -1.824012593004710801e-19 -1.774679482231171263e-19 -1.774679473504795686e-19 -1.774679473504795686e-19 -1.774679473504795686e-19 -1.774679473504795686e-19 -1.774679473504795686e-19 -1.774763695000957338e-19 -1.774763732680735975e-19 -1.774763732680735975e-19 -1.774763732680736457e-19 -1.746667687187702850e-19 -9.856493283336232751e-20 -9.856493283336232751e-20 -9.856493283336232751e-20 -3.385049177878343867e-32 1.574398897834957102e-34 1.429216778961318568e-34 1.429216778961318568e-34 1.429216778961318568e-34 1.429216778961318568e-34 1.429216778961318568e-34 1.156291602947380959e-34 1.156291602947380959e-34 1.156291602947380959e-34 3.432945383781742716e-34 3.432945383781742716e-34 3.432945383781742716e-34 3.044287236406605694e-34 3.044287236406605694e-34 3.044287236406605694e-34 3.044287236406605694e-34 3.044287236406605694e-34 3.044287236406605694e-34 3.044287236406605694e-34 3.044287236406605694e-34 3.044287236406605694e-34 3.044287236406605694e-34 1.068117746666668051e-19 1.068117746666668051e-19 1.068117746666668051e-19 1.068117746666668051e-19 1.068117746666668051e-19 1.068117746666668051e-19 1.068117746666668051e-19 1.068117746666668051e-19 1.068117746666668051e-19 1.068117746666668051e-19 1.068117746666668051e-19 1.068117746666668051e-19 1.068117746666668051e-19 1.068117746666668051e-19 1.068117746666668051e-19 1.068117746666668051e-19 1.068117746666668051e-19 1.068117746666668051e-19 1.068117746666668051e-19 1.068117746666668051e-19 1.068117746666668051e-19 1.068117746666668051e-19 1.068117746666668051e-19 1.068117746666668051e-19 1.068117746666668051e-19 1.068117746666668051e-19 1.068117746666668051e-19 1.068117746666668051e-19 1.068117746666668051e-19 1.068117746666668051e-19 1.068117746666668051e-19 1.068117746666668051e-19 1.068117746666668051e-19 1.068117746666668051e-19 1.068117746666668051e-19 1.068117746666668051e-19 1.068117746666668051e-19 1.068117746666668051e-19 1.068117746666668051e-19 1.068117746666668051e-19 1.068117746666668051e-19 1.068117746666668051e-19 1.068117746666668051e-19 1.068117746666668051e-19 1.068117746666668051e-19 1.068117746666668051e-19 1.068117746666668051e-19 1.068117746666668051e-19 1.068117746666668051e-19 1.068117746666668051e-19 1.068117746666668051e-19 1.068117746666668051e-19 1.068117746666668051e-19 1.068117746666668051e-19 1.068117746666668051e-19 1.068117746666668051e-19 1.068117746666668051e-19 1.068117746666668051e-19 1.068117746666668051e-19 1.068117746666668051e-19 1.068117746666668051e-19 1.068117746666668051e-19 1.068117746666668051e-19
-3.035307381666361140e-19 -3.035307381666361140e-19 -3.035307381666361140e-19 -3.035307381666361140e-19 -3.035307381666361140e-19 -3.035307381666361140e-19 -3.035307381666361140e-19 -3.035307381666361140e-19 -3.035307381666361140e-19 -3.035307381666361140e-19 -3.035307381666361140e-19 -3.035307381666361140e-19 -3.035307381666361140e-19 -3.035307381666361140e-19 -3.035307381666361140e-19 -3.035307381666361140e-19 -3.035307381666361140e-19 -3.035307381666361140e-19 -3.035307381666361140e-19 -3.035307381666361140e-19 -2.857499571435726698e-19 -2.857499571435726698e-19 -2.857499571435726698e-19 -2.857499571435726698e-19 -2.857499571435726698e-19 -2.857499571435726698e-19 -2.857499571435726698e-19 -2.857499571435726698e-19 -2.857499571435726698e-19 -2.857499571435726698e-19 -2.778088884861612878e-19 -2.778088884861612878e-19 -2.778088884861612878e-19 -2.542649065447046524e-19 -2.542649065447046524e-19 -2.542649065447046524e-19 -2.542649065447046524e-19 -2.542649065447046524e-19 -2.526180164968883710e-19 -2.526180145692370785e-19 -2.243859838783611833e-19 -2.243859838783611833e-19 -2.243859838783611833e-19 -1.917586280913268495e-19 -1.917586280913268495e-19 -1.917586280913268495e-19 -1.917586280913268495e-19 -1.930327242409104021e-19 -1.824012297717102923e-19 -1.824012297717102923e-19 -1.824012297717102923e-19 -1.774679052143794551e-19 -1.774679052143794551e-19 -1.774679052143794551e-19 -1.774679052143794551e-19 -1.774679052143794551e-19 -1.774679052143794551e-19 -1.774763307083514224e-19 -1.774763307083514224e-19 -1.774763307083514224e-19 -1.752661082534626467e-19 -1.746667142483277562e-19 -9.856493283336229140e-20 -9.856493283336229140e-20 -9.856493283336229140e-20 1.832722087582642518e-34 2.375099051243363604e-34 2.718205082418891951e-34 2.718205082418891951e-34 2.718205082418891951e-34 2.718205082418891951e-34 2.223657525266469894e-34 2.223657525266469894e-34 2.223657525266469894e-34 2.223657525266469894e-34 2.933774027572712095e-34 2.933774027572712095e-34 2.933774027572712095e-34 3.069588704869984959e-34 3.069588704869984959e-34 3.069588704869984959e-34 3.069588704869984959e-34 3.069588704869984959e-34 3.069588704869984959e-34 3.069588704869984959e-34 3.069588704869984959e-34 3.069588704869984959e-34 7.788778818300045708e-33 1.068118487296744036e-19 1.068118487296744036e-19 1.068118487296744036e-19 1.068118487296744036e-19 1.068118487296744036e-19 1.068118487296744036e-19 1.068118487296744036e-19 1.068118487296744036e-19 1.068118487296744036e-19 1.068118487296744036e-19 1.068118487296744036e-19 1.068118487296744036e-19 1.068118487296744036e-19 1.068118487296744036e-19 1.068118487296744036e-19 1.068118487296744036e-19 1.068118487296744036e-19 1.068118487296744036e-19 1.068118487296744036e-19 1.068118487296744036e-19 1.068118487296744036e-19 1.068118487296744036e-19 1.068118487296744036e-19 1.068118487296744036e-19 1.068118487296744036e-19 1.068118487296744036e-19 1.068118487296744036e-19 1.068118487296744036e-19 1.068118487296744036e-19 1.068118487296744036e-19 1.068118487296744036e-19 1.068118487296744036e-19 1.068118487296744036e-19 1.068118487296744036e-19 1.068118487296744036e-19 1.068118487296744036e-19 1.068118487296744036e-19 1.068118487296744036e-19 1.068118487296744036e-19 1.068118487296744036e-19 1.068118487296744036e-19 1.068118487296744036e-19 1.068118487296744036e-19 1.068118487296744036e-19 1.068118487296744036e-19 1.068118487296744036e-19 1.068118487296744036e-19 1.068118487296744036e-19 1.068118487296744036e-19 1.068118487296744036e-19 1.068118487296744036e-19 1.068118487296744036e-19 1.068118487296744036e-19 1.068118487296744036e-19 1.068118487296744036e-19 1.068118487296744036e-19 1.068118487296744036e-19 1.068118487296744036e-19 1.068118487296744036e-19 1.068118487296744036e-19 1.068118487296744036e-19 1.068118487296744036e-19
-2.765562994550559363e-19 -2.765562994550559363e-19 -2.765562994550559363e-19 -2.765562994550559363e-19 -2.765562994550559363e-19 -2.765562994550559363e-19 -2.765562994550559363e-19 -2.765562994550559363e-19 -2.765562994550559363e-19 -2.765562994550559363e-19 -2.765562994550559363e-19 -2.765562994550559363e-19 -2.765562994550559363e-19 -2.765562994550559363e-19 -2.765562994550559363e-19 -2.765562994550559363e-19 -2.765562994550559363e-19 -2.765562994550559363e-19 -2.765562994550559363e-19 -2.765562994550559363e-19 -2.765562994550559363e-19 -2.563549241005474602e-19 -2.563549241005474602e-19 -2.563549241005474602e-19 -2.563549241005474602e-19 -2.563549241005474602e-19 -2.563549241005474602e-19 -2.563549241005474602e-19 -2.563549241005474602e-19 -2.563549241005474602e-19 -2.563549241005474602e-19 -2.471591404718954174e-19 -2.471591404718954174e-19 -2.471591404718954174e-19 -2.176843502575452409e-19 -2.176843502575452409e-19 -2.176843502575452409e-19 -2.176843502575452409e-19 -2.176843502575452409e-19 -2.164689925967661039e-19 -2.164689925797622610e-19 -1.872338551213266910e-19 -1.872338551213266910e-19 -1.872338551213266910e-19 -1.333437445687696476e-19 -1.333437445687696476e-19 -1.333437445687696476e-19 -1.333437445687696476e-19 -1.333728010402343440e-19 -1.293912974166813007e-19 -1.293912974166813007e-19 -1.293912974166813007e-19 -1.293912974166811803e-19 -1.293912974166811803e-19 -1.293912974166811803e-19 -1.293912974166811803e-19 -1.293912974166811803e-19 -1.293912974166812044e-19 -1.293912974166812044e-19 -1.293912974166812044e-19 -1.293912974166812044e-19 -1.293912974166811562e-19 -1.293912974166810840e-19 -9.856493283336230344e-20 -9.856493283336230344e-20 -9.856493283336230344e-20 2.164202397261161337e-34 1.698060747623501161e-34 1.886679816580615951e-34 1.886679816580615951e-34 1.886679816580615951e-34 1.886679816580615951e-34 2.364543691520833098e-34 2.364543691520833098e-34 2.364543691520833098e-34 8.756153372483748745e-35 2.503329892300224265e-34 2.503329892300224265e-34 3.765835599878534132e-34 2.449214615693528461e-34 2.449214615693528461e-34 2.449214615693528461e-34 2.449214615693528461e-34 2.449214615693528461e-34 2.449214615693528461e-34 2.449214615693528461e-34 2.449214615693528461e-34 2.449214615693528461e-34 1.425096320037695563e-19 1.457001610986396829e-19 1.457001610986396829e-19 1.457001610986396829e-19 1.457001610986396829e-19 1.457001610986396829e-19 1.457001610986396829e-19 1.457001610986396829e-19 1.457001610986396829e-19 1.457001610986396829e-19 1.457001610986396829e-19 1.457001610986396829e-19 1.457001610986396829e-19 1.457001610986396829e-19 1.457001610986396829e-19 1.457001610986396829e-19 1.457001610986396829e-19 1.457001610986396829e-19 1.457001610986396829e-19 1.457001610986396829e-19 1.457001610986396829e-19 1.457001610986396829e-19 1.457001610986396829e-19 1.457001610986396829e-19 1.457001610986396829e-19 1.457001610986396829e-19 1.457001610986396829e-19 1.457001610986396829e-19 1.457001610986396829e-19 1.457001610986396829e-19 1.457001610986396829e-19 1.457001610986396829e-19 1.457001610986396829e-19 1.457001610986396829e-19 1.457001610986396829e-19 1.457001610986396829e-19 1.457001610986396829e-19 1.457001610986396829e-19 1.457001610986396829e-19 1.457001610986396829e-19 1.457001610986396829e-19 1.457001610986396829e-19 1.457001610986396829e-19 1.457001610986396829e-19 1.457001610986396829e-19 1.457001610986396829e-19 1.457001610986396829e-19 1.457001610986396829e-19 1.457001610986396829e-19 1.457001610986396829e-19 1.457001610986396829e-19 1.457001610986396829e-19 1.457001610986396829e-19 1.457001610986396829e-19 1.457001610986396829e-19 1.457001610986396829e-19 1.457001610986396829e-19 1.457001610986396829e-19 1.457001610986396829e-19 1.457001610986396829e-19 1.457001610986396829e-19 1.457001610986396829e-19
-2.765562994550559363e-19 -2.765562994550559363e-19 -2.765562994550559363e-19 -2.765562994550559363e-19 -2.765562994550559363e-19 -2.765562994550559363e-19 -2.765562994550559363e-19 -2.765562994550559363e-19 -2.765562994550559363e-19 -2.765562994550559363e-19 -2.765562994550559363e-19 -2.765562994550559363e-19 -2.765562994550559363e-19 -2.765562994550559363e-19 -2.765562994550559363e-19 -2.765562994550559363e-19 -2.765562994550559363e-19 -2.765562994550559363e-19 -2.765562994550559363e-19 -2.765562994550559363e-19 -2.765562994550559363e-19 -2.765562994550559363e-19 -2.563549241005474602e-19 -2.563549241005474602e-19 -2.563549241005474602e-19 -2.563549241005474602e-19 -2.563549241005474602e-19 -2.563549241005474602e-19 -2.563549241005474602e-19 -2.563549241005474602e-19 -2.563549241005474602e-19 -2.563549227797468710e-19 -2.471591404718954174e-19 -2.471591404718954174e-19 -2.471591404718954174e-19 -2.176843502575452409e-19 -2.176843502575452409e-19 -2.176843502575452409e-19 -2.176843502575452409e-19 -2.176843502575452409e-19 -2.164689925967661039e-19 -1.872339710358914343e-19 -1.872338551213266910e-19 -1.872338551213266910e-19 -1.870966481909187468e-19 -1.333437445687696476e-19 -1.333437445687696476e-19 -1.333437445687696476e-19 -1.333437445687696476e-19 -1.293912974166812044e-19 -1.293912974166813007e-19 -1.293912974166813007e-19 -1.293912974166813007e-19 -1.293912974166811803e-19 -1.293912974166811803e-19 -1.293912974166811803e-19 -1.293912974166811803e-19 -1.293912974166811803e-19 -1.293912974166813247e-19 -1.293912974166812044e-19 -1.293912974166812044e-19 -1.293912974166812044e-19 -1.293912974166810840e-19 -1.293823454073815346e-19 -9.856493283336230344e-20 -9.856493283336230344e-20 -9.856493283283675327e-20 2.164202397261161337e-34 1.886679816580688009e-34 1.886679816580615951e-34 1.886679816580615951e-34 1.886679816580615951e-34 1.886679816580615951e-34 2.364543691520833098e-34 2.364543691520833098e-34 2.364543691520833098e-34 2.889160822887897236e-34 2.503329892300224265e-34 2.503329892300224265e-34 2.072109258155127797e-34 2.449214615693528461e-34 2.449214615693528461e-34 2.449214615693528461e-34 2.449214615693528461e-34 2.449214615693528461e-34 2.449214615693528461e-34 2.449214615693528461e-34 2.449214615693528461e-34 2.449214615693528461e-34 1.457001610986398032e-19 1.457001610986396829e-19 1.457001610986396829e-19 1.457001610986396829e-19 1.457001610986396829e-19 1.457001610986396829e-19 1.457001610986396829e-19 1.457001610986396829e-19 1.457001610986396829e-19 1.457001610986396829e-19 1.457001610986396829e-19 1.457001610986396829e-19 1.457001610986396829e-19 1.457001610986396829e-19 1.457001610986396829e-19 1.457001610986396829e-19 1.457001610986396829e-19 1.457001610986396829e-19 1.457001610986396829e-19 1.457001610986396829e-19 1.457001610986396829e-19 1.457001610986396829e-19 1.457001610986396829e-19 1.457001610986396829e-19 1.457001610986396829e-19 1.457001610986396829e-19 1.457001610986396829e-19 1.457001610986396829e-19 1.457001610986396829e-19 1.457001610986396829e-19 1.457001610986396829e-19 1.457001610986396829e-19 1.457001610986396829e-19 1.457001610986396829e-19 1.457001610986396829e-19 1.457001610986396829e-19 1.457001610986396829e-19 1.457001610986396829e-19 1.457001610986396829e-19 1.457001610986396829e-19 1.457001610986396829e-19 1.457001610986396829e-19 1.457001610986396829e-19 1.457001610986396829e-19 1.457001610986396829e-19 1.457001610986396829e-19 1.457001610986396829e-19 1.457001610986396829e-19 1.457001610986396829e-19 1.457001610986396829e-19 1.457001610986396829e-19 1.457001610986396829e-19 1.457001610986396829e-19 1.457001610986396829e-19 1.457001610986396829e-19 1.457001610986396829e-19 1.457001610986396829e-19 1.457001610986396829e-19 1.457001610986396829e-19 1.457001610986396829e-19 1.457001610986396829e-19
-2.765562994550559363e-19 -2.765562994550559363e-19 -2.765562994550559363e-19 -2.765562994550559363e-19 -2.765562994550559363e-19 -2.765562994550559363e-19 -2.765562994550559363e-19 -2.765562994550559363e-19 -2.765562994550559363e-19 -2.765562994550559363e-19 -2.765562994550559363e-19 -2.765562994550559363e-19 -2.765562994550559363e-19 -2.765562994550559363e-19 -2.765562994550559363e-19 -2.765562994550559363e-19 -2.765562994550559363e-19 -2.765562994550559363e-19 -2.765562994550559363e-19 -2.765562994550559363e-19 -2.765562994550559363e-19 -2.765562994550559363e-19 -2.765562950612538056e-19 -2.563549241005474602e-19 -2.563549241005474602e-19 -2.563549241005474602e-19 -2.563549241005474602e-19 -2.563549241005474602e-19 -2.563549241005474602e-19 -2.563549241005474602e-19 -2.563549241005474602e-19 -2.563549241005474602e-19 -2.471591458573803505e-19 -2.471591404718954174e-19 -2.471591404718954174e-19 -2.470108042020814668e-19 -2.176843502575452409e-19 -2.176843502575452409e-19 -2.176843502575452409e-19 -2.176843502575452409e-19 -2.176843502575452409e-19 -2.164689925967661039e-19 -1.872338551213266910e-19 -1.872338551213266910e-19 -1.872338551213266910e-19 -1.333437445688338052e-19 -1.333437445687696476e-19 -1.333437445687696476e-19 -1.333437445687696476e-19 -1.333437445687696476e-19 -1.293912974166813007e-19 -1.293912974166813007e-19 -1.293912974166813007e-19 -1.293912974166811803e-19 -1.293912974166811803e-19 -1.293912974166811803e-19 -1.293912974166811803e-19 -1.293912974166811803e-19 -1.293912974166811803e-19 -1.293912974166811562e-19 -1.293912974166812044e-19 -1.293912974166812044e-19 -1.293912974166812044e-19 -1.293912974166810840e-19 -9.856493283360696876e-20 -9.856493283336230344e-20 -9.856493283336230344e-20 -4.257236712236748594e-23 2.164202397261161337e-34 1.886679816580615951e-34 1.886679816580615951e-34 1.886679816580615951e-34 1.886679816580615951e-34 1.886679816580615951e-34 2.364543691520833098e-34 2.364543691520833098e-34 2.364543691520833098e-34 3.609801517195867256e-34 2.503329892300224265e-34 2.503329892300224265e-34 2.449214615693528461e-34 2.449214615693528461e-34 2.449214615693528461e-34 2.449214615693528461e-34 2.449214615693528461e-34 2.449214615693528461e-34 2.449214615693528461e-34 2.449214615693528461e-34 2.449214615693528461e-34 2.449214615693528461e-34 1.457001610986396829e-19 1.457001610986396829e-19 1.457001610986396829e-19 1.457001610986396829e-19 1.457001610986396829e-19 1.457001610986396829e-19 1.457001610986396829e-19 1.457001610986396829e-19 1.457001610986396829e-19 1.457001610986396829e-19 1.457001610986396829e-19 1.457001610986396829e-19 1.457001610986396829e-19 1.457001610986396829e-19 1.457001610986396829e-19 1.457001610986396829e-19 1.457001610986396829e-19 1.457001610986396829e-19 1.457001610986396829e-19 1.457001610986396829e-19 1.457001610986396829e-19 1.457001610986396829e-19 1.457001610986396829e-19 1.457001610986396829e-19 1.457001610986396829e-19 1.457001610986396829e-19 1.457001610986396829e-19 1.457001610986396829e-19 1.457001610986396829e-19 1.457001610986396829e-19 1.457001610986396829e-19 1.457001610986396829e-19 1.457001610986396829e-19 1.457001610986396829e-19 1.457001610986396829e-19 1.457001610986396829e-19 1.457001610986396829e-19 1.457001610986396829e-19 1.457001610986396829e-19 1.457001610986396829e-19 1.457001610986396829e-19 1.457001610986396829e-19 1.457001610986396829e-19 1.457001610986396829e-19 1.457001610986396829e-19 1.457001610986396829e-19 1.457001610986396829e-19 1.457001610986396829e-19 1.457001610986396829e-19 1.457001610986396829e-19 1.457001610986396829e-19 1.457001610986396829e-19 1.457001610986396829e-19 1.457001610986396829e-19 1.457001610986396829e-19 1.457001610986396829e-19 1.457001610986396829e-19 1.457001610986396829e-19 1.457001610986396829e-19 1.457001610986396829e-19
-2.765562994550559363e-19 -2.765562994550559363e-19 -2.765562994550559363e-19 -2.765562994550559363e-19 -2.765562994550559363e-19 -2.765562994550559363e-19 -2.765562994550559363e-19 -2.765562994550559363e-19 -2.765562994550559363e-19 -2.765562994550559363e-19 -2.765562994550559363e-19 -2.765562994550559363e-19 -2.765562994550559363e-19 -2.765562994550559363e-19 -2.765562994550559363e-19 -2.765562994550559363e-19 -2.765562994550559363e-19 -2.765562994550559363e-19 -2.765562994550559363e-19 -2.765562994550559363e-19 -2.765562994550559363e-19 -2.765562994550559363e-19 -2.765562994550559363e-19 -2.563549243146522255e-19 -2.563549241005474602e-19 -2.563549241005474602e-19 -2.563549241005474602e-19 -2.563549241005474602e-19 -2.563549241005474602e-19 -2.563549241005474602e-19 -2.563549241005474602e-19 -2.563549241005474602e-19 -2.563549241005474602e-19 -2.471591404718954174e-19 -2.471591404718954174e-19 -2.471591404718954174e-19 -2.176843502575589632e-19 -2.176843502575452409e-19 -2.176843502575452409e-19 -2.176843502575452409e-19 -2.176843502575452409e-19 -2.176835243681229708e-19 -2.164689925967661039e-19 -1.872338551213266910e-19 -1.872338551213266910e-19 -1.872338551213266910e-19 -1.333437445687696476e-19 -1.333437445687696476e-19 -1.333437445687696476e-19 -1.333437445687696476e-19 -1.333437493208006942e-19 -1.293912974166813007e-19 -1.293912974166813007e-19 -1.293912974166813007e-19 -1.293912974166812525e-19 -1.293912974166811803e-19 -1.293912974166811803e-19 -1.293912974166811803e-19 -1.293912974166811803e-19 -1.293912974166811803e-19 -1.293912974166812525e-19 -1.293912974166812044e-19 -1.293912974166812044e-19 -1.293912974166812044e-19 -1.293912974166810840e-19 -9.856493283336230344e-20 -9.856493283336230344e-20 -9.856493283336230344e-20 2.162239544009703271e-34 1.975869411450298496e-34 1.886679816580615951e-34 1.886679816580615951e-34 1.886679816580615951e-34 1.886679816580615951e-34 2.364543691520833098e-34 2.364543691520833098e-34 2.364543691520833098e-34 2.364543691520833098e-34 2.503329892300224265e-34 2.503329892300224265e-34 2.503329892300224265e-34 2.449214615693528461e-34 2.449214615693528461e-34 2.449214615693528461e-34 2.449214615693528461e-34 2.449214615693528461e-34 2.449214615693528461e-34 2.449214615693528461e-34 2.449214615693528461e-34 2.449214615693528461e-34 2.449214615693528461e-34 1.457001610986396829e-19 1.457001610986396829e-19 1.457001610986396829e-19 1.457001610986396829e-19 1.457001610986396829e-19 1.457001610986396829e-19 1.457001610986396829e-19 1.457001610986396829e-19 1.457001610986396829e-19 1.457001610986396829e-19 1.457001610986396829e-19 1.457001610986396829e-19 1.457001610986396829e-19 1.457001610986396829e-19 1.457001610986396829e-19 1.457001610986396829e-19 1.457001610986396829e-19 1.457001610986396829e-19 1.457001610986396829e-19 1.457001610986396829e-19 1.457001610986396829e-19 1.457001610986396829e-19 1.457001610986396829e-19 1.457001610986396829e-19 1.457001610986396829e-19 1.457001610986396829e-19 1.457001610986396829e-19 1.457001610986396829e-19 1.457001610986396829e-19 1.457001610986396829e-19 1.457001610986396829e-19 1.457001610986396829e-19 1.457001610986396829e-19 1.457001610986396829e-19 1.457001610986396829e-19 1.457001610986396829e-19 1.457001610986396829e-19 1.457001610986396829e-19 1.457001610986396829e-19 1.457001610986396829e-19 1.457001610986396829e-19 1.457001610986396829e-19 1.457001610986396829e-19 1.457001610986396829e-19 1.457001610986396829e-19 1.457001610986396829e-19 1.457001610986396829e-19 1.457001610986396829e-19 1.457001610986396829e-19 1.457001610986396829e-19 1.457001610986396829e-19 1.457001610986396829e-19 1.457001610986396829e-19 1.457001610986396829e-19 1.457001610986396829e-19 1.457001610986396829e-19 1.457001610986396829e-19 1.457001610986396829e-19 1.457001610986396829e-19
-2.765562994550559363e-19 -2.765562994550559363e-19 -2.765562994550559363e-19 -2.765562994550559363e-19 -2.765562994550559363e-19 -2.765562994550559363e-19 -2.765562994550559363e-19 -2.765562994550559363e-19 -2.765562994550559363e-19 -2.765562994550559363e-19 -2.765562994550559363e-19 -2.765562994550559363e-19 -2.765562994550559363e-19 -2.765562994550559363e-19 -2.765562994550559363e-19 -2.765562994550559363e-19 -2.765562994550559363e-19 -2.765562994550559363e-19 -2.765562994550559363e-19 -2.765562994550559363e-19 -2.765562994550559363e-19 -2.765562994550559363e-19 -2.765562994550559363e-19 -2.765562994550559363e-19 -2.563549241005474602e-19 -2.563549241005474602e-19 -2.563549241005474602e-19 -2.563549241005474602e-19 -2.563549241005474602e-19 -2.563549241005474602e-19 -2.563549241005474602e-19 -2.563549241005474602e-19 -2.563549241005474602e-19 -2.563549241005474602e-19 -2.471591404718954174e-19 -2.471591404718954174e-19 -2.471591404718954174e-19 -2.176843502575452409e-19 -2.176843502575452409e-19 -2.176843502575452409e-19 -2.176843502575452409e-19 -2.176843502575452409e-19 -2.164689925967701965e-19 -2.164689925967661039e-19 -1.872338551213266910e-19 -1.872338551213266910e-19 -1.872338551213266910e-19 -1.333437445687696476e-19 -1.333437445687696476e-19 -1.333437445687696476e-19 -1.333437445687696476e-19 -1.360663497836273139e-19 -1.293912974166813007e-19 -1.293912974166813007e-19 -1.293912974166813007e-19 -1.293912974166811803e-19 -1.293912974166811803e-19 -1.293912974166811803e-19 -1.293912974166811803e-19 -1.293912974166811803e-19 -1.293912974166811562e-19 -1.293912974166812044e-19 -1.293912974166812044e-19 -1.293912974166812044e-19 -1.293912974166813007e-19 -1.293912974166810840e-19 -9.856493283336230344e-20 -9.856493283336230344e-20 -9.856493283336230344e-20 2.164202397261161337e-34 2.286208719317120401e-34 1.886679816580615951e-34 1.886679816580615951e-34 1.886679816580615951e-34 1.886679816580615951e-34 1.886679816580615951e-34 1.886679816580615951e-34 1.886679816580615951e-34 1.892017334778222185e-34 2.342789833504531516e-34 2.342789833504531516e-34 2.342789833504531516e-34 1.980291053401440040e-34 1.980291053401440040e-34 1.980291053401440040e-34 1.980291053401440040e-34 1.980291053401440040e-34 1.980291053401440040e-34 1.980291053401440040e-34 1.980291053401440040e-34 1.980291053401440040e-34 5.190905645117193152e-27 1.457001610986397792e-19 1.457001610986397792e-19 1.457001610986397792e-19 1.457001610986397792e-19 1.457001610986397792e-19 1.457001610986397792e-19 1.457001610986397792e-19 1.457001610986397792e-19 1.457001610986397792e-19 1.457001610986397792e-19 1.457001610986397792e-19 1.457001610986397792e-19 1.457001610986397792e-19 1.457001610986397792e-19 1.457001610986397792e-19 1.457001610986397792e-19 1.457001610986397792e-19 1.457001610986397792e-19 1.457001610986397792e-19 1.457001610986397792e-19 1.457001610986397792e-19 1.457001610986397792e-19 1.457001610986397792e-19 1.457001610986397792e-19 1.457001610986397792e-19 1.457001610986397792e-19 1.457001610986397792e-19 1.457001610986397792e-19 1.457001610986397792e-19 1.457001610986397792e-19 1.457001610986397792e-19 1.457001610986397792e-19 1.457001610986397792e-19 1.457001610986397792e-19 1.457001610986397792e-19 1.457001610986397792e-19 1.457001610986397792e-19 1.457001610986397792e-19 1.457001610986397792e-19 1.457001610986397792e-19 1.457001610986397792e-19 1.457001610986397792e-19 1.457001610986397792e-19 1.457001610986397792e-19 1.457001610986397792e-19 1.457001610986397792e-19 1.457001610986397792e-19 1.457001610986397792e-19 1.457001610986397792e-19 1.457001610986397792e-19 1.457001610986397792e-19 1.457001610986397792e-19 1.457001610986397792e-19 1.457001610986397792e-19 1.457001610986397792e-19 1.457001610986397792e-19 1.457001610986397792e-19 1.457001610986397792e-19
-2.765562994550559363e-19 -2.765562994550559363e-19 -2.765562994550559363e-19 -2.765562994550559363e-19 -2.765562994550559363e-19 -2.765562994550559363e-19 -2.765562994550559363e-19 -2.765562994550559363e-19 -2.765562994550559363e-19 -2.765562994550559363e-19 -2.765562994550559363e-19 -2.765562994550559363e-19 -2.765562994550559363e-19 -2.765562994550559363e-19 -2.765562994550559363e-19 -2.765562994550559363e-19 -2.765562994550559363e-19 -2.765562994550559363e-19 -2.765562994550559363e-19 -2.765562994550559363e-19 -2.765562994550559363e-19 -2.765562994550559363e-19 -2.765562994550559363e-19 -2.765562994550559363e-19 -2.765562994550559363e-19 -2.563549241005474602e-19 -2.563549241005474602e-19 -2.563549241005474602e-19 -2.563549241005474602e-19 -2.563549241005474602e-19 -2.563549241005474602e-19 -2.563549241005474602e-19 -2.563549241005474602e-19 -2.563549241005474602e-19 -2.563549241005473639e-19 -2.471591404718954174e-19 -2.471591404718954174e-19 -2.471591404718954174e-19 -2.176843502575452409e-19 -2.176843502575452409e-19 -2.176843502575452409e-19 -2.176843502575452409e-19 -2.176843502575452409e-19 -2.164689925967661039e-19 -2.164631079519083276e-19 -1.872338551213266910e-19 -1.872338551213266910e-19 -1.872338551212169130e-19 -1.333437445687696476e-19 -1.333437445687696476e-19 -1.333437445687696476e-19 -1.333437445687696476e-19 -1.293913256960212056e-19 -1.293912974166813007e-19 -1.293912974166813007e-19 -1.293912974166813007e-19 -1.293912974166811803e-19 -1.293912974166811803e-19 -1.293912974166811803e-19 -1.293912974166811803e-19 -1.293912974166811803e-19 -1.293912974166810118e-19 -1.293912974166812044e-19 -1.293912974166812044e-19 -1.293912974166812044e-19 -1.293912974166810840e-19 -1.293912974166740544e-19 -9.856493283336230344e-20 -9.856493283336230344e-20 -9.856493283336230344e-20 2.164202397261161337e-34 1.886770386564976046e-34 1.886679816580615951e-34 1.886679816580615951e-34 1.886679816580615951e-34 1.886679816580615951e-34 1.886679816580615951e-34 1.886679816580615951e-34 1.886679816580615951e-34 1.763029714050647569e-34 2.342789833504531516e-34 2.342789833504531516e-34 3.503031189735669969e-34 1.980291053401440040e-34 1.980291053401440040e-34 1.980291053401440040e-34 1.980291053401440040e-34 1.980291053401440040e-34 1.980291053401440040e-34 1.980291053401440040e-34 1.980291053401440040e-34 1.980291053401440040e-34 1.457001516749861278e-19 1.457001610986397792e-19 1.457001610986397792e-19 1.457001610986397792e-19 1.457001610986397792e-19 1.457001610986397792e-19 1.457001610986397792e-19 1.457001610986397792e-19 1.457001610986397792e-19 1.457001610986397792e-19 1.457001610986397792e-19 1.457001610986397792e-19 1.457001610986397792e-19 1.457001610986397792e-19 1.457001610986397792e-19 1.457001610986397792e-19 1.457001610986397792e-19 1.457001610986397792e-19 1.457001610986397792e-19 1.457001610986397792e-19 1.457001610986397792e-19 1.457001610986397792e-19 1.457001610986397792e-19 1.457001610986397792e-19 1.457001610986397792e-19 1.457001610986397792e-19 1.457001610986397792e-19 1.457001610986397792e-19 1.457001610986397792e-19 1.457001610986397792e-19 1.457001610986397792e-19 1.457001610986397792e-19 1.457001610986397792e-19 1.457001610986397792e-19 1.457001610986397792e-19 1.457001610986397792e-19 1.457001610986397792e-19 1.457001610986397792e-19 1.457001610986397792e-19 1.457001610986397792e-19 1.457001610986397792e-19 1.457001610986397792e-19 1.457001610986397792e-19 1.457001610986397792e-19 1.457001610986397792e-19 1.457001610986397792e-19 1.457001610986397792e-19 1.457001610986397792e-19 1.457001610986397792e-19 1.457001610986397792e-19 1.457001610986397792e-19 1.457001610986397792e-19 1.457001610986397792e-19 1.457001610986397792e-19 1.457001610986397792e-19 1.457001610986397792e-19 1.457001610986397792e-19 1.457001610986397792e-19
-2.765562994550559363e-19 -2.765562994550559363e-19 -2.765562994550559363e-19 -2.765562994550559363e-19 -2.765562994550559363e-19 -2.765562994550559363e-19 -2.765562994550559363e-19 -2.765562994550559363e-19 -2.765562994550559363e-19 -2.765562994550559363e-19 -2.765562994550559363e-19 -2.765562994550559363e-19 -2.765562994550559363e-19 -2.765562994550559363e-19 -2.765562994550559363e-19 -2.765562994550559363e-19 -2.765562994550559363e-19 -2.765562994550559363e-19 -2.765562994550559363e-19 -2.765562994550559363e-19 -2.765562994550559363e-19 -2.765562994550559363e-19 -2.765562994550559363e-19 -2.765562994550559363e-19 -2.765562994550559363e-19 -2.765562994550558881e-19 -2.563549241005474602e-19 -2.563549241005474602e-19 -2.563549241005474602e-19 -2.563549241005474602e-19 -2.563549241005474602e-19 -2.563549241005474602e-19 -2.563549241005474602e-19 -2.563549241005474602e-19 -2.563549241005474602e-19 -2.559238341734485846e-19 -2.471591404718954174e-19 -2.471591404718954174e-19 -2.471591404717764431e-19 -2.176843502575452409e-19 -2.176843502575452409e-19 -2.176843502575452409e-19 -2.176843502575452409e-19 -2.176843502575452409e-19 -2.164689925967661039e-19 -1.872338551216615380e-19 -1.872338551213266910e-19 -1.872338551213266910e-19 -1.334241210120333116e-19 -1.333437445687696476e-19 -1.333437445687696476e-19 -1.333437445687696476e-19 -1.333437445687696476e-19 -1.293912974166813007e-19 -1.293912974166813007e-19 -1.293912974166813007e-19 -1.293912974166812525e-19 -1.293912974166811803e-19 -1.293912974166811803e-19 -1.293912974166811803e-19 -1.293912974166811803e-19 -1.293912974166811803e-19 -1.293912974166812525e-19 -1.293912974166812044e-19 -1.293912974166812044e-19 -1.293912974166812044e-19 -1.293912974166810840e-19 -9.886849031409791262e-20 -9.856493283336230344e-20 -9.856493283336230344e-20 -9.856475089250634878e-20 2.164202397261161337e-34 1.886679816580615951e-34 1.886679816580615951e-34 1.886679816580615951e-34 1.886679816580615951e-34 1.886679816580615951e-34 1.886679816580615951e-34 1.886679816580615951e-34 1.886679816580615951e-34 3.809157088684280022e-34 2.342789833504531516e-34 2.342789833504531516e-34 3.514981542887568264e-34 1.980291053401440040e-34 1.980291053401440040e-34 1.980291053401440040e-34 1.980291053401440040e-34 1.980291053401440040e-34 1.980291053401440040e-34 1.980291053401440040e-34 1.980291053401440040e-34 1.980291053401440040e-34 1.457001610986397792e-19 1.457001610986397792e-19 1.457001610986397792e-19 1.457001610986397792e-19 1.457001610986397792e-19 1.457001610986397792e-19 1.457001610986397792e-19 1.457001610986397792e-19 1.457001610986397792e-19 1.457001610986397792e-19 1.457001610986397792e-19 1.457001610986397792e-19 1.457001610986397792e-19 1.457001610986397792e-19 1.457001610986397792e-19 1.457001610986397792e-19 1.457001610986397792e-19 1.457001610986397792e-19 1.457001610986397792e-19 1.457001610986397792e-19 1.457001610986397792e-19 1.457001610986397792e-19 1.457001610986397792e-19 1.457001610986397792e-19 1.457001610986397792e-19 1.457001610986397792e-19 1.457001610986397792e-19 1.457001610986397792e-19 1.457001610986397792e-19 1.457001610986397792e-19 1.457001610986397792e-19 1.457001610986397792e-19 1.457001610986397792e-19 1.457001610986397792e-19 1.457001610986397792e-19 1.457001610986397792e-19 1.457001610986397792e-19 1.457001610986397792e-19 1.457001610986397792e-19 1.457001610986397792e-19 1.457001610986397792e-19 1.457001610986397792e-19 1.457001610986397792e-19 1.457001610986397792e-19 1.457001610986397792e-19 1.457001610986397792e-19 1.457001610986397792e-19 1.457001610986397792e-19 1.457001610986397792e-19 1.457001610986397792e-19 1.457001610986397792e-19 1.457001610986397792e-19 1.457001610986397792e-19 1.457001610986397792e-19 1.457001610986397792e-19 1.457001610986397792e-19 1.457001610986397792e-19
-2.765562994550559363e-19 -2.765562994550559363e-19 -2.765562994550559363e-19 -2.765562994550559363e-19 -2.765562994550559363e-19 -2.765562994550559363e-19 -2.765562994550559363e-19 -2.765562994550559363e-19 -2.765562994550559363e-19 -2.765562994550559363e-19 -2.765562994550559363e-19 -2.765562994550559363e-19 -2.765562994550559363e-19 -2.765562994550559363e-19 -2.765562994550559363e-19 -2.765562994550559363e-19 -2.765562994550559363e-19 -2.765562994550559363e-19 -2.765562994550559363e-19 -2.765562994550559363e-19 -2.765562994550559363e-19 -2.765562994550559363e-19 -2.765562994550559363e-19 -2.765562994550559363e-19 -2.765562994550559363e-19 -2.765562994550559363e-19 -2.751419089118935359e-19 -2.563549241005474602e-19 -2.563549241005474602e-19 -2.563549241005474602e-19 -2.563549241005474602e-19 -2.563549241005474602e-19 -2.563549241005474602e-19 -2.563549241005474602e-19 -2.563549241005474602e-19 -2.563549241005474602e-19 -2.471591404719109693e-19 -2.471591404718954174e-19 -2.471591404718954174e-19 -2.177014877866251671e-19 -2.176843502575452409e-19 -2.176843502575452409e-19 -2.176843502575452409e-19 -2.176843502575452409e-19 -2.176843502575446150e-19 -2.164689925967661039e-19 -1.872338551213266910e-19 -1.872338551213266910e-19 -1.872338551213266910e-19 -1.333437445687696236e-19 -1.333437445687696476e-19 -1.333437445687696476e-19 -1.333437445687696476e-19 -1.333437445687696236e-19 -1.293912974166813007e-19 -1.293912974166813007e-19 -1.293912974166813007e-19 -1.293912974166813247e-19 -1.293912974166811803e-19 -1.293912974166811803e-19 -1.293912974166811803e-19 -1.293912974166811803e-19 -1.293912974166811803e-19 -1.293912974166810359e-19 -1.293912974166812044e-19 -1.293912974166812044e-19 -1.293912974166812044e-19 -1.293912974166810840e-19 -9.856493283336232751e-20 -9.856493283336230344e-20 -9.856493283336230344e-20 -1.230426524177217641e-28 2.164202397261161337e-34 1.886679816580615951e-34 1.886679816580615951e-34 1.886679816580615951e-34 1.886679816580615951e-34 1.886679816580615951e-34 1.886679816580615951e-34 1.886679816580615951e-34 1.886679816580615951e-34 2.342789833504531516e-34 2.342789833504531516e-34 2.342789833504531516e-34 1.980291053401440040e-34 1.980291053401440040e-34 1.980291053401440040e-34 1.980291053401440040e-34 1.980291053401440040e-34 1.980291053401440040e-34 1.980291053401440040e-34 1.980291053401440040e-34 1.980291053401440040e-34 1.980291053401440040e-34 1.457001610986397792e-19 1.457001610986397792e-19 1.457001610986397792e-19 1.457001610986397792e-19 1.457001610986397792e-19 1.457001610986397792e-19 1.457001610986397792e-19 1.457001610986397792e-19 1.457001610986397792e-19 1.457001610986397792e-19 1.457001610986397792e-19 1.457001610986397792e-19 1.457001610986397792e-19 1.457001610986397792e-19 1.457001610986397792e-19 1.457001610986397792e-19 1.457001610986397792e-19 1.457001610986397792e-19 1.457001610986397792e-19 1.457001610986397792e-19 1.457001610986397792e-19 1.457001610986397792e-19 1.457001610986397792e-19 1.457001610986397792e-19 1.457001610986397792e-19 1.457001610986397792e-19 1.457001610986397792e-19 1.457001610986397792e-19 1.457001610986397792e-19 1.457001610986397792e-19 1.457001610986397792e-19 1.457001610986397792e-19 1.457001610986397792e-19 1.457001610986397792e-19 1.457001610986397792e-19 1.457001610986397792e-19 1.457001610986397792e-19 1.457001610986397792e-19 1.457001610986397792e-19 1.457001610986397792e-19 1.457001610986397792e-19 1.457001610986397792e-19 1.457001610986397792e-19 1.457001610986397792e-19 1.457001610986397792e-19 1.457001610986397792e-19 1.457001610986397792e-19 1.457001610986397792e-19 1.457001610986397792e-19 1.457001610986397792e-19 1.457001610986397792e-19 1.457001610986397792e-19 1.457001610986397792e-19 1.457001610986397792e-19 1.457001610986397792e-19 1.457001610986397792e-19
-2.765562994550559363e-19 -2.765562994550559363e-19 -2.765562994550559363e-19 -2.765562994550559363e-19 -2.765562994550559363e-19 -2.765562994550559363e-19 -2.765562994550559363e-19 -2.765562994550559363e-19 -2.765562994550559363e-19 -2.765562994550559363e-19 -2.765562994550559363e-19 -2.765562994550559363e-19 -2.765562994550559363e-19 -2.765562994550559363e-19 -2.765562994550559363e-19 -2.765562994550559363e-19 -2.765562994550559363e-19 -2.765562994550559363e-19 -2.765562994550559363e-19 -2.765562994550559363e-19 -2.765562994550559363e-19 -2.765562994550559363e-19 -2.765562994550559363e-19 -2.765562994550559363e-19 -2.765562994550559363e-19 -2.765562994550559363e-19 -2.765562994550559363e-19 -2.563549241005480862e-19 -2.563549241005474602e-19 -2.563549241005474602e-19 -2.563549241005474602e-19 -2.563549241005474602e-19 -2.563549241005474602e-19 -2.563549241005474602e-19 -2.563549241005474602e-19 -2.563549241005474602e-19 -2.563549241005474602e-19 -2.471591404718954174e-19 -2.471591404718954174e-19 -2.471591404718954174e-19 -2.176843502575452409e-19 -2.176843502575452409e-19 -2.176843502575452409e-19 -2.176843502575452409e-19 -2.176843502575452409e-19 -2.164741341641180586e-19 -2.164689925967661039e-19 -1.872338551213266910e-19 -1.872338551213266910e-19 -1.872338551213266910e-19 -1.333437445687696476e-19 -1.333437445687696476e-19 -1.333437445687696476e-19 -1.333437445687696476e-19 -1.343691380672691495e-19 -1.293912974166813007e-19 -1.293912974166813007e-19 -1.293912974166813007e-19 -1.293912974166811803e-19 -1.293912974166811803e-19 -1.293912974166811803e-19 -1.293912974166811803e-19 -1.293912974166811803e-19 -1.293912974166811803e-19 -1.293912974166811321e-19 -1.293912974166812044e-19 -1.293912974166812044e-19 -1.293912974166809877e-19 -1.293912974166810840e-19 -9.856493283336230344e-20 -9.856493283336230344e-20 -9.856493283336230344e-20 2.164202391590565997e-34 2.044563295823612488e-34 1.886679816580615951e-34 1.886679816580615951e-34 1.886679816580615951e-34 1.886679816580615951e-34 1.886679816580615951e-34 1.886679816580615951e-34 1.886679816580615951e-34 1.886679816580615951e-34 2.342789833504531516e-34 2.342789833504531516e-34 2.342789833504531516e-34 1.980291053401440040e-34 1.980291053401440040e-34 1.980291053401440040e-34 1.980291053401440040e-34 1.980291053401440040e-34 1.980291053401440040e-34 1.980291053401440040e-34 1.980291053401440040e-34 1.980291053401440040e-34 1.980291053401440040e-34 1.457001610986397792e-19 1.457001610986397792e-19 1.457001610986397792e-19 1.457001610986397792e-19 1.457001610986397792e-19 1.457001610986397792e-19 1.457001610986397792e-19 1.457001610986397792e-19 1.457001610986397792e-19 1.457001610986397792e-19 1.457001610986397792e-19 1.457001610986397792e-19 1.457001610986397792e-19 1.457001610986397792e-19 1.457001610986397792e-19 1.457001610986397792e-19 1.457001610986397792e-19 1.457001610986397792e-19 1.457001610986397792e-19 1.457001610986397792e-19 1.457001610986397792e-19 1.457001610986397792e-19 1.457001610986397792e-19 1.457001610986397792e-19 1.457001610986397792e-19 1.457001610986397792e-19 1.457001610986397792e-19 1.457001610986397792e-19 1.457001610986397792e-19 1.457001610986397792e-19 1.457001610986397792e-19 1.457001610986397792e-19 1.457001610986397792e-19 1.457001610986397792e-19 1.457001610986397792e-19 1.457001610986397792e-19 1.457001610986397792e-19 1.457001610986397792e-19 1.457001610986397792e-19 1.457001610986397792e-19 1.457001610986397792e-19 1.457001610986397792e-19 1.457001610986397792e-19 1.457001610986397792e-19 1.457001610986397792e-19 1.457001610986397792e-19 1.457001610986397792e-19 1.457001610986397792e-19 1.457001610986397792e-19 1.457001610986397792e-19 1.457001610986397792e-19 1.457001610986397792e-19 1.457001610986397792e-19 1.457001610986397792e-19 1.457001610986397792e-19
-2.765562994550559363e-19 -2.765562994550559363e-19 -2.765562994550559363e-19 -2.765562994550559363e-19 -2.765562994550559363e-19 -2.765562994550559363e-19 -2.765562994550559363e-19 -2.765562994550559363e-19 -2.765562994550559363e-19 -2.765562994550559363e-19 -2.765562994550559363e-19 -2.765562994550559363e-19 -2.765562994550559363e-19 -2.765562994550559363e-19 -2.765562994550559363e-19 -2.765562994550559363e-19 -2.765562994550559363e-19 -2.765562994550559363e-19 -2.765562994550559363e-19 -2.765562994550559363e-19 -2.765562994550559363e-19 -2.765562994550559363e-19 -2.765562994550559363e-19 -2.765562994550559363e-19 -2.765562994550559363e-19 -2.765562994550559363e-19 -2.765562994550559363e-19 -2.765562994550559363e-19 -2.563549241005474602e-19 -2.563549241005474602e-19 -2.563549241005474602e-19 -2.563549241005474602e-19 -2.563549241005474602e-19 -2.563549241005474602e-19 -2.563549241005474602e-19 -2.563549241005474602e-19 -2.563549241005474602e-19 -2.563549241005474602e-19 -2.471591404718954174e-19 -2.471591404718954174e-19 -2.471591404718954174e-19 -2.176843502575452409e-19 -2.176843502575452409e-19 -2.176843502575452409e-19 -2.176843502575452409e-19 -2.176843502575452409e-19 -2.164689925967661039e-19 -2.164689925967614576e-19 -1.872338551213266910e-19 -1.872338551213266910e-19 -1.872338551213266910e-19 -1.333437445687696476e-19 -1.333437445687696476e-19 -1.333437445687696476e-19 -1.333437445687696476e-19 -1.360651074844571697e-19 -1.293912974166813007e-19 -1.293912974166813007e-19 -1.293912974166813007e-19 -1.293912974166811803e-19 -1.293912974166811803e-19 -1.293912974166811803e-19 -1.293912974166811803e-19 -1.293912974166811803e-19 -1.293912974166811562e-19 -1.293912974166812044e-19 -1.293912974166812044e-19 -1.293912974166812044e-19 -1.293912974166812766e-19 -1.293912974166810840e-19 -9.856493283336230344e-20 -9.856493283336230344e-20 -9.856493283336230344e-20 2.164202397261161337e-34 2.411750955949203939e-34 1.886679816580615951e-34 1.886679816580615951e-34 1.886679816580615951e-34 1.886679816580615951e-34 1.886679816580615951e-34 1.886679816580615951e-34 1.886679816580615951e-34 2.344886694950753859e-34 2.342789833504531516e-34 2.342789833504531516e-34 3.196636459363396127e-34 1.980291053401440040e-34 1.980291053401440040e-34 1.980291053401440040e-34 1.980291053401440040e-34 1.980291053401440040e-34 1.980291053401440040e-34 1.980291053401440040e-34 1.980291053401440040e-34 1.980291053401440040e-34 1.774921887209877518e-21 1.457001610986397792e-19 1.457001610986397792e-19 1.457001610986397792e-19 1.457001610986397792e-19 1.457001610986397792e-19 1.457001610986397792e-19 1.457001610986397792e-19 1.457001610986397792e-19 1.457001610986397792e-19 1.457001610986397792e-19 1.457001610986397792e-19 1.457001610986397792e-19 1.457001610986397792e-19 1.457001610986397792e-19 1.457001610986397792e-19 1.457001610986397792e-19 1.457001610986397792e-19 1.457001610986397792e-19 1.457001610986397792e-19 1.457001610986397792e-19 1.457001610986397792e-19 1.457001610986397792e-19 1.457001610986397792e-19 1.457001610986397792e-19 1.457001610986397792e-19 1.457001610986397792e-19 1.457001610986397792e-19 1.457001610986397792e-19 1.457001610986397792e-19 1.457001610986397792e-19 1.457001610986397792e-19 1.457001610986397792e-19 1.457001610986397792e-19 1.457001610986397792e-19 1.457001610986397792e-19 1.457001610986397792e-19 1.457001610986397792e-19 1.457001610986397792e-19 1.457001610986397792e-19 1.457001610986397792e-19 1.457001610986397792e-19 1.457001610986397792e-19 1.457001610986397792e-19 1.457001610986397792e-19 1.457001610986397792e-19 1.457001610986397792e-19 1.457001610986397792e-19 1.457001610986397792e-19 1.457001610986397792e-19 1.457001610986397792e-19 1.457001610986397792e-19 1.457001610986397792e-19 1.457001610986397792e-19 1.457001610986397792e-19
-2.756714907391496876e-19 -2.756714907391496876e-19 -2.756714907391496876e-19 -2.756714907391496876e-19 -2.756714907391496876e-19 -2.756714907391496876e-19 -2.756714907391496876e-19 -2.756714907391496876e-19 -2.756714907391496876e-19 -2.756714907391496876e-19 -2.756714907391496876e-19 -2.756714907391496876e-19 -2.756714907391496876e-19 -2.756714907391496876e-19 -2.756714907391496876e-19 -2.756714907391496876e-19 -2.756714907391496876e-19 -2.756714907391496876e-19 -2.756714907391496876e-19 -2.756714907391496876e-19 -2.756714907391496876e-19 -2.756714907391496876e-19 -2.756714907391496876e-19 -2.756714907391496876e-19 -2.756714907391496876e-19 -2.756714907391496876e-19 -2.756714907391496876e-19 -2.756714907391496876e-19 -2.756714907391496876e-19 -2.547081860224119383e-19 -2.547081860224119383e-19 -2.547081860224119383e-19 -2.547081860224119383e-19 -2.547081860224119383e-19 -2.547081860224119383e-19 -2.547081860224119383e-19 -2.547081860224119383e-19 -2.547081860224119383e-19 -2.547081860220577117e-19 -2.457270851600354253e-19 -2.457270851600354253e-19 -2.457270851600354253e-19 -2.164705425844580433e-19 -2.164705425844580433e-19 -2.164705425844580433e-19 -2.164705425844580433e-19 -2.164705425844580433e-19 -2.153591660790531726e-19 -1.868996225814613599e-19 -1.864969266995084993e-19 -1.864969266995084993e-19 -1.864968890427891895e-19 -1.331541007680702909e-19 -1.331541007680702909e-19 -1.331541007680702909e-19 -1.331541007680702909e-19 -1.293912974167605286e-19 -1.293912974166813247e-19 -1.293912974166813247e-19 -1.293912974166813247e-19 -1.293912974166810840e-19 -1.293912974166810840e-19 -1.293912974166810840e-19 -1.293912974166810840e-19 -1.293912974166810840e-19 -1.293912974166811803e-19 -1.293912974166813247e-19 -1.293912974166813247e-19 -1.293912974166813247e-19 -1.293912974166812525e-19 -1.293912949443458199e-19 -9.856493283336238770e-20 -9.856493283336238770e-20 -9.856493283336232751e-20 2.440230577933029083e-34 1.819702387572806509e-34 1.819702387572806509e-34 1.819702387572806509e-34 1.819702387572806509e-34 1.819702387572806509e-34 1.819702387572806509e-34 1.819702387572806509e-34 1.819702387572806509e-34 3.025421873391530418e-34 3.450269230706897999e-34 3.450269230706897999e-34 4.322015100543273521e-34 4.018780886592720544e-34 4.018780886592720544e-34 4.018780886592720544e-34 4.018780886592720544e-34 4.018780886592720544e-34 4.018780886592720544e-34 4.018780886592720544e-34 4.018780886592720544e-34 4.018780886592720544e-34 1.457001610986125513e-19 1.457001610986397551e-19 1.457001610986397551e-19 1.457001610986397551e-19 1.457001610986397551e-19 1.457001610986397551e-19 1.457001610986397551e-19 1.457001610986397551e-19 1.457001610986397551e-19 1.457001610986397551e-19 1.457001610986397551e-19 1.457001610986397551e-19 1.457001610986397551e-19 1.457001610986397551e-19 1.457001610986397551e-19 1.457001610986397551e-19 1.457001610986397551e-19 1.457001610986397551e-19 1.457001610986397551e-19 1.457001610986397551e-19 1.457001610986397551e-19 1.457001610986397551e-19 1.457001610986397551e-19 1.457001610986397551e-19 1.457001610986397551e-19 1.457001610986397551e-19 1.457001610986397551e-19 1.457001610986397551e-19 1.457001610986397551e-19 1.457001610986397551e-19 1.457001610986397551e-19 1.457001610986397551e-19 1.457001610986397551e-19 1.457001610986397551e-19 1.457001610986397551e-19 1.457001610986397551e-19 1.457001610986397551e-19 1.457001610986397551e-19 1.457001610986397551e-19 1.457001610986397551e-19 1.457001610986397551e-19 1.457001610986397551e-19 1.457001610986397551e-19 1.457001610986397551e-19 1.457001610986397551e-19 1.457001610986397551e-19 1.457001610986397551e-19 1.457001610986397551e-19 1.457001610986397551e-19 1.457001610986397551e-19 1.457001610986397551e-19 1.457001610986397551e-19 1.457001610986397551e-19 1.457001610986397551e-19
-2.756714907391368801e-19 -2.756714907391368801e-19 -2.756714907391368801e-19 -2.756714907391368801e-19 -2.756714907391368801e-19 -2.756714907391368801e-19 -2.756714907391368801e-19 -2.756714907391368801e-19 -2.756714907391368801e-19 -2.756714907391368801e-19 -2.756714907391368801e-19 -2.756714907391368801e-19 -2.756714907391368801e-19 -2.756714907391368801e-19 -2.756714907391368801e-19 -2.756714907391368801e-19 -2.756714907391368801e-19 -2.756714907391368801e-19 -2.756714907391368801e-19 -2.756714907391368801e-19 -2.756714907391368801e-19 -2.756714907391368801e-19 -2.756714907391368801e-19 -2.756714907391368801e-19 -2.756714907391368801e-19 -2.756714907391368801e-19 -2.756714907391368801e-19 -2.756714907391368801e-19 -2.756714907391368801e-19 -2.756714907378824738e-19 -2.547081860223878642e-19 -2.547081860223878642e-19 -2.547081860223878642e-19 -2.547081860223878642e-19 -2.547081860223878642e-19 -2.547081860223878642e-19 -2.547081860223878642e-19 -2.547081860223878642e-19 -2.547081860223878642e-19 -2.457463357070921098e-19 -2.457270851600145771e-19 -2.457270851600145771e-19 -2.457270443790329577e-19 -2.164705425844403970e-19 -2.164705425844403970e-19 -2.164705425844403970e-19 -2.164705425844403970e-19 -2.164705425844403970e-19 -2.153591660790368985e-19 -1.864969266994978104e-19 -1.864969266994978104e-19 -1.864969266994978104e-19 -1.331541009977168293e-19 -1.331541007680678835e-19 -1.331541007680678835e-19 -1.331541007680678835e-19 -1.331541007680678835e-19 -1.293912974166814210e-19 -1.293912974166814210e-19 -1.293912974166814210e-19 -1.293912974166812284e-19 -1.293912974166812525e-19 -1.293912974166812525e-19 -1.293912974166812525e-19 -1.293912974166812525e-19 -1.293912974166812525e-19 -1.293912974166812044e-19 -1.293912974166811803e-19 -1.293912974166811803e-19 -1.293912974166811803e-19 -1.293912974166812525e-19 -9.856493371904814494e-20 -9.856493283336245992e-20 -9.856493283336245992e-20 -6.013902329539996638e-20 2.146595275324237276e-34 2.207071455278624751e-34 2.207071455278624751e-34 2.207071455278624751e-34 2.207071455278624751e-34 2.207071455278624751e-34 2.207071455278624751e-34 2.207071455278624751e-34 2.207071455278624751e-34 3.664319145384910695e-34 4.357493931294800385e-34 4.357493931294800385e-34 4.926282635127759149e-34 4.732614693403846825e-34 4.732614693403846825e-34 4.732614693403846825e-34 4.732614693403846825e-34 4.732614693403846825e-34 4.732614693403846825e-34 4.732614693403846825e-34 4.732614693403846825e-34 4.732614693403846825e-34 1.457001610986397069e-19 1.457001610986397069e-19 1.457001610986397069e-19 1.457001610986397069e-19 1.457001610986397069e-19 1.457001610986397069e-19 1.457001610986397069e-19 1.457001610986397069e-19 1.457001610986397069e-19 1.457001610986397069e-19 1.457001610986397069e-19 1.457001610986397069e-19 1.457001610986397069e-19 1.457001610986397069e-19 1.457001610986397069e-19 1.457001610986397069e-19 1.457001610986397069e-19 1.457001610986397069e-19 1.457001610986397069e-19 1.457001610986397069e-19 1.457001610986397069e-19 1.457001610986397069e-19 1.457001610986397069e-19 1.457001610986397069e-19 1.457001610986397069e-19 1.457001610986397069e-19 1.457001610986397069e-19 1.457001610986397069e-19 1.457001610986397069e-19 1.457001610986397069e-19 1.457001610986397069e-19 1.457001610986397069e-19 1.457001610986397069e-19 1.457001610986397069e-19 1.457001610986397069e-19 1.457001610986397069e-19 1.457001610986397069e-19 1.457001610986397069e-19 1.457001610986397069e-19 1.457001610986397069e-19 1.457001610986397069e-19 1.457001610986397069e-19 1.457001610986397069e-19 1.457001610986397069e-19 1.457001610986397069e-19 1.457001610986397069e-19 1.457001610986397069e-19 1.457001610986397069e-19 1.457001610986397069e-19 1.457001610986397069e-19 1.457001610986397069e-19 1.457001610986397069e-19 1.457001610986397069e-19
-2.589500045668016548e-19 -2.589500045668016548e-19 -2.589500045668016548e-19 -2.589500045668016548e-19 -2.589500045668016548e-19 -2.589500045668016548e-19 -2.589500045668016548e-19 -2.589500045668016548e-19 -2.589500045668016548e-19 -2.589500045668016548e-19 -2.589500045668016548e-19 -2.589500045668016548e-19 -2.589500045668016548e-19 -2.589500045668016548e-19 -2.589500045668016548e-19 -2.589500045668016548e-19 -2.589500045668016548e-19 -2.589500045668016548e-19 -2.589500045668016548e-19 -2.589500045668016548e-19 -2.589500045668016548e-19 -2.589500045668016548e-19 -2.589500045668016548e-19 -2.589500045668016548e-19 -2.589500045668016548e-19 -2.589500045668016548e-19 -2.589500045668016548e-19 -2.589500045668016548e-19 -2.589500045668016548e-19 -2.589500045668016548e-19 -2.301776275856962270e-19 -2.301764910150664489e-19 -2.301764910150664489e-19 -2.301764910150664489e-19 -2.301764910150664489e-19 -2.301764910150664489e-19 -2.301764910150664489e-19 -2.301764910150664489e-19 -2.301764910150664489e-19 -2.301764910150664489e-19 -2.184308625583276290e-19 -2.184308625583276290e-19 -2.184308625583276290e-19 -1.872244123208180332e-19 -1.872244122669386985e-19 -1.872244122669386985e-19 -1.872244122669386985e-19 -1.872244122669386985e-19 -1.872244121265385500e-19 -1.864865175489164718e-19 -1.963811197869634010e-34 -1.963811197869633583e-34 -1.963811197869633583e-34 -5.903123927192093912e-35 -5.903123927192093912e-35 -5.903123927192093912e-35 -5.903123927192093912e-35 -1.863904497557663230e-34 -2.610104574236337328e-34 -2.610104574236337328e-34 -2.610104574236337328e-34 -1.238397331937783238e-34 -1.483053779753630752e-34 -1.483053779753630752e-34 -1.483053779753630752e-34 -1.483053779753630752e-34 -1.483053779753630752e-34 -1.363065418292775696e-34 -2.331714199858537227e-35 -2.331714199858537227e-35 -1.260147260325364996e-34 7.573041154099380095e-35 1.371235476720678695e-34 1.371235476720678695e-34 1.371235476720678695e-34 9.856493283336223122e-20 9.856493283336255622e-20 9.856493283336255622e-20 9.856493283336255622e-20 9.856493283336255622e-20 9.856493283336255622e-20 9.856493283336255622e-20 9.856493283336255622e-20 9.856493283336255622e-20 9.856493283336255622e-20 9.856493283336274881e-20 9.856493283336274881e-20 9.856493283336274881e-20 1.040397832884387924e-19 1.040397832884387924e-19 1.040397832884387924e-19 1.040397832884387924e-19 1.040397832884387924e-19 1.040397832884387924e-19 1.040397832884387924e-19 1.040397832884387924e-19 1.040397832884387924e-19 1.040397832884387924e-19 1.816843932695866369e-19 1.816843932695866369e-19 1.816843932695866369e-19 1.816843932695866369e-19 1.816843932695866369e-19 1.816843932695866369e-19 1.816843932695866369e-19 1.816843932695866369e-19 1.816843932695866369e-19 1.816843932695866369e-19 1.816843932695866369e-19 1.816843932695866369e-19 1.816843932695866369e-19 1.816843932695866369e-19 1.816843932695866369e-19 1.816843932695866369e-19 1.816843932695866369e-19 1.816843932695866369e-19 1.816843932695866369e-19 1.816843932695866369e-19 1.816843932695866369e-19 1.816843932695866369e-19 1.816843932695866369e-19 1.816843932695866369e-19 1.816843932695866369e-19 1.816843932695866369e-19 1.816843932695866369e-19 1.816843932695866369e-19 1.816843932695866369e-19 1.816843932695866369e-19 1.816843932695866369e-19 1.816843932695866369e-19 1.816843932695866369e-19 1.816843932695866369e-19 1.816843932695866369e-19 1.816843932695866369e-19 1.816843932695866369e-19 1.816843932695866369e-19 1.816843932695866369e-19 1.816843932695866369e-19 1.816843932695866369e-19 1.816843932695866369e-19 1.816843932695866369e-19 1.816843932695866369e-19 1.816843932695866369e-19 1.816843932695866369e-19 1.816843932695866369e-19 1.816843932695866369e-19 1.816843932695866369e-19 1.816843932695866369e-19 1.816843932695866369e-19 1.816843932695866369e-19
-2.589500045668016548e-19 -2.589500045668016548e-19 -2.589500045668016548e-19 -2.589500045668016548e-19 -2.589500045668016548e-19 -2.589500045668016548e-19 -2.589500045668016548e-19 -2.589500045668016548e-19 -2.589500045668016548e-19 -2.589500045668016548e-19 -2.589500045668016548e-19 -2.589500045668016548e-19 -2.589500045668016548e-19 -2.589500045668016548e-19 -2.589500045668016548e-19 -2.589500045668016548e-19 -2.589500045668016548e-19 -2.589500045668016548e-19 -2.589500045668016548e-19 -2.589500045668016548e-19 -2.589500045668016548e-19 -2.589500045668016548e-19 -2.589500045668016548e-19 -2.589500045668016548e-19 -2.589500045668016548e-19 -2.589500045668016548e-19 -2.589500045668016548e-19 -2.589500045668016548e-19 -2.589500045668016548e-19 -2.589500045668016548e-19 -2.589500045668016548e-19 -2.301764910150664489e-19 -2.301764910150664489e-19 -2.301764910150664489e-19 -2.301764910150664489e-19 -2.301764910150664489e-19 -2.301764910150664489e-19 -2.301764910150664489e-19 -2.301764910150664489e-19 -2.301764910150664489e-19 -2.301764910150664489e-19 -2.184308625583276290e-19 -2.184308625583276290e-19 -2.184308625583276290e-19 -1.872244122669386985e-19 -1.872244122669386985e-19 -1.872244122669386985e-19 -1.872244122669386985e-19 -1.872244122669386985e-19 -1.864865175578526664e-19 -1.864865175489164718e-19 -1.963811197869633583e-34 -1.963811197869633583e-34 -1.963811197869633583e-34 -5.903123927192093912e-35 -5.903123927192093912e-35 -5.903123927192093912e-35 -5.903123927192093912e-35 -1.936968640632958747e-34 -2.610104574236337328e-34 -2.610104574236337328e-34 -2.610104574236337328e-34 -1.483053779753630752e-34 -1.483053779753630752e-34 -1.483053779753630752e-34 -1.483053779753630752e-34 -1.483053779753630752e-34 -1.611945206074995650e-35 -2.331714199858537227e-35 -2.331714199858537227e-35 -2.331714199858537227e-35 -8.475561064680115150e-35 7.573041154099380095e-35 1.371235476720678695e-34 1.371235476720678695e-34 1.371235476720678695e-34 9.856493283336259233e-20 9.856493283336245992e-20 9.856493283336255622e-20 9.856493283336255622e-20 9.856493283336255622e-20 9.856493283336255622e-20 9.856493283336255622e-20 9.856493283336255622e-20 9.856493283336255622e-20 9.856493283336248399e-20 9.856493283336274881e-20 9.856493283336274881e-20 9.856493283336274881e-20 1.040397832884387924e-19 1.040397832884387924e-19 1.040397832884387924e-19 1.040397832884387924e-19 1.040397832884387924e-19 1.040397832884387924e-19 1.040397832884387924e-19 1.040397832884387924e-19 1.040397832884387924e-19 1.040397832890885049e-19 1.816843932695866369e-19 1.816843932695866369e-19 1.816843932695866369e-19 1.816843932695866369e-19 1.816843932695866369e-19 1.816843932695866369e-19 1.816843932695866369e-19 1.816843932695866369e-19 1.816843932695866369e-19 1.816843932695866369e-19 1.816843932695866369e-19 1.816843932695866369e-19 1.816843932695866369e-19 1.816843932695866369e-19 1.816843932695866369e-19 1.816843932695866369e-19 1.816843932695866369e-19 1.816843932695866369e-19 1.816843932695866369e-19 1.816843932695866369e-19 1.816843932695866369e-19 1.816843932695866369e-19 1.816843932695866369e-19 1.816843932695866369e-19 1.816843932695866369e-19 1.816843932695866369e-19 1.816843932695866369e-19 1.816843932695866369e-19 1.816843932695866369e-19 1.816843932695866369e-19 1.816843932695866369e-19 1.816843932695866369e-19 1.816843932695866369e-19 1.816843932695866369e-19 1.816843932695866369e-19 1.816843932695866369e-19 1.816843932695866369e-19 1.816843932695866369e-19 1.816843932695866369e-19 1.816843932695866369e-19 1.816843932695866369e-19 1.816843932695866369e-19 1.816843932695866369e-19 1.816843932695866369e-19 1.816843932695866369e-19 1.816843932695866369e-19 1.816843932695866369e-19 1.816843932695866369e-19 1.816843932695866369e-19 1.816843932695866369e-19 1.816843932695866369e-19
-2.589500045668016548e-19 -2.589500045668016548e-19 -2.589500045668016548e-19 -2.589500045668016548e-19 -2.589500045668016548e-19 -2.589500045668016548e-19 -2.589500045668016548e-19 -2.589500045668016548e-19 -2.589500045668016548e-19 -2.589500045668016548e-19 -2.589500045668016548e-19 -2.589500045668016548e-19 -2.589500045668016548e-19 -2.589500045668016548e-19 -2.589500045668016548e-19 -2.589500045668016548e-19 -2.589500045668016548e-19 -2.589500045668016548e-19 -2.589500045668016548e-19 -2.589500045668016548e-19 -2.589500045668016548e-19 -2.589500045668016548e-19 -2.589500045668016548e-19 -2.589500045668016548e-19 -2.589500045668016548e-19 -2.589500045668016548e-19 -2.589500045668016548e-19 -2.589500045668016548e-19 -2.589500045668016548e-19 -2.589500045668016548e-19 -2.589500045668016548e-19 -2.589500045668016548e-19 -2.301764910150664489e-19 -2.301764910150664489e-19 -2.301764910150664489e-19 -2.301764910150664489e-19 -2.301764910150664489e-19 -2.301764910150664489e-19 -2.301764910150664489e-19 -2.301764910150664489e-19 -2.301764910150664489e-19 -2.301764910150664489e-19 -2.184308625583276290e-19 -2.184308625583276290e-19 -2.184308625583276290e-19 -1.872244122669386985e-19 -1.872244122669386985e-19 -1.872244122669386985e-19 -1.872244122669386985e-19 -1.872244122669386985e-19 -1.864865175489164718e-19 -1.864865126595756961e-19 -1.963811197869633583e-34 -1.963811197869633583e-34 -6.630876499019479796e-35 -5.903123927192093912e-35 -5.903123927192093912e-35 -5.903123927192093912e-35 -5.903123927192093912e-35 -1.616965191391339851e-34 -2.610104574236337328e-34 -2.610104574236337328e-34 -2.610104574236337328e-34 -1.483053779753630752e-34 -1.483053779753630752e-34 -1.483053779753630752e-34 -1.483053779753630752e-34 -1.483053779753630752e-34 -2.640470472456314372e-34 -2.331714199858537227e-35 -2.331714199858537227e-35 -2.331714199858537227e-35 7.573041154099380095e-35 7.573041154099380095e-35 1.371235476720678695e-34 1.371235476720678695e-34 1.371235476720678695e-34 9.856493283336259233e-20 9.856493283336259233e-20 9.856493283336255622e-20 9.856493283336255622e-20 9.856493283336255622e-20 9.856493283336255622e-20 9.856493283336255622e-20 9.856493283336255622e-20 9.856493283336255622e-20 9.856493283336262844e-20 9.856493283336274881e-20 9.856493283336274881e-20 9.856493284531534690e-20 1.040397832884387924e-19 1.040397832884387924e-19 1.040397832884387924e-19 1.040397832884387924e-19 1.040397832884387924e-19 1.040397832884387924e-19 1.040397832884387924e-19 1.040397832884387924e-19 1.040397832884387924e-19 1.816630222934561307e-19 1.816843932695866369e-19 1.816843932695866369e-19 1.816843932695866369e-19 1.816843932695866369e-19 1.816843932695866369e-19 1.816843932695866369e-19 1.816843932695866369e-19 1.816843932695866369e-19 1.816843932695866369e-19 1.816843932695866369e-19 1.816843932695866369e-19 1.816843932695866369e-19 1.816843932695866369e-19 1.816843932695866369e-19 1.816843932695866369e-19 1.816843932695866369e-19 1.816843932695866369e-19 1.816843932695866369e-19 1.816843932695866369e-19 1.816843932695866369e-19 1.816843932695866369e-19 1.816843932695866369e-19 1.816843932695866369e-19 1.816843932695866369e-19 1.816843932695866369e-19 1.816843932695866369e-19 1.816843932695866369e-19 1.816843932695866369e-19 1.816843932695866369e-19 1.816843932695866369e-19 1.816843932695866369e-19 1.816843932695866369e-19 1.816843932695866369e-19 1.816843932695866369e-19 1.816843932695866369e-19 1.816843932695866369e-19 1.816843932695866369e-19 1.816843932695866369e-19 1.816843932695866369e-19 1.816843932695866369e-19 1.816843932695866369e-19 1.816843932695866369e-19 1.816843932695866369e-19 1.816843932695866369e-19 1.816843932695866369e-19 1.816843932695866369e-19 1.816843932695866369e-19 1.816843932695866369e-19 1.816843932695866369e-19 1.816843932695866369e-19
-2.589500045668016548e-19 -2.589500045668016548e-19 -2.589500045668016548e-19 -2.589500045668016548e-19 -2.589500045668016548e-19 -2.589500045668016548e-19 -2.589500045668016548e-19 -2.589500045668016548e-19 -2.589500045668016548e-19 -2.589500045668016548e-19 -2.589500045668016548e-19 -2.589500045668016548e-19 -2.589500045668016548e-19 -2.589500045668016548e-19 -2.589500045668016548e-19 -2.589500045668016548e-19 -2.589500045668016548e-19 -2.589500045668016548e-19 -2.589500045668016548e-19 -2.589500045668016548e-19 -2.589500045668016548e-19 -2.589500045668016548e-19 -2.589500045668016548e-19 -2.589500045668016548e-19 -2.589500045668016548e-19 -2.589500045668016548e-19 -2.589500045668016548e-19 -2.589500045668016548e-19 -2.589500045668016548e-19 -2.589500045668016548e-19 -2.589500045668016548e-19 -2.589500045668016548e-19 -2.589500045668016548e-19 -2.301764910150664489e-19 -2.301764910150664489e-19 -2.301764910150664489e-19 -2.301764910150664489e-19 -2.301764910150664489e-19 -2.301764910150664489e-19 -2.301764910150664489e-19 -2.301764910150664489e-19 -2.301764910150664489e-19 -2.301763795171319561e-19 -2.184308625583276290e-19 -2.184308625583276290e-19 -2.184308625583276290e-19 -1.872244122669386985e-19 -1.872244122669386985e-19 -1.872244122669386985e-19 -1.872244122669386985e-19 -1.872244122669386985e-19 -1.864865175489164718e-19 -1.640478347270540149e-26 -1.963811197869633583e-34 -1.963811197869633583e-34 -1.669146991237693540e-34 -5.903123927192093912e-35 -5.903123927192093912e-35 -5.903123927192093912e-35 -5.903123927192093912e-35 -2.610104574236337328e-34 -2.610104574236337328e-34 -2.610104574236337328e-34 -2.624251353845721911e-34 -1.483053779753630752e-34 -1.483053779753630752e-34 -1.483053779753630752e-34 -1.483053779753630752e-34 -1.483053779753630752e-34 -1.036349205649195177e-34 -2.331714199858537227e-35 -2.331714199858537227e-35 -2.331714199858537227e-35 7.573041154099380095e-35 4.857120829216483444e-35 1.371235476720678695e-34 1.371235476720678695e-34 5.651287767055777422e-29 9.856493283336259233e-20 9.856493283336255622e-20 9.856493283336255622e-20 9.856493283336255622e-20 9.856493283336255622e-20 9.856493283336255622e-20 9.856493283336255622e-20 9.856493283336255622e-20 9.856493283336255622e-20 9.856493283336270066e-20 9.856493283336274881e-20 9.856493283336274881e-20 1.040397775098451844e-19 1.040397832884387924e-19 1.040397832884387924e-19 1.040397832884387924e-19 1.040397832884387924e-19 1.040397832884387924e-19 1.040397832884387924e-19 1.040397832884387924e-19 1.040397832884387924e-19 1.040397832884387924e-19 1.816843932695866369e-19 1.816843932695866369e-19 1.816843932695866369e-19 1.816843932695866369e-19 1.816843932695866369e-19 1.816843932695866369e-19 1.816843932695866369e-19 1.816843932695866369e-19 1.816843932695866369e-19 1.816843932695866369e-19 1.816843932695866369e-19 1.816843932695866369e-19 1.816843932695866369e-19 1.816843932695866369e-19 1.816843932695866369e-19 1.816843932695866369e-19 1.816843932695866369e-19 1.816843932695866369e-19 1.816843932695866369e-19 1.816843932695866369e-19 1.816843932695866369e-19 1.816843932695866369e-19 1.816843932695866369e-19 1.816843932695866369e-19 1.816843932695866369e-19 1.816843932695866369e-19 1.816843932695866369e-19 1.816843932695866369e-19 1.816843932695866369e-19 1.816843932695866369e-19 1.816843932695866369e-19 1.816843932695866369e-19 1.816843932695866369e-19 1.816843932695866369e-19 1.816843932695866369e-19 1.816843932695866369e-19 1.816843932695866369e-19 1.816843932695866369e-19 1.816843932695866369e-19 1.816843932695866369e-19 1.816843932695866369e-19 1.816843932695866369e-19 1.816843932695866369e-19 1.816843932695866369e-19 1.816843932695866369e-19 1.816843932695866369e-19 1.816843932695866369e-19 1.816843932695866369e-19 1.816843932695866369e-19 1.816843932695866369e-19
-2.231580976672292634e-19 -2.231580976672292634e-19 -2.231580976672292634e-19 -2.231580976672292634e-19 -2.231580976672292634e-19 -2.231580976672292634e-19 -2.231580976672292634e-19 -2.231580976672292634e-19 -2.231580976672292634e-19 -2.231580976672292634e-19 -2.231580976672292634e-19 -2.231580976672292634e-19 -2.231580976672292634e-19 -2.231580976672292634e-19 -2.231580976672292634e-19 -2.231580976672292634e-19 -2.231580976672292634e-19 -2.231580976672292634e-19 -2.231580976672292634e-19 -2.231580976672292634e-19 -2.231580976672292634e-19 -2.231580976672292634e-19 -2.231580976672292634e-19 -2.231580976672292634e-19 -2.231580976672292634e-19 -2.231580976672292634e-19 -2.231580976672292634e-19 -2.231580976672292634e-19 -2.231580976672292634e-19 -2.231580976672292634e-19 -2.231580976672292634e-19 -2.231580976672292634e-19 -2.231580976672292634e-19 -2.231575364181201702e-19 -1.952413823914243906e-19 -1.952413823914243906e-19 -1.952413823914243906e-19 -1.952413823914243906e-19 -1.952413823914243906e-19 -1.952413823914243906e-19 -1.952413823914243906e-19 -1.952413823914243906e-19 -1.952413823914243906e-19 -1.827323144936295521e-19 -1.827323143974599256e-19 -1.827323143974599256e-19 -1.669879089781541681e-19 -1.333429173870698109e-19 -1.333429173870698109e-19 -1.333429173870698109e-19 -1.333429173870698109e-19 -1.333429173870697386e-19 -1.331530116400028000e-19 -2.547244797939741728e-34 -2.547244609399595869e-34 -2.547244609399595869e-34 -5.281878618048666237e-34 -4.605713327746606268e-35 -4.605713327746606268e-35 -4.605713327746606268e-35 -4.605713327746606268e-35 -9.368082255804947832e-36 -9.368082255804947832e-36 -9.368082255804947832e-36 -3.638044369558250965e-35 2.511211643040629033e-35 2.511211643040629033e-35 2.511211643040629033e-35 2.511211643040629033e-35 2.511211643040629033e-35 3.230125980843094849e-35 6.372407305277609237e-35 6.372407305277609237e-35 6.372407305277609237e-35 7.479821088378542558e-35 8.738956343621070363e-35 1.896985605818973154e-34 1.896985605818973154e-34 1.293910374038913384e-19 1.293912974166813247e-19 1.293912974166811803e-19 1.293912974166811803e-19 1.293912974166811803e-19 1.293912974166811803e-19 1.293912974166811803e-19 1.293912974166811803e-19 1.293912974166811803e-19 1.293912974166811803e-19 1.746667687187703813e-19 1.746667687187703813e-19 1.746667687187703813e-19 1.782721324052261821e-19 1.782721324052261821e-19 1.782721324052261821e-19 1.782721324052261821e-19 1.782721324052261821e-19 1.782721324052261821e-19 1.782721324052261821e-19 1.782721324052261821e-19 1.782721324052261821e-19 1.782721324052261821e-19 2.136288362664863009e-19 2.136288362664863009e-19 2.136288362664863009e-19 2.136288362664863009e-19 2.136288362664863009e-19 2.136288362664863009e-19 2.136288362664863009e-19 2.136288362664863009e-19 2.136288362664863009e-19 2.136288362664863009e-19 2.136288362664863009e-19 2.136288362664863009e-19 2.136288362664863009e-19 2.136288362664863009e-19 2.136288362664863009e-19 2.136288362664863009e-19 2.136288362664863009e-19 2.136288362664863009e-19 2.136288362664863009e-19 2.136288362664863009e-19 2.136288362664863009e-19 2.136288362664863009e-19 2.136288362664863009e-19 2.136288362664863009e-19 2.136288362664863009e-19 2.136288362664863009e-19 2.136288362664863009e-19 2.136288362664863009e-19 2.136288362664863009e-19 2.136288362664863009e-19 2.136288362664863009e-19 2.136288362664863009e-19 2.136288362664863009e-19 2.136288362664863009e-19 2.136288362664863009e-19 2.136288362664863009e-19 2.136288362664863009e-19 2.136288362664863009e-19 2.136288362664863009e-19 2.136288362664863009e-19 2.136288362664863009e-19 2.136288362664863009e-19 2.136288362664863009e-19 2.136288362664863009e-19 2.136288362664863009e-19 2.136288362664863009e-19 2.136288362664863009e-19 2.136288362664863009e-19 2.136288362664863009e-19
-2.231580976672292634e-19 -2.231580976672292634e-19 -2.231580976672292634e-19 -2.231580976672292634e-19 -2.231580976672292634e-19 -2.231580976672292634e-19 -2.231580976672292634e-19 -2.231580976672292634e-19 -2.231580976672292634e-19 -2.231580976672292634e-19 -2.231580976672292634e-19 -2.231580976672292634e-19 -2.231580976672292634e-19 -2.231580976672292634e-19 -2.231580976672292634e-19 -2.231580976672292634e-19 -2.231580976672292634e-19 -2.231580976672292634e-19 -2.231580976672292634e-19 -2.231580976672292634e-19 -2.231580976672292634e-19 -2.231580976672292634e-19 -2.231580976672292634e-19 -2.231580976672292634e-19 -2.231580976672292634e-19 -2.231580976672292634e-19 -2.231580976672292634e-19 -2.231580976672292634e-19 -2.231580976672292634e-19 -2.231580976672292634e-19 -2.231580976672292634e-19 -2.231580976672292634e-19 -2.231580976672292634e-19 -2.231580976672292634e-19 -1.952413823946320510e-19 -1.952413823914243906e-19 -1.952413823914243906e-19 -1.952413823914243906e-19 -1.952413823914243906e-19 -1.952413823914243906e-19 -1.952413823914243906e-19 -1.952413823914243906e-19 -1.952413823914243906e-19 -1.952413823914243906e-19 -1.827323143974599256e-19 -1.827323143974599256e-19 -1.827323143974599256e-19 -1.333429173870701238e-19 -1.333429173870698109e-19 -1.333429173870698109e-19 -1.333429173870698109e-19 -1.333429173870698109e-19 -1.333311335763516212e-19 -1.331530116400028000e-19 -2.547244609399595869e-34 -2.547244609399595869e-34 -2.547244609399595869e-34 -4.605713327746674691e-35 -4.605713327746606268e-35 -4.605713327746606268e-35 -4.605713327746606268e-35 -1.787634265971595540e-35 -9.368082255804947832e-36 -9.368082255804947832e-36 -9.368082255804947832e-36 6.145333163602279447e-36 2.511211643040629033e-35 2.511211643040629033e-35 2.511211643040629033e-35 2.511211643040629033e-35 2.511211643040629033e-35 5.915159930030962996e-35 6.372407305277609237e-35 6.372407305277609237e-35 5.346741900259491894e-35 7.479821088378542558e-35 1.896985605818973154e-34 1.896985605818973154e-34 1.896985605818973154e-34 1.293912974166813247e-19 1.293912974166812044e-19 1.293912974166811803e-19 1.293912974166811803e-19 1.293912974166811803e-19 1.293912974166811803e-19 1.293912974166811803e-19 1.293912974166811803e-19 1.293912974166811803e-19 1.293912974166811803e-19 1.746667687187703813e-19 1.746667687187703813e-19 1.746667687187703813e-19 1.782721324052261821e-19 1.782721324052261821e-19 1.782721324052261821e-19 1.782721324052261821e-19 1.782721324052261821e-19 1.782721324052261821e-19 1.782721324052261821e-19 1.782721324052261821e-19 1.782721324052261821e-19 1.782721324052261821e-19 2.136288362664863009e-19 2.136288362664863009e-19 2.136288362664863009e-19 2.136288362664863009e-19 2.136288362664863009e-19 2.136288362664863009e-19 2.136288362664863009e-19 2.136288362664863009e-19 2.136288362664863009e-19 2.136288362664863009e-19 2.136288362664863009e-19 2.136288362664863009e-19 2.136288362664863009e-19 2.136288362664863009e-19 2.136288362664863009e-19 2.136288362664863009e-19 2.136288362664863009e-19 2.136288362664863009e-19 2.136288362664863009e-19 2.136288362664863009e-19 2.136288362664863009e-19 2.136288362664863009e-19 2.136288362664863009e-19 2.136288362664863009e-19 2.136288362664863009e-19 2.136288362664863009e-19 2.136288362664863009e-19 2.136288362664863009e-19 2.136288362664863009e-19 2.136288362664863009e-19 2.136288362664863009e-19 2.136288362664863009e-19 2.136288362664863009e-19 2.136288362664863009e-19 2.136288362664863009e-19 2.136288362664863009e-19 2.136288362664863009e-19 2.136288362664863009e-19 2.136288362664863009e-19 2.136288362664863009e-19 2.136288362664863009e-19 2.136288362664863009e-19 2.136288362664863009e-19 2.136288362664863009e-19 2.136288362664863009e-19 2.136288362664863009e-19 2.136288362664863009e-19 2.136288362664863009e-19
-2.254444770311845227e-19 -2.254444770311845227e-19 -2.254444770311845227e-19 -2.254444770311845227e-19 -2.254444770311845227e-19 -2.254444770311845227e-19 -2.254444770311845227e-19 -2.254444770311845227e-19 -2.254444770311845227e-19 -2.254444770311845227e-19 -2.254444770311845227e-19 -2.254444770311845227e-19 -2.254444770311845227e-19 -2.254444770311845227e-19 -2.254444770311845227e-19 -2.254444770311845227e-19 -2.254444770311845227e-19 -2.254444770311845227e-19 -2.254444770311845227e-19 -2.254444770311845227e-19 -2.254444770311845227e-19 -2.254444770311845227e-19 -2.254444770311845227e-19 -2.254444770311845227e-19 -2.254444770311845227e-19 -2.254444770311845227e-19 -2.254444770311845227e-19 -2.254444770311845227e-19 -2.254444770311845227e-19 -2.254444770311845227e-19 -2.254444770311845227e-19 -2.254444770311845227e-19 -2.254444770311845227e-19 -2.254444770311845227e-19 -2.254444770311845227e-19 -1.967003358700973855e-19 -1.967003358700973855e-19 -1.967003358700973855e-19 -1.967003358700973855e-19 -1.967003358700973855e-19 -1.967003358700973855e-19 -1.967003358700973855e-19 -1.967003358700973855e-19 -1.967003358700973855e-19 -1.967003358700973855e-19 -1.839421183844136292e-19 -1.839421183844136292e-19 -1.839421183844136292e-19 -1.360704798106267816e-19 -1.360704798106267816e-19 -1.360704798106267816e-19 -1.360704798106267816e-19 -1.360704798106267816e-19 -1.358790674655589474e-19 -1.358790674655588992e-19 -5.615045923255063154e-34 -5.615045923255063154e-34 -5.615045923255063154e-34 -1.310576349490951987e-35 -1.310576349490951987e-35 -1.310576349490951987e-35 -1.310576349490951987e-35 -5.191372798812539855e-35 1.111121912205083462e-35 1.111121912205083462e-35 1.111121912205083462e-35 2.251417692438588402e-35 2.251417692438588402e-35 2.251417692438588402e-35 2.251417692438588402e-35 2.251417692438588402e-35 6.572393735094823475e-36 2.919658712996176843e-35 2.919658712996176843e-35 2.919658712996176843e-35 5.202484011688980353e-35 7.627585924289582576e-35 1.273855509095340219e-34 1.273855509095340219e-34 1.273855509095340219e-34 1.293912974166812525e-19 1.293912974166811803e-19 1.293912974166813007e-19 1.293912974166813007e-19 1.293912974166813007e-19 1.293912974166813007e-19 1.293912974166813007e-19 1.293912974166813007e-19 1.293912974166813007e-19 1.293912974202436451e-19 1.774763732680737179e-19 1.774763732680737179e-19 1.774763732680737179e-19 1.812946010529277770e-19 1.812946010529277770e-19 1.812946010529277770e-19 1.812946010529277770e-19 1.812946010529277770e-19 1.812946010529277770e-19 1.812946010529277770e-19 1.812946010529277770e-19 1.812946010529277770e-19 1.812946935711352945e-19 2.180709007707685667e-19 2.180709007707685667e-19 2.180709007707685667e-19 2.180709007707685667e-19 2.180709007707685667e-19 2.180709007707685667e-19 2.180709007707685667e-19 2.180709007707685667e-19 2.180709007707685667e-19 2.180709007707685667e-19 2.180709007707685667e-19 2.180709007707685667e-19 2.180709007707685667e-19 2.180709007707685667e-19 2.180709007707685667e-19 2.180709007707685667e-19 2.180709007707685667e-19 2.180709007707685667e-19 2.180709007707685667e-19 2.180709007707685667e-19 2.180709007707685667e-19 2.180709007707685667e-19 2.180709007707685667e-19 2.180709007707685667e-19 2.180709007707685667e-19 2.180709007707685667e-19 2.180709007707685667e-19 2.180709007707685667e-19 2.180709007707685667e-19 2.180709007707685667e-19 2.180709007707685667e-19 2.180709007707685667e-19 2.180709007707685667e-19 2.180709007707685667e-19 2.180709007707685667e-19 2.180709007707685667e-19 2.180709007707685667e-19 2.180709007707685667e-19 2.180709007707685667e-19 2.180709007707685667e-19 2.180709007707685667e-19 2.180709007707685667e-19 2.180709007707685667e-19 2.180709007707685667e-19 2.180709007707685667e-19 2.180709007707685667e-19 2.180709007707685667e-19
-2.254444770311845227e-19 -2.254444770311845227e-19 -2.254444770311845227e-19 -2.254444770311845227e-19 -2.254444770311845227e-19 -2.254444770311845227e-19 -2.254444770311845227e-19 -2.254444770311845227e-19 -2.254444770311845227e-19 -2.254444770311845227e-19 -2.254444770311845227e-19 -2.254444770311845227e-19 -2.254444770311845227e-19 -2.254444770311845227e-19 -2.254444770311845227e-19 -2.254444770311845227e-19 -2.254444770311845227e-19 -2.254444770311845227e-19 -2.254444770311845227e-19 -2.254444770311845227e-19 -2.254444770311845227e-19 -2.254444770311845227e-19 -2.254444770311845227e-19 -2.254444770311845227e-19 -2.254444770311845227e-19 -2.254444770311845227e-19 -2.254444770311845227e-19 -2.254444770311845227e-19 -2.254444770311845227e-19 -2.254444770311845227e-19 -2.254444770311845227e-19 -2.254444770311845227e-19 -2.254444770311845227e-19 -2.254444770311845227e-19 -2.254444770311845227e-19 -2.254444770311845227e-19 -1.967003358700973855e-19 -1.967003358700973855e-19 -1.967003358700973855e-19 -1.967003358700973855e-19 -1.967003358700973855e-19 -1.967003358700973855e-19 -1.967003358700973855e-19 -1.967003358700973855e-19 -1.967003358700973855e-19 -1.967003358700973133e-19 -1.839421183844136292e-19 -1.839421183844136292e-19 -1.839421183844136292e-19 -1.360704798106267816e-19 -1.360704798106267816e-19 -1.360704798106267816e-19 -1.360704798106267816e-19 -1.360704798106267816e-19 -1.358790674655588992e-19 -1.349760158667240338e-19 -5.615045923255063154e-34 -5.615045923255063154e-34 -4.624057342484124211e-34 -1.310576349490951987e-35 -1.310576349490951987e-35 -1.310576349490951987e-35 -1.310576349490951987e-35 -1.539351429187623862e-35 1.111121912205083462e-35 1.111121912205083462e-35 1.111121912205083462e-35 2.251417692438588402e-35 2.251417692438588402e-35 2.251417692438588402e-35 2.251417692438588402e-35 2.251417692438588402e-35 -2.238722079228108291e-36 2.919658712996176843e-35 2.919658712996176843e-35 2.919658712996176843e-35 7.627585924289582576e-35 1.856687860799904209e-34 1.273855509095340219e-34 1.273855509095340219e-34 1.273855509095340219e-34 1.293912974166812525e-19 1.293912974166813007e-19 1.293912974166813007e-19 1.293912974166813007e-19 1.293912974166813007e-19 1.293912974166813007e-19 1.293912974166813007e-19 1.293912974166813007e-19 1.293912974166813007e-19 1.656944229213253498e-19 1.774763732680737179e-19 1.774763732680737179e-19 1.774792626338156997e-19 1.812946010529277770e-19 1.812946010529277770e-19 1.812946010529277770e-19 1.812946010529277770e-19 1.812946010529277770e-19 1.812946010529277770e-19 1.812946010529277770e-19 1.812946010529277770e-19 1.812946010529277770e-19 2.180709007370825113e-19 2.180709007707685667e-19 2.180709007707685667e-19 2.180709007707685667e-19 2.180709007707685667e-19 2.180709007707685667e-19 2.180709007707685667e-19 2.180709007707685667e-19 2.180709007707685667e-19 2.180709007707685667e-19 2.180709007707685667e-19 2.180709007707685667e-19 2.180709007707685667e-19 2.180709007707685667e-19 2.180709007707685667e-19 2.180709007707685667e-19 2.180709007707685667e-19 2.180709007707685667e-19 2.180709007707685667e-19 2.180709007707685667e-19 2.180709007707685667e-19 2.180709007707685667e-19 2.180709007707685667e-19 2.180709007707685667e-19 2.180709007707685667e-19 2.180709007707685667e-19 2.180709007707685667e-19 2.180709007707685667e-19 2.180709007707685667e-19 2.180709007707685667e-19 2.180709007707685667e-19 2.180709007707685667e-19 2.180709007707685667e-19 2.180709007707685667e-19 2.180709007707685667e-19 2.180709007707685667e-19 2.180709007707685667e-19 2.180709007707685667e-19 2.180709007707685667e-19 2.180709007707685667e-19 2.180709007707685667e-19 2.180709007707685667e-19 2.180709007707685667e-19 2.180709007707685667e-19 2.180709007707685667e-19 2.180709007707685667e-19 2.180709007707685667e-19
-2.254444770311845227e-19 -2.254444770311845227e-19 -2.254444770311845227e-19 -2.254444770311845227e-19 -2.254444770311845227e-19 -2.254444770311845227e-19 -2.254444770311845227e-19 -2.254444770311845227e-19 -2.254444770311845227e-19 -2.254444770311845227e-19 -2.254444770311845227e-19 -2.254444770311845227e-19 -2.254444770311845227e-19 -2.254444770311845227e-19 -2.254444770311845227e-19 -2.254444770311845227e-19 -2.254444770311845227e-19 -2.254444770311845227e-19 -2.254444770311845227e-19 -2.254444770311845227e-19 -2.254444770311845227e-19 -2.254444770311845227e-19 -2.254444770311845227e-19 -2.254444770311845227e-19 -2.254444770311845227e-19 -2.254444770311845227e-19 -2.254444770311845227e-19 -2.254444770311845227e-19 -2.254444770311845227e-19 -2.254444770311845227e-19 -2.254444770311845227e-19 -2.254444770311845227e-19 -2.254444770311845227e-19 -2.254444770311845227e-19 -2.254444770311845227e-19 -2.254444770311845227e-19 -2.254444770311839930e-19 -1.967003358700973855e-19 -1.967003358700973855e-19 -1.967003358700973855e-19 -1.967003358700973855e-19 -1.967003358700973855e-19 -1.967003358700973855e-19 -1.967003358700973855e-19 -1.967003358700973855e-19 -1.967003358700973855e-19 -1.882201770678392757e-19 -1.839421183844136292e-19 -1.839421183844136292e-19 -1.839421183665423715e-19 -1.360704798106267816e-19 -1.360704798106267816e-19 -1.360704798106267816e-19 -1.360704798106267816e-19 -1.360704798106267816e-19 -1.358790674655588992e-19 -4.619050098193248102e-32 -5.615045923255063154e-34 -5.615045923255063154e-34 -1.506670331173185518e-34 -1.310576349490951987e-35 -1.310576349490951987e-35 -1.310576349490951987e-35 -1.310576349490951987e-35 1.111121912205083462e-35 1.111121912205083462e-35 1.111121912205083462e-35 4.798747433233560669e-37 2.251417692438588402e-35 2.251417692438588402e-35 2.251417692438588402e-35 2.251417692438588402e-35 2.251417692438588402e-35 1.528253026857879217e-35 2.919658712996176843e-35 2.919658712996176843e-35 2.919658712996176843e-35 7.627585924289582576e-35 3.373672834989124828e-34 1.273855509095340219e-34 1.273855509095340219e-34 5.133857356275650483e-23 1.293912974166812525e-19 1.293912974166813007e-19 1.293912974166813007e-19 1.293912974166813007e-19 1.293912974166813007e-19 1.293912974166813007e-19 1.293912974166813007e-19 1.293912974166813007e-19 1.293912974166813007e-19 1.774763732225202747e-19 1.774763732680737179e-19 1.774763732680737179e-19 1.812946010529161733e-19 1.812946010529277770e-19 1.812946010529277770e-19 1.812946010529277770e-19 1.812946010529277770e-19 1.812946010529277770e-19 1.812946010529277770e-19 1.812946010529277770e-19 1.812946010529277770e-19 1.812946010529277770e-19 2.180709007707685667e-19 2.180709007707685667e-19 2.180709007707685667e-19 2.180709007707685667e-19 2.180709007707685667e-19 2.180709007707685667e-19 2.180709007707685667e-19 2.180709007707685667e-19 2.180709007707685667e-19 2.180709007707685667e-19 2.180709007707685667e-19 2.180709007707685667e-19 2.180709007707685667e-19 2.180709007707685667e-19 2.180709007707685667e-19 2.180709007707685667e-19 2.180709007707685667e-19 2.180709007707685667e-19 2.180709007707685667e-19 2.180709007707685667e-19 2.180709007707685667e-19 2.180709007707685667e-19 2.180709007707685667e-19 2.180709007707685667e-19 2.180709007707685667e-19 2.180709007707685667e-19 2.180709007707685667e-19 2.180709007707685667e-19 2.180709007707685667e-19 2.180709007707685667e-19 2.180709007707685667e-19 2.180709007707685667e-19 2.180709007707685667e-19 2.180709007707685667e-19 2.180709007707685667e-19 2.180709007707685667e-19 2.180709007707685667e-19 2.180709007707685667e-19 2.180709007707685667e-19 2.180709007707685667e-19 2.180709007707685667e-19 2.180709007707685667e-19 2.180709007707685667e-19 2.180709007707685667e-19 2.180709007707685667e-19 2.180709007707685667e-19
-2.254444770311845227e-19 -2.254444770311845227e-19 -2.254444770311845227e-19 -2.254444770311845227e-19 -2.254444770311845227e-19 -2.254444770311845227e-19 -2.254444770311845227e-19 -2.254444770311845227e-19 -2.254444770311845227e-19 -2.254444770311845227e-19 -2.254444770311845227e-19 -2.254444770311845227e-19 -2.254444770311845227e-19 -2.254444770311845227e-19 -2.254444770311845227e-19 -2.254444770311845227e-19 -2.254444770311845227e-19 -2.254444770311845227e-19 -2.254444770311845227e-19 -2.254444770311845227e-19 -2.254444770311845227e-19 -2.254444770311845227e-19 -2.254444770311845227e-19 -2.254444770311845227e-19 -2.254444770311845227e-19 -2.254444770311845227e-19 -2.254444770311845227e-19 -2.254444770311845227e-19 -2.254444770311845227e-19 -2.254444770311845227e-19 -2.254444770311845227e-19 -2.254444770311845227e-19 -2.254444770311845227e-19 -2.254444770311845227e-19 -2.254444770311845227e-19 -2.254444770311845227e-19 -2.254444770311845227e-19 -2.003167410663033728e-19 -1.967003358700973855e-19 -1.967003358700973855e-19 -1.967003358700973855e-19 -1.967003358700973855e-19 -1.967003358700973855e-19 -1.967003358700973855e-19 -1.967003358700973855e-19 -1.967003358700973855e-19 -1.967003358700973855e-19 -1.839421183844139903e-19 -1.839421183844136292e-19 -1.839421183844136292e-19 -1.360707723142654176e-19 -1.360704798106267816e-19 -1.360704798106267816e-19 -1.360704798106267816e-19 -1.360704798106267816e-19 -1.360704798106165501e-19 -1.358790674655588992e-19 -5.615045923255397570e-34 -5.615045923255063154e-34 -5.615045923255063154e-34 -1.310550670255332610e-35 -1.310576349490951987e-35 -1.310576349490951987e-35 -1.310576349490951987e-35 -2.235791241551716397e-35 1.111121912205083462e-35 1.111121912205083462e-35 1.111121912205083462e-35 3.041505666302877441e-35 2.251417692438588402e-35 2.251417692438588402e-35 2.251417692438588402e-35 2.251417692438588402e-35 2.251417692438588402e-35 3.490181549536676761e-35 2.919658712996176843e-35 2.919658712996176843e-35 2.054542269023662289e-35 7.627585924289582576e-35 1.273855509095340219e-34 1.273855509095340219e-34 1.273855509095340219e-34 1.293912974159301158e-19 1.293912974166812525e-19 1.293912974166813007e-19 1.293912974166813007e-19 1.293912974166813007e-19 1.293912974166813007e-19 1.293912974166813007e-19 1.293912974166813007e-19 1.293912974166813007e-19 1.293912974166813007e-19 1.774763732680737179e-19 1.774763732680737179e-19 1.774763732680737179e-19 1.812946010529277770e-19 1.812946010529277770e-19 1.812946010529277770e-19 1.812946010529277770e-19 1.812946010529277770e-19 1.812946010529277770e-19 1.812946010529277770e-19 1.812946010529277770e-19 1.812946010529277770e-19 1.812946010529277770e-19 2.180709007707685667e-19 2.180709007707685667e-19 2.180709007707685667e-19 2.180709007707685667e-19 2.180709007707685667e-19 2.180709007707685667e-19 2.180709007707685667e-19 2.180709007707685667e-19 2.180709007707685667e-19 2.180709007707685667e-19 2.180709007707685667e-19 2.180709007707685667e-19 2.180709007707685667e-19 2.180709007707685667e-19 2.180709007707685667e-19 2.180709007707685667e-19 2.180709007707685667e-19 2.180709007707685667e-19 2.180709007707685667e-19 2.180709007707685667e-19 2.180709007707685667e-19 2.180709007707685667e-19 2.180709007707685667e-19 2.180709007707685667e-19 2.180709007707685667e-19 2.180709007707685667e-19 2.180709007707685667e-19 2.180709007707685667e-19 2.180709007707685667e-19 2.180709007707685667e-19 2.180709007707685667e-19 2.180709007707685667e-19 2.180709007707685667e-19 2.180709007707685667e-19 2.180709007707685667e-19 2.180709007707685667e-19 2.180709007707685667e-19 2.180709007707685667e-19 2.180709007707685667e-19 2.180709007707685667e-19 2.180709007707685667e-19 2.180709007707685667e-19 2.180709007707685667e-19 2.180709007707685667e-19 2.180709007707685667e-19
-2.214126699309909501e-19 -2.214126699309909501e-19 -2.214126699309909501e-19 -2.214126699309909501e-19 -2.214126699309909501e-19 -2.214126699309909501e-19 -2.214126699309909501e-19 -2.214126699309909501e-19 -2.214126699309909501e-19 -2.214126699309909501e-19 -2.214126699309909501e-19 -2.214126699309909501e-19 -2.214126699309909501e-19 -2.214126699309909501e-19 -2.214126699309909501e-19 -2.214126699309909501e-19 -2.214126699309909501e-19 -2.214126699309909501e-19 -2.214126699309909501e-19 -2.214126699309909501e-19 -2.214126699309909501e-19 -2.214126699309909501e-19 -2.214126699309909501e-19 -2.214126699309909501e-19 -2.214126699309909501e-19 -2.214126699309909501e-19 -2.214126699309909501e-19 -2.214126699309909501e-19 -2.214126699309909501e-19 -2.214126699309909501e-19 -2.214126699309909501e-19 -2.214126699309909501e-19 -2.214126699309909501e-19 -2.214126699309909501e-19 -2.214126699309909501e-19 -2.214126699309909501e-19 -2.214126699309909501e-19 -2.214126699309909501e-19 -1.864306600249917485e-19 -1.864306600249917726e-19 -1.864306600249917726e-19 -1.864306600249917726e-19 -1.864306600249917726e-19 -1.864306600249917726e-19 -1.864306600249917726e-19 -1.864306600249917726e-19 -1.864306600249917726e-19 -1.864306600249917726e-19 -1.746791877890974429e-19 -1.746791877890974429e-19 -1.746791877890974429e-19 -1.293838153819015447e-19 -1.293838153819015447e-19 -1.293838153819015447e-19 -1.293838153819015447e-19 -1.293838153819015447e-19 -1.293838153819015688e-19 -1.293838153819016410e-19 -2.160649115913896443e-34 -2.160649115913896443e-34 -2.160649115913896443e-34 -3.614074270582616590e-35 -3.614074270582616590e-35 -3.614074270582616590e-35 -3.614074270582616590e-35 -4.760778963543796888e-35 -3.566112612967040280e-36 -3.566112612967040280e-36 -3.566112612967040280e-36 -5.247190751246060197e-36 -5.247190751246060197e-36 -5.247190751246060197e-36 -5.247190751246060197e-36 -5.247190751246060197e-36 -5.247190751246060197e-36 6.344119195485770439e-35 6.344119195485770439e-35 6.344119195485770439e-35 1.805128144498249479e-35 2.723693790004368933e-35 2.716350208974817189e-34 2.716350208974817189e-34 2.716350208974817189e-34 1.293912974166812044e-19 1.293912974166812766e-19 1.293912974166811803e-19 1.293912974166811803e-19 1.293912974166811803e-19 1.293912974166811803e-19 1.293912974166811803e-19 1.293912974166811803e-19 1.293912974166811803e-19 1.293912974166811803e-19 1.774680837110026502e-19 1.774680837110026502e-19 1.774680837110026502e-19 1.812832504605248938e-19 1.812832504605248938e-19 1.812832504605248938e-19 1.812832504605248938e-19 1.812832504605248938e-19 1.812832504605248938e-19 1.812832504605248938e-19 1.812832504605248938e-19 1.812832504605248938e-19 1.812832504605251105e-19 2.174534492895797248e-19 2.174534492895797248e-19 2.174534492895797248e-19 2.174534492895797248e-19 2.174534492895797248e-19 2.174534492895797248e-19 2.174534492895797248e-19 2.174534492895797248e-19 2.174534492895797248e-19 2.174534492895797248e-19 2.174534492895797248e-19 2.174534492895797248e-19 2.174534492895797248e-19 2.174534492895797248e-19 2.174534492895797248e-19 2.174534492895797248e-19 2.174534492895797248e-19 2.174534492895797248e-19 2.174534492895797248e-19 2.174534492895797248e-19 2.174534492895797248e-19 2.174534492895797248e-19 2.174534492895797248e-19 2.174534492895797248e-19 2.174534492895797248e-19 2.174534492895797248e-19 2.174534492895797248e-19 2.174534492895797248e-19 2.174534492895797248e-19 2.174534492895797248e-19 2.174534492895797248e-19 2.174534492895797248e-19 2.174534492895797248e-19 2.174534492895797248e-19 2.174534492895797248e-19 2.174534492895797248e-19 2.174534492895797248e-19 2.174534492895797248e-19 2.174534492895797248e-19 2.174534492895797248e-19 2.174534492895797248e-19 2.174534492895797248e-19 2.174534492895797248e-19 2.174534492895797248e-19
-2.174425487158077889e-19 -2.174425487158077889e-19 -2.174425487158077889e-19 -2.174425487158077889e-19 -2.174425487158077889e-19 -2.174425487158077889e-19 -2.174425487158077889e-19 -2.174425487158077889e-19 -2.174425487158077889e-19 -2.174425487158077889e-19 -2.174425487158077889e-19 -2.174425487158077889e-19 -2.174425487158077889e-19 -2.174425487158077889e-19 -2.174425487158077889e-19 -2.174425487158077889e-19 -2.174425487158077889e-19 -2.174425487158077889e-19 -2.174425487158077889e-19 -2.174425487158077889e-19 -2.174425487158077889e-19 -2.174425487158077889e-19 -2.174425487158077889e-19 -2.174425487158077889e-19 -2.174425487158077889e-19 -2.174425487158077889e-19 -2.174425487158077889e-19 -2.174425487158077889e-19 -2.174425487158077889e-19 -2.174425487158077889e-19 -2.174425487158077889e-19 -2.174425487158077889e-19 -2.174425487158077889e-19 -2.174425487158077889e-19 -2.174425487158077889e-19 -2.174425487158077889e-19 -2.174425487158077889e-19 -2.174425487158077889e-19 -2.174425487158077889e-19 -1.812737050827999748e-19 -1.812737050827999748e-19 -1.812737050827999748e-19 -1.812737050827999748e-19 -1.812737050827999748e-19 -1.812737050827999748e-19 -1.812737050827999748e-19 -1.812737050827999748e-19 -1.812737050827999748e-19 -1.812737050827999748e-19 -1.658117898751043008e-19 -1.658117898751043008e-19 -1.658117898751043008e-19 -1.293838153819016410e-19 -1.293838153819016410e-19 -1.293838153819016410e-19 -1.293838153819016410e-19 -1.293838153819016410e-19 -1.293838153819016410e-19 -1.293838153810678097e-19 -1.733986046327999504e-35 -1.733986046327999504e-35 -1.733986046327999504e-35 -1.490915970167181214e-35 -1.490915970167181214e-35 -1.490915970167181214e-35 -1.490915970167181214e-35 -2.076200800335694947e-35 -2.648324690906718028e-35 -2.648324690906718028e-35 -2.648324690906718028e-35 -3.444079937974296049e-36 -3.444079937974296049e-36 -3.444079937974296049e-36 -3.444079937974296049e-36 -3.444079937974296049e-36 1.060898163217460239e-35 5.695604882115642157e-35 5.695604882115642157e-35 5.695604882115642157e-35 3.640591832457824469e-35 7.421463743382701384e-35 1.131792495284516698e-34 1.131792495284516698e-34 1.131792495284516698e-34 1.293912974166812525e-19 1.293912974166812044e-19 1.293912974166812284e-19 1.293912974166812284e-19 1.293912974166812284e-19 1.293912974166812284e-19 1.293912974166812284e-19 1.293912974166812284e-19 1.293912974166812284e-19 1.293925028901192911e-19 1.774679473504796167e-19 1.774679473504796167e-19 1.774679473504820000e-19 1.812828244723485361e-19 1.812828244723485361e-19 1.812828244723485361e-19 1.812828244723485361e-19 1.812828244723485361e-19 1.812828244723485361e-19 1.812828244723485361e-19 1.812828244723485361e-19 1.812828244723485361e-19 1.981606032970454652e-19 2.174509393729756543e-19 2.174509393729756543e-19 2.174509393729756543e-19 2.174509393729756543e-19 2.174509393729756543e-19 2.174509393729756543e-19 2.174509393729756543e-19 2.174509393729756543e-19 2.174509393729756543e-19 2.174509393729756543e-19 2.174509393729756543e-19 2.174509393729756543e-19 2.174509393729756543e-19 2.174509393729756543e-19 2.174509393729756543e-19 2.174509393729756543e-19 2.174509393729756543e-19 2.174509393729756543e-19 2.174509393729756543e-19 2.174509393729756543e-19 2.174509393729756543e-19 2.174509393729756543e-19 2.174509393729756543e-19 2.174509393729756543e-19 2.174509393729756543e-19 2.174509393729756543e-19 2.174509393729756543e-19 2.174509393729756543e-19 2.174509393729756543e-19 2.174509393729756543e-19 2.174509393729756543e-19 2.174509393729756543e-19 2.174509393729756543e-19 2.174509393729756543e-19 2.174509393729756543e-19 2.174509393729756543e-19 2.174509393729756543e-19 2.174509393729756543e-19 2.174509393729756543e-19 2.174509393729756543e-19 2.174509393729756543e-19 2.174509393729756543e-19 2.174509393729756543e-19
-2.174425487158077889e-19 -2.174425487158077889e-19 -2.174425487158077889e-19 -2.174425487158077889e-19 -2.174425487158077889e-19 -2.174425487158077889e-19 -2.174425487158077889e-19 -2.174425487158077889e-19 -2.174425487158077889e-19 -2.174425487158077889e-19 -2.174425487158077889e-19 -2.174425487158077889e-19 -2.174425487158077889e-19 -2.174425487158077889e-19 -2.174425487158077889e-19 -2.174425487158077889e-19 -2.174425487158077889e-19 -2.174425487158077889e-19 -2.174425487158077889e-19 -2.174425487158077889e-19 -2.174425487158077889e-19 -2.174425487158077889e-19 -2.174425487158077889e-19 -2.174425487158077889e-19 -2.174425487158077889e-19 -2.174425487158077889e-19 -2.174425487158077889e-19 -2.174425487158077889e-19 -2.174425487158077889e-19 -2.174425487158077889e-19 -2.174425487158077889e-19 -2.174425487158077889e-19 -2.174425487158077889e-19 -2.174425487158077889e-19 -2.174425487158077889e-19 -2.174425487158077889e-19 -2.174425487158077889e-19 -2.174425487158077889e-19 -2.174425487158077889e-19 -2.174425487158077889e-19 -1.812737050827999748e-19 -1.812737050827999748e-19 -1.812737050827999748e-19 -1.812737050827999748e-19 -1.812737050827999748e-19 -1.812737050827999748e-19 -1.812737050827999748e-19 -1.812737050827999748e-19 -1.812737050827999748e-19 -1.812737050274225797e-19 -1.658117898751043008e-19 -1.658117898751043008e-19 -1.658117898751043008e-19 -1.293838153819016410e-19 -1.293838153819016410e-19 -1.293838153819016410e-19 -1.293838153819016410e-19 -1.293838153819016410e-19 -1.293838153819016410e-19 -4.624740455599411904e-23 -1.733986046327999504e-35 -1.733986046327999504e-35 -4.008511629745299460e-34 -1.490915970167181214e-35 -1.490915970167181214e-35 -1.490915970167181214e-35 -1.490915970167181214e-35 -4.983212151025880618e-36 -2.648324690906718028e-35 -2.648324690906718028e-35 -2.648324690906718028e-35 -3.444079937974296049e-36 -3.444079937974296049e-36 -3.444079937974296049e-36 -3.444079937974296049e-36 -3.444079937974296049e-36 2.037594694069023647e-35 5.695604882115642157e-35 5.695604882115642157e-35 5.695604882115642157e-35 7.421463743382701384e-35 3.511371731927911794e-35 1.131792495284516698e-34 1.131792495284516698e-34 4.109142446199080633e-32 1.293912974166812525e-19 1.293912974166812284e-19 1.293912974166812284e-19 1.293912974166812284e-19 1.293912974166812284e-19 1.293912974166812284e-19 1.293912974166812284e-19 1.293912974166812284e-19 1.293912974166812284e-19 1.678158684918258505e-19 1.774679473504796167e-19 1.774679473504796167e-19 1.812683290299278983e-19 1.812828244723485361e-19 1.812828244723485361e-19 1.812828244723485361e-19 1.812828244723485361e-19 1.812828244723485361e-19 1.812828244723485361e-19 1.812828244723485361e-19 1.812828244723485361e-19 1.812828244723485361e-19 2.174509393729755580e-19 2.174509393729756543e-19 2.174509393729756543e-19 2.174509393729756543e-19 2.174509393729756543e-19 2.174509393729756543e-19 2.174509393729756543e-19 2.174509393729756543e-19 2.174509393729756543e-19 2.174509393729756543e-19 2.174509393729756543e-19 2.174509393729756543e-19 2.174509393729756543e-19 2.174509393729756543e-19 2.174509393729756543e-19 2.174509393729756543e-19 2.174509393729756543e-19 2.174509393729756543e-19 2.174509393729756543e-19 2.174509393729756543e-19 2.174509393729756543e-19 2.174509393729756543e-19 2.174509393729756543e-19 2.174509393729756543e-19 2.174509393729756543e-19 2.174509393729756543e-19 2.174509393729756543e-19 2.174509393729756543e-19 2.174509393729756543e-19 2.174509393729756543e-19 2.174509393729756543e-19 2.174509393729756543e-19 2.174509393729756543e-19 2.174509393729756543e-19 2.174509393729756543e-19 2.174509393729756543e-19 2.174509393729756543e-19 2.174509393729756543e-19 2.174509393729756543e-19 2.174509393729756543e-19 2.174509393729756543e-19 2.174509393729756543e-19 2.174509393729756543e-19
-2.174425487158077889e-19 -2.174425487158077889e-19 -2.174425487158077889e-19 -2.174425487158077889e-19 -2.174425487158077889e-19 -2.174425487158077889e-19 -2.174425487158077889e-19 -2.174425487158077889e-19 -2.174425487158077889e-19 -2.174425487158077889e-19 -2.174425487158077889e-19 -2.174425487158077889e-19 -2.174425487158077889e-19 -2.174425487158077889e-19 -2.174425487158077889e-19 -2.174425487158077889e-19 -2.174425487158077889e-19 -2.174425487158077889e-19 -2.174425487158077889e-19 -2.174425487158077889e-19 -2.174425487158077889e-19 -2.174425487158077889e-19 -2.174425487158077889e-19 -2.174425487158077889e-19 -2.174425487158077889e-19 -2.174425487158077889e-19 -2.174425487158077889e-19 -2.174425487158077889e-19 -2.174425487158077889e-19 -2.174425487158077889e-19 -2.174425487158077889e-19 -2.174425487158077889e-19 -2.174425487158077889e-19 -2.174425487158077889e-19 -2.174425487158077889e-19 -2.174425487158077889e-19 -2.174425487158077889e-19 -2.174425487158077889e-19 -2.174425487158077889e-19 -2.174425487158077889e-19 -2.174425485171304447e-19 -1.812737050827999748e-19 -1.812737050827999748e-19 -1.812737050827999748e-19 -1.812737050827999748e-19 -1.812737050827999748e-19 -1.812737050827999748e-19 -1.812737050827999748e-19 -1.812737050827999748e-19 -1.812737050827999748e-19 -1.658121113982676492e-19 -1.658117898751043008e-19 -1.658117898751043008e-19 -1.658065764752146875e-19 -1.293838153819016410e-19 -1.293838153819016410e-19 -1.293838153819016410e-19 -1.293838153819016410e-19 -1.293838153819016410e-19 -1.293838153819016410e-19 -1.733721433979094916e-35 -1.733986046327999504e-35 -1.733986046327999504e-35 -2.445160894725530762e-34 -1.490915970167181214e-35 -1.490915970167181214e-35 -1.490915970167181214e-35 -1.490915970167181214e-35 -2.648324690906718028e-35 -2.648324690906718028e-35 -2.648324690906718028e-35 6.189717189087509332e-36 -3.444079937974296049e-36 -3.444079937974296049e-36 -3.444079937974296049e-36 -3.444079937974296049e-36 -3.444079937974296049e-36 2.814687511841053859e-36 5.695604882115642157e-35 5.695604882115642157e-35 5.695604882115642157e-35 7.421463743382701384e-35 1.375523295445218352e-34 1.131792495284516698e-34 1.131792495284516698e-34 1.284563539915508511e-19 1.293912974166812525e-19 1.293912974166812284e-19 1.293912974166812284e-19 1.293912974166812284e-19 1.293912974166812284e-19 1.293912974166812284e-19 1.293912974166812284e-19 1.293912974166812284e-19 1.293912974166812284e-19 1.774679473504794723e-19 1.774679473504796167e-19 1.774679473504796167e-19 1.812828244723485361e-19 1.812828244723485361e-19 1.812828244723485361e-19 1.812828244723485361e-19 1.812828244723485361e-19 1.812828244723485361e-19 1.812828244723485361e-19 1.812828244723485361e-19 1.812828244723485361e-19 1.812828244723485361e-19 2.174509393729756543e-19 2.174509393729756543e-19 2.174509393729756543e-19 2.174509393729756543e-19 2.174509393729756543e-19 2.174509393729756543e-19 2.174509393729756543e-19 2.174509393729756543e-19 2.174509393729756543e-19 2.174509393729756543e-19 2.174509393729756543e-19 2.174509393729756543e-19 2.174509393729756543e-19 2.174509393729756543e-19 2.174509393729756543e-19 2.174509393729756543e-19 2.174509393729756543e-19 2.174509393729756543e-19 2.174509393729756543e-19 2.174509393729756543e-19 2.174509393729756543e-19 2.174509393729756543e-19 2.174509393729756543e-19 2.174509393729756543e-19 2.174509393729756543e-19 2.174509393729756543e-19 2.174509393729756543e-19 2.174509393729756543e-19 2.174509393729756543e-19 2.174509393729756543e-19 2.174509393729756543e-19 2.174509393729756543e-19 2.174509393729756543e-19 2.174509393729756543e-19 2.174509393729756543e-19 2.174509393729756543e-19 2.174509393729756543e-19 2.174509393729756543e-19 2.174509393729756543e-19 2.174509393729756543e-19 2.174509393729756543e-19 2.174509393729756543e-19
-2.174425487158077889e-19 -2.174425487158077889e-19 -2.174425487158077889e-19 -2.174425487158077889e-19 -2.174425487158077889e-19 -2.174425487158077889e-19 -2.174425487158077889e-19 -2.174425487158077889e-19 -2.174425487158077889e-19 -2.174425487158077889e-19 -2.174425487158077889e-19 -2.174425487158077889e-19 -2.174425487158077889e-19 -2.174425487158077889e-19 -2.174425487158077889e-19 -2.174425487158077889e-19 -2.174425487158077889e-19 -2.174425487158077889e-19 -2.174425487158077889e-19 -2.174425487158077889e-19 -2.174425487158077889e-19 -2.174425487158077889e-19 -2.174425487158077889e-19 -2.174425487158077889e-19 -2.174425487158077889e-19 -2.174425487158077889e-19 -2.174425487158077889e-19 -2.174425487158077889e-19 -2.174425487158077889e-19 -2.174425487158077889e-19 -2.174425487158077889e-19 -2.174425487158077889e-19 -2.174425487158077889e-19 -2.174425487158077889e-19 -2.174425487158077889e-19 -2.174425487158077889e-19 -2.174425487158077889e-19 -2.174425487158077889e-19 -2.174425487158077889e-19 -2.174425487158077889e-19 -2.174425487158077889e-19 -1.812737202593336500e-19 -1.812737050827999748e-19 -1.812737050827999748e-19 -1.812737050827999748e-19 -1.812737050827999748e-19 -1.812737050827999748e-19 -1.812737050827999748e-19 -1.812737050827999748e-19 -1.812737050827999748e-19 -1.812737050827999748e-19 -1.658117898751043008e-19 -1.658117898751043008e-19 -1.658117898751043008e-19 -1.293838153824795885e-19 -1.293838153819016410e-19 -1.293838153819016410e-19 -1.293838153819016410e-19 -1.293838153819016410e-19 -1.293838153819014966e-19 -1.293838153819016410e-19 -1.733986046327999504e-35 -1.733986046327999504e-35 -1.733986046327999504e-35 -1.490915971085067149e-35 -1.490915970167181214e-35 -1.490915970167181214e-35 -1.490915970167181214e-35 -4.302721012177860268e-35 -2.648324690906718028e-35 -2.648324690906718028e-35 -2.648324690906718028e-35 2.226535338896837569e-35 -3.444079937974296049e-36 -3.444079937974296049e-36 -3.444079937974296049e-36 -3.444079937974296049e-36 -3.444079937974296049e-36 2.918335908716741361e-35 5.695604882115642157e-35 5.695604882115642157e-35 4.060199345409510714e-35 7.421463743382701384e-35 1.131792495284516698e-34 1.131792495284516698e-34 1.131792495284516698e-34 1.293912974166812525e-19 1.293912974166812044e-19 1.293912974166812284e-19 1.293912974166812284e-19 1.293912974166812284e-19 1.293912974166812284e-19 1.293912974166812284e-19 1.293912974166812284e-19 1.293912974166812284e-19 1.293912974166812284e-19 1.774679473504796167e-19 1.774679473504796167e-19 1.774679473504796167e-19 1.812828244723485361e-19 1.812828244723485361e-19 1.812828244723485361e-19 1.812828244723485361e-19 1.812828244723485361e-19 1.812828244723485361e-19 1.812828244723485361e-19 1.812828244723485361e-19 1.812828244723485361e-19 1.812828244723485361e-19 2.174509393729756543e-19 2.174509393729756543e-19 2.174509393729756543e-19 2.174509393729756543e-19 2.174509393729756543e-19 2.174509393729756543e-19 2.174509393729756543e-19 2.174509393729756543e-19 2.174509393729756543e-19 2.174509393729756543e-19 2.174509393729756543e-19 2.174509393729756543e-19 2.174509393729756543e-19 2.174509393729756543e-19 2.174509393729756543e-19 2.174509393729756543e-19 2.174509393729756543e-19 2.174509393729756543e-19 2.174509393729756543e-19 2.174509393729756543e-19 2.174509393729756543e-19 2.174509393729756543e-19 2.174509393729756543e-19 2.174509393729756543e-19 2.174509393729756543e-19 2.174509393729756543e-19 2.174509393729756543e-19 2.174509393729756543e-19 2.174509393729756543e-19 2.174509393729756543e-19 2.174509393729756543e-19 2.174509393729756543e-19 2.174509393729756543e-19 2.174509393729756543e-19 2.174509393729756543e-19 2.174509393729756543e-19 2.174509393729756543e-19 2.174509393729756543e-19 2.174509393729756543e-19 2.174509393729756543e-19 2.174509393729756543e-19
-2.174425487158077889e-19 -2.174425487158077889e-19 -2.174425487158077889e-19 -2.174425487158077889e-19 -2.174425487158077889e-19 -2.174425487158077889e-19 -2.174425487158077889e-19 -2.174425487158077889e-19 -2.174425487158077889e-19 -2.174425487158077889e-19 -2.174425487158077889e-19 -2.174425487158077889e-19 -2.174425487158077889e-19 -2.174425487158077889e-19 -2.174425487158077889e-19 -2.174425487158077889e-19 -2.174425487158077889e-19 -2.174425487158077889e-19 -2.174425487158077889e-19 -2.174425487158077889e-19 -2.174425487158077889e-19 -2.174425487158077889e-19 -2.174425487158077889e-19 -2.174425487158077889e-19 -2.174425487158077889e-19 -2.174425487158077889e-19 -2.174425487158077889e-19 -2.174425487158077889e-19 -2.174425487158077889e-19 -2.174425487158077889e-19 -2.174425487158077889e-19 -2.174425487158077889e-19 -2.174425487158077889e-19 -2.174425487158077889e-19 -2.174425487158077889e-19 -2.174425487158077889e-19 -2.174425487158077889e-19 -2.174425487158077889e-19 -2.174425487158077889e-19 -2.174425487158077889e-19 -2.174425487158077889e-19 -2.174425487158077889e-19 -1.812737050827999748e-19 -1.812737050827999748e-19 -1.812737050827999748e-19 -1.812737050827999748e-19 -1.812737050827999748e-19 -1.812737050827999748e-19 -1.812737050827999748e-19 -1.812737050827999748e-19 -1.812737050827999748e-19 -1.812737050827999748e-19 -1.658117898751043008e-19 -1.658117898751043008e-19 -1.658117898751043008e-19 -1.293838153819016410e-19 -1.293838153819016410e-19 -1.293838153819016410e-19 -1.293838153819016410e-19 -1.293838153819016410e-19 -1.293838153819016651e-19 -1.293838153819016410e-19 -1.733986046327999504e-35 -1.733986046327999504e-35 -1.733986046327999504e-35 -1.490915970167181214e-35 -1.490915970167181214e-35 -1.490915970167181214e-35 -1.490915970167181214e-35 -1.073235630889514253e-35 -2.648324690906718028e-35 -2.648324690906718028e-35 -2.648324690906718028e-35 -3.444079937974296049e-36 -3.444079937974296049e-36 -3.444079937974296049e-36 -3.444079937974296049e-36 -3.444079937974296049e-36 -9.389946996080729018e-36 5.695604882115642157e-35 5.695604882115642157e-35 5.695604882115642157e-35 4.254663148713548651e-35 7.421463743382701384e-35 1.131792495284516698e-34 1.131792495284516698e-34 1.131792495284516698e-34 1.293912974166812525e-19 1.293912974166812044e-19 1.293912974166812284e-19 1.293912974166812284e-19 1.293912974166812284e-19 1.293912974166812284e-19 1.293912974166812284e-19 1.293912974166812284e-19 1.293912974166812284e-19 1.293912974166821914e-19 1.774679473504796167e-19 1.774679473504796167e-19 1.774679473504796167e-19 1.812828244723485361e-19 1.812828244723485361e-19 1.812828244723485361e-19 1.812828244723485361e-19 1.812828244723485361e-19 1.812828244723485361e-19 1.812828244723485361e-19 1.812828244723485361e-19 1.812828244723485361e-19 1.812828244975932888e-19 2.174509393729756543e-19 2.174509393729756543e-19 2.174509393729756543e-19 2.174509393729756543e-19 2.174509393729756543e-19 2.174509393729756543e-19 2.174509393729756543e-19 2.174509393729756543e-19 2.174509393729756543e-19 2.174509393729756543e-19 2.174509393729756543e-19 2.174509393729756543e-19 2.174509393729756543e-19 2.174509393729756543e-19 2.174509393729756543e-19 2.174509393729756543e-19 2.174509393729756543e-19 2.174509393729756543e-19 2.174509393729756543e-19 2.174509393729756543e-19 2.174509393729756543e-19 2.174509393729756543e-19 2.174509393729756543e-19 2.174509393729756543e-19 2.174509393729756543e-19 2.174509393729756543e-19 2.174509393729756543e-19 2.174509393729756543e-19 2.174509393729756543e-19 2.174509393729756543e-19 2.174509393729756543e-19 2.174509393729756543e-19 2.174509393729756543e-19 2.174509393729756543e-19 2.174509393729756543e-19 2.174509393729756543e-19 2.174509393729756543e-19 2.174509393729756543e-19 2.174509393729756543e-19 2.174509393729756543e-19
-2.174425487158077889e-19 -2.174425487158077889e-19 -2.174425487158077889e-19 -2.174425487158077889e-19 -2.174425487158077889e-19 -2.174425487158077889e-19 -2.174425487158077889e-19 -2.174425487158077889e-19 -2.174425487158077889e-19 -2.174425487158077889e-19 -2.174425487158077889e-19 -2.174425487158077889e-19 -2.174425487158077889e-19 -2.174425487158077889e-19 -2.174425487158077889e-19 -2.174425487158077889e-19 -2.174425487158077889e-19 -2.174425487158077889e-19 -2.174425487158077889e-19 -2.174425487158077889e-19 -2.174425487158077889e-19 -2.174425487158077889e-19 -2.174425487158077889e-19 -2.174425487158077889e-19 -2.174425487158077889e-19 -2.174425487158077889e-19 -2.174425487158077889e-19 -2.174425487158077889e-19 -2.174425487158077889e-19 -2.174425487158077889e-19 -2.174425487158077889e-19 -2.174425487158077889e-19 -2.174425487158077889e-19 -2.174425487158077889e-19 -2.174425487158077889e-19 -2.174425487158077889e-19 -2.174425487158077889e-19 -2.174425487158077889e-19 -2.174425487158077889e-19 -2.174425487158077889e-19 -2.174425487158077889e-19 -2.174425487158077889e-19 -2.174425487158077889e-19 -1.812737050827999748e-19 -1.812737050827999748e-19 -1.812737050827999748e-19 -1.812737050827999748e-19 -1.812737050827999748e-19 -1.812737050827999748e-19 -1.812737050827999748e-19 -1.812737050827999748e-19 -1.812737050827999748e-19 -1.812737050827999748e-19 -1.658117898751043008e-19 -1.658117898751043008e-19 -1.658117898751043008e-19 -1.293838153819016410e-19 -1.293838153819016410e-19 -1.293838153819016410e-19 -1.293838153819016410e-19 -1.293838153819016410e-19 -1.293838153819016410e-19 -1.293835267675610941e-19 -1.733986046327999504e-35 -1.733986046327999504e-35 -3.498918579347863574e-34 -1.490915970167181214e-35 -1.490915970167181214e-35 -1.490915970167181214e-35 -1.490915970167181214e-35 -2.177304135891610003e-35 -2.648324690906718028e-35 -2.648324690906718028e-35 -2.648324690906718028e-35 -3.444079937974296049e-36 -3.444079937974296049e-36 -3.444079937974296049e-36 -3.444079937974296049e-36 -3.444079937974296049e-36 2.134946082244145009e-35 5.695604882115642157e-35 5.695604882115642157e-35 5.695604882115642157e-35 7.421463743382701384e-35 5.291600596464686971e-34 1.131792495284516698e-34 1.131792495284516698e-34 1.131792495284516698e-34 1.293912974166812525e-19 1.293912974166812284e-19 1.293912974166812284e-19 1.293912974166812284e-19 1.293912974166812284e-19 1.293912974166812284e-19 1.293912974166812284e-19 1.293912974166812284e-19 1.293912974166812284e-19 1.629377577211500001e-19 1.774679473504796167e-19 1.774679473504796167e-19 1.774679481482368497e-19 1.812828244723485361e-19 1.812828244723485361e-19 1.812828244723485361e-19 1.812828244723485361e-19 1.812828244723485361e-19 1.812828244723485361e-19 1.812828244723485361e-19 1.812828244723485361e-19 1.812828244723485361e-19 2.174508199382711977e-19 2.174509393729756543e-19 2.174509393729756543e-19 2.174509393729756543e-19 2.174509393729756543e-19 2.174509393729756543e-19 2.174509393729756543e-19 2.174509393729756543e-19 2.174509393729756543e-19 2.174509393729756543e-19 2.174509393729756543e-19 2.174509393729756543e-19 2.174509393729756543e-19 2.174509393729756543e-19 2.174509393729756543e-19 2.174509393729756543e-19 2.174509393729756543e-19 2.174509393729756543e-19 2.174509393729756543e-19 2.174509393729756543e-19 2.174509393729756543e-19 2.174509393729756543e-19 2.174509393729756543e-19 2.174509393729756543e-19 2.174509393729756543e-19 2.174509393729756543e-19 2.174509393729756543e-19 2.174509393729756543e-19 2.174509393729756543e-19 2.174509393729756543e-19 2.174509393729756543e-19 2.174509393729756543e-19 2.174509393729756543e-19 2.174509393729756543e-19 2.174509393729756543e-19 2.174509393729756543e-19 2.174509393729756543e-19 2.174509393729756543e-19 2.174509393729756543e-19 2.174509393729756543e-19
-2.174425487158077889e-19 -2.174425487158077889e-19 -2.174425487158077889e-19 -2.174425487158077889e-19 -2.174425487158077889e-19 -2.174425487158077889e-19 -2.174425487158077889e-19 -2.174425487158077889e-19 -2.174425487158077889e-19 -2.174425487158077889e-19 -2.174425487158077889e-19 -2.174425487158077889e-19 -2.174425487158077889e-19 -2.174425487158077889e-19 -2.174425487158077889e-19 -2.174425487158077889e-19 -2.174425487158077889e-19 -2.174425487158077889e-19 -2.174425487158077889e-19 -2.174425487158077889e-19 -2.174425487158077889e-19 -2.174425487158077889e-19 -2.174425487158077889e-19 -2.174425487158077889e-19 -2.174425487158077889e-19 -2.174425487158077889e-19 -2.174425487158077889e-19 -2.174425487158077889e-19 -2.174425487158077889e-19 -2.174425487158077889e-19 -2.174425487158077889e-19 -2.174425487158077889e-19 -2.174425487158077889e-19 -2.174425487158077889e-19 -2.174425487158077889e-19 -2.174425487158077889e-19 -2.174425487158077889e-19 -2.174425487158077889e-19 -2.174425487158077889e-19 -2.174425487158077889e-19 -2.174425487158077889e-19 -2.174425487158077889e-19 -2.174425487158077889e-19 -2.174425487158077889e-19 -1.812737050827999748e-19 -1.812737050827999748e-19 -1.812737050827999748e-19 -1.812737050827999748e-19 -1.812737050827999748e-19 -1.812737050827999748e-19 -1.812737050827999748e-19 -1.812737050827999748e-19 -1.812737050827999748e-19 -1.812545647568100874e-19 -1.658117898751043008e-19 -1.658117898751043008e-19 -1.658117898751001601e-19 -1.293838153819016410e-19 -1.293838153819016410e-19 -1.293838153819016410e-19 -1.293838153819016410e-19 -1.293838153819016410e-19 -1.293838153819016410e-19 -1.336545428131946188e-28 -1.733986046327999504e-35 -1.733986046327999504e-35 -1.093686972395442895e-34 -1.490915970167181214e-35 -1.490915970167181214e-35 -1.490915970167181214e-35 -1.490915970167181214e-35 -2.648324690906718028e-35 -2.648324690906718028e-35 -2.648324690906718028e-35 -2.477401947524054205e-36 -3.444079937974296049e-36 -3.444079937974296049e-36 -3.444079937974296049e-36 -3.444079937974296049e-36 -3.444079937974296049e-36 3.576525052045492777e-35 5.695604882115642157e-35 5.695604882115642157e-35 5.695604882115642157e-35 7.421463743382701384e-35 1.726384225006431722e-34 1.131792495284516698e-34 1.131792495284516698e-34 1.418002104791724659e-26 1.293912974166812525e-19 1.293912974166812284e-19 1.293912974166812284e-19 1.293912974166812284e-19 1.293912974166812284e-19 1.293912974166812284e-19 1.293912974166812284e-19 1.293912974166812284e-19 1.293912974166812284e-19 1.774677840042551552e-19 1.774679473504796167e-19 1.774679473504796167e-19 1.812828244303121058e-19 1.812828244723485361e-19 1.812828244723485361e-19 1.812828244723485361e-19 1.812828244723485361e-19 1.812828244723485361e-19 1.812828244723485361e-19 1.812828244723485361e-19 1.812828244723485361e-19 1.812828244723485361e-19 2.174509393729756543e-19 2.174509393729756543e-19 2.174509393729756543e-19 2.174509393729756543e-19 2.174509393729756543e-19 2.174509393729756543e-19 2.174509393729756543e-19 2.174509393729756543e-19 2.174509393729756543e-19 2.174509393729756543e-19 2.174509393729756543e-19 2.174509393729756543e-19 2.174509393729756543e-19 2.174509393729756543e-19 2.174509393729756543e-19 2.174509393729756543e-19 2.174509393729756543e-19 2.174509393729756543e-19 2.174509393729756543e-19 2.174509393729756543e-19 2.174509393729756543e-19 2.174509393729756543e-19 2.174509393729756543e-19 2.174509393729756543e-19 2.174509393729756543e-19 2.174509393729756543e-19 2.174509393729756543e-19 2.174509393729756543e-19 2.174509393729756543e-19 2.174509393729756543e-19 2.174509393729756543e-19 2.174509393729756543e-19 2.174509393729756543e-19 2.174509393729756543e-19 2.174509393729756543e-19 2.174509393729756543e-19 2.174509393729756543e-19 2.174509393729756543e-19 2.174509393729756543e-19
-2.174450647252377055e-19 -2.174450647252377055e-19 -2.174450647252377055e-19 -2.174450647252377055e-19 -2.174450647252377055e-19 -2.174450647252377055e-19 -2.174450647252377055e-19 -2.174450647252377055e-19 -2.174450647252377055e-19 -2.174450647252377055e-19 -2.174450647252377055e-19 -2.174450647252377055e-19 -2.174450647252377055e-19 -2.174450647252377055e-19 -2.174450647252377055e-19 -2.174450647252377055e-19 -2.174450647252377055e-19 -2.174450647252377055e-19 -2.174450647252377055e-19 -2.174450647252377055e-19 -2.174450647252377055e-19 -2.174450647252377055e-19 -2.174450647252377055e-19 -2.174450647252377055e-19 -2.174450647252377055e-19 -2.174450647252377055e-19 -2.174450647252377055e-19 -2.174450647252377055e-19 -2.174450647252377055e-19 -2.174450647252377055e-19 -2.174450647252377055e-19 -2.174450647252377055e-19 -2.174450647252377055e-19 -2.174450647252377055e-19 -2.174450647252377055e-19 -2.174450647252377055e-19 -2.174450647252377055e-19 -2.174450647252377055e-19 -2.174450647252377055e-19 -2.174450647252377055e-19 -2.174450647252377055e-19 -2.174450647252377055e-19 -2.174450647252377055e-19 -2.174450647252377055e-19 -2.173764188637407132e-19 -1.812741354968557171e-19 -1.812741354968557171e-19 -1.812741354968557171e-19 -1.812741354968557171e-19 -1.812741354968557171e-19 -1.812741354968557171e-19 -1.812741354968557171e-19 -1.812741354968557171e-19 -1.812741354968557171e-19 -1.658099973683132405e-19 -1.658099973673842200e-19 -1.658099973673842200e-19 -1.300948212579739398e-19 -1.293838153819015207e-19 -1.293838153819015207e-19 -1.293838153819015207e-19 -1.293838153819015207e-19 -1.293838153819015929e-19 -1.293838153819014725e-19 -5.117895385330381592e-34 -5.117895380811191478e-34 -5.117895380811191478e-34 -5.473234803060065145e-35 -3.777511891309226180e-35 -3.777511891309226180e-35 -3.777511891309226180e-35 -3.777511891309226180e-35 -9.281791856668735319e-36 -9.281791856668735319e-36 -9.281791856668735319e-36 -3.737738167863021804e-36 -1.372680042542764846e-35 -1.372680042542764846e-35 -1.372680042542764846e-35 -1.372680042542764846e-35 -1.372680042542764846e-35 1.929734646067699249e-35 5.914035237876153791e-35 5.914035237876153791e-35 5.914035237876153791e-35 5.251875757253665531e-35 3.755396902411756044e-34 2.169023971077722278e-34 2.169023971077722278e-34 1.293912946960128018e-19 1.293912974166813970e-19 1.293912974166812766e-19 1.293912974166812766e-19 1.293912974166812766e-19 1.293912974166812766e-19 1.293912974166812766e-19 1.293912974166812766e-19 1.293912974166812766e-19 1.293912974166812766e-19 1.824012593004711282e-19 1.824012593004711282e-19 1.824012593004711282e-19 1.864443578711466667e-19 1.864443578711466667e-19 1.864443578711466667e-19 1.864443578711466667e-19 1.864443578711466667e-19 1.864443578711466667e-19 1.864443578711466667e-19 1.864443578711466667e-19 1.864443578711466667e-19 1.864443578711466667e-19 2.214272671610484274e-19 2.214272671610484274e-19 2.214272671610484274e-19 2.214272671610484274e-19 2.214272671610484274e-19 2.214272671610484274e-19 2.214272671610484274e-19 2.214272671610484274e-19 2.214272671610484274e-19 2.214272671610484274e-19 2.214272671610484274e-19 2.214272671610484274e-19 2.214272671610484274e-19 2.214272671610484274e-19 2.214272671610484274e-19 2.214272671610484274e-19 2.214272671610484274e-19 2.214272671610484274e-19 2.214272671610484274e-19 2.214272671610484274e-19 2.214272671610484274e-19 2.214272671610484274e-19 2.214272671610484274e-19 2.214272671610484274e-19 2.214272671610484274e-19 2.214272671610484274e-19 2.214272671610484274e-19 2.214272671610484274e-19 2.214272671610484274e-19 2.214272671610484274e-19 2.214272671610484274e-19 2.214272671610484274e-19 2.214272671610484274e-19 2.214272671610484274e-19 2.214272671610484274e-19 2.214272671610484274e-19 2.214272671610484274e-19 2.214272671610484274e-19
-2.174450647252377055e-19 -2.174450647252377055e-19 -2.174450647252377055e-19 -2.174450647252377055e-19 -2.174450647252377055e-19 -2.174450647252377055e-19 -2.174450647252377055e-19 -2.174450647252377055e-19 -2.174450647252377055e-19 -2.174450647252377055e-19 -2.174450647252377055e-19 -2.174450647252377055e-19 -2.174450647252377055e-19 -2.174450647252377055e-19 -2.174450647252377055e-19 -2.174450647252377055e-19 -2.174450647252377055e-19 -2.174450647252377055e-19 -2.174450647252377055e-19 -2.174450647252377055e-19 -2.174450647252377055e-19 -2.174450647252377055e-19 -2.174450647252377055e-19 -2.174450647252377055e-19 -2.174450647252377055e-19 -2.174450647252377055e-19 -2.174450647252377055e-19 -2.174450647252377055e-19 -2.174450647252377055e-19 -2.174450647252377055e-19 -2.174450647252377055e-19 -2.174450647252377055e-19 -2.174450647252377055e-19 -2.174450647252377055e-19 -2.174450647252377055e-19 -2.174450647252377055e-19 -2.174450647252377055e-19 -2.174450647252377055e-19 -2.174450647252377055e-19 -2.174450647252377055e-19 -2.174450647252377055e-19 -2.174450647252377055e-19 -2.174450647252377055e-19 -2.174450647252377055e-19 -2.174450647252377055e-19 -1.812741354968995561e-19 -1.812741354968557171e-19 -1.812741354968557171e-19 -1.812741354968557171e-19 -1.812741354968557171e-19 -1.812741354968557171e-19 -1.812741354968557171e-19 -1.812741354968557171e-19 -1.812741354968557171e-19 -1.812741354968557171e-19 -1.658099973673842200e-19 -1.658099973673842200e-19 -1.658099973673842200e-19 -1.293838153819015688e-19 -1.293838153819015207e-19 -1.293838153819015207e-19 -1.293838153819015207e-19 -1.293838153819015207e-19 -1.293838153819016651e-19 -1.293838153819014725e-19 -5.117895380811191478e-34 -5.117895380811191478e-34 -5.117895380811191478e-34 -3.777511891309228318e-35 -3.777511891309226180e-35 -3.777511891309226180e-35 -3.777511891309226180e-35 -2.969679276678036334e-35 -9.281791856668735319e-36 -9.281791856668735319e-36 -9.281791856668735319e-36 -4.036565802609843000e-36 -1.372680042542764846e-35 -1.372680042542764846e-35 -1.372680042542764846e-35 -1.372680042542764846e-35 -1.372680042542764846e-35 4.260169368682232225e-35 5.914035237876153791e-35 5.914035237876153791e-35 2.698513869719468931e-35 5.251875757253665531e-35 2.169023971077722278e-34 2.169023971077722278e-34 2.169023971077722278e-34 1.293912974166813970e-19 1.293912974166811803e-19 1.293912974166812766e-19 1.293912974166812766e-19 1.293912974166812766e-19 1.293912974166812766e-19 1.293912974166812766e-19 1.293912974166812766e-19 1.293912974166812766e-19 1.293912974166812766e-19 1.824012593004711282e-19 1.824012593004711282e-19 1.824012593004711282e-19 1.864443578711466667e-19 1.864443578711466667e-19 1.864443578711466667e-19 1.864443578711466667e-19 1.864443578711466667e-19 1.864443578711466667e-19 1.864443578711466667e-19 1.864443578711466667e-19 1.864443578711466667e-19 1.864443578711466667e-19 2.214272671610484274e-19 2.214272671610484274e-19 2.214272671610484274e-19 2.214272671610484274e-19 2.214272671610484274e-19 2.214272671610484274e-19 2.214272671610484274e-19 2.214272671610484274e-19 2.214272671610484274e-19 2.214272671610484274e-19 2.214272671610484274e-19 2.214272671610484274e-19 2.214272671610484274e-19 2.214272671610484274e-19 2.214272671610484274e-19 2.214272671610484274e-19 2.214272671610484274e-19 2.214272671610484274e-19 2.214272671610484274e-19 2.214272671610484274e-19 2.214272671610484274e-19 2.214272671610484274e-19 2.214272671610484274e-19 2.214272671610484274e-19 2.214272671610484274e-19 2.214272671610484274e-19 2.214272671610484274e-19 2.214272671610484274e-19 2.214272671610484274e-19 2.214272671610484274e-19 2.214272671610484274e-19 2.214272671610484274e-19 2.214272671610484274e-19 2.214272671610484274e-19 2.214272671610484274e-19 2.214272671610484274e-19 2.214272671610484274e-19
-2.174450647252377055e-19 -2.174450647252377055e-19 -2.174450647252377055e-19 -2.174450647252377055e-19 -2.174450647252377055e-19 -2.174450647252377055e-19 -2.174450647252377055e-19 -2.174450647252377055e-19 -2.174450647252377055e-19 -2.174450647252377055e-19 -2.174450647252377055e-19 -2.174450647252377055e-19 -2.174450647252377055e-19 -2.174450647252377055e-19 -2.174450647252377055e-19 -2.174450647252377055e-19 -2.174450647252377055e-19 -2.174450647252377055e-19 -2.174450647252377055e-19 -2.174450647252377055e-19 -2.174450647252377055e-19 -2.174450647252377055e-19 -2.174450647252377055e-19 -2.174450647252377055e-19 -2.174450647252377055e-19 -2.174450647252377055e-19 -2.174450647252377055e-19 -2.174450647252377055e-19 -2.174450647252377055e-19 -2.174450647252377055e-19 -2.174450647252377055e-19 -2.174450647252377055e-19 -2.174450647252377055e-19 -2.174450647252377055e-19 -2.174450647252377055e-19 -2.174450647252377055e-19 -2.174450647252377055e-19 -2.174450647252377055e-19 -2.174450647252377055e-19 -2.174450647252377055e-19 -2.174450647252377055e-19 -2.174450647252377055e-19 -2.174450647252377055e-19 -2.174450647252377055e-19 -2.174450647252377055e-19 -2.174450647252377055e-19 -1.812741354968557171e-19 -1.812741354968557171e-19 -1.812741354968557171e-19 -1.812741354968557171e-19 -1.812741354968557171e-19 -1.812741354968557171e-19 -1.812741354968557171e-19 -1.812741354968557171e-19 -1.812741354968557171e-19 -1.812741354968557171e-19 -1.658099973673842200e-19 -1.658099973673842200e-19 -1.658099973673842200e-19 -1.293838153819015207e-19 -1.293838153819015207e-19 -1.293838153819015207e-19 -1.293838153819015207e-19 -1.293838153819015207e-19 -1.293838153819016170e-19 -1.293838153819013281e-19 -5.117895380811191478e-34 -5.117895380811191478e-34 -5.117895380811191478e-34 -3.777511891309226180e-35 -3.777511891309226180e-35 -3.777511891309226180e-35 -3.777511891309226180e-35 -1.763218571783369553e-35 -9.281791856668735319e-36 -9.281791856668735319e-36 -9.281791856668735319e-36 -1.372680042542764846e-35 -1.372680042542764846e-35 -1.372680042542764846e-35 -1.372680042542764846e-35 -1.372680042542764846e-35 2.616994552357957348e-36 5.914035237876153791e-35 5.914035237876153791e-35 5.914035237876153791e-35 1.909226568136604263e-35 5.251875757253665531e-35 2.169023971077722278e-34 2.169023971077722278e-34 2.169023971077722278e-34 1.293912974166813970e-19 1.293912974166813007e-19 1.293912974166812766e-19 1.293912974166812766e-19 1.293912974166812766e-19 1.293912974166812766e-19 1.293912974166812766e-19 1.293912974166812766e-19 1.293912974166812766e-19 1.293912978499065787e-19 1.824012593004711282e-19 1.824012593004711282e-19 1.824012593004712005e-19 1.864443578711466667e-19 1.864443578711466667e-19 1.864443578711466667e-19 1.864443578711466667e-19 1.864443578711466667e-19 1.864443578711466667e-19 1.864443578711466667e-19 1.864443578711466667e-19 1.864443578711466667e-19 1.864529865045052797e-19 2.214272671610484274e-19 2.214272671610484274e-19 2.214272671610484274e-19 2.214272671610484274e-19 2.214272671610484274e-19 2.214272671610484274e-19 2.214272671610484274e-19 2.214272671610484274e-19 2.214272671610484274e-19 2.214272671610484274e-19 2.214272671610484274e-19 2.214272671610484274e-19 2.214272671610484274e-19 2.214272671610484274e-19 2.214272671610484274e-19 2.214272671610484274e-19 2.214272671610484274e-19 2.214272671610484274e-19 2.214272671610484274e-19 2.214272671610484274e-19 2.214272671610484274e-19 2.214272671610484274e-19 2.214272671610484274e-19 2.214272671610484274e-19 2.214272671610484274e-19 2.214272671610484274e-19 2.214272671610484274e-19 2.214272671610484274e-19 2.214272671610484274e-19 2.214272671610484274e-19 2.214272671610484274e-19 2.214272671610484274e-19 2.214272671610484274e-19 2.214272671610484274e-19 2.214272671610484274e-19 2.214272671610484274e-19
-2.174450647252377055e-19 -2.174450647252377055e-19 -2.174450647252377055e-19 -2.174450647252377055e-19 -2.174450647252377055e-19 -2.174450647252377055e-19 -2.174450647252377055e-19 -2.174450647252377055e-19 -2.174450647252377055e-19 -2.174450647252377055e-19 -2.174450647252377055e-19 -2.174450647252377055e-19 -2.174450647252377055e-19 -2.174450647252377055e-19 -2.174450647252377055e-19 -2.174450647252377055e-19 -2.174450647252377055e-19 -2.174450647252377055e-19 -2.174450647252377055e-19 -2.174450647252377055e-19 -2.174450647252377055e-19 -2.174450647252377055e-19 -2.174450647252377055e-19 -2.174450647252377055e-19 -2.174450647252377055e-19 -2.174450647252377055e-19 -2.174450647252377055e-19 -2.174450647252377055e-19 -2.174450647252377055e-19 -2.174450647252377055e-19 -2.174450647252377055e-19 -2.174450647252377055e-19 -2.174450647252377055e-19 -2.174450647252377055e-19 -2.174450647252377055e-19 -2.174450647252377055e-19 -2.174450647252377055e-19 -2.174450647252377055e-19 -2.174450647252377055e-19 -2.174450647252377055e-19 -2.174450647252377055e-19 -2.174450647252377055e-19 -2.174450647252377055e-19 -2.174450647252377055e-19 -2.174450647252377055e-19 -2.174450647252377055e-19 -2.174450647252377055e-19 -1.812741354968557171e-19 -1.812741354968557171e-19 -1.812741354968557171e-19 -1.812741354968557171e-19 -1.812741354968557171e-19 -1.812741354968557171e-19 -1.812741354968557171e-19 -1.812741354968557171e-19 -1.812741354968557171e-19 -1.812741354968404541e-19 -1.658099973673842200e-19 -1.658099973673842200e-19 -1.658099973673842200e-19 -1.293838153819015207e-19 -1.293838153819015207e-19 -1.293838153819015207e-19 -1.293838153819015207e-19 -1.293838153819015207e-19 -1.293838153819014725e-19 -7.300977873158984272e-20 -5.117895380811191478e-34 -5.117895380811191478e-34 -1.350721866900661017e-34 -3.777511891309226180e-35 -3.777511891309226180e-35 -3.777511891309226180e-35 -3.777511891309226180e-35 -1.501517695790382054e-35 -9.281791856668735319e-36 -9.281791856668735319e-36 -9.281791856668735319e-36 -1.372680042542764846e-35 -1.372680042542764846e-35 -1.372680042542764846e-35 -1.372680042542764846e-35 -1.372680042542764846e-35 1.336371597575554038e-35 5.914035237876153791e-35 5.914035237876153791e-35 5.914035237876153791e-35 5.251875757253665531e-35 2.924288734635754003e-34 2.169023971077722278e-34 2.169023971077722278e-34 2.169023971077722278e-34 1.293912974166813970e-19 1.293912974166812766e-19 1.293912974166812766e-19 1.293912974166812766e-19 1.293912974166812766e-19 1.293912974166812766e-19 1.293912974166812766e-19 1.293912974166812766e-19 1.293912974166812766e-19 1.746998578593660003e-19 1.824012593004711282e-19 1.824012593004711282e-19 1.826765374571928589e-19 1.864443578711466667e-19 1.864443578711466667e-19 1.864443578711466667e-19 1.864443578711466667e-19 1.864443578711466667e-19 1.864443578711466667e-19 1.864443578711466667e-19 1.864443578711466667e-19 1.864443578711466667e-19 2.214272671607213082e-19 2.214272671610484274e-19 2.214272671610484274e-19 2.214272671610484274e-19 2.214272671610484274e-19 2.214272671610484274e-19 2.214272671610484274e-19 2.214272671610484274e-19 2.214272671610484274e-19 2.214272671610484274e-19 2.214272671610484274e-19 2.214272671610484274e-19 2.214272671610484274e-19 2.214272671610484274e-19 2.214272671610484274e-19 2.214272671610484274e-19 2.214272671610484274e-19 2.214272671610484274e-19 2.214272671610484274e-19 2.214272671610484274e-19 2.214272671610484274e-19 2.214272671610484274e-19 2.214272671610484274e-19 2.214272671610484274e-19 2.214272671610484274e-19 2.214272671610484274e-19 2.214272671610484274e-19 2.214272671610484274e-19 2.214272671610484274e-19 2.214272671610484274e-19 2.214272671610484274e-19 2.214272671610484274e-19 2.214272671610484274e-19 2.214272671610484274e-19 2.214272671610484274e-19 2.214272671610484274e-19
-2.180637043568543507e-19 -2.180637043568543507e-19 -2.180637043568543507e-19 -2.180637043568543507e-19 -2.180637043568543507e-19 -2.180637043568543507e-19 -2.180637043568543507e-19 -2.180637043568543507e-19 -2.180637043568543507e-19 -2.180637043568543507e-19 -2.180637043568543507e-19 -2.180637043568543507e-19 -2.180637043568543507e-19 -2.180637043568543507e-19 -2.180637043568543507e-19 -2.180637043568543507e-19 -2.180637043568543507e-19 -2.180637043568543507e-19 -2.180637043568543507e-19 -2.180637043568543507e-19 -2.180637043568543507e-19 -2.180637043568543507e-19 -2.180637043568543507e-19 -2.180637043568543507e-19 -2.180637043568543507e-19 -2.180637043568543507e-19 -2.180637043568543507e-19 -2.180637043568543507e-19 -2.180637043568543507e-19 -2.180637043568543507e-19 -2.180637043568543507e-19 -2.180637043568543507e-19 -2.180637043568543507e-19 -2.180637043568543507e-19 -2.180637043568543507e-19 -2.180637043568543507e-19 -2.180637043568543507e-19 -2.180637043568543507e-19 -2.180637043568543507e-19 -2.180637043568543507e-19 -2.180637043568543507e-19 -2.180637043568543507e-19 -2.180637043568543507e-19 -2.180637043568543507e-19 -2.180637043568543507e-19 -2.180637043568543507e-19 -2.180637043568543507e-19 -2.180637043567982580e-19 -1.812867219315581315e-19 -1.812867219315581315e-19 -1.812867219315581315e-19 -1.812867219315581315e-19 -1.812867219315581315e-19 -1.812867219315581315e-19 -1.812867219315581315e-19 -1.812867219315581315e-19 -1.812867219315581315e-19 -1.664913095936120969e-19 -1.656830818771406204e-19 -1.656830818771406204e-19 -1.656830804592417453e-19 -1.293838153819015688e-19 -1.293838153819015688e-19 -1.293838153819015688e-19 -1.293838153819015688e-19 -1.293838153819015688e-19 -1.293838153819015929e-19 -1.012079067191538037e-33 -2.459604829309041400e-34 -2.459604829309041400e-34 -2.895122997960767749e-34 -3.609432522821021925e-35 -3.609432522821021925e-35 -3.609432522821021925e-35 -3.609432522821021925e-35 -1.871249952435390927e-35 -1.871249952435390927e-35 -1.871249952435390927e-35 -2.337354156900855840e-36 7.325539767486396103e-36 7.325539767486396103e-36 7.325539767486396103e-36 7.325539767486396103e-36 7.325539767486396103e-36 1.815861554837672529e-36 2.917604989345231354e-35 2.917604989345231354e-35 2.917604989345231354e-35 3.098373125374387032e-35 2.385198108927374989e-34 5.552232989368312559e-34 5.552232989368312559e-34 5.901372907648945306e-21 1.358751897250513858e-19 1.360663497759508701e-19 1.360663497759508701e-19 1.360663497759508701e-19 1.360663497759508701e-19 1.360663497759508701e-19 1.360663497759508701e-19 1.360663497759508701e-19 1.360663497759508701e-19 1.930333324604061603e-19 1.930333324607979908e-19 1.930333324607979908e-19 1.967013332201754127e-19 1.967013332201756053e-19 1.967013332201756053e-19 1.967013332201756053e-19 1.967013332201756053e-19 1.967013332201756053e-19 1.967013332201756053e-19 1.967013332201756053e-19 1.967013332201756053e-19 1.967013332201756053e-19 2.254492583991700495e-19 2.254492583991700495e-19 2.254492583991700495e-19 2.254492583991700495e-19 2.254492583991700495e-19 2.254492583991700495e-19 2.254492583991700495e-19 2.254492583991700495e-19 2.254492583991700495e-19 2.254492583991700495e-19 2.254492583991700495e-19 2.254492583991700495e-19 2.254492583991700495e-19 2.254492583991700495e-19 2.254492583991700495e-19 2.254492583991700495e-19 2.254492583991700495e-19 2.254492583991700495e-19 2.254492583991700495e-19 2.254492583991700495e-19 2.254492583991700495e-19 2.254492583991700495e-19 2.254492583991700495e-19 2.254492583991700495e-19 2.254492583991700495e-19 2.254492583991700495e-19 2.254492583991700495e-19 2.254492583991700495e-19 2.254492583991700495e-19 2.254492583991700495e-19 2.254492583991700495e-19 2.254492583991700495e-19 2.254492583991700495e-19 2.254492583991700495e-19 2.254492583991700495e-19
-2.136182624001804860e-19 -2.136182624001804860e-19 -2.136182624001804860e-19 -2.136182624001804860e-19 -2.136182624001804860e-19 -2.136182624001804860e-19 -2.136182624001804860e-19 -2.136182624001804860e-19 -2.136182624001804860e-19 -2.136182624001804860e-19 -2.136182624001804860e-19 -2.136182624001804860e-19 -2.136182624001804860e-19 -2.136182624001804860e-19 -2.136182624001804860e-19 -2.136182624001804860e-19 -2.136182624001804860e-19 -2.136182624001804860e-19 -2.136182624001804860e-19 -2.136182624001804860e-19 -2.136182624001804860e-19 -2.136182624001804860e-19 -2.136182624001804860e-19 -2.136182624001804860e-19 -2.136182624001804860e-19 -2.136182624001804860e-19 -2.136182624001804860e-19 -2.136182624001804860e-19 -2.136182624001804860e-19 -2.136182624001804860e-19 -2.136182624001804860e-19 -2.136182624001804860e-19 -2.136182624001804860e-19 -2.136182624001804860e-19 -2.136182624001804860e-19 -2.136182624001804860e-19 -2.136182624001804860e-19 -2.136182624001804860e-19 -2.136182624001804860e-19 -2.136182624001804860e-19 -2.136182624001804860e-19 -2.136182624001804860e-19 -2.136182624001804860e-19 -2.136182624001804860e-19 -2.136182624001804860e-19 -2.136182624001804860e-19 -2.136182624001804860e-19 -2.136182624001804860e-19 -1.783157524630148100e-19 -1.782622046759800165e-19 -1.782622046759800165e-19 -1.782622046759800165e-19 -1.782622046759800165e-19 -1.782622046759800165e-19 -1.782622046759800165e-19 -1.782622046759800165e-19 -1.782622046759800165e-19 -1.782622046759800165e-19 -1.585103485675990622e-19 -1.585103485675990622e-19 -1.585103485675990622e-19 -1.293838168938600698e-19 -1.293838153819015447e-19 -1.293838153819015447e-19 -1.293838153819015447e-19 -1.293838153819015447e-19 -1.293838153819015447e-19 -1.293838153819014966e-19 -3.629517534346844564e-34 -3.629517534346836439e-34 -3.629517534346836439e-34 -1.526792410705227197e-35 -1.526790657905912756e-35 -1.526790657905912756e-35 -1.526790657905912756e-35 -3.129876327868090130e-35 -1.783846121840874040e-35 -1.783846121840874040e-35 -1.783846121840874040e-35 7.411114856151785041e-36 1.837336512761268230e-35 1.837336512761268230e-35 1.837336512761268230e-35 1.837336512761268230e-35 1.837336512761268230e-35 4.927111915404118430e-35 4.746295500217449423e-35 4.746295500217449423e-35 1.588658643581134727e-36 4.236349410706072364e-35 2.214780106688516097e-34 2.214780106688516097e-34 2.214780106688516097e-34 1.331541007680614075e-19 1.331541007680678835e-19 1.333437445687696476e-19 1.333437445687696476e-19 1.333437445687696476e-19 1.333437445687696476e-19 1.333437445687696476e-19 1.333437445687696476e-19 1.333437445687696476e-19 1.333437445687696476e-19 1.917586627554226781e-19 1.917586627554226781e-19 1.917586627554226781e-19 1.952472110890004456e-19 1.952472110890004456e-19 1.952472110890004456e-19 1.952472110890004456e-19 1.952472110890004456e-19 1.952472110890004456e-19 1.952472110890004456e-19 1.952472110890004456e-19 1.952472110890004456e-19 1.952472110890004456e-19 2.231677884456298263e-19 2.231677884456298263e-19 2.231677884456298263e-19 2.231677884456298263e-19 2.231677884456298263e-19 2.231677884456298263e-19 2.231677884456298263e-19 2.231677884456298263e-19 2.231677884456298263e-19 2.231677884456298263e-19 2.231677884456298263e-19 2.231677884456298263e-19 2.231677884456298263e-19 2.231677884456298263e-19 2.231677884456298263e-19 2.231677884456298263e-19 2.231677884456298263e-19 2.231677884456298263e-19 2.231677884456298263e-19 2.231677884456298263e-19 2.231677884456298263e-19 2.231677884456298263e-19 2.231677884456298263e-19 2.231677884456298263e-19 2.231677884456298263e-19 2.231677884456298263e-19 2.231677884456298263e-19 2.231677884456298263e-19 2.231677884456298263e-19 2.231677884456298263e-19 2.231677884456298263e-19 2.231677884456298263e-19 2.231677884456298263e-19 2.231677884456298263e-19
-2.136182624001804860e-19 -2.136182624001804860e-19 -2.136182624001804860e-19 -2.136182624001804860e-19 -2.136182624001804860e-19 -2.136182624001804860e-19 -2.136182624001804860e-19 -2.136182624001804860e-19 -2.136182624001804860e-19 -2.136182624001804860e-19 -2.136182624001804860e-19 -2.136182624001804860e-19 -2.136182624001804860e-19 -2.136182624001804860e-19 -2.136182624001804860e-19 -2.136182624001804860e-19 -2.136182624001804860e-19 -2.136182624001804860e-19 -2.136182624001804860e-19 -2.136182624001804860e-19 -2.136182624001804860e-19 -2.136182624001804860e-19 -2.136182624001804860e-19 -2.136182624001804860e-19 -2.136182624001804860e-19 -2.136182624001804860e-19 -2.136182624001804860e-19 -2.136182624001804860e-19 -2.136182624001804860e-19 -2.136182624001804860e-19 -2.136182624001804860e-19 -2.136182624001804860e-19 -2.136182624001804860e-19 -2.136182624001804860e-19 -2.136182624001804860e-19 -2.136182624001804860e-19 -2.136182624001804860e-19 -2.136182624001804860e-19 -2.136182624001804860e-19 -2.136182624001804860e-19 -2.136182624001804860e-19 -2.136182624001804860e-19 -2.136182624001804860e-19 -2.136182624001804860e-19 -2.136182624001804860e-19 -2.136182624001804860e-19 -2.136182624001804860e-19 -2.136182624001804860e-19 -2.136182624001804860e-19 -1.782622046759800165e-19 -1.782622046759800165e-19 -1.782622046759800165e-19 -1.782622046759800165e-19 -1.782622046759800165e-19 -1.782622046759800165e-19 -1.782622046759800165e-19 -1.782622046759800165e-19 -1.782622046759800165e-19 -1.782622046759800165e-19 -1.585103485675990622e-19 -1.585103485675990622e-19 -1.585103485675990622e-19 -1.293838153819015447e-19 -1.293838153819015447e-19 -1.293838153819015447e-19 -1.293838153819015447e-19 -1.293838153819015447e-19 -1.293838153819016170e-19 -1.293838153819014966e-19 -3.629517534346836439e-34 -3.629517534346836439e-34 -3.629517534346836439e-34 -1.526790657905912756e-35 -1.526790657905912756e-35 -1.526790657905912756e-35 -1.526790657905912756e-35 -4.103802736819285191e-35 -1.783846121840874040e-35 -1.783846121840874040e-35 -1.783846121840874040e-35 1.837336512761268230e-35 1.837336512761268230e-35 1.837336512761268230e-35 1.837336512761268230e-35 1.837336512761268230e-35 1.837336512761268230e-35 4.746295500217449423e-35 4.746295500217449423e-35 4.746295500217449423e-35 4.885871285843852468e-35 4.236349410706072364e-35 2.214780106688516097e-34 2.214780106688516097e-34 2.214780106688516097e-34 1.331541007680678835e-19 1.331549753265586332e-19 1.333437445687696476e-19 1.333437445687696476e-19 1.333437445687696476e-19 1.333437445687696476e-19 1.333437445687696476e-19 1.333437445687696476e-19 1.333437445687696476e-19 1.333437445687696476e-19 1.917586627554226781e-19 1.917586627554226781e-19 1.917586627554226781e-19 1.952472110890004456e-19 1.952472110890004456e-19 1.952472110890004456e-19 1.952472110890004456e-19 1.952472110890004456e-19 1.952472110890004456e-19 1.952472110890004456e-19 1.952472110890004456e-19 1.952472110890004456e-19 1.952472110890057901e-19 2.231677884456298263e-19 2.231677884456298263e-19 2.231677884456298263e-19 2.231677884456298263e-19 2.231677884456298263e-19 2.231677884456298263e-19 2.231677884456298263e-19 2.231677884456298263e-19 2.231677884456298263e-19 2.231677884456298263e-19 2.231677884456298263e-19 2.231677884456298263e-19 2.231677884456298263e-19 2.231677884456298263e-19 2.231677884456298263e-19 2.231677884456298263e-19 2.231677884456298263e-19 2.231677884456298263e-19 2.231677884456298263e-19 2.231677884456298263e-19 2.231677884456298263e-19 2.231677884456298263e-19 2.231677884456298263e-19 2.231677884456298263e-19 2.231677884456298263e-19 2.231677884456298263e-19 2.231677884456298263e-19 2.231677884456298263e-19 2.231677884456298263e-19 2.231677884456298263e-19 2.231677884456298263e-19 2.231677884456298263e-19 2.231677884456298263e-19
-2.136182624001804860e-19 -2.136182624001804860e-19 -2.136182624001804860e-19 -2.136182624001804860e-19 -2.136182624001804860e-19 -2.136182624001804860e-19 -2.136182624001804860e-19 -2.136182624001804860e-19 -2.136182624001804860e-19 -2.136182624001804860e-19 -2.136182624001804860e-19 -2.136182624001804860e-19 -2.136182624001804860e-19 -2.136182624001804860e-19 -2.136182624001804860e-19 -2.136182624001804860e-19 -2.136182624001804860e-19 -2.136182624001804860e-19 -2.136182624001804860e-19 -2.136182624001804860e-19 -2.136182624001804860e-19 -2.136182624001804860e-19 -2.136182624001804860e-19 -2.136182624001804860e-19 -2.136182624001804860e-19 -2.136182624001804860e-19 -2.136182624001804860e-19 -2.136182624001804860e-19 -2.136182624001804860e-19 -2.136182624001804860e-19 -2.136182624001804860e-19 -2.136182624001804860e-19 -2.136182624001804860e-19 -2.136182624001804860e-19 -2.136182624001804860e-19 -2.136182624001804860e-19 -2.136182624001804860e-19 -2.136182624001804860e-19 -2.136182624001804860e-19 -2.136182624001804860e-19 -2.136182624001804860e-19 -2.136182624001804860e-19 -2.136182624001804860e-19 -2.136182624001804860e-19 -2.136182624001804860e-19 -2.136182624001804860e-19 -2.136182624001804860e-19 -2.136182624001804860e-19 -2.136182624001804860e-19 -2.136182624001804860e-19 -1.782622046759800165e-19 -1.782622046759800165e-19 -1.782622046759800165e-19 -1.782622046759800165e-19 -1.782622046759800165e-19 -1.782622046759800165e-19 -1.782622046759800165e-19 -1.782622046759800165e-19 -1.782622046759800165e-19 -1.782622046759800165e-19 -1.585103485675990622e-19 -1.585103485675990622e-19 -1.585103485675990622e-19 -1.293838153819015447e-19 -1.293838153819015447e-19 -1.293838153819015447e-19 -1.293838153819015447e-19 -1.293838153819015447e-19 -1.293838153819014966e-19 -1.293838153022159766e-19 -3.629517534346836439e-34 -3.629517534346836439e-34 -3.629517534346836439e-34 -1.526790657905912756e-35 -1.526790657905912756e-35 -1.526790657905912756e-35 -1.526790657905912756e-35 -7.425894284235208888e-36 -1.783846121840874040e-35 -1.783846121840874040e-35 -1.783846121840874040e-35 1.837336512761268230e-35 1.837336512761268230e-35 1.837336512761268230e-35 1.837336512761268230e-35 1.837336512761268230e-35 2.933350549044008781e-35 4.746295500217449423e-35 4.746295500217449423e-35 4.746295500217449423e-35 3.106575937280904146e-35 4.236349410706072364e-35 2.214780106688516097e-34 2.214780106688516097e-34 2.214780106688516097e-34 1.331541007680678835e-19 1.333437445687693106e-19 1.333437445687696476e-19 1.333437445687696476e-19 1.333437445687696476e-19 1.333437445687696476e-19 1.333437445687696476e-19 1.333437445687696476e-19 1.333437445687696476e-19 1.335186056868324497e-19 1.917586627554226781e-19 1.917586627554226781e-19 1.917586627556260563e-19 1.952472110890004456e-19 1.952472110890004456e-19 1.952472110890004456e-19 1.952472110890004456e-19 1.952472110890004456e-19 1.952472110890004456e-19 1.952472110890004456e-19 1.952472110890004456e-19 1.952472110890004456e-19 2.228343633080592492e-19 2.231677884456298263e-19 2.231677884456298263e-19 2.231677884456298263e-19 2.231677884456298263e-19 2.231677884456298263e-19 2.231677884456298263e-19 2.231677884456298263e-19 2.231677884456298263e-19 2.231677884456298263e-19 2.231677884456298263e-19 2.231677884456298263e-19 2.231677884456298263e-19 2.231677884456298263e-19 2.231677884456298263e-19 2.231677884456298263e-19 2.231677884456298263e-19 2.231677884456298263e-19 2.231677884456298263e-19 2.231677884456298263e-19 2.231677884456298263e-19 2.231677884456298263e-19 2.231677884456298263e-19 2.231677884456298263e-19 2.231677884456298263e-19 2.231677884456298263e-19 2.231677884456298263e-19 2.231677884456298263e-19 2.231677884456298263e-19 2.231677884456298263e-19 2.231677884456298263e-19 2.231677884456298263e-19 2.231677884456298263e-19
-2.136182624001804860e-19 -2.136182624001804860e-19 -2.136182624001804860e-19 -2.136182624001804860e-19 -2.136182624001804860e-19 -2.136182624001804860e-19 -2.136182624001804860e-19 -2.136182624001804860e-19 -2.136182624001804860e-19 -2.136182624001804860e-19 -2.136182624001804860e-19 -2.136182624001804860e-19 -2.136182624001804860e-19 -2.136182624001804860e-19 -2.136182624001804860e-19 -2.136182624001804860e-19 -2.136182624001804860e-19 -2.136182624001804860e-19 -2.136182624001804860e-19 -2.136182624001804860e-19 -2.136182624001804860e-19 -2.136182624001804860e-19 -2.136182624001804860e-19 -2.136182624001804860e-19 -2.136182624001804860e-19 -2.136182624001804860e-19 -2.136182624001804860e-19 -2.136182624001804860e-19 -2.136182624001804860e-19 -2.136182624001804860e-19 -2.136182624001804860e-19 -2.136182624001804860e-19 -2.136182624001804860e-19 -2.136182624001804860e-19 -2.136182624001804860e-19 -2.136182624001804860e-19 -2.136182624001804860e-19 -2.136182624001804860e-19 -2.136182624001804860e-19 -2.136182624001804860e-19 -2.136182624001804860e-19 -2.136182624001804860e-19 -2.136182624001804860e-19 -2.136182624001804860e-19 -2.136182624001804860e-19 -2.136182624001804860e-19 -2.136182624001804860e-19 -2.136182624001804860e-19 -2.136182624001804860e-19 -2.136182624001804860e-19 -2.136182624001804860e-19 -1.782622046759800165e-19 -1.782622046759800165e-19 -1.782622046759800165e-19 -1.782622046759800165e-19 -1.782622046759800165e-19 -1.782622046759800165e-19 -1.782622046759800165e-19 -1.782622046759800165e-19 -1.782622046759800165e-19 -1.782621978174421006e-19 -1.585103485675990622e-19 -1.585103485675990622e-19 -1.585103485675990622e-19 -1.293838153819015447e-19 -1.293838153819015447e-19 -1.293838153819015447e-19 -1.293838153819015447e-19 -1.293838153819015447e-19 -1.293838153819014966e-19 -4.840843557948653654e-25 -3.629517534346836439e-34 -3.629517534346836439e-34 -1.297734157777572920e-34 -1.526790657905912756e-35 -1.526790657905912756e-35 -1.526790657905912756e-35 -1.526790657905912756e-35 -1.220490738327766414e-35 -1.783846121840874040e-35 -1.783846121840874040e-35 -1.783846121840874040e-35 1.837336512761268230e-35 1.837336512761268230e-35 1.837336512761268230e-35 1.837336512761268230e-35 1.837336512761268230e-35 1.631361016165913847e-35 4.746295500217449423e-35 4.746295500217449423e-35 4.746295500217449423e-35 4.236349410706072364e-35 2.993773471286868201e-34 2.214780106688516097e-34 2.214780106688516097e-34 5.027704758372592377e-30 1.331541007680678835e-19 1.333437445687696476e-19 1.333437445687696476e-19 1.333437445687696476e-19 1.333437445687696476e-19 1.333437445687696476e-19 1.333437445687696476e-19 1.333437445687696476e-19 1.333437445687696476e-19 1.912969530667184128e-19 1.917586627554226781e-19 1.917586627554226781e-19 1.952470731909926838e-19 1.952472110890004456e-19 1.952472110890004456e-19 1.952472110890004456e-19 1.952472110890004456e-19 1.952472110890004456e-19 1.952472110890004456e-19 1.952472110890004456e-19 1.952472110890004456e-19 1.952472110890004456e-19 2.231677884456298263e-19 2.231677884456298263e-19 2.231677884456298263e-19 2.231677884456298263e-19 2.231677884456298263e-19 2.231677884456298263e-19 2.231677884456298263e-19 2.231677884456298263e-19 2.231677884456298263e-19 2.231677884456298263e-19 2.231677884456298263e-19 2.231677884456298263e-19 2.231677884456298263e-19 2.231677884456298263e-19 2.231677884456298263e-19 2.231677884456298263e-19 2.231677884456298263e-19 2.231677884456298263e-19 2.231677884456298263e-19 2.231677884456298263e-19 2.231677884456298263e-19 2.231677884456298263e-19 2.231677884456298263e-19 2.231677884456298263e-19 2.231677884456298263e-19 2.231677884456298263e-19 2.231677884456298263e-19 2.231677884456298263e-19 2.231677884456298263e-19 2.231677884456298263e-19 2.231677884456298263e-19 2.231677884456298263e-19
-2.136182624001804860e-19 -2.136182624001804860e-19 -2.136182624001804860e-19 -2.136182624001804860e-19 -2.136182624001804860e-19 -2.136182624001804860e-19 -2.136182624001804860e-19 -2.136182624001804860e-19 -2.136182624001804860e-19 -2.136182624001804860e-19 -2.136182624001804860e-19 -2.136182624001804860e-19 -2.136182624001804860e-19 -2.136182624001804860e-19 -2.136182624001804860e-19 -2.136182624001804860e-19 -2.136182624001804860e-19 -2.136182624001804860e-19 -2.136182624001804860e-19 -2.136182624001804860e-19 -2.136182624001804860e-19 -2.136182624001804860e-19 -2.136182624001804860e-19 -2.136182624001804860e-19 -2.136182624001804860e-19 -2.136182624001804860e-19 -2.136182624001804860e-19 -2.136182624001804860e-19 -2.136182624001804860e-19 -2.136182624001804860e-19 -2.136182624001804860e-19 -2.136182624001804860e-19 -2.136182624001804860e-19 -2.136182624001804860e-19 -2.136182624001804860e-19 -2.136182624001804860e-19 -2.136182624001804860e-19 -2.136182624001804860e-19 -2.136182624001804860e-19 -2.136182624001804860e-19 -2.136182624001804860e-19 -2.136182624001804860e-19 -2.136182624001804860e-19 -2.136182624001804860e-19 -2.136182624001804860e-19 -2.136182624001804860e-19 -2.136182624001804860e-19 -2.136182624001804860e-19 -2.136182624001804860e-19 -2.136182624001804860e-19 -2.136182624001804860e-19 -2.136182438080456842e-19 -1.782622046759800165e-19 -1.782622046759800165e-19 -1.782622046759800165e-19 -1.782622046759800165e-19 -1.782622046759800165e-19 -1.782622046759800165e-19 -1.782622046759800165e-19 -1.782622046759800165e-19 -1.782622046759800165e-19 -1.585103508725498770e-19 -1.585103485675990622e-19 -1.585103485675990622e-19 -1.580695736746254089e-19 -1.293838153819015447e-19 -1.293838153819015447e-19 -1.293838153819015447e-19 -1.293838153819015447e-19 -1.293838153819015447e-19 -1.293838153819014966e-19 -3.629528523100483564e-34 -3.629517534346836439e-34 -3.629517534346836439e-34 -3.154382907961650381e-34 -1.526790657905912756e-35 -1.526790657905912756e-35 -1.526790657905912756e-35 -1.526790657905912756e-35 -1.783846121840874040e-35 -1.783846121840874040e-35 -1.783846121840874040e-35 -8.891837438444348292e-36 1.837336512761268230e-35 1.837336512761268230e-35 1.837336512761268230e-35 1.837336512761268230e-35 1.837336512761268230e-35 1.796468902044436209e-35 4.746295500217449423e-35 4.746295500217449423e-35 4.746295500217449423e-35 4.236349410706072364e-35 2.798036815899355166e-34 2.214780106688516097e-34 2.214780106688516097e-34 1.331460984960348280e-19 1.331541007680678835e-19 1.333437445687696476e-19 1.333437445687696476e-19 1.333437445687696476e-19 1.333437445687696476e-19 1.333437445687696476e-19 1.333437445687696476e-19 1.333437445687696476e-19 1.333437445687696476e-19 1.917586627554227022e-19 1.917586627554226781e-19 1.917586627554226781e-19 1.952472110890004456e-19 1.952472110890004456e-19 1.952472110890004456e-19 1.952472110890004456e-19 1.952472110890004456e-19 1.952472110890004456e-19 1.952472110890004456e-19 1.952472110890004456e-19 1.952472110890004456e-19 1.952472110890004456e-19 2.231677884456298263e-19 2.231677884456298263e-19 2.231677884456298263e-19 2.231677884456298263e-19 2.231677884456298263e-19 2.231677884456298263e-19 2.231677884456298263e-19 2.231677884456298263e-19 2.231677884456298263e-19 2.231677884456298263e-19 2.231677884456298263e-19 2.231677884456298263e-19 2.231677884456298263e-19 2.231677884456298263e-19 2.231677884456298263e-19 2.231677884456298263e-19 2.231677884456298263e-19 2.231677884456298263e-19 2.231677884456298263e-19 2.231677884456298263e-19 2.231677884456298263e-19 2.231677884456298263e-19 2.231677884456298263e-19 2.231677884456298263e-19 2.231677884456298263e-19 2.231677884456298263e-19 2.231677884456298263e-19 2.231677884456298263e-19 2.231677884456298263e-19 2.231677884456298263e-19 2.231677884456298263e-19
-1.816563627722836920e-19 -1.816563627722836920e-19 -1.816563627722836920e-19 -1.816563627722836920e-19 -1.816563627722836920e-19 -1.816563627722836920e-19 -1.816563627722836920e-19 -1.816563627722836920e-19 -1.816563627722836920e-19 -1.816563627722836920e-19 -1.816563627722836920e-19 -1.816563627722836920e-19 -1.816563627722836920e-19 -1.816563627722836920e-19 -1.816563627722836920e-19 -1.816563627722836920e-19 -1.816563627722836920e-19 -1.816563627722836920e-19 -1.816563627722836920e-19 -1.816563627722836920e-19 -1.816563627722836920e-19 -1.816563627722836920e-19 -1.816563627722836920e-19 -1.816563627722836920e-19 -1.816563627722836920e-19 -1.816563627722836920e-19 -1.816563627722836920e-19 -1.816563627722836920e-19 -1.816563627722836920e-19 -1.816563627722836920e-19 -1.816563627722836920e-19 -1.816563627722836920e-19 -1.816563627722836920e-19 -1.816563627722836920e-19 -1.816563627722836920e-19 -1.816563627722836920e-19 -1.816563627722836920e-19 -1.816563627722836920e-19 -1.816563627722836920e-19 -1.816563627722836920e-19 -1.816563627722836920e-19 -1.816563627722836920e-19 -1.816563627722836920e-19 -1.816563627722836920e-19 -1.816563627722836920e-19 -1.816563627722836920e-19 -1.816563627722836920e-19 -1.816563627722836920e-19 -1.816563627722836920e-19 -1.816563627722836920e-19 -1.816563627722836920e-19 -1.816563627722836920e-19 -1.040064447479786541e-19 -1.040064443572771990e-19 -1.040064443572771990e-19 -1.040064443572771990e-19 -1.040064443572771990e-19 -1.040064443572771990e-19 -1.040064443572771990e-19 -1.040064443572771990e-19 -1.040064443572771990e-19 -1.040064443572771990e-19 -9.852479028247545165e-20 -9.852479028247545165e-20 -9.852479028247545165e-20 -9.852477534960290989e-20 -9.852477534960301822e-20 -9.852477534960301822e-20 -9.852477534960301822e-20 -9.852477534960301822e-20 -9.852477534960298211e-20 -9.852477534960304229e-20 -3.344219935516271159e-34 -3.344219935516271159e-34 -3.344219935516271159e-34 -2.276988374629810367e-35 -2.276988374629810367e-35 -2.276988374629810367e-35 -2.276988374629810367e-35 -3.763161782260691160e-35 2.537124436989862995e-34 2.537124436989862995e-34 2.537124436989862995e-34 1.068228921047349848e-34 1.651793498327292559e-34 1.651793498327292559e-34 1.651793498327292559e-34 1.651793498327292559e-34 1.651793498327292559e-34 8.083424539405054892e-35 9.829205765089747042e-35 9.829205765089747042e-35 1.368090601837715699e-34 2.346218764112523956e-34 3.762965684585024296e-34 3.762965684585024296e-34 3.762965684585024296e-34 1.864969169858248205e-19 1.864969169858276613e-19 1.872338453177290709e-19 1.872338453177290709e-19 1.872338453177290709e-19 1.872338453177290709e-19 1.872338453177290709e-19 1.872338453177290709e-19 1.872338453177290709e-19 1.872338453177290709e-19 2.243860008837340281e-19 2.243860008837340281e-19 2.243860008837340281e-19 2.301827794850159913e-19 2.301827794850159913e-19 2.301827794850159913e-19 2.301827794850159913e-19 2.301827794850159913e-19 2.301827794850159913e-19 2.301827794850159913e-19 2.301827794850159913e-19 2.301827794850159913e-19 2.301827794850159913e-19 2.589614692844052237e-19 2.589614692844052237e-19 2.589614692844052237e-19 2.589614692844052237e-19 2.589614692844052237e-19 2.589614692844052237e-19 2.589614692844052237e-19 2.589614692844052237e-19 2.589614692844052237e-19 2.589614692844052237e-19 2.589614692844052237e-19 2.589614692844052237e-19 2.589614692844052237e-19 2.589614692844052237e-19 2.589614692844052237e-19 2.589614692844052237e-19 2.589614692844052237e-19 2.589614692844052237e-19 2.589614692844052237e-19 2.589614692844052237e-19 2.589614692844052237e-19 2.589614692844052237e-19 2.589614692844052237e-19 2.589614692844052237e-19 2.589614692844052237e-19 2.589614692844052237e-19 2.589614692844052237e-19 2.589614692844052237e-19 2.589614692844052237e-19 2.589614692844052237e-19
-1.816563521274609852e-19 -1.816563521274609852e-19 -1.816563521274609852e-19 -1.816563521274609852e-19 -1.816563521274609852e-19 -1.816563521274609852e-19 -1.816563521274609852e-19 -1.816563521274609852e-19 -1.816563521274609852e-19 -1.816563521274609852e-19 -1.816563521274609852e-19 -1.816563521274609852e-19 -1.816563521274609852e-19 -1.816563521274609852e-19 -1.816563521274609852e-19 -1.816563521274609852e-19 -1.816563521274609852e-19 -1.816563521274609852e-19 -1.816563521274609852e-19 -1.816563521274609852e-19 -1.816563521274609852e-19 -1.816563521274609852e-19 -1.816563521274609852e-19 -1.816563521274609852e-19 -1.816563521274609852e-19 -1.816563521274609852e-19 -1.816563521274609852e-19 -1.816563521274609852e-19 -1.816563521274609852e-19 -1.816563521274609852e-19 -1.816563521274609852e-19 -1.816563521274609852e-19 -1.816563521274609852e-19 -1.816563521274609852e-19 -1.816563521274609852e-19 -1.816563521274609852e-19 -1.816563521274609852e-19 -1.816563521274609852e-19 -1.816563521274609852e-19 -1.816563521274609852e-19 -1.816563521274609852e-19 -1.816563521274609852e-19 -1.816563521274609852e-19 -1.816563521274609852e-19 -1.816563521274609852e-19 -1.816563521274609852e-19 -1.816563521274609852e-19 -1.816563521274609852e-19 -1.816563521274609852e-19 -1.816563521274609852e-19 -1.816563521274609852e-19 -1.816563521274609852e-19 -1.816563521274609852e-19 -1.040064159608833285e-19 -1.040064159608833285e-19 -1.040064159608833285e-19 -1.040064159608833285e-19 -1.040064159608833285e-19 -1.040064159608833285e-19 -1.040064159608833285e-19 -1.040064159608833285e-19 -1.040064159608833285e-19 -1.040064159608833285e-19 -9.852476572798578434e-20 -9.852476572798578434e-20 -9.852476572798578434e-20 -9.852476572798553156e-20 -9.852476572798553156e-20 -9.852476572798553156e-20 -9.852476572798553156e-20 -9.852476572798553156e-20 -9.852476572798556767e-20 -9.852476572798561582e-20 -3.844762881057034286e-35 -3.844762881057034286e-35 -3.844762881057034286e-35 1.170707928892690332e-34 1.170707928892690332e-34 1.170707928892690332e-34 1.170707928892690332e-34 1.132215040769341857e-34 1.085081478403333759e-34 1.085081478403333759e-34 1.085081478403333759e-34 1.819781690924011896e-34 1.819781690924011896e-34 1.819781690924011896e-34 1.819781690924011896e-34 1.819781690924011896e-34 7.861191306194606616e-36 3.436485799899333226e-34 3.436485799899333226e-34 3.436485799899333226e-34 3.994265147224982039e-34 2.713777311039537288e-34 1.242635388811165516e-34 1.242635388811165516e-34 1.242635388811165516e-34 1.864969266994978826e-19 1.872333979239654504e-19 1.872338551213267391e-19 1.872338551213267391e-19 1.872338551213267391e-19 1.872338551213267391e-19 1.872338551213267391e-19 1.872338551213267391e-19 1.872338551213267391e-19 1.872338551214163912e-19 2.243860070680607576e-19 2.243860070680607576e-19 2.243860070680607576e-19 2.301827861856522315e-19 2.301827861856522315e-19 2.301827861856522315e-19 2.301827861856522315e-19 2.301827861856522315e-19 2.301827861856522315e-19 2.301827861856522315e-19 2.301827861856522315e-19 2.301827861856522315e-19 2.301827880766998290e-19 2.589614759641899500e-19 2.589614759641899500e-19 2.589614759641899500e-19 2.589614759641899500e-19 2.589614759641899500e-19 2.589614759641899500e-19 2.589614759641899500e-19 2.589614759641899500e-19 2.589614759641899500e-19 2.589614759641899500e-19 2.589614759641899500e-19 2.589614759641899500e-19 2.589614759641899500e-19 2.589614759641899500e-19 2.589614759641899500e-19 2.589614759641899500e-19 2.589614759641899500e-19 2.589614759641899500e-19 2.589614759641899500e-19 2.589614759641899500e-19 2.589614759641899500e-19 2.589614759641899500e-19 2.589614759641899500e-19 2.589614759641899500e-19 2.589614759641899500e-19 2.589614759641899500e-19 2.589614759641899500e-19 2.589614759641899500e-19 2.589614759641899500e-19
-1.816563521274609852e-19 -1.816563521274609852e-19 -1.816563521274609852e-19 -1.816563521274609852e-19 -1.816563521274609852e-19 -1.816563521274609852e-19 -1.816563521274609852e-19 -1.816563521274609852e-19 -1.816563521274609852e-19 -1.816563521274609852e-19 -1.816563521274609852e-19 -1.816563521274609852e-19 -1.816563521274609852e-19 -1.816563521274609852e-19 -1.816563521274609852e-19 -1.816563521274609852e-19 -1.816563521274609852e-19 -1.816563521274609852e-19 -1.816563521274609852e-19 -1.816563521274609852e-19 -1.816563521274609852e-19 -1.816563521274609852e-19 -1.816563521274609852e-19 -1.816563521274609852e-19 -1.816563521274609852e-19 -1.816563521274609852e-19 -1.816563521274609852e-19 -1.816563521274609852e-19 -1.816563521274609852e-19 -1.816563521274609852e-19 -1.816563521274609852e-19 -1.816563521274609852e-19 -1.816563521274609852e-19 -1.816563521274609852e-19 -1.816563521274609852e-19 -1.816563521274609852e-19 -1.816563521274609852e-19 -1.816563521274609852e-19 -1.816563521274609852e-19 -1.816563521274609852e-19 -1.816563521274609852e-19 -1.816563521274609852e-19 -1.816563521274609852e-19 -1.816563521274609852e-19 -1.816563521274609852e-19 -1.816563521274609852e-19 -1.816563521274609852e-19 -1.816563521274609852e-19 -1.816563521274609852e-19 -1.816563521274609852e-19 -1.816563521274609852e-19 -1.816563521274609852e-19 -1.816563521274609852e-19 -1.816563521274609852e-19 -1.040064159608833285e-19 -1.040064159608833285e-19 -1.040064159608833285e-19 -1.040064159608833285e-19 -1.040064159608833285e-19 -1.040064159608833285e-19 -1.040064159608833285e-19 -1.040064159608833285e-19 -1.040064159608833285e-19 -1.040064159608832202e-19 -9.852476572798578434e-20 -9.852476572798578434e-20 -9.852476572798578434e-20 -9.852476572798553156e-20 -9.852476572798553156e-20 -9.852476572798553156e-20 -9.852476572798553156e-20 -9.852476572798553156e-20 -9.852476572798561582e-20 -9.848277541112579590e-20 -3.844762881057034286e-35 -3.844762881057034286e-35 -2.098692006947203262e-34 1.170707928892690332e-34 1.170707928892690332e-34 1.170707928892690332e-34 1.170707928892690332e-34 9.068243920421851578e-35 1.085081478403333759e-34 1.085081478403333759e-34 1.085081478403333759e-34 1.819781690924011896e-34 1.819781690924011896e-34 1.819781690924011896e-34 1.819781690924011896e-34 1.819781690924011896e-34 2.364031732542553937e-34 3.436485799899333226e-34 3.436485799899333226e-34 3.436485799899333226e-34 2.713777311039537288e-34 9.001702625816993026e-35 1.242635388811165516e-34 1.242635388811165516e-34 1.242635388811165516e-34 1.864969266994978826e-19 1.872338551213267391e-19 1.872338551213267391e-19 1.872338551213267391e-19 1.872338551213267391e-19 1.872338551213267391e-19 1.872338551213267391e-19 1.872338551213267391e-19 1.872338551213267391e-19 2.184212159626406609e-19 2.243860070680607576e-19 2.243860070680607576e-19 2.243861230521889109e-19 2.301827861856522315e-19 2.301827861856522315e-19 2.301827861856522315e-19 2.301827861856522315e-19 2.301827861856522315e-19 2.301827861856522315e-19 2.301827861856522315e-19 2.301827861856522315e-19 2.301827861856522315e-19 2.589614749553216413e-19 2.589614759641899500e-19 2.589614759641899500e-19 2.589614759641899500e-19 2.589614759641899500e-19 2.589614759641899500e-19 2.589614759641899500e-19 2.589614759641899500e-19 2.589614759641899500e-19 2.589614759641899500e-19 2.589614759641899500e-19 2.589614759641899500e-19 2.589614759641899500e-19 2.589614759641899500e-19 2.589614759641899500e-19 2.589614759641899500e-19 2.589614759641899500e-19 2.589614759641899500e-19 2.589614759641899500e-19 2.589614759641899500e-19 2.589614759641899500e-19 2.589614759641899500e-19 2.589614759641899500e-19 2.589614759641899500e-19 2.589614759641899500e-19 2.589614759641899500e-19 2.589614759641899500e-19 2.589614759641899500e-19 2.589614759641899500e-19
-1.816563521274609852e-19 -1.816563521274609852e-19 -1.816563521274609852e-19 -1.816563521274609852e-19 -1.816563521274609852e-19 -1.816563521274609852e-19 -1.816563521274609852e-19 -1.816563521274609852e-19 -1.816563521274609852e-19 -1.816563521274609852e-19 -1.816563521274609852e-19 -1.816563521274609852e-19 -1.816563521274609852e-19 -1.816563521274609852e-19 -1.816563521274609852e-19 -1.816563521274609852e-19 -1.816563521274609852e-19 -1.816563521274609852e-19 -1.816563521274609852e-19 -1.816563521274609852e-19 -1.816563521274609852e-19 -1.816563521274609852e-19 -1.816563521274609852e-19 -1.816563521274609852e-19 -1.816563521274609852e-19 -1.816563521274609852e-19 -1.816563521274609852e-19 -1.816563521274609852e-19 -1.816563521274609852e-19 -1.816563521274609852e-19 -1.816563521274609852e-19 -1.816563521274609852e-19 -1.816563521274609852e-19 -1.816563521274609852e-19 -1.816563521274609852e-19 -1.816563521274609852e-19 -1.816563521274609852e-19 -1.816563521274609852e-19 -1.816563521274609852e-19 -1.816563521274609852e-19 -1.816563521274609852e-19 -1.816563521274609852e-19 -1.816563521274609852e-19 -1.816563521274609852e-19 -1.816563521274609852e-19 -1.816563521274609852e-19 -1.816563521274609852e-19 -1.816563521274609852e-19 -1.816563521274609852e-19 -1.816563521274609852e-19 -1.816563521274609852e-19 -1.816563521274609852e-19 -1.816563521274609852e-19 -1.816563521274609852e-19 -1.816563521274609371e-19 -1.040064159608833285e-19 -1.040064159608833285e-19 -1.040064159608833285e-19 -1.040064159608833285e-19 -1.040064159608833285e-19 -1.040064159608833285e-19 -1.040064159608833285e-19 -1.040064159608833285e-19 -1.040064159608833285e-19 -1.037676292329371386e-19 -9.852476572798578434e-20 -9.852476572798578434e-20 -9.852476572798561582e-20 -9.852476572798553156e-20 -9.852476572798553156e-20 -9.852476572798553156e-20 -9.852476572798553156e-20 -9.852476572798553156e-20 -9.852476572798561582e-20 -5.327635921928757639e-31 -3.844762881057034286e-35 -3.844762881057034286e-35 8.131298355910127067e-35 1.170707928892690332e-34 1.170707928892690332e-34 1.170707928892690332e-34 1.170707928892690332e-34 1.085081478403333759e-34 1.085081478403333759e-34 1.085081478403333759e-34 5.217034165424589032e-34 1.819781690924011896e-34 1.819781690924011896e-34 1.819781690924011896e-34 1.819781690924011896e-34 1.819781690924011896e-34 7.126712715730002311e-35 3.436485799899333226e-34 3.436485799899333226e-34 3.436485799899333226e-34 2.713777311039537288e-34 1.595593387548914394e-34 1.242635388811165516e-34 1.242635388811165516e-34 1.740526890727608523e-24 1.864969266994978826e-19 1.872338551213267391e-19 1.872338551213267391e-19 1.872338551213267391e-19 1.872338551213267391e-19 1.872338551213267391e-19 1.872338551213267391e-19 1.872338551213267391e-19 1.872338551213267391e-19 2.243860061273933838e-19 2.243860070680607576e-19 2.243860070680607576e-19 2.301827861849846560e-19 2.301827861856522315e-19 2.301827861856522315e-19 2.301827861856522315e-19 2.301827861856522315e-19 2.301827861856522315e-19 2.301827861856522315e-19 2.301827861856522315e-19 2.301827861856522315e-19 2.301827861856522315e-19 2.589614759641899500e-19 2.589614759641899500e-19 2.589614759641899500e-19 2.589614759641899500e-19 2.589614759641899500e-19 2.589614759641899500e-19 2.589614759641899500e-19 2.589614759641899500e-19 2.589614759641899500e-19 2.589614759641899500e-19 2.589614759641899500e-19 2.589614759641899500e-19 2.589614759641899500e-19 2.589614759641899500e-19 2.589614759641899500e-19 2.589614759641899500e-19 2.589614759641899500e-19 2.589614759641899500e-19 2.589614759641899500e-19 2.589614759641899500e-19 2.589614759641899500e-19 2.589614759641899500e-19 2.589614759641899500e-19 2.589614759641899500e-19 2.589614759641899500e-19 2.589614759641899500e-19 2.589614759641899500e-19 2.589614759641899500e-19
-1.456899796564617904e-19 -1.456899796564617904e-19 -1.456899796564617904e-19 -1.456899796564617904e-19 -1.456899796564617904e-19 -1.456899796564617904e-19 -1.456899796564617904e-19 -1.456899796564617904e-19 -1.456899796564617904e-19 -1.456899796564617904e-19 -1.456899796564617904e-19 -1.456899796564617904e-19 -1.456899796564617904e-19 -1.456899796564617904e-19 -1.456899796564617904e-19 -1.456899796564617904e-19 -1.456899796564617904e-19 -1.456899796564617904e-19 -1.456899796564617904e-19 -1.456899796564617904e-19 -1.456899796564617904e-19 -1.456899796564617904e-19 -1.456899796564617904e-19 -1.456899796564617904e-19 -1.456899796564617904e-19 -1.456899796564617904e-19 -1.456899796564617904e-19 -1.456899796564617904e-19 -1.456899796564617904e-19 -1.456899796564617904e-19 -1.456899796564617904e-19 -1.456899796564617904e-19 -1.456899796564617904e-19 -1.456899796564617904e-19 -1.456899796564617904e-19 -1.456899796564617904e-19 -1.456899796564617904e-19 -1.456899796564617904e-19 -1.456899796564617904e-19 -1.456899796564617904e-19 -1.456899796564617904e-19 -1.456899796564617904e-19 -1.456899796564617904e-19 -1.456899796564617904e-19 -1.456899796564617904e-19 -1.456899796564617904e-19 -1.456899796564617904e-19 -1.456899796564617904e-19 -1.456899796564617904e-19 -1.456899796564617904e-19 -1.456899796564617904e-19 -1.456899796564617904e-19 -1.456899796564617904e-19 -1.456899796564617904e-19 -1.456899796564617904e-19 -1.283740160574211056e-19 -1.493909161052646238e-27 -1.493909161052646238e-27 -1.493909161052646238e-27 -1.493909161052646238e-27 -1.493909161052646238e-27 -1.493909161052646238e-27 -1.493909161052646238e-27 -1.493909161052646238e-27 -1.493909161052646238e-27 -1.334712149942840257e-27 -1.334712193316438197e-27 -1.334712193316438197e-27 -1.334712182687355183e-27 -1.334712183841708715e-27 -1.334712183841708715e-27 -1.334712183841708715e-27 -1.334712183841708715e-27 -1.334712120310848227e-27 -1.334712159650546349e-27 9.852476454157421537e-20 9.852476454157421537e-20 9.852476454157421537e-20 1.293838146028975971e-19 1.293838146028975971e-19 1.293838146028975971e-19 1.293838146028975971e-19 1.293838146028975731e-19 1.293838146028975971e-19 1.293838146028975971e-19 1.293838146028975971e-19 1.293838146028976694e-19 1.293838146028976694e-19 1.293838146028976694e-19 1.293838146028976694e-19 1.293838146028976694e-19 1.293838146028976694e-19 1.334181269465574824e-19 1.358790667883064287e-19 1.358790667883064287e-19 1.358790667883064287e-19 1.331530110074428339e-19 1.864865162876958977e-19 1.864865162876958977e-19 1.864865162876958977e-19 2.153591656436455031e-19 2.153591656589993295e-19 2.164689921775776774e-19 2.164689921775776774e-19 2.164689921775776774e-19 2.164689921775776774e-19 2.164689921775776774e-19 2.164689921775776774e-19 2.164689921775776774e-19 2.164689921775776774e-19 2.526180410496898042e-19 2.526180410496898042e-19 2.526180410496898042e-19 2.547085438524174966e-19 2.547085438524174966e-19 2.547085438524174966e-19 2.547085438524174966e-19 2.547085438524174966e-19 2.547085438524174966e-19 2.547085438524174966e-19 2.547085438524174966e-19 2.547085438524174966e-19 2.547085438524174966e-19 2.756752052784313827e-19 2.756752052784313827e-19 2.756752052784313827e-19 2.756752052784313827e-19 2.756752052784313827e-19 2.756752052784313827e-19 2.756752052784313827e-19 2.756752052784313827e-19 2.756752052784313827e-19 2.756752052784313827e-19 2.756752052784313827e-19 2.756752052784313827e-19 2.756752052784313827e-19 2.756752052784313827e-19 2.756752052784313827e-19 2.756752052784313827e-19 2.756752052784313827e-19 2.756752052784313827e-19 2.756752052784313827e-19 2.756752052784313827e-19 2.756752052784313827e-19 2.756752052784313827e-19 2.756752052784313827e-19 2.756752052784313827e-19 2.756752052784313827e-19 2.756752052784313827e-19 2.756752052784313827e-19
-1.456899792168871547e-19 -1.456899792168871547e-19 -1.456899792168871547e-19 -1.456899792168871547e-19 -1.456899792168871547e-19 -1.456899792168871547e-19 -1.456899792168871547e-19 -1.456899792168871547e-19 -1.456899792168871547e-19 -1.456899792168871547e-19 -1.456899792168871547e-19 -1.456899792168871547e-19 -1.456899792168871547e-19 -1.456899792168871547e-19 -1.456899792168871547e-19 -1.456899792168871547e-19 -1.456899792168871547e-19 -1.456899792168871547e-19 -1.456899792168871547e-19 -1.456899792168871547e-19 -1.456899792168871547e-19 -1.456899792168871547e-19 -1.456899792168871547e-19 -1.456899792168871547e-19 -1.456899792168871547e-19 -1.456899792168871547e-19 -1.456899792168871547e-19 -1.456899792168871547e-19 -1.456899792168871547e-19 -1.456899792168871547e-19 -1.456899792168871547e-19 -1.456899792168871547e-19 -1.456899792168871547e-19 -1.456899792168871547e-19 -1.456899792168871547e-19 -1.456899792168871547e-19 -1.456899792168871547e-19 -1.456899792168871547e-19 -1.456899792168871547e-19 -1.456899792168871547e-19 -1.456899792168871547e-19 -1.456899792168871547e-19 -1.456899792168871547e-19 -1.456899792168871547e-19 -1.456899792168871547e-19 -1.456899792168871547e-19 -1.456899792168871547e-19 -1.456899792168871547e-19 -1.456899792168871547e-19 -1.456899792168871547e-19 -1.456899792168871547e-19 -1.456899792168871547e-19 -1.456899792168871547e-19 -1.456899792168871547e-19 -1.456899792168871547e-19 -1.456899792168871547e-19 -3.453342819107670136e-33 -1.706302674069734101e-34 -1.706302674069734101e-34 -1.706302674069734101e-34 -1.706302674069734101e-34 -1.706302674069734101e-34 -1.706302674069734101e-34 -1.706302674069734101e-34 -1.706302674069734101e-34 -1.706302674069734101e-34 -5.875706841428438790e-34 -5.875706841428438790e-34 -5.875706841428438790e-34 -7.865410871160304653e-35 -7.865410871160304653e-35 -7.865410871160304653e-35 -7.865410871160304653e-35 -7.865410871160304653e-35 -2.083524853792218107e-34 -2.412258472691165300e-34 9.852476572798523063e-20 9.852476572798523063e-20 9.852476572798523063e-20 1.293838153819014966e-19 1.293838153819014966e-19 1.293838153819014966e-19 1.293838153819014966e-19 1.293838153819014725e-19 1.293838153819014003e-19 1.293838153819014003e-19 1.293838153819014003e-19 1.293838153819015207e-19 1.293838153819015207e-19 1.293838153819015207e-19 1.293838153819015207e-19 1.293838153819015207e-19 1.293838153819015207e-19 1.358790674655589233e-19 1.358790674655589233e-19 1.358790674655589233e-19 1.358715821353168284e-19 1.331530116400028481e-19 1.864865175489163274e-19 1.864865175489163274e-19 1.864865175489163274e-19 2.153591660790368985e-19 2.153591675270311013e-19 2.164689925967661039e-19 2.164689925967661039e-19 2.164689925967661039e-19 2.164689925967661039e-19 2.164689925967661039e-19 2.164689925967661039e-19 2.164689925967661039e-19 2.164689925967661039e-19 2.526180414468333143e-19 2.526180414468333143e-19 2.526180414468333143e-19 2.547085442096044604e-19 2.547085442096044604e-19 2.547085442096044604e-19 2.547085442096044604e-19 2.547085442096044604e-19 2.547085442096044604e-19 2.547085442096044604e-19 2.547085442096044604e-19 2.547085442096044604e-19 2.547085442096044604e-19 2.756752055272385648e-19 2.756752055272385648e-19 2.756752055272385648e-19 2.756752055272385648e-19 2.756752055272385648e-19 2.756752055272385648e-19 2.756752055272385648e-19 2.756752055272385648e-19 2.756752055272385648e-19 2.756752055272385648e-19 2.756752055272385648e-19 2.756752055272385648e-19 2.756752055272385648e-19 2.756752055272385648e-19 2.756752055272385648e-19 2.756752055272385648e-19 2.756752055272385648e-19 2.756752055272385648e-19 2.756752055272385648e-19 2.756752055272385648e-19 2.756752055272385648e-19 2.756752055272385648e-19 2.756752055272385648e-19 2.756752055272385648e-19 2.756752055272385648e-19 2.756752055272385648e-19
-1.456899792168871547e-19 -1.456899792168871547e-19 -1.456899792168871547e-19 -1.456899792168871547e-19 -1.456899792168871547e-19 -1.456899792168871547e-19 -1.456899792168871547e-19 -1.456899792168871547e-19 -1.456899792168871547e-19 -1.456899792168871547e-19 -1.456899792168871547e-19 -1.456899792168871547e-19 -1.456899792168871547e-19 -1.456899792168871547e-19 -1.456899792168871547e-19 -1.456899792168871547e-19 -1.456899792168871547e-19 -1.456899792168871547e-19 -1.456899792168871547e-19 -1.456899792168871547e-19 -1.456899792168871547e-19 -1.456899792168871547e-19 -1.456899792168871547e-19 -1.456899792168871547e-19 -1.456899792168871547e-19 -1.456899792168871547e-19 -1.456899792168871547e-19 -1.456899792168871547e-19 -1.456899792168871547e-19 -1.456899792168871547e-19 -1.456899792168871547e-19 -1.456899792168871547e-19 -1.456899792168871547e-19 -1.456899792168871547e-19 -1.456899792168871547e-19 -1.456899792168871547e-19 -1.456899792168871547e-19 -1.456899792168871547e-19 -1.456899792168871547e-19 -1.456899792168871547e-19 -1.456899792168871547e-19 -1.456899792168871547e-19 -1.456899792168871547e-19 -1.456899792168871547e-19 -1.456899792168871547e-19 -1.456899792168871547e-19 -1.456899792168871547e-19 -1.456899792168871547e-19 -1.456899792168871547e-19 -1.456899792168871547e-19 -1.456899792168871547e-19 -1.456899792168871547e-19 -1.456899792168871547e-19 -1.456899792168871547e-19 -1.456899792168871547e-19 -1.456899792168871547e-19 -1.456899792168871547e-19 -1.376683291486834506e-34 -1.376683291486826594e-34 -1.376683291486826594e-34 -1.376683291486826594e-34 -1.376683291486826594e-34 -1.376683291486826594e-34 -1.376683291486826594e-34 -1.376683291486826594e-34 -1.376683291486826594e-34 -1.376683291486826594e-34 -8.084901805213919185e-35 -8.084901805213919185e-35 -8.084901805213919185e-35 -8.172641032066062301e-35 -8.172641032066062301e-35 -4.982583192901934674e-35 -4.982583192901934674e-35 -4.982583192901934674e-35 -7.765567164864638705e-35 3.753762244479713517e-32 9.852476572798537508e-20 9.852476572798537508e-20 9.852476572798537508e-20 1.293838153819014725e-19 1.293838153819014725e-19 1.293838153819014725e-19 1.293838153819014725e-19 1.293838153819013522e-19 1.293838153819014003e-19 1.293838153819014003e-19 1.293838153819014003e-19 1.293838153819015929e-19 1.293838153819015929e-19 1.293838153819015929e-19 1.293838153819015929e-19 1.293838153819015929e-19 1.293838153819015929e-19 1.360704798106268297e-19 1.360704798106268297e-19 1.360704798106268297e-19 1.333429173870722423e-19 1.333429173870697146e-19 1.872244122669387707e-19 1.872244122669387707e-19 1.872244122669387707e-19 2.164705425844403489e-19 2.176843502553972031e-19 2.176843502575452891e-19 2.176843502575452891e-19 2.176843502575452891e-19 2.176843502575452891e-19 2.176843502575452891e-19 2.176843502575452891e-19 2.176843502575452891e-19 2.176843787874847910e-19 2.542649342741378248e-19 2.542649342741378248e-19 2.542649342741378248e-19 2.563575596928579241e-19 2.563575596928579241e-19 2.563575596928579241e-19 2.563575596928579241e-19 2.563575596928579241e-19 2.563575596928579241e-19 2.563575596928579241e-19 2.563575596928579241e-19 2.563575596928579241e-19 2.567944517252472513e-19 2.765612252357457883e-19 2.765612252357457883e-19 2.765612252357457883e-19 2.765612252357457883e-19 2.765612252357457883e-19 2.765612252357457883e-19 2.765612252357457883e-19 2.765612252357457883e-19 2.765612252357457883e-19 2.765612252357457883e-19 2.765612252357457883e-19 2.765612252357457883e-19 2.765612252357457883e-19 2.765612252357457883e-19 2.765612252357457883e-19 2.765612252357457883e-19 2.765612252357457883e-19 2.765612252357457883e-19 2.765612252357457883e-19 2.765612252357457883e-19 2.765612252357457883e-19 2.765612252357457883e-19 2.765612252357457883e-19 2.765612252357457883e-19 2.765612252357457883e-19
-1.456899792168871547e-19 -1.456899792168871547e-19 -1.456899792168871547e-19 -1.456899792168871547e-19 -1.456899792168871547e-19 -1.456899792168871547e-19 -1.456899792168871547e-19 -1.456899792168871547e-19 -1.456899792168871547e-19 -1.456899792168871547e-19 -1.456899792168871547e-19 -1.456899792168871547e-19 -1.456899792168871547e-19 -1.456899792168871547e-19 -1.456899792168871547e-19 -1.456899792168871547e-19 -1.456899792168871547e-19 -1.456899792168871547e-19 -1.456899792168871547e-19 -1.456899792168871547e-19 -1.456899792168871547e-19 -1.456899792168871547e-19 -1.456899792168871547e-19 -1.456899792168871547e-19 -1.456899792168871547e-19 -1.456899792168871547e-19 -1.456899792168871547e-19 -1.456899792168871547e-19 -1.456899792168871547e-19 -1.456899792168871547e-19 -1.456899792168871547e-19 -1.456899792168871547e-19 -1.456899792168871547e-19 -1.456899792168871547e-19 -1.456899792168871547e-19 -1.456899792168871547e-19 -1.456899792168871547e-19 -1.456899792168871547e-19 -1.456899792168871547e-19 -1.456899792168871547e-19 -1.456899792168871547e-19 -1.456899792168871547e-19 -1.456899792168871547e-19 -1.456899792168871547e-19 -1.456899792168871547e-19 -1.456899792168871547e-19 -1.456899792168871547e-19 -1.456899792168871547e-19 -1.456899792168871547e-19 -1.456899792168871547e-19 -1.456899792168871547e-19 -1.456899792168871547e-19 -1.456899792168871547e-19 -1.456899792168871547e-19 -1.456899792168871547e-19 -1.456899792168871547e-19 -1.456899792168871547e-19 -1.456899792168871547e-19 -1.376683291486826594e-34 -1.376683291486826594e-34 -1.376683291486826594e-34 -1.376683291486826594e-34 -1.376683291486826594e-34 -1.376683291486826594e-34 -1.376683291486826594e-34 -1.376683291486826594e-34 -1.376683291486826594e-34 -8.576470164835248612e-35 -8.084901805213919185e-35 -8.084901805213919185e-35 -8.084901805213919185e-35 -8.172641032066062301e-35 -4.982583192901934674e-35 -4.982583192901934674e-35 -4.982583192901934674e-35 -4.982583192901934674e-35 -7.765567164864638705e-35 9.793492194481289815e-20 9.852476572798537508e-20 9.852476572798537508e-20 9.852485978839640199e-20 1.293838153819014725e-19 1.293838153819014725e-19 1.293838153819014725e-19 1.293838153819014725e-19 1.293838153819014725e-19 1.293838153819014003e-19 1.293838153819014003e-19 1.293838153819014003e-19 1.293838153819015929e-19 1.293838153819015929e-19 1.293838153819015929e-19 1.293838153819015929e-19 1.293838153819015929e-19 1.293838153819014725e-19 1.360704798106268297e-19 1.360704798106268297e-19 1.360704798106268297e-19 1.333429173870697146e-19 1.333429420743046931e-19 1.872244122669387707e-19 1.872244122669387707e-19 1.872244122669388430e-19 2.164705425844403489e-19 2.176843502575452891e-19 2.176843502575452891e-19 2.176843502575452891e-19 2.176843502575452891e-19 2.176843502575452891e-19 2.176843502575452891e-19 2.176843502575452891e-19 2.176843502575452891e-19 2.472012537437779891e-19 2.542649342741378248e-19 2.542649342741378248e-19 2.560853628735451286e-19 2.563575596928579241e-19 2.563575596928579241e-19 2.563575596928579241e-19 2.563575596928579241e-19 2.563575596928579241e-19 2.563575596928579241e-19 2.563575596928579241e-19 2.563575596928579241e-19 2.563575596928579241e-19 2.765612252357436698e-19 2.765612252357457883e-19 2.765612252357457883e-19 2.765612252357457883e-19 2.765612252357457883e-19 2.765612252357457883e-19 2.765612252357457883e-19 2.765612252357457883e-19 2.765612252357457883e-19 2.765612252357457883e-19 2.765612252357457883e-19 2.765612252357457883e-19 2.765612252357457883e-19 2.765612252357457883e-19 2.765612252357457883e-19 2.765612252357457883e-19 2.765612252357457883e-19 2.765612252357457883e-19 2.765612252357457883e-19 2.765612252357457883e-19 2.765612252357457883e-19 2.765612252357457883e-19 2.765612252357457883e-19 2.765612252357457883e-19 2.765612252357457883e-19
-1.456899792168871547e-19 -1.456899792168871547e-19 -1.456899792168871547e-19 -1.456899792168871547e-19 -1.456899792168871547e-19 -1.456899792168871547e-19 -1.456899792168871547e-19 -1.456899792168871547e-19 -1.456899792168871547e-19 -1.456899792168871547e-19 -1.456899792168871547e-19 -1.456899792168871547e-19 -1.456899792168871547e-19 -1.456899792168871547e-19 -1.456899792168871547e-19 -1.456899792168871547e-19 -1.456899792168871547e-19 -1.456899792168871547e-19 -1.456899792168871547e-19 -1.456899792168871547e-19 -1.456899792168871547e-19 -1.456899792168871547e-19 -1.456899792168871547e-19 -1.456899792168871547e-19 -1.456899792168871547e-19 -1.456899792168871547e-19 -1.456899792168871547e-19 -1.456899792168871547e-19 -1.456899792168871547e-19 -1.456899792168871547e-19 -1.456899792168871547e-19 -1.456899792168871547e-19 -1.456899792168871547e-19 -1.456899792168871547e-19 -1.456899792168871547e-19 -1.456899792168871547e-19 -1.456899792168871547e-19 -1.456899792168871547e-19 -1.456899792168871547e-19 -1.456899792168871547e-19 -1.456899792168871547e-19 -1.456899792168871547e-19 -1.456899792168871547e-19 -1.456899792168871547e-19 -1.456899792168871547e-19 -1.456899792168871547e-19 -1.456899792168871547e-19 -1.456899792168871547e-19 -1.456899792168871547e-19 -1.456899792168871547e-19 -1.456899792168871547e-19 -1.456899792168871547e-19 -1.456899792168871547e-19 -1.456899792168871547e-19 -1.456899792168871547e-19 -1.456899792168871547e-19 -1.456899792168871547e-19 -1.456899792168871547e-19 -1.456899792012124442e-19 -1.376683291486826594e-34 -1.376683291486826594e-34 -1.376683291486826594e-34 -1.376683291486826594e-34 -1.376683291486826594e-34 -1.376683291486826594e-34 -1.376683291486826594e-34 -1.376683291486826594e-34 -1.376683291486826594e-34 -8.223171061992125106e-35 -8.084901805213919185e-35 -8.084901805213919185e-35 -1.486781429575513879e-34 -8.172641032066062301e-35 -4.982583192901934674e-35 -4.982583192901934674e-35 -4.982583192901934674e-35 -4.982583192901934674e-35 -7.765567164864638705e-35 9.852476572798537508e-20 9.852476572798537508e-20 9.852476572798537508e-20 1.293838153585722979e-19 1.293838153819014725e-19 1.293838153819014725e-19 1.293838153819014725e-19 1.293838153819014725e-19 1.293838153819014003e-19 1.293838153819014003e-19 1.293838153819014003e-19 1.293838153819014003e-19 1.293838153819015929e-19 1.293838153819015929e-19 1.293838153819015929e-19 1.293838153819015929e-19 1.293838153819015929e-19 1.293838153905815666e-19 1.360704798106268297e-19 1.360704798106268297e-19 1.360704798106268297e-19 1.333429173870697146e-19 1.872244119088612329e-19 1.872244122669387707e-19 1.872244122669387707e-19 2.048789971758195652e-19 2.164705425844403489e-19 2.176843502575452891e-19 2.176843502575452891e-19 2.176843502575452891e-19 2.176843502575452891e-19 2.176843502575452891e-19 2.176843502575452891e-19 2.176843502575452891e-19 2.176843502575452891e-19 2.542649342741345988e-19 2.542649342741378248e-19 2.542649342741378248e-19 2.563575596928579241e-19 2.563575596928579241e-19 2.563575596928579241e-19 2.563575596928579241e-19 2.563575596928579241e-19 2.563575596928579241e-19 2.563575596928579241e-19 2.563575596928579241e-19 2.563575596928579241e-19 2.563575596928579241e-19 2.765612252357457883e-19 2.765612252357457883e-19 2.765612252357457883e-19 2.765612252357457883e-19 2.765612252357457883e-19 2.765612252357457883e-19 2.765612252357457883e-19 2.765612252357457883e-19 2.765612252357457883e-19 2.765612252357457883e-19 2.765612252357457883e-19 2.765612252357457883e-19 2.765612252357457883e-19 2.765612252357457883e-19 2.765612252357457883e-19 2.765612252357457883e-19 2.765612252357457883e-19 2.765612252357457883e-19 2.765612252357457883e-19 2.765612252357457883e-19 2.765612252357457883e-19 2.765612252357457883e-19 2.765612252357457883e-19 2.765612252357457883e-19
-1.456899792168871547e-19 -1.456899792168871547e-19 -1.456899792168871547e-19 -1.456899792168871547e-19 -1.456899792168871547e-19 -1.456899792168871547e-19 -1.456899792168871547e-19 -1.456899792168871547e-19 -1.456899792168871547e-19 -1.456899792168871547e-19 -1.456899792168871547e-19 -1.456899792168871547e-19 -1.456899792168871547e-19 -1.456899792168871547e-19 -1.456899792168871547e-19 -1.456899792168871547e-19 -1.456899792168871547e-19 -1.456899792168871547e-19 -1.456899792168871547e-19 -1.456899792168871547e-19 -1.456899792168871547e-19 -1.456899792168871547e-19 -1.456899792168871547e-19 -1.456899792168871547e-19 -1.456899792168871547e-19 -1.456899792168871547e-19 -1.456899792168871547e-19 -1.456899792168871547e-19 -1.456899792168871547e-19 -1.456899792168871547e-19 -1.456899792168871547e-19 -1.456899792168871547e-19 -1.456899792168871547e-19 -1.456899792168871547e-19 -1.456899792168871547e-19 -1.456899792168871547e-19 -1.456899792168871547e-19 -1.456899792168871547e-19 -1.456899792168871547e-19 -1.456899792168871547e-19 -1.456899792168871547e-19 -1.456899792168871547e-19 -1.456899792168871547e-19 -1.456899792168871547e-19 -1.456899792168871547e-19 -1.456899792168871547e-19 -1.456899792168871547e-19 -1.456899792168871547e-19 -1.456899792168871547e-19 -1.456899792168871547e-19 -1.456899792168871547e-19 -1.456899792168871547e-19 -1.456899792168871547e-19 -1.456899792168871547e-19 -1.456899792168871547e-19 -1.456899792168871547e-19 -1.456899792168871547e-19 -1.456899792168871547e-19 -1.456899792168871547e-19 -3.120266291595316625e-24 -1.376683291486826594e-34 -1.376683291486826594e-34 -1.376683291486826594e-34 -1.376683291486826594e-34 -1.376683291486826594e-34 -1.376683291486826594e-34 -1.376683291486826594e-34 -1.376683291486826594e-34 -1.376683291486826594e-34 -8.084901805213919185e-35 -8.084901805213919185e-35 -8.084901805213919185e-35 -1.079870218319428091e-34 -8.172641032066062301e-35 -4.982583192901934674e-35 -4.982583192901934674e-35 -4.982583192901934674e-35 -8.369083280681473320e-35 -7.765567164864638705e-35 9.852476572798537508e-20 9.852476572798537508e-20 9.852476572798537508e-20 1.293838153819014725e-19 1.293838153819014725e-19 1.293838153819014725e-19 1.293838153819014725e-19 1.293838153819015447e-19 1.293838153819014003e-19 1.293838153819014003e-19 1.293838153819014003e-19 1.293838153819015929e-19 1.293838153819015929e-19 1.293838153819015929e-19 1.293838153819015929e-19 1.293838153819015929e-19 1.293838153819015929e-19 1.360704680757210337e-19 1.360704798106268297e-19 1.360704798106268297e-19 1.360704798106206667e-19 1.333429173870697146e-19 1.872244122669387707e-19 1.872244122669387707e-19 1.872244122669387707e-19 2.164705425844403248e-19 2.164705425844403489e-19 2.176843502575452891e-19 2.176843502575452891e-19 2.176843502575452891e-19 2.176843502575452891e-19 2.176843502575452891e-19 2.176843502575452891e-19 2.176843502575452891e-19 2.176843502575452891e-19 2.542649342741378248e-19 2.542649342741378248e-19 2.542649342741378248e-19 2.563575596928579241e-19 2.563575596928579241e-19 2.563575596928579241e-19 2.563575596928579241e-19 2.563575596928579241e-19 2.563575596928579241e-19 2.563575596928579241e-19 2.563575596928579241e-19 2.563575596928579241e-19 2.563575596928579241e-19 2.765612252357457883e-19 2.765612252357457883e-19 2.765612252357457883e-19 2.765612252357457883e-19 2.765612252357457883e-19 2.765612252357457883e-19 2.765612252357457883e-19 2.765612252357457883e-19 2.765612252357457883e-19 2.765612252357457883e-19 2.765612252357457883e-19 2.765612252357457883e-19 2.765612252357457883e-19 2.765612252357457883e-19 2.765612252357457883e-19 2.765612252357457883e-19 2.765612252357457883e-19 2.765612252357457883e-19 2.765612252357457883e-19 2.765612252357457883e-19 2.765612252357457883e-19 2.765612252357457883e-19 2.765612252357457883e-19
-1.456899792168871547e-19 -1.456899792168871547e-19 -1.456899792168871547e-19 -1.456899792168871547e-19 -1.456899792168871547e-19 -1.456899792168871547e-19 -1.456899792168871547e-19 -1.456899792168871547e-19 -1.456899792168871547e-19 -1.456899792168871547e-19 -1.456899792168871547e-19 -1.456899792168871547e-19 -1.456899792168871547e-19 -1.456899792168871547e-19 -1.456899792168871547e-19 -1.456899792168871547e-19 -1.456899792168871547e-19 -1.456899792168871547e-19 -1.456899792168871547e-19 -1.456899792168871547e-19 -1.456899792168871547e-19 -1.456899792168871547e-19 -1.456899792168871547e-19 -1.456899792168871547e-19 -1.456899792168871547e-19 -1.456899792168871547e-19 -1.456899792168871547e-19 -1.456899792168871547e-19 -1.456899792168871547e-19 -1.456899792168871547e-19 -1.456899792168871547e-19 -1.456899792168871547e-19 -1.456899792168871547e-19 -1.456899792168871547e-19 -1.456899792168871547e-19 -1.456899792168871547e-19 -1.456899792168871547e-19 -1.456899792168871547e-19 -1.456899792168871547e-19 -1.456899792168871547e-19 -1.456899792168871547e-19 -1.456899792168871547e-19 -1.456899792168871547e-19 -1.456899792168871547e-19 -1.456899792168871547e-19 -1.456899792168871547e-19 -1.456899792168871547e-19 -1.456899792168871547e-19 -1.456899792168871547e-19 -1.456899792168871547e-19 -1.456899792168871547e-19 -1.456899792168871547e-19 -1.456899792168871547e-19 -1.456899792168871547e-19 -1.456899792168871547e-19 -1.456899792168871547e-19 -1.456899792168871547e-19 -1.456899792168871547e-19 -1.456899792168871547e-19 -1.456899792168871547e-19 -1.376693408706288244e-34 -1.376683291486826594e-34 -1.376683291486826594e-34 -1.376683291486826594e-34 -1.376683291486826594e-34 -1.376683291486826594e-34 -1.376683291486826594e-34 -1.376683291486826594e-34 -1.376683291486826594e-34 -1.376683291486826594e-34 -8.084901805213919185e-35 -8.084901805213919185e-35 -8.084901805213919185e-35 -8.172641032066062301e-35 -8.172641032066062301e-35 -4.982583192901934674e-35 -4.982583192901934674e-35 -4.982583192901934674e-35 -2.229067125116710652e-34 -7.765567164864638705e-35 9.852476572798537508e-20 9.852476572798537508e-20 9.852476572798537508e-20 1.293838153819014725e-19 1.293838153819014725e-19 1.293838153819014725e-19 1.293838153819014725e-19 1.293838153819014966e-19 1.293838153819014003e-19 1.293838153819014003e-19 1.293838153819014003e-19 1.293838153819015929e-19 1.293838153819015929e-19 1.293838153819015929e-19 1.293838153819015929e-19 1.293838153819015929e-19 1.293838153819015688e-19 1.360704798106268297e-19 1.360704798106268297e-19 1.360704798106268297e-19 1.333457763117422994e-19 1.333429173870697146e-19 1.872244122669387707e-19 1.872244122669387707e-19 1.872244122669387707e-19 2.164705425844403489e-19 2.168476561169899470e-19 2.176843502575452891e-19 2.176843502575452891e-19 2.176843502575452891e-19 2.176843502575452891e-19 2.176843502575452891e-19 2.176843502575452891e-19 2.176843502575452891e-19 2.176843502575453372e-19 2.542649342741378248e-19 2.542649342741378248e-19 2.542649342741378248e-19 2.563575596928579241e-19 2.563575596928579241e-19 2.563575596928579241e-19 2.563575596928579241e-19 2.563575596928579241e-19 2.563575596928579241e-19 2.563575596928579241e-19 2.563575596928579241e-19 2.563575596928579241e-19 2.563575596932140767e-19 2.765612252357457883e-19 2.765612252357457883e-19 2.765612252357457883e-19 2.765612252357457883e-19 2.765612252357457883e-19 2.765612252357457883e-19 2.765612252357457883e-19 2.765612252357457883e-19 2.765612252357457883e-19 2.765612252357457883e-19 2.765612252357457883e-19 2.765612252357457883e-19 2.765612252357457883e-19 2.765612252357457883e-19 2.765612252357457883e-19 2.765612252357457883e-19 2.765612252357457883e-19 2.765612252357457883e-19 2.765612252357457883e-19 2.765612252357457883e-19 2.765612252357457883e-19 2.765612252357457883e-19
-1.456899792168871547e-19 -1.456899792168871547e-19 -1.456899792168871547e-19 -1.456899792168871547e-19 -1.456899792168871547e-19 -1.456899792168871547e-19 -1.456899792168871547e-19 -1.456899792168871547e-19 -1.456899792168871547e-19 -1.456899792168871547e-19 -1.456899792168871547e-19 -1.456899792168871547e-19 -1.456899792168871547e-19 -1.456899792168871547e-19 -1.456899792168871547e-19 -1.456899792168871547e-19 -1.456899792168871547e-19 -1.456899792168871547e-19 -1.456899792168871547e-19 -1.456899792168871547e-19 -1.456899792168871547e-19 -1.456899792168871547e-19 -1.456899792168871547e-19 -1.456899792168871547e-19 -1.456899792168871547e-19 -1.456899792168871547e-19 -1.456899792168871547e-19 -1.456899792168871547e-19 -1.456899792168871547e-19 -1.456899792168871547e-19 -1.456899792168871547e-19 -1.456899792168871547e-19 -1.456899792168871547e-19 -1.456899792168871547e-19 -1.456899792168871547e-19 -1.456899792168871547e-19 -1.456899792168871547e-19 -1.456899792168871547e-19 -1.456899792168871547e-19 -1.456899792168871547e-19 -1.456899792168871547e-19 -1.456899792168871547e-19 -1.456899792168871547e-19 -1.456899792168871547e-19 -1.456899792168871547e-19 -1.456899792168871547e-19 -1.456899792168871547e-19 -1.456899792168871547e-19 -1.456899792168871547e-19 -1.456899792168871547e-19 -1.456899792168871547e-19 -1.456899792168871547e-19 -1.456899792168871547e-19 -1.456899792168871547e-19 -1.456899792168871547e-19 -1.456899792168871547e-19 -1.456899792168871547e-19 -1.456899792168871547e-19 -1.456899792168871547e-19 -1.456899792168871547e-19 -1.456899792168871547e-19 -1.376683291486826594e-34 -1.376683291486826594e-34 -1.376683291486826594e-34 -1.376683291486826594e-34 -1.376683291486826594e-34 -1.376683291486826594e-34 -1.376683291486826594e-34 -1.376683291486826594e-34 -1.376683291486826594e-34 -1.376683291486826594e-34 -8.084901805213919185e-35 -8.084901805213919185e-35 -8.084901805213919185e-35 -8.172641032066062301e-35 -8.172641032066062301e-35 -8.172641032066062301e-35 -8.172641032066062301e-35 -8.172641032066062301e-35 -7.765567164864638705e-35 1.304810736722465162e-26 9.852476572798537508e-20 9.852476572798537508e-20 9.852476572798538712e-20 1.293838153819014725e-19 1.293838153819014725e-19 1.293838153819014725e-19 1.293838153819014725e-19 1.293838153819014003e-19 1.293838153819014003e-19 1.293838153819014003e-19 1.293838153819014003e-19 1.293838153819015929e-19 1.293838153819015929e-19 1.293838153819015929e-19 1.293838153819015929e-19 1.293838153819015929e-19 1.293838153819015929e-19 1.360704798106268297e-19 1.360704798106268297e-19 1.360704798106268297e-19 1.333429173870697146e-19 1.333429173870698349e-19 1.872244122669387707e-19 1.872244122669387707e-19 1.872244122669387707e-19 2.164705425844403489e-19 2.176843502575452409e-19 2.176843502575452891e-19 2.176843502575452891e-19 2.176843502575452891e-19 2.176843502575452891e-19 2.176843502575452891e-19 2.176843502575452891e-19 2.176843502575452891e-19 2.250493346604926336e-19 2.542649342741378248e-19 2.542649342741378248e-19 2.542649342853009481e-19 2.563575596928579241e-19 2.563575596928579241e-19 2.563575596928579241e-19 2.563575596928579241e-19 2.563575596928579241e-19 2.563575596928579241e-19 2.563575596928579241e-19 2.563575596928579241e-19 2.563575596928579241e-19 2.765585838500476254e-19 2.765612252357457883e-19 2.765612252357457883e-19 2.765612252357457883e-19 2.765612252357457883e-19 2.765612252357457883e-19 2.765612252357457883e-19 2.765612252357457883e-19 2.765612252357457883e-19 2.765612252357457883e-19 2.765612252357457883e-19 2.765612252357457883e-19 2.765612252357457883e-19 2.765612252357457883e-19 2.765612252357457883e-19 2.765612252357457883e-19 2.765612252357457883e-19 2.765612252357457883e-19 2.765612252357457883e-19 2.765612252357457883e-19 2.765612252357457883e-19 2.765612252357457883e-19
-1.456899792168871547e-19 -1.456899792168871547e-19 -1.456899792168871547e-19 -1.456899792168871547e-19 -1.456899792168871547e-19 -1.456899792168871547e-19 -1.456899792168871547e-19 -1.456899792168871547e-19 -1.456899792168871547e-19 -1.456899792168871547e-19 -1.456899792168871547e-19 -1.456899792168871547e-19 -1.456899792168871547e-19 -1.456899792168871547e-19 -1.456899792168871547e-19 -1.456899792168871547e-19 -1.456899792168871547e-19 -1.456899792168871547e-19 -1.456899792168871547e-19 -1.456899792168871547e-19 -1.456899792168871547e-19 -1.456899792168871547e-19 -1.456899792168871547e-19 -1.456899792168871547e-19 -1.456899792168871547e-19 -1.456899792168871547e-19 -1.456899792168871547e-19 -1.456899792168871547e-19 -1.456899792168871547e-19 -1.456899792168871547e-19 -1.456899792168871547e-19 -1.456899792168871547e-19 -1.456899792168871547e-19 -1.456899792168871547e-19 -1.456899792168871547e-19 -1.456899792168871547e-19 -1.456899792168871547e-19 -1.456899792168871547e-19 -1.456899792168871547e-19 -1.456899792168871547e-19 -1.456899792168871547e-19 -1.456899792168871547e-19 -1.456899792168871547e-19 -1.456899792168871547e-19 -1.456899792168871547e-19 -1.456899792168871547e-19 -1.456899792168871547e-19 -1.456899792168871547e-19 -1.456899792168871547e-19 -1.456899792168871547e-19 -1.456899792168871547e-19 -1.456899792168871547e-19 -1.456899792168871547e-19 -1.456899792168871547e-19 -1.456899792168871547e-19 -1.456899792168871547e-19 -1.456899792168871547e-19 -1.456899792168871547e-19 -1.456899792168871547e-19 -1.456899792168871547e-19 -1.456899792168871547e-19 -1.456899792168871547e-19 -1.376683291486826594e-34 -1.376683291486826594e-34 -1.376683291486826594e-34 -1.376683291486826594e-34 -1.376683291486826594e-34 -1.376683291486826594e-34 -1.376683291486826594e-34 -1.376683291486826594e-34 -1.376683291486826594e-34 -1.159995085218431655e-34 -8.084901805213919185e-35 -8.084901805213919185e-35 -1.065200825435974008e-34 -8.172641032066062301e-35 -8.172641032066062301e-35 -8.172641032066062301e-35 -8.172641032066062301e-35 -8.172641032066062301e-35 -7.765567164864638705e-35 9.852476401369014264e-20 9.852476572798537508e-20 9.852476572798537508e-20 1.143678207909252123e-19 1.293838153819014725e-19 1.293838153819014725e-19 1.293838153819014725e-19 1.293838153819014725e-19 1.293838153819014003e-19 1.293838153819014003e-19 1.293838153819014003e-19 1.293838153819016170e-19 1.293838153819015929e-19 1.293838153819015929e-19 1.293838153819015929e-19 1.293838153819015929e-19 1.293838153819015929e-19 1.293838153819015688e-19 1.360704798106268297e-19 1.360704798106268297e-19 1.360704798106268297e-19 1.333429173870697146e-19 1.405152898841406711e-19 1.872244122669387707e-19 1.872244122669387707e-19 1.872244123024806523e-19 2.164705425844403489e-19 2.176843502575452891e-19 2.176843502575452891e-19 2.176843502575452891e-19 2.176843502575452891e-19 2.176843502575452891e-19 2.176843502575452891e-19 2.176843502575452891e-19 2.176843502575452891e-19 2.542608626092634929e-19 2.542649342741378248e-19 2.542649342741378248e-19 2.563575587889137973e-19 2.563575596928579241e-19 2.563575596928579241e-19 2.563575596928579241e-19 2.563575596928579241e-19 2.563575596928579241e-19 2.563575596928579241e-19 2.563575596928579241e-19 2.563575596928579241e-19 2.563575596928579241e-19 2.765612252357457883e-19 2.765612252357457883e-19 2.765612252357457883e-19 2.765612252357457883e-19 2.765612252357457883e-19 2.765612252357457883e-19 2.765612252357457883e-19 2.765612252357457883e-19 2.765612252357457883e-19 2.765612252357457883e-19 2.765612252357457883e-19 2.765612252357457883e-19 2.765612252357457883e-19 2.765612252357457883e-19 2.765612252357457883e-19 2.765612252357457883e-19 2.765612252357457883e-19 2.765612252357457883e-19 2.765612252357457883e-19 2.765612252357457883e-19 2.765612252357457883e-19
-1.296037953743790807e-19 -1.296037953743790807e-19 -1.296037953743790807e-19 -1.296037953743790807e-19 -1.296037953743790807e-19 -1.296037953743790807e-19 -1.296037953743790807e-19 -1.296037953743790807e-19 -1.296037953743790807e-19 -1.296037953743790807e-19 -1.296037953743790807e-19 -1.296037953743790807e-19 -1.296037953743790807e-19 -1.296037953743790807e-19 -1.296037953743790807e-19 -1.296037953743790807e-19 -1.296037953743790807e-19 -1.296037953743790807e-19 -1.296037953743790807e-19 -1.296037953743790807e-19 -1.296037953743790807e-19 -1.296037953743790807e-19 -1.296037953743790807e-19 -1.296037953743790807e-19 -1.296037953743790807e-19 -1.296037953743790807e-19 -1.296037953743790807e-19 -1.296037953743790807e-19 -1.296037953743790807e-19 -1.296037953743790807e-19 -1.296037953743790807e-19 -1.296037953743790807e-19 -1.296037953743790807e-19 -1.296037953743790807e-19 -1.296037953743790807e-19 -1.296037953743790807e-19 -1.296037953743790807e-19 -1.296037953743790807e-19 -1.296037953743790807e-19 -1.296037953743790807e-19 -1.296037953743790807e-19 -1.296037953743790807e-19 -1.296037953743790807e-19 -1.296037953743790807e-19 -1.296037953743790807e-19 -1.296037953743790807e-19 -1.296037953743790807e-19 -1.296037953743790807e-19 -1.296037953743790807e-19 -1.296037953743790807e-19 -1.296037953743790807e-19 -1.296037953743790807e-19 -1.296037953743790807e-19 -1.296037953743790807e-19 -1.296037953743790807e-19 -1.296037953743790807e-19 -1.296037953743790807e-19 -1.296037953743790807e-19 -1.296037953743790807e-19 -1.296037953743790807e-19 -1.296037953743790807e-19 -1.296037953743790807e-19 -1.295994636742821323e-19 -8.345360644012298793e-35 -8.345360644012298793e-35 -8.345360644012298793e-35 -8.345360644012298793e-35 -8.345360644012298793e-35 -8.345360644012298793e-35 -8.345360644012298793e-35 -8.345360644012298793e-35 -8.345360644012298793e-35 -4.126878818702848770e-35 -4.406984432492465468e-35 -4.406984432492465468e-35 -1.199576036627670406e-35 -2.985350164692732598e-35 -2.985350164692732598e-35 -2.985350164692732598e-35 -2.985350164692732598e-35 -1.096403018274627465e-35 4.708765702386181753e-34 9.852476572798535101e-20 9.852476572798535101e-20 9.852476572798535101e-20 1.585103485675988455e-19 1.585103485675989177e-19 1.585103485675989177e-19 1.585103485675989177e-19 1.585103485675989177e-19 1.658099973673841478e-19 1.658099973673841478e-19 1.658099973673841478e-19 1.658108979972128215e-19 1.658117898751042527e-19 1.658117898751042527e-19 1.658117898751042527e-19 1.658117898751042527e-19 1.658117898751042527e-19 1.746833909053855413e-19 1.839421183844137014e-19 1.839421183844137014e-19 1.839421183844137014e-19 1.827323143974599737e-19 2.184308625583269068e-19 2.184308625583276290e-19 2.184308625583276290e-19 2.457270343093415621e-19 2.457270851600145771e-19 2.471591404718953692e-19 2.471591404718953692e-19 2.471591404718953692e-19 2.471591404718953692e-19 2.471591404718953692e-19 2.471591404718953692e-19 2.471591404718953692e-19 2.471591404718953692e-19 2.778089134409431560e-19 2.778089134409431560e-19 2.778089134409431560e-19 2.798433555086917744e-19 2.798433555086917744e-19 2.798433555086917744e-19 2.798433555086917744e-19 2.798433555086917744e-19 2.798433555086917744e-19 2.798433555086917744e-19 2.798433555086917744e-19 2.798433555086917744e-19 2.798433555086917744e-19 2.978769982011851683e-19 2.978769982011851683e-19 2.978769982011851683e-19 2.978769982011851683e-19 2.978769982011851683e-19 2.978769982011851683e-19 2.978769982011851683e-19 2.978769982011851683e-19 2.978769982011851683e-19 2.978769982011851683e-19 2.978769982011851683e-19 2.978769982011851683e-19 2.978769982011851683e-19 2.978769982011851683e-19 2.978769982011851683e-19 2.978769982011851683e-19 2.978769982011851683e-19 2.978769982011851683e-19 2.978769982011851683e-19 2.978769982011851683e-19
-1.296037953743790807e-19 -1.296037953743790807e-19 -1.296037953743790807e-19 -1.296037953743790807e-19 -1.296037953743790807e-19 -1.296037953743790807e-19 -1.296037953743790807e-19 -1.296037953743790807e-19 -1.296037953743790807e-19 -1.296037953743790807e-19 -1.296037953743790807e-19 -1.296037953743790807e-19 -1.296037953743790807e-19 -1.296037953743790807e-19 -1.296037953743790807e-19 -1.296037953743790807e-19 -1.296037953743790807e-19 -1.296037953743790807e-19 -1.296037953743790807e-19 -1.296037953743790807e-19 -1.296037953743790807e-19 -1.296037953743790807e-19 -1.296037953743790807e-19 -1.296037953743790807e-19 -1.296037953743790807e-19 -1.296037953743790807e-19 -1.296037953743790807e-19 -1.296037953743790807e-19 -1.296037953743790807e-19 -1.296037953743790807e-19 -1.296037953743790807e-19 -1.296037953743790807e-19 -1.296037953743790807e-19 -1.296037953743790807e-19 -1.296037953743790807e-19 -1.296037953743790807e-19 -1.296037953743790807e-19 -1.296037953743790807e-19 -1.296037953743790807e-19 -1.296037953743790807e-19 -1.296037953743790807e-19 -1.296037953743790807e-19 -1.296037953743790807e-19 -1.296037953743790807e-19 -1.296037953743790807e-19 -1.296037953743790807e-19 -1.296037953743790807e-19 -1.296037953743790807e-19 -1.296037953743790807e-19 -1.296037953743790807e-19 -1.296037953743790807e-19 -1.296037953743790807e-19 -1.296037953743790807e-19 -1.296037953743790807e-19 -1.296037953743790807e-19 -1.296037953743790807e-19 -1.296037953743790807e-19 -1.296037953743790807e-19 -1.296037953743790807e-19 -1.296037953743790807e-19 -1.296037953743790807e-19 -1.296037953743790807e-19 -1.296037953743790807e-19 -8.935330347019832666e-30 -8.345360644012298793e-35 -8.345360644012298793e-35 -8.345360644012298793e-35 -8.345360644012298793e-35 -8.345360644012298793e-35 -8.345360644012298793e-35 -8.345360644012298793e-35 -8.345360644012298793e-35 -8.345360644012298793e-35 -4.406984432492465468e-35 -4.406984432492465468e-35 -4.406984432492465468e-35 -2.366867877193762765e-35 -2.985350164692732598e-35 -2.985350164692732598e-35 -2.985350164692732598e-35 -2.985350164692732598e-35 1.589842137389854945e-34 4.708765702386181753e-34 9.852476572798535101e-20 9.852476572798535101e-20 9.852476572798535101e-20 1.585103485675989177e-19 1.585103485675989177e-19 1.585103485675989177e-19 1.585103485675989177e-19 1.585138112620148912e-19 1.658099973673841478e-19 1.658099973673841478e-19 1.658099973673841478e-19 1.658117898751041805e-19 1.658117898751042527e-19 1.658117898751042527e-19 1.658117898751042527e-19 1.658117898751042527e-19 1.658117898751042527e-19 1.839421183843666365e-19 1.839421183844137014e-19 1.839421183844137014e-19 1.839421174778476376e-19 1.827323143974599737e-19 2.184308625583276290e-19 2.184308625583276290e-19 2.184308625583276290e-19 2.457270851600145771e-19 2.457270851605287522e-19 2.471591404718953692e-19 2.471591404718953692e-19 2.471591404718953692e-19 2.471591404718953692e-19 2.471591404718953692e-19 2.471591404718953692e-19 2.471591404718953692e-19 2.471591404718953692e-19 2.778089134409431560e-19 2.778089134409431560e-19 2.778089134409431560e-19 2.798433555086917744e-19 2.798433555086917744e-19 2.798433555086917744e-19 2.798433555086917744e-19 2.798433555086917744e-19 2.798433555086917744e-19 2.798433555086917744e-19 2.798433555086917744e-19 2.798433555086917744e-19 2.798433555086917744e-19 2.978769982011851683e-19 2.978769982011851683e-19 2.978769982011851683e-19 2.978769982011851683e-19 2.978769982011851683e-19 2.978769982011851683e-19 2.978769982011851683e-19 2.978769982011851683e-19 2.978769982011851683e-19 2.978769982011851683e-19 2.978769982011851683e-19 2.978769982011851683e-19 2.978769982011851683e-19 2.978769982011851683e-19 2.978769982011851683e-19 2.978769982011851683e-19 2.978769982011851683e-19 2.978769982011851683e-19 2.978769982011851683e-19
-1.296037953743790807e-19 -1.296037953743790807e-19 -1.296037953743790807e-19 -1.296037953743790807e-19 -1.296037953743790807e-19 -1.296037953743790807e-19 -1.296037953743790807e-19 -1.296037953743790807e-19 -1.296037953743790807e-19 -1.296037953743790807e-19 -1.296037953743790807e-19 -1.296037953743790807e-19 -1.296037953743790807e-19 -1.296037953743790807e-19 -1.296037953743790807e-19 -1.296037953743790807e-19 -1.296037953743790807e-19 -1.296037953743790807e-19 -1.296037953743790807e-19 -1.296037953743790807e-19 -1.296037953743790807e-19 -1.296037953743790807e-19 -1.296037953743790807e-19 -1.296037953743790807e-19 -1.296037953743790807e-19 -1.296037953743790807e-19 -1.296037953743790807e-19 -1.296037953743790807e-19 -1.296037953743790807e-19 -1.296037953743790807e-19 -1.296037953743790807e-19 -1.296037953743790807e-19 -1.296037953743790807e-19 -1.296037953743790807e-19 -1.296037953743790807e-19 -1.296037953743790807e-19 -1.296037953743790807e-19 -1.296037953743790807e-19 -1.296037953743790807e-19 -1.296037953743790807e-19 -1.296037953743790807e-19 -1.296037953743790807e-19 -1.296037953743790807e-19 -1.296037953743790807e-19 -1.296037953743790807e-19 -1.296037953743790807e-19 -1.296037953743790807e-19 -1.296037953743790807e-19 -1.296037953743790807e-19 -1.296037953743790807e-19 -1.296037953743790807e-19 -1.296037953743790807e-19 -1.296037953743790807e-19 -1.296037953743790807e-19 -1.296037953743790807e-19 -1.296037953743790807e-19 -1.296037953743790807e-19 -1.296037953743790807e-19 -1.296037953743790807e-19 -1.296037953743790807e-19 -1.296037953743790807e-19 -1.296037953743790807e-19 -1.296037953743790807e-19 -1.296037953743790807e-19 -8.345360637455378325e-35 -8.345360644012298793e-35 -8.345360644012298793e-35 -8.345360644012298793e-35 -8.345360644012298793e-35 -8.345360644012298793e-35 -8.345360644012298793e-35 -8.345360644012298793e-35 -8.345360644012298793e-35 -8.345360644012298793e-35 -4.406984432492465468e-35 -4.406984432492465468e-35 -4.406984432492465468e-35 -2.985350164692732598e-35 -2.985350164692732598e-35 -2.985350164692732598e-35 -2.985350164692732598e-35 -2.985350164692732598e-35 -1.702407722675076794e-35 4.800746804343973768e-34 9.852476572798535101e-20 9.852476572798535101e-20 9.852476572798535101e-20 1.585103485675989177e-19 1.585103485675989177e-19 1.585103485675989177e-19 1.585103485675989177e-19 1.656830819268379907e-19 1.658099973673841478e-19 1.658099973673841478e-19 1.658099973673841478e-19 1.658117898751042527e-19 1.658117898751042527e-19 1.658117898751042527e-19 1.658117898751042527e-19 1.658117898751042527e-19 1.658117898778691418e-19 1.839421183844137014e-19 1.839421183844137014e-19 1.839421183844137014e-19 1.827323144011800278e-19 1.827323143974599737e-19 2.184308625583276290e-19 2.184308625583276290e-19 2.184308625583276290e-19 2.457270851600145771e-19 2.471591312812203077e-19 2.471591404718953692e-19 2.471591404718953692e-19 2.471591404718953692e-19 2.471591404718953692e-19 2.471591404718953692e-19 2.471591404718953692e-19 2.471591404718953692e-19 2.471591404784854200e-19 2.778089134409431560e-19 2.778089134409431560e-19 2.778089134409431560e-19 2.798433555086917744e-19 2.798433555086917744e-19 2.798433555086917744e-19 2.798433555086917744e-19 2.798433555086917744e-19 2.798433555086917744e-19 2.798433555086917744e-19 2.798433555086917744e-19 2.798433555086917744e-19 2.798434651855031192e-19 2.978769982011851683e-19 2.978769982011851683e-19 2.978769982011851683e-19 2.978769982011851683e-19 2.978769982011851683e-19 2.978769982011851683e-19 2.978769982011851683e-19 2.978769982011851683e-19 2.978769982011851683e-19 2.978769982011851683e-19 2.978769982011851683e-19 2.978769982011851683e-19 2.978769982011851683e-19 2.978769982011851683e-19 2.978769982011851683e-19 2.978769982011851683e-19 2.978769982011851683e-19 2.978769982011851683e-19
-1.296037953743790807e-19 -1.296037953743790807e-19 -1.296037953743790807e-19 -1.296037953743790807e-19 -1.296037953743790807e-19 -1.296037953743790807e-19 -1.296037953743790807e-19 -1.296037953743790807e-19 -1.296037953743790807e-19 -1.296037953743790807e-19 -1.296037953743790807e-19 -1.296037953743790807e-19 -1.296037953743790807e-19 -1.296037953743790807e-19 -1.296037953743790807e-19 -1.296037953743790807e-19 -1.296037953743790807e-19 -1.296037953743790807e-19 -1.296037953743790807e-19 -1.296037953743790807e-19 -1.296037953743790807e-19 -1.296037953743790807e-19 -1.296037953743790807e-19 -1.296037953743790807e-19 -1.296037953743790807e-19 -1.296037953743790807e-19 -1.296037953743790807e-19 -1.296037953743790807e-19 -1.296037953743790807e-19 -1.296037953743790807e-19 -1.296037953743790807e-19 -1.296037953743790807e-19 -1.296037953743790807e-19 -1.296037953743790807e-19 -1.296037953743790807e-19 -1.296037953743790807e-19 -1.296037953743790807e-19 -1.296037953743790807e-19 -1.296037953743790807e-19 -1.296037953743790807e-19 -1.296037953743790807e-19 -1.296037953743790807e-19 -1.296037953743790807e-19 -1.296037953743790807e-19 -1.296037953743790807e-19 -1.296037953743790807e-19 -1.296037953743790807e-19 -1.296037953743790807e-19 -1.296037953743790807e-19 -1.296037953743790807e-19 -1.296037953743790807e-19 -1.296037953743790807e-19 -1.296037953743790807e-19 -1.296037953743790807e-19 -1.296037953743790807e-19 -1.296037953743790807e-19 -1.296037953743790807e-19 -1.296037953743790807e-19 -1.296037953743790807e-19 -1.296037953743790807e-19 -1.296037953743790807e-19 -1.296037953743790807e-19 -1.296037953743790807e-19 -1.296037953743790807e-19 -1.296037953743790807e-19 -8.345360644012298793e-35 -8.345360644012298793e-35 -8.345360644012298793e-35 -8.345360644012298793e-35 -8.345360644012298793e-35 -8.345360644012298793e-35 -8.345360644012298793e-35 -8.345360644012298793e-35 -8.345360644012298793e-35 -5.177412738034462866e-35 -4.406984432492465468e-35 -4.406984432492465468e-35 -4.406984432492465468e-35 -2.985350164692732598e-35 -2.985350164692732598e-35 -2.985350164692732598e-35 -2.985350164692732598e-35 -2.985350164692732598e-35 4.708765702386181753e-34 4.318578115994221509e-21 9.852476572798535101e-20 9.852476572798535101e-20 9.852476579426077725e-20 1.585103485675989177e-19 1.585103485675989177e-19 1.585103485675989177e-19 1.585103485675989177e-19 1.658099973652962953e-19 1.658099973673841478e-19 1.658099973673841478e-19 1.658099973673841478e-19 1.658117898751042527e-19 1.658117898751042527e-19 1.658117898751042527e-19 1.658117898751042527e-19 1.658117898751042527e-19 1.746791227299561411e-19 1.839421183844137014e-19 1.839421183844137014e-19 1.839421183844137014e-19 1.827323143974599737e-19 1.827323144011481536e-19 2.184308625583276290e-19 2.184308625583276290e-19 2.184308625583276290e-19 2.457270851600145771e-19 2.471591404718953692e-19 2.471591404718953692e-19 2.471591404718953692e-19 2.471591404718953692e-19 2.471591404718953692e-19 2.471591404718953692e-19 2.471591404718953692e-19 2.471591404718953692e-19 2.714230746190358596e-19 2.778089134409431560e-19 2.778089134409431560e-19 2.778126646919802060e-19 2.798433555086917744e-19 2.798433555086917744e-19 2.798433555086917744e-19 2.798433555086917744e-19 2.798433555086917744e-19 2.798433555086917744e-19 2.798433555086917744e-19 2.798433555086917744e-19 2.798433555086917744e-19 2.978769981943523059e-19 2.978769982011851683e-19 2.978769982011851683e-19 2.978769982011851683e-19 2.978769982011851683e-19 2.978769982011851683e-19 2.978769982011851683e-19 2.978769982011851683e-19 2.978769982011851683e-19 2.978769982011851683e-19 2.978769982011851683e-19 2.978769982011851683e-19 2.978769982011851683e-19 2.978769982011851683e-19 2.978769982011851683e-19 2.978769982011851683e-19 2.978769982011851683e-19 2.978769982011851683e-19
-1.067949726427883870e-19 -1.067949726427883870e-19 -1.067949726427883870e-19 -1.067949726427883870e-19 -1.067949726427883870e-19 -1.067949726427883870e-19 -1.067949726427883870e-19 -1.067949726427883870e-19 -1.067949726427883870e-19 -1.067949726427883870e-19 -1.067949726427883870e-19 -1.067949726427883870e-19 -1.067949726427883870e-19 -1.067949726427883870e-19 -1.067949726427883870e-19 -1.067949726427883870e-19 -1.067949726427883870e-19 -1.067949726427883870e-19 -1.067949726427883870e-19 -1.067949726427883870e-19 -1.067949726427883870e-19 -1.067949726427883870e-19 -1.067949726427883870e-19 -1.067949726427883870e-19 -1.067949726427883870e-19 -1.067949726427883870e-19 -1.067949726427883870e-19 -1.067949726427883870e-19 -1.067949726427883870e-19 -1.067949726427883870e-19 -1.067949726427883870e-19 -1.067949726427883870e-19 -1.067949726427883870e-19 -1.067949726427883870e-19 -1.067949726427883870e-19 -1.067949726427883870e-19 -1.067949726427883870e-19 -1.067949726427883870e-19 -1.067949726427883870e-19 -1.067949726427883870e-19 -1.067949726427883870e-19 -1.067949726427883870e-19 -1.067949726427883870e-19 -1.067949726427883870e-19 -1.067949726427883870e-19 -1.067949726427883870e-19 -1.067949726427883870e-19 -1.067949726427883870e-19 -1.067949726427883870e-19 -1.067949726427883870e-19 -1.067949726427883870e-19 -1.067949726427883870e-19 -1.067949726427883870e-19 -1.067949726427883870e-19 -1.067949726427883870e-19 -1.067949726427883870e-19 -1.067949726427883870e-19 -1.067949726427883870e-19 -1.067949726427883870e-19 -1.067949726427883870e-19 -1.067949726427883870e-19 -1.067949726427883870e-19 -1.067949726427883870e-19 -1.067949726427883870e-19 -1.067949726427883870e-19 -1.067949726427837888e-19 -7.601708975564733111e-35 -7.601708975564733111e-35 -7.601708975564733111e-35 -7.601708975564733111e-35 -7.601708975564733111e-35 -7.601708975564733111e-35 -7.601708975564733111e-35 -7.601708975564733111e-35 -7.601708975564733111e-35 -4.784192293845621516e-35 -7.658579240973909763e-35 -7.658579240973909763e-35 -1.138818795903943846e-35 -6.951412629929086696e-35 -6.951412629929086696e-35 -6.951412629929086696e-35 -6.951412629929086696e-35 -6.951412629929086696e-35 -8.274310880985723459e-35 1.040064159608781646e-19 1.040064159608829193e-19 1.040064159608829193e-19 1.782620389013896086e-19 1.782622046759797036e-19 1.782622046759797036e-19 1.782622046759797036e-19 1.782622046759797036e-19 1.812741354968556931e-19 1.812741354968556931e-19 1.812741354968556931e-19 1.812741354968554042e-19 1.812737050827999989e-19 1.812737050827999989e-19 1.812737050827999989e-19 1.812737050827999989e-19 1.812737050827999989e-19 1.864306600249954318e-19 1.967003358700973373e-19 1.967003358700973373e-19 1.967003358700973373e-19 1.952413823914244147e-19 2.301756045114503404e-19 2.301764910150664489e-19 2.301764910150664489e-19 2.301866264078300090e-19 2.547081860223879605e-19 2.563549241005474602e-19 2.563549241005474602e-19 2.563549241005474602e-19 2.563549241005474602e-19 2.563549241005474602e-19 2.563549241005474602e-19 2.563549241005474602e-19 2.563549241005474602e-19 2.857499802556727710e-19 2.857499802654867804e-19 2.857499802654867804e-19 2.876817120699644081e-19 2.876817120699668155e-19 2.876817120699668155e-19 2.876817120699668155e-19 2.876817120699668155e-19 2.876817120699668155e-19 2.876817120699668155e-19 2.876817120699668155e-19 2.876817120699668155e-19 2.876817120699668155e-19 3.050188350359307884e-19 3.050188350359307884e-19 3.050188350359307884e-19 3.050188350359307884e-19 3.050188350359307884e-19 3.050188350359307884e-19 3.050188350359307884e-19 3.050188350359307884e-19 3.050188350359307884e-19 3.050188350359307884e-19 3.050188350359307884e-19 3.050188350359307884e-19 3.050188350359307884e-19 3.050188350359307884e-19 3.050188350359307884e-19 3.050188350359307884e-19 3.050188350359307884e-19
-1.067949726427883870e-19 -1.067949726427883870e-19 -1.067949726427883870e-19 -1.067949726427883870e-19 -1.067949726427883870e-19 -1.067949726427883870e-19 -1.067949726427883870e-19 -1.067949726427883870e-19 -1.067949726427883870e-19 -1.067949726427883870e-19 -1.067949726427883870e-19 -1.067949726427883870e-19 -1.067949726427883870e-19 -1.067949726427883870e-19 -1.067949726427883870e-19 -1.067949726427883870e-19 -1.067949726427883870e-19 -1.067949726427883870e-19 -1.067949726427883870e-19 -1.067949726427883870e-19 -1.067949726427883870e-19 -1.067949726427883870e-19 -1.067949726427883870e-19 -1.067949726427883870e-19 -1.067949726427883870e-19 -1.067949726427883870e-19 -1.067949726427883870e-19 -1.067949726427883870e-19 -1.067949726427883870e-19 -1.067949726427883870e-19 -1.067949726427883870e-19 -1.067949726427883870e-19 -1.067949726427883870e-19 -1.067949726427883870e-19 -1.067949726427883870e-19 -1.067949726427883870e-19 -1.067949726427883870e-19 -1.067949726427883870e-19 -1.067949726427883870e-19 -1.067949726427883870e-19 -1.067949726427883870e-19 -1.067949726427883870e-19 -1.067949726427883870e-19 -1.067949726427883870e-19 -1.067949726427883870e-19 -1.067949726427883870e-19 -1.067949726427883870e-19 -1.067949726427883870e-19 -1.067949726427883870e-19 -1.067949726427883870e-19 -1.067949726427883870e-19 -1.067949726427883870e-19 -1.067949726427883870e-19 -1.067949726427883870e-19 -1.067949726427883870e-19 -1.067949726427883870e-19 -1.067949726427883870e-19 -1.067949726427883870e-19 -1.067949726427883870e-19 -1.067949726427883870e-19 -1.067949726427883870e-19 -1.067949726427883870e-19 -1.067949726427883870e-19 -1.067949726427883870e-19 -1.067949726427883870e-19 -1.067949726427883870e-19 -5.399774149373220627e-21 -7.601708975564733111e-35 -7.601708975564733111e-35 -7.601708975564733111e-35 -7.601708975564733111e-35 -7.601708975564733111e-35 -7.601708975564733111e-35 -7.601708975564733111e-35 -7.601708975564733111e-35 -7.601708975564733111e-35 -1.783824681987124036e-35 -7.658579240973909763e-35 -7.658579240973909763e-35 -4.612247985332208651e-35 -6.951412629929086696e-35 -6.951412629929086696e-35 -6.951412629929086696e-35 -6.951412629929086696e-35 -8.341870692657691294e-35 -8.274310880985723459e-35 1.040064159608829193e-19 1.040064159608829193e-19 1.040064159608829193e-19 1.782622046759797036e-19 1.782622046759797036e-19 1.782622046759797036e-19 1.782622046759797036e-19 1.782622046759809313e-19 1.812741354968556931e-19 1.812741354968556931e-19 1.812741354968556931e-19 1.812737050840314867e-19 1.812737050827999989e-19 1.812737050827999989e-19 1.812737050827999989e-19 1.812737050827999989e-19 1.812737050827999989e-19 1.966349864590267571e-19 1.967003358700973373e-19 1.967003358700973373e-19 1.967003358700973373e-19 1.952413823914244147e-19 2.301764910150664489e-19 2.301764910150664489e-19 2.301764910150664489e-19 2.547081860222513158e-19 2.547081860223879605e-19 2.563549241005474602e-19 2.563549241005474602e-19 2.563549241005474602e-19 2.563549241005474602e-19 2.563549241005474602e-19 2.563549241005474602e-19 2.563549241005474602e-19 2.563549241005474602e-19 2.857499802654867804e-19 2.857499802654867804e-19 2.857499802654867804e-19 2.876817120699668155e-19 2.876817120699668155e-19 2.876817120699668155e-19 2.876817120699668155e-19 2.876817120699668155e-19 2.876817120699668155e-19 2.876817120699668155e-19 2.876817120699668155e-19 2.876817120699668155e-19 2.876817120699668155e-19 3.050188350359307884e-19 3.050188350359307884e-19 3.050188350359307884e-19 3.050188350359307884e-19 3.050188350359307884e-19 3.050188350359307884e-19 3.050188350359307884e-19 3.050188350359307884e-19 3.050188350359307884e-19 3.050188350359307884e-19 3.050188350359307884e-19 3.050188350359307884e-19 3.050188350359307884e-19 3.050188350359307884e-19 3.050188350359307884e-19 3.050188350359307884e-19
-1.067949726427883870e-19 -1.067949726427883870e-19 -1.067949726427883870e-19 -1.067949726427883870e-19 -1.067949726427883870e-19 -1.067949726427883870e-19 -1.067949726427883870e-19 -1.067949726427883870e-19 -1.067949726427883870e-19 -1.067949726427883870e-19 -1.067949726427883870e-19 -1.067949726427883870e-19 -1.067949726427883870e-19 -1.067949726427883870e-19 -1.067949726427883870e-19 -1.067949726427883870e-19 -1.067949726427883870e-19 -1.067949726427883870e-19 -1.067949726427883870e-19 -1.067949726427883870e-19 -1.067949726427883870e-19 -1.067949726427883870e-19 -1.067949726427883870e-19 -1.067949726427883870e-19 -1.067949726427883870e-19 -1.067949726427883870e-19 -1.067949726427883870e-19 -1.067949726427883870e-19 -1.067949726427883870e-19 -1.067949726427883870e-19 -1.067949726427883870e-19 -1.067949726427883870e-19 -1.067949726427883870e-19 -1.067949726427883870e-19 -1.067949726427883870e-19 -1.067949726427883870e-19 -1.067949726427883870e-19 -1.067949726427883870e-19 -1.067949726427883870e-19 -1.067949726427883870e-19 -1.067949726427883870e-19 -1.067949726427883870e-19 -1.067949726427883870e-19 -1.067949726427883870e-19 -1.067949726427883870e-19 -1.067949726427883870e-19 -1.067949726427883870e-19 -1.067949726427883870e-19 -1.067949726427883870e-19 -1.067949726427883870e-19 -1.067949726427883870e-19 -1.067949726427883870e-19 -1.067949726427883870e-19 -1.067949726427883870e-19 -1.067949726427883870e-19 -1.067949726427883870e-19 -1.067949726427883870e-19 -1.067949726427883870e-19 -1.067949726427883870e-19 -1.067949726427883870e-19 -1.067949726427883870e-19 -1.067949726427883870e-19 -1.067949726427883870e-19 -1.067949726427883870e-19 -1.067949726427883870e-19 -1.067949726427883870e-19 -1.067949726427883870e-19 -5.507704981992893056e-35 -7.601708975564733111e-35 -7.601708975564733111e-35 -7.601708975564733111e-35 -7.601708975564733111e-35 -7.601708975564733111e-35 -7.601708975564733111e-35 -7.601708975564733111e-35 -7.601708975564733111e-35 -7.601708975564733111e-35 -7.658579240973909763e-35 -7.658579240973909763e-35 -7.658579240973909763e-35 -6.951412629929086696e-35 -6.951412629929086696e-35 -6.951412629929086696e-35 -6.951412629929086696e-35 -6.951412629929086696e-35 -3.012877569757446790e-35 -8.274310880985723459e-35 1.040064159608829193e-19 1.040064159608829193e-19 1.040064159608829193e-19 1.782622046759797036e-19 1.782622046759797036e-19 1.782622046759797036e-19 1.782622046759797036e-19 1.812675555210305260e-19 1.812741354968556931e-19 1.812741354968556931e-19 1.812741354968556931e-19 1.812737050827999989e-19 1.812737050827999989e-19 1.812737050827999989e-19 1.812737050827999989e-19 1.812737050827999989e-19 1.812737050827999989e-19 1.967003358700973373e-19 1.967003358700973373e-19 1.967003358700973373e-19 1.963999403990996754e-19 1.952413823914244147e-19 2.301764910150664489e-19 2.301764910150664489e-19 2.301764910150664489e-19 2.547081860223879605e-19 2.547083904908755923e-19 2.563549241005474602e-19 2.563549241005474602e-19 2.563549241005474602e-19 2.563549241005474602e-19 2.563549241005474602e-19 2.563549241005474602e-19 2.563549241005474602e-19 2.563549241005474602e-19 2.857499802654867804e-19 2.857499802654867804e-19 2.857499802654867804e-19 2.876817120699668155e-19 2.876817120699668155e-19 2.876817120699668155e-19 2.876817120699668155e-19 2.876817120699668155e-19 2.876817120699668155e-19 2.876817120699668155e-19 2.876817120699668155e-19 2.876817120699668155e-19 2.876817120699668636e-19 3.050188350359307884e-19 3.050188350359307884e-19 3.050188350359307884e-19 3.050188350359307884e-19 3.050188350359307884e-19 3.050188350359307884e-19 3.050188350359307884e-19 3.050188350359307884e-19 3.050188350359307884e-19 3.050188350359307884e-19 3.050188350359307884e-19 3.050188350359307884e-19 3.050188350359307884e-19 3.050188350359307884e-19 3.050188350359307884e-19
-1.067949726427883870e-19 -1.067949726427883870e-19 -1.067949726427883870e-19 -1.067949726427883870e-19 -1.067949726427883870e-19 -1.067949726427883870e-19 -1.067949726427883870e-19 -1.067949726427883870e-19 -1.067949726427883870e-19 -1.067949726427883870e-19 -1.067949726427883870e-19 -1.067949726427883870e-19 -1.067949726427883870e-19 -1.067949726427883870e-19 -1.067949726427883870e-19 -1.067949726427883870e-19 -1.067949726427883870e-19 -1.067949726427883870e-19 -1.067949726427883870e-19 -1.067949726427883870e-19 -1.067949726427883870e-19 -1.067949726427883870e-19 -1.067949726427883870e-19 -1.067949726427883870e-19 -1.067949726427883870e-19 -1.067949726427883870e-19 -1.067949726427883870e-19 -1.067949726427883870e-19 -1.067949726427883870e-19 -1.067949726427883870e-19 -1.067949726427883870e-19 -1.067949726427883870e-19 -1.067949726427883870e-19 -1.067949726427883870e-19 -1.067949726427883870e-19 -1.067949726427883870e-19 -1.067949726427883870e-19 -1.067949726427883870e-19 -1.067949726427883870e-19 -1.067949726427883870e-19 -1.067949726427883870e-19 -1.067949726427883870e-19 -1.067949726427883870e-19 -1.067949726427883870e-19 -1.067949726427883870e-19 -1.067949726427883870e-19 -1.067949726427883870e-19 -1.067949726427883870e-19 -1.067949726427883870e-19 -1.067949726427883870e-19 -1.067949726427883870e-19 -1.067949726427883870e-19 -1.067949726427883870e-19 -1.067949726427883870e-19 -1.067949726427883870e-19 -1.067949726427883870e-19 -1.067949726427883870e-19 -1.067949726427883870e-19 -1.067949726427883870e-19 -1.067949726427883870e-19 -1.067949726427883870e-19 -1.067949726427883870e-19 -1.067949726427883870e-19 -1.067949726427883870e-19 -1.067949726427883870e-19 -1.067949726427883870e-19 -1.067949726427883870e-19 -1.067949726427883870e-19 -7.601708975564722420e-35 -7.601708975564733111e-35 -7.601708975564733111e-35 -7.601708975564733111e-35 -7.601708975564733111e-35 -7.601708975564733111e-35 -7.601708975564733111e-35 -7.601708975564733111e-35 -7.601708975564733111e-35 -7.601708975564733111e-35 -7.658579240973909763e-35 -7.658579240973909763e-35 -7.658579240973909763e-35 -6.951412629929086696e-35 -6.951412629929086696e-35 -6.951412629929086696e-35 -6.951412629929086696e-35 -6.951412629929086696e-35 -8.274310880985723459e-35 4.032207796140919641e-30 1.040064159608829193e-19 1.040064159608829193e-19 1.040064159608829193e-19 1.782622046759797036e-19 1.782622046759797036e-19 1.782622046759797036e-19 1.782622046759797036e-19 1.812861428127529476e-19 1.812741354968556931e-19 1.812741354968556931e-19 1.812741354968556931e-19 1.812737050827999989e-19 1.812737050827999989e-19 1.812737050827999989e-19 1.812737050827999989e-19 1.812737050827999989e-19 1.812742341783017294e-19 1.967003358700973373e-19 1.967003358700973373e-19 1.967003358700973373e-19 1.952413823914244147e-19 1.952413823914244147e-19 2.301764910150664489e-19 2.301764910150664489e-19 2.301764910150664489e-19 2.547081860223879605e-19 2.563549241005168380e-19 2.563549241005474602e-19 2.563549241005474602e-19 2.563549241005474602e-19 2.563549241005474602e-19 2.563549241005474602e-19 2.563549241005474602e-19 2.563549241005474602e-19 2.563571382834122848e-19 2.857499802654867804e-19 2.857499802654867804e-19 2.857499802654895730e-19 2.876817120699668155e-19 2.876817120699668155e-19 2.876817120699668155e-19 2.876817120699668155e-19 2.876817120699668155e-19 2.876817120699668155e-19 2.876817120699668155e-19 2.876817120699668155e-19 2.876817120699668155e-19 2.994292306112084828e-19 3.050188350359307884e-19 3.050188350359307884e-19 3.050188350359307884e-19 3.050188350359307884e-19 3.050188350359307884e-19 3.050188350359307884e-19 3.050188350359307884e-19 3.050188350359307884e-19 3.050188350359307884e-19 3.050188350359307884e-19 3.050188350359307884e-19 3.050188350359307884e-19 3.050188350359307884e-19 3.050188350359307884e-19
-1.067949726427883870e-19 -1.067949726427883870e-19 -1.067949726427883870e-19 -1.067949726427883870e-19 -1.067949726427883870e-19 -1.067949726427883870e-19 -1.067949726427883870e-19 -1.067949726427883870e-19 -1.067949726427883870e-19 -1.067949726427883870e-19 -1.067949726427883870e-19 -1.067949726427883870e-19 -1.067949726427883870e-19 -1.067949726427883870e-19 -1.067949726427883870e-19 -1.067949726427883870e-19 -1.067949726427883870e-19 -1.067949726427883870e-19 -1.067949726427883870e-19 -1.067949726427883870e-19 -1.067949726427883870e-19 -1.067949726427883870e-19 -1.067949726427883870e-19 -1.067949726427883870e-19 -1.067949726427883870e-19 -1.067949726427883870e-19 -1.067949726427883870e-19 -1.067949726427883870e-19 -1.067949726427883870e-19 -1.067949726427883870e-19 -1.067949726427883870e-19 -1.067949726427883870e-19 -1.067949726427883870e-19 -1.067949726427883870e-19 -1.067949726427883870e-19 -1.067949726427883870e-19 -1.067949726427883870e-19 -1.067949726427883870e-19 -1.067949726427883870e-19 -1.067949726427883870e-19 -1.067949726427883870e-19 -1.067949726427883870e-19 -1.067949726427883870e-19 -1.067949726427883870e-19 -1.067949726427883870e-19 -1.067949726427883870e-19 -1.067949726427883870e-19 -1.067949726427883870e-19 -1.067949726427883870e-19 -1.067949726427883870e-19 -1.067949726427883870e-19 -1.067949726427883870e-19 -1.067949726427883870e-19 -1.067949726427883870e-19 -1.067949726427883870e-19 -1.067949726427883870e-19 -1.067949726427883870e-19 -1.067949726427883870e-19 -1.067949726427883870e-19 -1.067949726427883870e-19 -1.067949726427883870e-19 -1.067949726427883870e-19 -1.067949726427883870e-19 -1.067949726427883870e-19 -1.067949726427883870e-19 -1.067949726427883870e-19 -1.067949726427883870e-19 -1.067949726427883870e-19 -1.067949726427883870e-19 -7.601708975564733111e-35 -7.601708975564733111e-35 -7.601708975564733111e-35 -7.601708975564733111e-35 -7.601708975564733111e-35 -7.601708975564733111e-35 -7.601708975564733111e-35 -7.601708975564733111e-35 -7.601708975564733111e-35 -5.954316883284466075e-35 -7.658579240973909763e-35 -7.658579240973909763e-35 -7.658579240973909763e-35 -6.951412629929086696e-35 -6.951412629929086696e-35 -6.951412629929086696e-35 -6.951412629929086696e-35 -6.951412629929086696e-35 -8.274310880985723459e-35 1.040002344887993644e-19 1.040064159608829193e-19 1.040064159608829193e-19 1.040329368546229336e-19 1.782622046759797036e-19 1.782622046759797036e-19 1.782622046759797036e-19 1.782622046759797036e-19 1.812741354968557171e-19 1.812741354968556931e-19 1.812741354968556931e-19 1.812741354968556931e-19 1.812737050827999989e-19 1.812737050827999989e-19 1.812737050827999989e-19 1.812737050827999989e-19 1.812737050827999989e-19 1.864306600248765538e-19 1.967003358700973373e-19 1.967003358700973373e-19 1.967003358700973373e-19 1.952413823914244147e-19 1.952426194198484429e-19 2.301764910150664489e-19 2.301764910150664489e-19 2.301764910150744896e-19 2.547081860223879605e-19 2.563549241005474602e-19 2.563549241005474602e-19 2.563549241005474602e-19 2.563549241005474602e-19 2.563549241005474602e-19 2.563549241005474602e-19 2.563549241005474602e-19 2.563549241005474602e-19 2.817608568736496458e-19 2.857499802654867804e-19 2.857499802654867804e-19 2.876786892169526527e-19 2.876817120699668155e-19 2.876817120699668155e-19 2.876817120699668155e-19 2.876817120699668155e-19 2.876817120699668155e-19 2.876817120699668155e-19 2.876817120699668155e-19 2.876817120699668155e-19 2.876817120699668155e-19 3.050188350359307403e-19 3.050188350359307884e-19 3.050188350359307884e-19 3.050188350359307884e-19 3.050188350359307884e-19 3.050188350359307884e-19 3.050188350359307884e-19 3.050188350359307884e-19 3.050188350359307884e-19 3.050188350359307884e-19 3.050188350359307884e-19 3.050188350359307884e-19 3.050188350359307884e-19 3.050188350359307884e-19
-1.067949726427883870e-19 -1.067949726427883870e-19 -1.067949726427883870e-19 -1.067949726427883870e-19 -1.067949726427883870e-19 -1.067949726427883870e-19 -1.067949726427883870e-19 -1.067949726427883870e-19 -1.067949726427883870e-19 -1.067949726427883870e-19 -1.067949726427883870e-19 -1.067949726427883870e-19 -1.067949726427883870e-19 -1.067949726427883870e-19 -1.067949726427883870e-19 -1.067949726427883870e-19 -1.067949726427883870e-19 -1.067949726427883870e-19 -1.067949726427883870e-19 -1.067949726427883870e-19 -1.067949726427883870e-19 -1.067949726427883870e-19 -1.067949726427883870e-19 -1.067949726427883870e-19 -1.067949726427883870e-19 -1.067949726427883870e-19 -1.067949726427883870e-19 -1.067949726427883870e-19 -1.067949726427883870e-19 -1.067949726427883870e-19 -1.067949726427883870e-19 -1.067949726427883870e-19 -1.067949726427883870e-19 -1.067949726427883870e-19 -1.067949726427883870e-19 -1.067949726427883870e-19 -1.067949726427883870e-19 -1.067949726427883870e-19 -1.067949726427883870e-19 -1.067949726427883870e-19 -1.067949726427883870e-19 -1.067949726427883870e-19 -1.067949726427883870e-19 -1.067949726427883870e-19 -1.067949726427883870e-19 -1.067949726427883870e-19 -1.067949726427883870e-19 -1.067949726427883870e-19 -1.067949726427883870e-19 -1.067949726427883870e-19 -1.067949726427883870e-19 -1.067949726427883870e-19 -1.067949726427883870e-19 -1.067949726427883870e-19 -1.067949726427883870e-19 -1.067949726427883870e-19 -1.067949726427883870e-19 -1.067949726427883870e-19 -1.067949726427883870e-19 -1.067949726427883870e-19 -1.067949726427883870e-19 -1.067949726427883870e-19 -1.067949726427883870e-19 -1.067949726427883870e-19 -1.067949726427883870e-19 -1.067949726427883870e-19 -1.067949726427883870e-19 -1.067949726427883870e-19 -1.067949726427883870e-19 -1.067949710432517005e-19 -7.601708975564733111e-35 -7.601708975564733111e-35 -7.601708975564733111e-35 -7.601708975564733111e-35 -7.601708975564733111e-35 -7.601708975564733111e-35 -7.601708975564733111e-35 -7.601708975564733111e-35 -7.601708975564733111e-35 -2.995811527423181312e-35 -7.658579240973909763e-35 -7.658579240973909763e-35 -6.411042277928921909e-35 -6.951412629929086696e-35 -6.951412629929086696e-35 -6.951412629929086696e-35 -6.951412629929086696e-35 -6.951412629929086696e-35 -8.274310880985723459e-35 1.040064159608829193e-19 1.040064159608829193e-19 1.040064159608829193e-19 1.782622046755006766e-19 1.782622046759797036e-19 1.782622046759797036e-19 1.782622046759797036e-19 1.782622046759797036e-19 1.812741354968556931e-19 1.812741354968556931e-19 1.812741354968556931e-19 1.812741353768931280e-19 1.812737050827999989e-19 1.812737050827999989e-19 1.812737050827999989e-19 1.812737050827999989e-19 1.812737050827999989e-19 1.864306613032016488e-19 1.967003358700973373e-19 1.967003358700973373e-19 1.967003358700973373e-19 1.952413823914244147e-19 2.301764910125052991e-19 2.301764910150664489e-19 2.301764910150664489e-19 2.545381076252760137e-19 2.547081860223879605e-19 2.563549241005474602e-19 2.563549241005474602e-19 2.563549241005474602e-19 2.563549241005474602e-19 2.563549241005474602e-19 2.563549241005474602e-19 2.563549241005474602e-19 2.563549241005474602e-19 2.857499802654868285e-19 2.857499802654867804e-19 2.857499802654867804e-19 2.876817120699668155e-19 2.876817120699668155e-19 2.876817120699668155e-19 2.876817120699668155e-19 2.876817120699668155e-19 2.876817120699668155e-19 2.876817120699668155e-19 2.876817120699668155e-19 2.876817120699668155e-19 2.876817120699668155e-19 3.050188350359307884e-19 3.050188350359307884e-19 3.050188350359307884e-19 3.050188350359307884e-19 3.050188350359307884e-19 3.050188350359307884e-19 3.050188350359307884e-19 3.050188350359307884e-19 3.050188350359307884e-19 3.050188350359307884e-19 3.050188350359307884e-19 3.050188350359307884e-19 3.050188350359307884e-19
-1.067949726427883870e-19 -1.067949726427883870e-19 -1.067949726427883870e-19 -1.067949726427883870e-19 -1.067949726427883870e-19 -1.067949726427883870e-19 -1.067949726427883870e-19 -1.067949726427883870e-19 -1.067949726427883870e-19 -1.067949726427883870e-19 -1.067949726427883870e-19 -1.067949726427883870e-19 -1.067949726427883870e-19 -1.067949726427883870e-19 -1.067949726427883870e-19 -1.067949726427883870e-19 -1.067949726427883870e-19 -1.067949726427883870e-19 -1.067949726427883870e-19 -1.067949726427883870e-19 -1.067949726427883870e-19 -1.067949726427883870e-19 -1.067949726427883870e-19 -1.067949726427883870e-19 -1.067949726427883870e-19 -1.067949726427883870e-19 -1.067949726427883870e-19 -1.067949726427883870e-19 -1.067949726427883870e-19 -1.067949726427883870e-19 -1.067949726427883870e-19 -1.067949726427883870e-19 -1.067949726427883870e-19 -1.067949726427883870e-19 -1.067949726427883870e-19 -1.067949726427883870e-19 -1.067949726427883870e-19 -1.067949726427883870e-19 -1.067949726427883870e-19 -1.067949726427883870e-19 -1.067949726427883870e-19 -1.067949726427883870e-19 -1.067949726427883870e-19 -1.067949726427883870e-19 -1.067949726427883870e-19 -1.067949726427883870e-19 -1.067949726427883870e-19 -1.067949726427883870e-19 -1.067949726427883870e-19 -1.067949726427883870e-19 -1.067949726427883870e-19 -1.067949726427883870e-19 -1.067949726427883870e-19 -1.067949726427883870e-19 -1.067949726427883870e-19 -1.067949726427883870e-19 -1.067949726427883870e-19 -1.067949726427883870e-19 -1.067949726427883870e-19 -1.067949726427883870e-19 -1.067949726427883870e-19 -1.067949726427883870e-19 -1.067949726427883870e-19 -1.067949726427883870e-19 -1.067949726427883870e-19 -1.067949726427883870e-19 -1.067949726427883870e-19 -1.067949726427883870e-19 -1.067949726427883870e-19 -1.067949726427883870e-19 -1.643046185168533706e-26 -7.601708975564733111e-35 -7.601708975564733111e-35 -7.601708975564733111e-35 -7.601708975564733111e-35 -7.601708975564733111e-35 -7.601708975564733111e-35 -7.601708975564733111e-35 -7.601708975564733111e-35 -7.601708975564733111e-35 -7.658579240973909763e-35 -7.658579240973909763e-35 -7.658579240973909763e-35 -3.778035258995537659e-35 -6.951412629929086696e-35 -6.951412629929086696e-35 -6.951412629929086696e-35 -6.951412629929086696e-35 -7.662620649165187544e-35 -8.274310880985723459e-35 1.040064159608829193e-19 1.040064159608829193e-19 1.040064159608829193e-19 1.782622046759797036e-19 1.782622046759797036e-19 1.782622046759797036e-19 1.782622046759797036e-19 1.782622050542583447e-19 1.812741354968556931e-19 1.812741354968556931e-19 1.812741354968556931e-19 1.812737050828001434e-19 1.812737050827999989e-19 1.812737050827999989e-19 1.812737050827999989e-19 1.812737050827999989e-19 1.812737050827999989e-19 1.967003356800973909e-19 1.967003358700973373e-19 1.967003358700973373e-19 1.967003358697956645e-19 1.952413823914244147e-19 2.301764910150664489e-19 2.301764910150664489e-19 2.301764910150664489e-19 2.547081860223879605e-19 2.547081860223880086e-19 2.563549241005474602e-19 2.563549241005474602e-19 2.563549241005474602e-19 2.563549241005474602e-19 2.563549241005474602e-19 2.563549241005474602e-19 2.563549241005474602e-19 2.563549241005474602e-19 2.857499802654867804e-19 2.857499802654867804e-19 2.857499802654867804e-19 2.876817120699668155e-19 2.876817120699668155e-19 2.876817120699668155e-19 2.876817120699668155e-19 2.876817120699668155e-19 2.876817120699668155e-19 2.876817120699668155e-19 2.876817120699668155e-19 2.876817120699668155e-19 2.876817120699668155e-19 3.050188350359307884e-19 3.050188350359307884e-19 3.050188350359307884e-19 3.050188350359307884e-19 3.050188350359307884e-19 3.050188350359307884e-19 3.050188350359307884e-19 3.050188350359307884e-19 3.050188350359307884e-19 3.050188350359307884e-19 3.050188350359307884e-19 3.050188350359307884e-19
-1.067949726427883870e-19 -1.067949726427883870e-19 -1.067949726427883870e-19 -1.067949726427883870e-19 -1.067949726427883870e-19 -1.067949726427883870e-19 -1.067949726427883870e-19 -1.067949726427883870e-19 -1.067949726427883870e-19 -1.067949726427883870e-19 -1.067949726427883870e-19 -1.067949726427883870e-19 -1.067949726427883870e-19 -1.067949726427883870e-19 -1.067949726427883870e-19 -1.067949726427883870e-19 -1.067949726427883870e-19 -1.067949726427883870e-19 -1.067949726427883870e-19 -1.067949726427883870e-19 -1.067949726427883870e-19 -1.067949726427883870e-19 -1.067949726427883870e-19 -1.067949726427883870e-19 -1.067949726427883870e-19 -1.067949726427883870e-19 -1.067949726427883870e-19 -1.067949726427883870e-19 -1.067949726427883870e-19 -1.067949726427883870e-19 -1.067949726427883870e-19 -1.067949726427883870e-19 -1.067949726427883870e-19 -1.067949726427883870e-19 -1.067949726427883870e-19 -1.067949726427883870e-19 -1.067949726427883870e-19 -1.067949726427883870e-19 -1.067949726427883870e-19 -1.067949726427883870e-19 -1.067949726427883870e-19 -1.067949726427883870e-19 -1.067949726427883870e-19 -1.067949726427883870e-19 -1.067949726427883870e-19 -1.067949726427883870e-19 -1.067949726427883870e-19 -1.067949726427883870e-19 -1.067949726427883870e-19 -1.067949726427883870e-19 -1.067949726427883870e-19 -1.067949726427883870e-19 -1.067949726427883870e-19 -1.067949726427883870e-19 -1.067949726427883870e-19 -1.067949726427883870e-19 -1.067949726427883870e-19 -1.067949726427883870e-19 -1.067949726427883870e-19 -1.067949726427883870e-19 -1.067949726427883870e-19 -1.067949726427883870e-19 -1.067949726427883870e-19 -1.067949726427883870e-19 -1.067949726427883870e-19 -1.067949726427883870e-19 -1.067949726427883870e-19 -1.067949726427883870e-19 -1.067949726427883870e-19 -1.067949726427883870e-19 -1.067949726427883870e-19 -7.601696494255014994e-35 -7.601708975564733111e-35 -7.601708975564733111e-35 -7.601708975564733111e-35 -7.601708975564733111e-35 -7.601708975564733111e-35 -7.601708975564733111e-35 -7.601708975564733111e-35 -7.601708975564733111e-35 -7.601708975564733111e-35 -7.658579240973909763e-35 -7.658579240973909763e-35 -7.658579240973909763e-35 -6.951412629929086696e-35 -6.951412629929086696e-35 -6.951412629929086696e-35 -6.951412629929086696e-35 -6.951412629929086696e-35 -2.174878677596197707e-34 -8.274310880985723459e-35 1.040064159608829193e-19 1.040064159608829193e-19 1.040064159608829193e-19 1.782622046759797036e-19 1.782622046759797036e-19 1.782622046759797036e-19 1.782622046759797036e-19 1.812867218902097156e-19 1.812741354968556931e-19 1.812741354968556931e-19 1.812741354968556931e-19 1.812737050827999989e-19 1.812737050827999989e-19 1.812737050827999989e-19 1.812737050827999989e-19 1.812737050827999989e-19 1.812737050828004322e-19 1.967003358700973373e-19 1.967003358700973373e-19 1.967003358700973373e-19 1.952413986469801783e-19 1.952413823914244147e-19 2.301764910150664489e-19 2.301764910150664489e-19 2.301764910150664489e-19 2.547081860223879605e-19 2.563174853630082214e-19 2.563549241005474602e-19 2.563549241005474602e-19 2.563549241005474602e-19 2.563549241005474602e-19 2.563549241005474602e-19 2.563549241005474602e-19 2.563549241005474602e-19 2.563549241005491936e-19 2.857499802654867804e-19 2.857499802654867804e-19 2.857499802654867804e-19 2.876817120699668155e-19 2.876817120699668155e-19 2.876817120699668155e-19 2.876817120699668155e-19 2.876817120699668155e-19 2.876817120699668155e-19 2.876817120699668155e-19 2.876817120699668155e-19 2.876817120699668155e-19 2.876817120990300132e-19 3.050188350359307884e-19 3.050188350359307884e-19 3.050188350359307884e-19 3.050188350359307884e-19 3.050188350359307884e-19 3.050188350359307884e-19 3.050188350359307884e-19 3.050188350359307884e-19 3.050188350359307884e-19 3.050188350359307884e-19 3.050188350359307884e-19
-1.067949726427883870e-19 -1.067949726427883870e-19 -1.067949726427883870e-19 -1.067949726427883870e-19 -1.067949726427883870e-19 -1.067949726427883870e-19 -1.067949726427883870e-19 -1.067949726427883870e-19 -1.067949726427883870e-19 -1.067949726427883870e-19 -1.067949726427883870e-19 -1.067949726427883870e-19 -1.067949726427883870e-19 -1.067949726427883870e-19 -1.067949726427883870e-19 -1.067949726427883870e-19 -1.067949726427883870e-19 -1.067949726427883870e-19 -1.067949726427883870e-19 -1.067949726427883870e-19 -1.067949726427883870e-19 -1.067949726427883870e-19 -1.067949726427883870e-19 -1.067949726427883870e-19 -1.067949726427883870e-19 -1.067949726427883870e-19 -1.067949726427883870e-19 -1.067949726427883870e-19 -1.067949726427883870e-19 -1.067949726427883870e-19 -1.067949726427883870e-19 -1.067949726427883870e-19 -1.067949726427883870e-19 -1.067949726427883870e-19 -1.067949726427883870e-19 -1.067949726427883870e-19 -1.067949726427883870e-19 -1.067949726427883870e-19 -1.067949726427883870e-19 -1.067949726427883870e-19 -1.067949726427883870e-19 -1.067949726427883870e-19 -1.067949726427883870e-19 -1.067949726427883870e-19 -1.067949726427883870e-19 -1.067949726427883870e-19 -1.067949726427883870e-19 -1.067949726427883870e-19 -1.067949726427883870e-19 -1.067949726427883870e-19 -1.067949726427883870e-19 -1.067949726427883870e-19 -1.067949726427883870e-19 -1.067949726427883870e-19 -1.067949726427883870e-19 -1.067949726427883870e-19 -1.067949726427883870e-19 -1.067949726427883870e-19 -1.067949726427883870e-19 -1.067949726427883870e-19 -1.067949726427883870e-19 -1.067949726427883870e-19 -1.067949726427883870e-19 -1.067949726427883870e-19 -1.067949726427883870e-19 -1.067949726427883870e-19 -1.067949726427883870e-19 -1.067949726427883870e-19 -1.067949726427883870e-19 -1.067949726427883870e-19 -1.067949726427883870e-19 -1.067949726427883870e-19 -7.601708975564733111e-35 -7.601708975564733111e-35 -7.601708975564733111e-35 -7.601708975564733111e-35 -7.601708975564733111e-35 -7.601708975564733111e-35 -7.601708975564733111e-35 -7.601708975564733111e-35 -7.601708975564733111e-35 -7.601708975564733111e-35 -7.658579240973909763e-35 -7.658579240973909763e-35 -7.658579240973909763e-35 -6.951412629929086696e-35 -6.951412629929086696e-35 -6.951412629929086696e-35 -6.951412629929086696e-35 -6.951412629929086696e-35 -8.274310880985723459e-35 1.395720009410963009e-24 1.040064159608829193e-19 1.040064159608829193e-19 1.040064159609041406e-19 1.782622046759797036e-19 1.782622046759797036e-19 1.782622046759797036e-19 1.782622046759797036e-19 1.812741362507067549e-19 1.812741354968556931e-19 1.812741354968556931e-19 1.812741354968556931e-19 1.812737050827999989e-19 1.812737050827999989e-19 1.812737050827999989e-19 1.812737050827999989e-19 1.812737050827999989e-19 1.862901559604063527e-19 1.967003358700973373e-19 1.967003358700973373e-19 1.967003358700973373e-19 1.952413823914244147e-19 1.952413823914252091e-19 2.301764910150664489e-19 2.301764910150664489e-19 2.301764910150664489e-19 2.547081860223879605e-19 2.563549241005474602e-19 2.563549241005474602e-19 2.563549241005474602e-19 2.563549241005474602e-19 2.563549241005474602e-19 2.563549241005474602e-19 2.563549241005474602e-19 2.563549241005474602e-19 2.791306140481780377e-19 2.857499802654867804e-19 2.857499802654867804e-19 2.857499812485882650e-19 2.876817120699668155e-19 2.876817120699668155e-19 2.876817120699668155e-19 2.876817120699668155e-19 2.876817120699668155e-19 2.876817120699668155e-19 2.876817120699668155e-19 2.876817120699668155e-19 2.876817120699668155e-19 3.050188112043864119e-19 3.050188350359307884e-19 3.050188350359307884e-19 3.050188350359307884e-19 3.050188350359307884e-19 3.050188350359307884e-19 3.050188350359307884e-19 3.050188350359307884e-19 3.050188350359307884e-19 3.050188350359307884e-19 3.050188350359307884e-19
-1.067949726427883870e-19 -1.067949726427883870e-19 -1.067949726427883870e-19 -1.067949726427883870e-19 -1.067949726427883870e-19 -1.067949726427883870e-19 -1.067949726427883870e-19 -1.067949726427883870e-19 -1.067949726427883870e-19 -1.067949726427883870e-19 -1.067949726427883870e-19 -1.067949726427883870e-19 -1.067949726427883870e-19 -1.067949726427883870e-19 -1.067949726427883870e-19 -1.067949726427883870e-19 -1.067949726427883870e-19 -1.067949726427883870e-19 -1.067949726427883870e-19 -1.067949726427883870e-19 -1.067949726427883870e-19 -1.067949726427883870e-19 -1.067949726427883870e-19 -1.067949726427883870e-19 -1.067949726427883870e-19 -1.067949726427883870e-19 -1.067949726427883870e-19 -1.067949726427883870e-19 -1.067949726427883870e-19 -1.067949726427883870e-19 -1.067949726427883870e-19 -1.067949726427883870e-19 -1.067949726427883870e-19 -1.067949726427883870e-19 -1.067949726427883870e-19 -1.067949726427883870e-19 -1.067949726427883870e-19 -1.067949726427883870e-19 -1.067949726427883870e-19 -1.067949726427883870e-19 -1.067949726427883870e-19 -1.067949726427883870e-19 -1.067949726427883870e-19 -1.067949726427883870e-19 -1.067949726427883870e-19 -1.067949726427883870e-19 -1.067949726427883870e-19 -1.067949726427883870e-19 -1.067949726427883870e-19 -1.067949726427883870e-19 -1.067949726427883870e-19 -1.067949726427883870e-19 -1.067949726427883870e-19 -1.067949726427883870e-19 -1.067949726427883870e-19 -1.067949726427883870e-19 -1.067949726427883870e-19 -1.067949726427883870e-19 -1.067949726427883870e-19 -1.067949726427883870e-19 -1.067949726427883870e-19 -1.067949726427883870e-19 -1.067949726427883870e-19 -1.067949726427883870e-19 -1.067949726427883870e-19 -1.067949726427883870e-19 -1.067949726427883870e-19 -1.067949726427883870e-19 -1.067949726427883870e-19 -1.067949726427883870e-19 -1.067949726427883870e-19 -1.067949726427883870e-19 -1.067949726427883870e-19 -7.601708975564733111e-35 -7.601708975564733111e-35 -7.601708975564733111e-35 -7.601708975564733111e-35 -7.601708975564733111e-35 -7.601708975564733111e-35 -7.601708975564733111e-35 -7.601708975564733111e-35 -7.601708975564733111e-35 -8.312862632708767364e-35 -7.658579240973909763e-35 -7.658579240973909763e-35 -9.165614334604643840e-35 -6.951412629929086696e-35 -6.951412629929086696e-35 -6.951412629929086696e-35 -6.951412629929086696e-35 -6.951412629929086696e-35 -8.274310880985723459e-35 1.040064159430240718e-19 1.040064159608829193e-19 1.040064159608829193e-19 1.776665965414993267e-19 1.782622046759797036e-19 1.782622046759797036e-19 1.782622046759797036e-19 1.782622046759797036e-19 1.812741354968556931e-19 1.812741354968556931e-19 1.812741354968556931e-19 1.812741354968556931e-19 1.812737050827999989e-19 1.812737050827999989e-19 1.812737050827999989e-19 1.812737050827999989e-19 1.812737050827999989e-19 1.864306600249917726e-19 1.967003358700973373e-19 1.967003358700973373e-19 1.967003358700973373e-19 1.952413823914244147e-19 2.272691040498482134e-19 2.301764910150664489e-19 2.301764910150664489e-19 2.301764938145675938e-19 2.547081860223879605e-19 2.563549241005474602e-19 2.563549241005474602e-19 2.563549241005474602e-19 2.563549241005474602e-19 2.563549241005474602e-19 2.563549241005474602e-19 2.563549241005474602e-19 2.563549241005474602e-19 2.857499447202449484e-19 2.857499802654867804e-19 2.857499802654867804e-19 2.876817120612202528e-19 2.876817120699668155e-19 2.876817120699668155e-19 2.876817120699668155e-19 2.876817120699668155e-19 2.876817120699668155e-19 2.876817120699668155e-19 2.876817120699668155e-19 2.876817120699668155e-19 2.876817120699668155e-19 3.050188350359307884e-19 3.050188350359307884e-19 3.050188350359307884e-19 3.050188350359307884e-19 3.050188350359307884e-19 3.050188350359307884e-19 3.050188350359307884e-19 3.050188350359307884e-19 3.050188350359307884e-19 3.050188350359307884e-19
-1.067949726427883870e-19 -1.067949726427883870e-19 -1.067949726427883870e-19 -1.067949726427883870e-19 -1.067949726427883870e-19 -1.067949726427883870e-19 -1.067949726427883870e-19 -1.067949726427883870e-19 -1.067949726427883870e-19 -1.067949726427883870e-19 -1.067949726427883870e-19 -1.067949726427883870e-19 -1.067949726427883870e-19 -1.067949726427883870e-19 -1.067949726427883870e-19 -1.067949726427883870e-19 -1.067949726427883870e-19 -1.067949726427883870e-19 -1.067949726427883870e-19 -1.067949726427883870e-19 -1.067949726427883870e-19 -1.067949726427883870e-19 -1.067949726427883870e-19 -1.067949726427883870e-19 -1.067949726427883870e-19 -1.067949726427883870e-19 -1.067949726427883870e-19 -1.067949726427883870e-19 -1.067949726427883870e-19 -1.067949726427883870e-19 -1.067949726427883870e-19 -1.067949726427883870e-19 -1.067949726427883870e-19 -1.067949726427883870e-19 -1.067949726427883870e-19 -1.067949726427883870e-19 -1.067949726427883870e-19 -1.067949726427883870e-19 -1.067949726427883870e-19 -1.067949726427883870e-19 -1.067949726427883870e-19 -1.067949726427883870e-19 -1.067949726427883870e-19 -1.067949726427883870e-19 -1.067949726427883870e-19 -1.067949726427883870e-19 -1.067949726427883870e-19 -1.067949726427883870e-19 -1.067949726427883870e-19 -1.067949726427883870e-19 -1.067949726427883870e-19 -1.067949726427883870e-19 -1.067949726427883870e-19 -1.067949726427883870e-19 -1.067949726427883870e-19 -1.067949726427883870e-19 -1.067949726427883870e-19 -1.067949726427883870e-19 -1.067949726427883870e-19 -1.067949726427883870e-19 -1.067949726427883870e-19 -1.067949726427883870e-19 -1.067949726427883870e-19 -1.067949726427883870e-19 -1.067949726427883870e-19 -1.067949726427883870e-19 -1.067949726427883870e-19 -1.067949726427883870e-19 -1.067949726427883870e-19 -1.067949726427883870e-19 -1.067949726427883870e-19 -1.067949726427883870e-19 -1.067949726427883870e-19 -1.062441552846366075e-19 -7.601708975564733111e-35 -7.601708975564733111e-35 -7.601708975564733111e-35 -7.601708975564733111e-35 -7.601708975564733111e-35 -7.601708975564733111e-35 -7.601708975564733111e-35 -7.601708975564733111e-35 -7.601708975564733111e-35 -6.939557540529528994e-35 -7.658579240973909763e-35 -7.658579240973909763e-35 -5.746803494811934192e-35 -6.951412629929086696e-35 -6.951412629929086696e-35 -6.951412629929086696e-35 -6.951412629929086696e-35 -2.234637282517204214e-35 -8.274310880985723459e-35 1.040064159608829193e-19 1.040064159608829193e-19 1.040064159608829193e-19 1.782622046759797036e-19 1.782622046759797036e-19 1.782622046759797036e-19 1.782622046759797036e-19 1.782622046759796554e-19 1.812741354968556931e-19 1.812741354968556931e-19 1.812741354968556931e-19 1.812737094971797040e-19 1.812737050827999989e-19 1.812737050827999989e-19 1.812737050827999989e-19 1.812737050827999989e-19 1.812737050827999989e-19 1.868548490152299742e-19 1.967003358700973373e-19 1.967003358700973373e-19 1.967003358700973373e-19 1.952413823914244147e-19 2.301764910150664007e-19 2.301764910150664489e-19 2.301764910150664489e-19 2.547081855276154985e-19 2.547081860223879605e-19 2.563549241005474602e-19 2.563549241005474602e-19 2.563549241005474602e-19 2.563549241005474602e-19 2.563549241005474602e-19 2.563549241005474602e-19 2.563549241005474602e-19 2.563549241005474602e-19 2.857499802654867804e-19 2.857499802654867804e-19 2.857499802654867804e-19 2.876817120699668155e-19 2.876817120699668155e-19 2.876817120699668155e-19 2.876817120699668155e-19 2.876817120699668155e-19 2.876817120699668155e-19 2.876817120699668155e-19 2.876817120699668155e-19 2.876817120699668155e-19 2.876817120699668155e-19 3.050188350359307884e-19 3.050188350359307884e-19 3.050188350359307884e-19 3.050188350359307884e-19 3.050188350359307884e-19 3.050188350359307884e-19 3.050188350359307884e-19 3.050188350359307884e-19 3.050188350359307884e-19
-1.067949726427883870e-19 -1.067949726427883870e-19 -1.067949726427883870e-19 -1.067949726427883870e-19 -1.067949726427883870e-19 -1.067949726427883870e-19 -1.067949726427883870e-19 -1.067949726427883870e-19 -1.067949726427883870e-19 -1.067949726427883870e-19 -1.067949726427883870e-19 -1.067949726427883870e-19 -1.067949726427883870e-19 -1.067949726427883870e-19 -1.067949726427883870e-19 -1.067949726427883870e-19 -1.067949726427883870e-19 -1.067949726427883870e-19 -1.067949726427883870e-19 -1.067949726427883870e-19 -1.067949726427883870e-19 -1.067949726427883870e-19 -1.067949726427883870e-19 -1.067949726427883870e-19 -1.067949726427883870e-19 -1.067949726427883870e-19 -1.067949726427883870e-19 -1.067949726427883870e-19 -1.067949726427883870e-19 -1.067949726427883870e-19 -1.067949726427883870e-19 -1.067949726427883870e-19 -1.067949726427883870e-19 -1.067949726427883870e-19 -1.067949726427883870e-19 -1.067949726427883870e-19 -1.067949726427883870e-19 -1.067949726427883870e-19 -1.067949726427883870e-19 -1.067949726427883870e-19 -1.067949726427883870e-19 -1.067949726427883870e-19 -1.067949726427883870e-19 -1.067949726427883870e-19 -1.067949726427883870e-19 -1.067949726427883870e-19 -1.067949726427883870e-19 -1.067949726427883870e-19 -1.067949726427883870e-19 -1.067949726427883870e-19 -1.067949726427883870e-19 -1.067949726427883870e-19 -1.067949726427883870e-19 -1.067949726427883870e-19 -1.067949726427883870e-19 -1.067949726427883870e-19 -1.067949726427883870e-19 -1.067949726427883870e-19 -1.067949726427883870e-19 -1.067949726427883870e-19 -1.067949726427883870e-19 -1.067949726427883870e-19 -1.067949726427883870e-19 -1.067949726427883870e-19 -1.067949726427883870e-19 -1.067949726427883870e-19 -1.067949726427883870e-19 -1.067949726427883870e-19 -1.067949726427883870e-19 -1.067949726427883870e-19 -1.067949726427883870e-19 -1.067949726427883870e-19 -1.067949726427883870e-19 -1.067949726427883870e-19 -4.787124158562851782e-32 -7.601708975564733111e-35 -7.601708975564733111e-35 -7.601708975564733111e-35 -7.601708975564733111e-35 -7.601708975564733111e-35 -7.601708975564733111e-35 -7.601708975564733111e-35 -7.601708975564733111e-35 -7.601708975564733111e-35 -7.658579240973909763e-35 -7.658579240973909763e-35 -7.658579240973909763e-35 -6.951412629929086696e-35 -6.951412629929086696e-35 -6.951412629929086696e-35 -6.951412629929086696e-35 -6.951412629929086696e-35 -4.157989386286322004e-35 -8.274310880985723459e-35 1.040064159608829193e-19 1.040064159608829193e-19 1.040064159608829193e-19 1.782622046759797036e-19 1.782622046759797036e-19 1.782622046759797036e-19 1.782622046759797036e-19 1.783877107474413058e-19 1.812741354968556931e-19 1.812741354968556931e-19 1.812741354968556931e-19 1.812737050827999989e-19 1.812737050827999989e-19 1.812737050827999989e-19 1.812737050827999989e-19 1.812737050827999989e-19 1.812737050827999989e-19 1.967003358700968559e-19 1.967003358700973373e-19 1.967003358700973373e-19 1.967002314349394922e-19 1.952413823914244147e-19 2.301764910150664489e-19 2.301764910150664489e-19 2.301764910150664489e-19 2.547081860223879605e-19 2.547081860788479931e-19 2.563549241005474602e-19 2.563549241005474602e-19 2.563549241005474602e-19 2.563549241005474602e-19 2.563549241005474602e-19 2.563549241005474602e-19 2.563549241005474602e-19 2.563549241005474602e-19 2.857499802654867804e-19 2.857499802654867804e-19 2.857499802654867804e-19 2.876817120699668155e-19 2.876817120699668155e-19 2.876817120699668155e-19 2.876817120699668155e-19 2.876817120699668155e-19 2.876817120699668155e-19 2.876817120699668155e-19 2.876817120699668155e-19 2.876817120699668155e-19 2.876817120699668155e-19 3.050188350359307884e-19 3.050188350359307884e-19 3.050188350359307884e-19 3.050188350359307884e-19 3.050188350359307884e-19 3.050188350359307884e-19 3.050188350359307884e-19 3.050188350359307884e-19
-1.759165209329426850e-26 -1.759165209329426850e-26 -1.759165209329426850e-26 -1.759165209329426850e-26 -1.759165209329426850e-26 -1.759165209329426850e-26 -1.759165209329426850e-26 -1.759165209329426850e-26 -1.759165209329426850e-26 -1.759165209329426850e-26 -1.759165209329426850e-26 -1.759165209329426850e-26 -1.759165209329426850e-26 -1.759165209329426850e-26 -1.759165209329426850e-26 -1.759165209329426850e-26 -1.759165209329426850e-26 -1.759165209329426850e-26 -1.759165209329426850e-26 -1.759165209329426850e-26 -1.759165209329426850e-26 -1.759165209329426850e-26 -1.759165209329426850e-26 -1.759165209329426850e-26 -1.759165209329426850e-26 -1.759165209329426850e-26 -1.759165209329426850e-26 -1.759165209329426850e-26 -1.759165209329426850e-26 -1.759165209329426850e-26 -1.759165209329426850e-26 -1.759165209329426850e-26 -1.759165209329426850e-26 -1.759165209329426850e-26 -1.759165209329426850e-26 -1.759165209329426850e-26 -1.759165209329426850e-26 -1.759165209329426850e-26 -1.759165209329426850e-26 -1.759165209329426850e-26 -1.759165209329426850e-26 -1.759165209329426850e-26 -1.759165209329426850e-26 -1.759165209329426850e-26 -1.759165209329426850e-26 -1.759165209329426850e-26 -1.759165209329426850e-26 -1.759165209329426850e-26 -1.759165209329426850e-26 -1.759165209329426850e-26 -1.759165209329426850e-26 -1.759165209329426850e-26 -1.759165209329426850e-26 -1.759165209329426850e-26 -1.759165209329426850e-26 -1.759165209329426850e-26 -1.759165209329426850e-26 -1.759165209329426850e-26 -1.759165209329426850e-26 -1.759165209329426850e-26 -1.759165209329426850e-26 -1.759165209329426850e-26 -1.759165209329426850e-26 -1.759165209329426850e-26 -1.759165209329426850e-26 -1.759165209329426850e-26 -1.759165209329426850e-26 -1.759165209329426850e-26 -1.759165209329426850e-26 -1.759165209329426850e-26 -1.759165209329426850e-26 -1.759165209329426850e-26 -1.759165209329426850e-26 -1.759165209329426850e-26 -1.759165209329426850e-26 1.067949570057636464e-19 1.067949570057636464e-19 1.067949570057636464e-19 1.067949570057636464e-19 1.067949570057636464e-19 1.067949570057636464e-19 1.067949570057636464e-19 1.067949570057636464e-19 1.067949570057636464e-19 1.067949570057636464e-19 1.296037836822495369e-19 1.296037836822495369e-19 1.296037836822495369e-19 1.456899645721793411e-19 1.456899645721793411e-19 1.456899645721793411e-19 1.456899645721793411e-19 1.456899645721793411e-19 1.456899645721794133e-19 1.456899645721795577e-19 1.816563429542746194e-19 1.816563429542746194e-19 1.816563429542746194e-19 2.136182576042801738e-19 2.136182576042801738e-19 2.136182576042801738e-19 2.136182576042801738e-19 2.180636911019944352e-19 2.174450598269883001e-19 2.174450598269883001e-19 2.174450598269883001e-19 2.174425438179189176e-19 2.174425438179189176e-19 2.174425438179189176e-19 2.174425438179189176e-19 2.174425438179189176e-19 2.174425439314587471e-19 2.254444730986354877e-19 2.254444730986354877e-19 2.254444730986354877e-19 2.231580938471057149e-19 2.231580938470319999e-19 2.589500006136172916e-19 2.589500006136172916e-19 2.589500006136172916e-19 2.756714877837318507e-19 2.765562965372417853e-19 2.765562965969263061e-19 2.765562965969263061e-19 2.765562965969263061e-19 2.765562965969263061e-19 2.765562965969263061e-19 2.765562965969263061e-19 2.765562965969263061e-19 2.765562971567095445e-19 3.035307577894905609e-19 3.035307577894905609e-19 3.035307577894906090e-19 3.050167983730760602e-19 3.050167983730760602e-19 3.050167983730760602e-19 3.050167983730760602e-19 3.050167983730760602e-19 3.050167983730760602e-19 3.050167983730760602e-19 3.050167983730760602e-19 3.050167983730760602e-19 3.050257093401209618e-19 3.204353218010433595e-19 3.204353218010433595e-19 3.204353218010433595e-19 3.204353218010433595e-19 3.204353218010433595e-19 3.204353218010433595e-19 3.204353218010433595e-19
-0.000000000000000000e+00 -0.000000000000000000e+00 -0.000000000000000000e+00 -0.000000000000000000e+00 -0.000000000000000000e+00 -0.000000000000000000e+00 -0.000000000000000000e+00 -0.000000000000000000e+00 -0.000000000000000000e+00 -0.000000000000000000e+00 -0.000000000000000000e+00 -0.000000000000000000e+00 -0.000000000000000000e+00 -0.000000000000000000e+00 -0.000000000000000000e+00 -0.000000000000000000e+00 -0.000000000000000000e+00 -0.000000000000000000e+00 -0.000000000000000000e+00 -0.000000000000000000e+00 -0.000000000000000000e+00 -0.000000000000000000e+00 -0.000000000000000000e+00 -0.000000000000000000e+00 -0.000000000000000000e+00 -0.000000000000000000e+00 -0.000000000000000000e+00 -0.000000000000000000e+00 -0.000000000000000000e+00 -0.000000000000000000e+00 -0.000000000000000000e+00 -0.000000000000000000e+00 -0.000000000000000000e+00 -0.000000000000000000e+00 -0.000000000000000000e+00 -0.000000000000000000e+00 -0.000000000000000000e+00 -0.000000000000000000e+00 -0.000000000000000000e+00 -0.000000000000000000e+00 -0.000000000000000000e+00 -0.000000000000000000e+00 -0.000000000000000000e+00 -0.000000000000000000e+00 -0.000000000000000000e+00 -0.000000000000000000e+00 -0.000000000000000000e+00 -0.000000000000000000e+00 -0.000000000000000000e+00 -0.000000000000000000e+00 -0.000000000000000000e+00 -0.000000000000000000e+00 -0.000000000000000000e+00 -0.000000000000000000e+00 -0.000000000000000000e+00 -0.000000000000000000e+00 -0.000000000000000000e+00 -0.000000000000000000e+00 -0.000000000000000000e+00 -0.000000000000000000e+00 -0.000000000000000000e+00 -0.000000000000000000e+00 -0.000000000000000000e+00 -0.000000000000000000e+00 -0.000000000000000000e+00 -0.000000000000000000e+00 -0.000000000000000000e+00 -0.000000000000000000e+00 -0.000000000000000000e+00 -0.000000000000000000e+00 -0.000000000000000000e+00 -0.000000000000000000e+00 -0.000000000000000000e+00 -0.000000000000000000e+00 -0.000000000000000000e+00 -0.000000000000000000e+00 1.067949726427881462e-19 1.067949726427881462e-19 1.067949726427881462e-19 1.067949726427881462e-19 1.067949726427881462e-19 1.067949726427881462e-19 1.067949726427881462e-19 1.067949726427881462e-19 1.067949726427881462e-19 1.067949726428432158e-19 1.296037953743788400e-19 1.296037953743788400e-19 1.296037953743788400e-19 1.456899792168870103e-19 1.456899792168870103e-19 1.456899792168870103e-19 1.456899792168870103e-19 1.456899792168870103e-19 1.456899792168870825e-19 1.743941288693490330e-19 1.816563521274608889e-19 1.816563521274608889e-19 1.816563548733263293e-19 2.136182624001802694e-19 2.136182624001802694e-19 2.136182624001802694e-19 2.136182624001802694e-19 2.174450647253442576e-19 2.174450647252378018e-19 2.174450647252378018e-19 2.174450647252378018e-19 2.174425487158077408e-19 2.174425487158077408e-19 2.174425487158077408e-19 2.174425487158077408e-19 2.174425487158077408e-19 2.214126696139521626e-19 2.254444770311844745e-19 2.254444770311844745e-19 2.254444770311844745e-19 2.231580976672293597e-19 2.231580980239149076e-19 2.589500045668017029e-19 2.589500045668017029e-19 2.589500045668017029e-19 2.756714907391369283e-19 2.765562994550559363e-19 2.765562994550559363e-19 2.765562994550559363e-19 2.765562994550559363e-19 2.765562994550559363e-19 2.765562994550559363e-19 2.765562994550559363e-19 2.765562994550559363e-19 2.978786826477993625e-19 3.035307603131486561e-19 3.035307603131486561e-19 3.037530604072113072e-19 3.050168008372111720e-19 3.050168008372111720e-19 3.050168008372111720e-19 3.050168008372111720e-19 3.050168008372111720e-19 3.050168008372111720e-19 3.050168008372111720e-19 3.050168008372111720e-19 3.050168008372111720e-19 3.204353239999385809e-19 3.204353239999999217e-19 3.204353239999999217e-19 3.204353239999999217e-19 3.204353239999999217e-19 3.204353239999999217e-19 3.204353239999999217e-19
-0.000000000000000000e+00 -0.000000000000000000e+00 -0.000000000000000000e+00 -0.000000000000000000e+00 -0.000000000000000000e+00 -0.000000000000000000e+00 -0.000000000000000000e+00 -0.000000000000000000e+00 -0.000000000000000000e+00 -0.000000000000000000e+00 -0.000000000000000000e+00 -0.000000000000000000e+00 -0.000000000000000000e+00 -0.000000000000000000e+00 -0.000000000000000000e+00 -0.000000000000000000e+00 -0.000000000000000000e+00 -0.000000000000000000e+00 -0.000000000000000000e+00 -0.000000000000000000e+00 -0.000000000000000000e+00 -0.000000000000000000e+00 -0.000000000000000000e+00 -0.000000000000000000e+00 -0.000000000000000000e+00 -0.000000000000000000e+00 -0.000000000000000000e+00 -0.000000000000000000e+00 -0.000000000000000000e+00 -0.000000000000000000e+00 -0.000000000000000000e+00 -0.000000000000000000e+00 -0.000000000000000000e+00 -0.000000000000000000e+00 -0.000000000000000000e+00 -0.000000000000000000e+00 -0.000000000000000000e+00 -0.000000000000000000e+00 -0.000000000000000000e+00 -0.000000000000000000e+00 -0.000000000000000000e+00 -0.000000000000000000e+00 -0.000000000000000000e+00 -0.000000000000000000e+00 -0.000000000000000000e+00 -0.000000000000000000e+00 -0.000000000000000000e+00 -0.000000000000000000e+00 -0.000000000000000000e+00 -0.000000000000000000e+00 -0.000000000000000000e+00 -0.000000000000000000e+00 -0.000000000000000000e+00 -0.000000000000000000e+00 -0.000000000000000000e+00 -0.000000000000000000e+00 -0.000000000000000000e+00 -0.000000000000000000e+00 -0.000000000000000000e+00 -0.000000000000000000e+00 -0.000000000000000000e+00 -0.000000000000000000e+00 -0.000000000000000000e+00 -0.000000000000000000e+00 -0.000000000000000000e+00 -0.000000000000000000e+00 -0.000000000000000000e+00 -0.000000000000000000e+00 -0.000000000000000000e+00 -0.000000000000000000e+00 -0.000000000000000000e+00 -0.000000000000000000e+00 -0.000000000000000000e+00 -0.000000000000000000e+00 -0.000000000000000000e+00 -0.000000000000000000e+00 4.951938719545602306e-31 1.067949726427881462e-19 1.067949726427881462e-19 1.067949726427881462e-19 1.067949726427881462e-19 1.067949726427881462e-19 1.067949726427881462e-19 1.067949726427881462e-19 1.067949726427881462e-19 1.067949726427881462e-19 1.293828982725042031e-19 1.296037953743788400e-19 1.296037953743788400e-19 1.296037974273222271e-19 1.456899792168870103e-19 1.456899792168870103e-19 1.456899792168870103e-19 1.456899792168870103e-19 1.456899792168870103e-19 1.456899792168870825e-19 1.816563521274608889e-19 1.816563521274608889e-19 1.816563521274608889e-19 2.136182615428889066e-19 2.136182624001802694e-19 2.136182624001802694e-19 2.136182624001802694e-19 2.136182624001802694e-19 2.174450647252378018e-19 2.174450647252378018e-19 2.174450647252378018e-19 2.174450647250440533e-19 2.174425487158077408e-19 2.174425487158077408e-19 2.174425487158077408e-19 2.174425487158077408e-19 2.174425487158077408e-19 2.214126699311255244e-19 2.254444770311844745e-19 2.254444770311844745e-19 2.254444770311844745e-19 2.231580976672293597e-19 2.589499953195909197e-19 2.589500045668017029e-19 2.589500045668017029e-19 2.595713392882364982e-19 2.756714907391369283e-19 2.765562994550559363e-19 2.765562994550559363e-19 2.765562994550559363e-19 2.765562994550559363e-19 2.765562994550559363e-19 2.765562994550559363e-19 2.765562994550559363e-19 2.765562994550559363e-19 3.035307603130503374e-19 3.035307603131486561e-19 3.035307603131486561e-19 3.050168008372112201e-19 3.050168008372111720e-19 3.050168008372111720e-19 3.050168008372111720e-19 3.050168008372111720e-19 3.050168008372111720e-19 3.050168008372111720e-19 3.050168008372111720e-19 3.050168008372111720e-19 3.050168008372111720e-19 3.204353239999999217e-19 3.204353239999999217e-19 3.204353239999999217e-19 3.204353239999999217e-19 3.204353239999999217e-19 3.204353239999999217e-19
-0.000000000000000000e+00 -0.000000000000000000e+00 -0.000000000000000000e+00 -0.000000000000000000e+00 -0.000000000000000000e+00 -0.000000000000000000e+00 -0.000000000000000000e+00 -0.000000000000000000e+00 -0.000000000000000000e+00 -0.000000000000000000e+00 -0.000000000000000000e+00 -0.000000000000000000e+00 -0.000000000000000000e+00 -0.000000000000000000e+00 -0.000000000000000000e+00 -0.000000000000000000e+00 -0.000000000000000000e+00 -0.000000000000000000e+00 -0.000000000000000000e+00 -0.000000000000000000e+00 -0.000000000000000000e+00 -0.000000000000000000e+00 -0.000000000000000000e+00 -0.000000000000000000e+00 -0.000000000000000000e+00 -0.000000000000000000e+00 -0.000000000000000000e+00 -0.000000000000000000e+00 -0.000000000000000000e+00 -0.000000000000000000e+00 -0.000000000000000000e+00 -0.000000000000000000e+00 -0.000000000000000000e+00 -0.000000000000000000e+00 -0.000000000000000000e+00 -0.000000000000000000e+00 -0.000000000000000000e+00 -0.000000000000000000e+00 -0.000000000000000000e+00 -0.000000000000000000e+00 -0.000000000000000000e+00 -0.000000000000000000e+00 -0.000000000000000000e+00 -0.000000000000000000e+00 -0.000000000000000000e+00 -0.000000000000000000e+00 -0.000000000000000000e+00 -0.000000000000000000e+00 -0.000000000000000000e+00 -0.000000000000000000e+00 -0.000000000000000000e+00 -0.000000000000000000e+00 -0.000000000000000000e+00 -0.000000000000000000e+00 -0.000000000000000000e+00 -0.000000000000000000e+00 -0.000000000000000000e+00 -0.000000000000000000e+00 -0.000000000000000000e+00 -0.000000000000000000e+00 -0.000000000000000000e+00 -0.000000000000000000e+00 -0.000000000000000000e+00 -0.000000000000000000e+00 -0.000000000000000000e+00 -0.000000000000000000e+00 -0.000000000000000000e+00 -0.000000000000000000e+00 -0.000000000000000000e+00 -0.000000000000000000e+00 -0.000000000000000000e+00 -0.000000000000000000e+00 -0.000000000000000000e+00 -0.000000000000000000e+00 -0.000000000000000000e+00 -0.000000000000000000e+00 -0.000000000000000000e+00 1.067421011618905833e-19 1.067949726427881462e-19 1.067949726427881462e-19 1.067949726427881462e-19 1.067949726427881462e-19 1.067949726427881462e-19 1.067949726427881462e-19 1.067949726427881462e-19 1.067949726427881462e-19 1.067949726427881462e-19 1.296037953743788881e-19 1.296037953743788400e-19 1.296037953743788400e-19 1.456899789264370098e-19 1.456899792168870103e-19 1.456899792168870103e-19 1.456899792168870103e-19 1.456899792168870103e-19 1.456899792168870825e-19 1.456899792168870825e-19 1.816563521274608889e-19 1.816563521274608889e-19 1.816563521274608889e-19 2.136182624001802694e-19 2.136182624001802694e-19 2.136182624001802694e-19 2.136182624001802694e-19 2.136182624003334290e-19 2.174450647252378018e-19 2.174450647252378018e-19 2.174450647252378018e-19 2.174425487158831409e-19 2.174425487158077408e-19 2.174425487158077408e-19 2.174425487158077408e-19 2.174425487158077408e-19 2.174425487158077408e-19 2.254441984865315676e-19 2.254444770311844745e-19 2.254444770311844745e-19 2.254444770311842819e-19 2.231580976672293597e-19 2.589500045668017029e-19 2.589500045668017029e-19 2.589500045668017029e-19 2.756714907391359653e-19 2.756714907391369283e-19 2.765562994550559363e-19 2.765562994550559363e-19 2.765562994550559363e-19 2.765562994550559363e-19 2.765562994550559363e-19 2.765562994550559363e-19 2.765562994550559363e-19 2.765562994550559363e-19 3.035307603131486561e-19 3.035307603131486561e-19 3.035307603131486561e-19 3.050168008372111720e-19 3.050168008372111720e-19 3.050168008372111720e-19 3.050168008372111720e-19 3.050168008372111720e-19 3.050168008372111720e-19 3.050168008372111720e-19 3.050168008372111720e-19 3.050168008372111720e-19 3.050168008372111720e-19 3.204353239999999217e-19 3.204353239999999217e-19 3.204353239999999217e-19 3.204353239999999217e-19 3.204353239999999217e-19
-0.000000000000000000e+00 -0.000000000000000000e+00 -0.000000000000000000e+00 -0.000000000000000000e+00 -0.000000000000000000e+00 -0.000000000000000000e+00 -0.000000000000000000e+00 -0.000000000000000000e+00 -0.000000000000000000e+00 -0.000000000000000000e+00 -0.000000000000000000e+00 -0.000000000000000000e+00 -0.000000000000000000e+00 -0.000000000000000000e+00 -0.000000000000000000e+00 -0.000000000000000000e+00 -0.000000000000000000e+00 -0.000000000000000000e+00 -0.000000000000000000e+00 -0.000000000000000000e+00 -0.000000000000000000e+00 -0.000000000000000000e+00 -0.000000000000000000e+00 -0.000000000000000000e+00 -0.000000000000000000e+00 -0.000000000000000000e+00 -0.000000000000000000e+00 -0.000000000000000000e+00 -0.000000000000000000e+00 -0.000000000000000000e+00 -0.000000000000000000e+00 -0.000000000000000000e+00 -0.000000000000000000e+00 -0.000000000000000000e+00 -0.000000000000000000e+00 -0.000000000000000000e+00 -0.000000000000000000e+00 -0.000000000000000000e+00 -0.000000000000000000e+00 -0.000000000000000000e+00 -0.000000000000000000e+00 -0.000000000000000000e+00 -0.000000000000000000e+00 -0.000000000000000000e+00 -0.000000000000000000e+00 -0.000000000000000000e+00 -0.000000000000000000e+00 -0.000000000000000000e+00 -0.000000000000000000e+00 -0.000000000000000000e+00 -0.000000000000000000e+00 -0.000000000000000000e+00 -0.000000000000000000e+00 -0.000000000000000000e+00 -0.000000000000000000e+00 -0.000000000000000000e+00 -0.000000000000000000e+00 -0.000000000000000000e+00 -0.000000000000000000e+00 -0.000000000000000000e+00 -0.000000000000000000e+00 -0.000000000000000000e+00 -0.000000000000000000e+00 -0.000000000000000000e+00 -0.000000000000000000e+00 -0.000000000000000000e+00 -0.000000000000000000e+00 -0.000000000000000000e+00 -0.000000000000000000e+00 -0.000000000000000000e+00 -0.000000000000000000e+00 -0.000000000000000000e+00 -0.000000000000000000e+00 -0.000000000000000000e+00 -0.000000000000000000e+00 -0.000000000000000000e+00 -0.000000000000000000e+00 -0.000000000000000000e+00 1.067949726427881462e-19 1.067949726427881462e-19 1.067949726427881462e-19 1.067949726427881462e-19 1.067949726427881462e-19 1.067949726427881462e-19 1.067949726427881462e-19 1.067949726427881462e-19 1.067949726427881462e-19 1.067949726427881462e-19 1.296037953743788400e-19 1.296037953743788400e-19 1.296037953743788400e-19 1.456899792168870103e-19 1.456899792168870103e-19 1.456899792168870103e-19 1.456899792168870103e-19 1.456899792168870103e-19 1.456899792168869621e-19 1.456899792168870825e-19 1.816563521274608889e-19 1.816563521274608889e-19 1.816563521274608889e-19 2.136182624001802694e-19 2.136182624001802694e-19 2.136182624001802694e-19 2.136182624001802694e-19 2.180634068725733411e-19 2.174450647252378018e-19 2.174450647252378018e-19 2.174450647252378018e-19 2.174425487158077408e-19 2.174425487158077408e-19 2.174425487158077408e-19 2.174425487158077408e-19 2.174425487158077408e-19 2.174425487158077408e-19 2.254444770311844745e-19 2.254444770311844745e-19 2.254444770311844745e-19 2.232469340687280619e-19 2.231580976672293597e-19 2.589500045668017029e-19 2.589500045668017029e-19 2.589500045668017029e-19 2.756714907391369283e-19 2.756818310103463349e-19 2.765562994550559363e-19 2.765562994550559363e-19 2.765562994550559363e-19 2.765562994550559363e-19 2.765562994550559363e-19 2.765562994550559363e-19 2.765562994550559363e-19 2.765562994550559363e-19 3.035307603131486561e-19 3.035307603131486561e-19 3.035307603131486561e-19 3.050168008372111720e-19 3.050168008372111720e-19 3.050168008372111720e-19 3.050168008372111720e-19 3.050168008372111720e-19 3.050168008372111720e-19 3.050168008372111720e-19 3.050168008372111720e-19 3.050168008372111720e-19 3.050168008372182498e-19 3.204353239999999217e-19 3.204353239999999217e-19 3.204353239999999217e-19 3.204353239999999217e-19
-0.000000000000000000e+00 -0.000000000000000000e+00 -0.000000000000000000e+00 -0.000000000000000000e+00 -0.000000000000000000e+00 -0.000000000000000000e+00 -0.000000000000000000e+00 -0.000000000000000000e+00 -0.000000000000000000e+00 -0.000000000000000000e+00 -0.000000000000000000e+00 -0.000000000000000000e+00 -0.000000000000000000e+00 -0.000000000000000000e+00 -0.000000000000000000e+00 -0.000000000000000000e+00 -0.000000000000000000e+00 -0.000000000000000000e+00 -0.000000000000000000e+00 -0.000000000000000000e+00 -0.000000000000000000e+00 -0.000000000000000000e+00 -0.000000000000000000e+00 -0.000000000000000000e+00 -0.000000000000000000e+00 -0.000000000000000000e+00 -0.000000000000000000e+00 -0.000000000000000000e+00 -0.000000000000000000e+00 -0.000000000000000000e+00 -0.000000000000000000e+00 -0.000000000000000000e+00 -0.000000000000000000e+00 -0.000000000000000000e+00 -0.000000000000000000e+00 -0.000000000000000000e+00 -0.000000000000000000e+00 -0.000000000000000000e+00 -0.000000000000000000e+00 -0.000000000000000000e+00 -0.000000000000000000e+00 -0.000000000000000000e+00 -0.000000000000000000e+00 -0.000000000000000000e+00 -0.000000000000000000e+00 -0.000000000000000000e+00 -0.000000000000000000e+00 -0.000000000000000000e+00 -0.000000000000000000e+00 -0.000000000000000000e+00 -0.000000000000000000e+00 -0.000000000000000000e+00 -0.000000000000000000e+00 -0.000000000000000000e+00 -0.000000000000000000e+00 -0.000000000000000000e+00 -0.000000000000000000e+00 -0.000000000000000000e+00 -0.000000000000000000e+00 -0.000000000000000000e+00 -0.000000000000000000e+00 -0.000000000000000000e+00 -0.000000000000000000e+00 -0.000000000000000000e+00 -0.000000000000000000e+00 -0.000000000000000000e+00 -0.000000000000000000e+00 -0.000000000000000000e+00 -0.000000000000000000e+00 -0.000000000000000000e+00 -0.000000000000000000e+00 -0.000000000000000000e+00 -0.000000000000000000e+00 -0.000000000000000000e+00 -0.000000000000000000e+00 -0.000000000000000000e+00 -0.000000000000000000e+00 -0.000000000000000000e+00 -0.000000000000000000e+00 1.067949726427881462e-19 1.067949726427881462e-19 1.067949726427881462e-19 1.067949726427881462e-19 1.067949726427881462e-19 1.067949726427881462e-19 1.067949726427881462e-19 1.067949726427881462e-19 1.067949726427881462e-19 1.067949726427881462e-19 1.296037953743788400e-19 1.296037953743788400e-19 1.296037953743788400e-19 1.456899792168870103e-19 1.456899792168870103e-19 1.456899792168870103e-19 1.456899792168870103e-19 1.456899792168870103e-19 1.456899792168870825e-19 1.456899793302766172e-19 1.816563521274608889e-19 1.816563521274608889e-19 1.816563521274608889e-19 2.136182624001802694e-19 2.136182624001802694e-19 2.136182624001802694e-19 2.136182624001802694e-19 2.175549691689977410e-19 2.174450647252378018e-19 2.174450647252378018e-19 2.174450647252378018e-19 2.174425487158077408e-19 2.174425487158077408e-19 2.174425487158077408e-19 2.174425487158077408e-19 2.174425487158077408e-19 2.174814705515293076e-19 2.254444770311844745e-19 2.254444770311844745e-19 2.254444770311844745e-19 2.231580976672292634e-19 2.231580976672293597e-19 2.589500045668017029e-19 2.589500045668017029e-19 2.589500045668017029e-19 2.756714907391369283e-19 2.765562994550557918e-19 2.765562994550559363e-19 2.765562994550559363e-19 2.765562994550559363e-19 2.765562994550559363e-19 2.765562994550559363e-19 2.765562994550559363e-19 2.765562994550559363e-19 2.767482576988270757e-19 3.035307603131486561e-19 3.035307603131486561e-19 3.035307603133571380e-19 3.050168008372111720e-19 3.050168008372111720e-19 3.050168008372111720e-19 3.050168008372111720e-19 3.050168008372111720e-19 3.050168008372111720e-19 3.050168008372111720e-19 3.050168008372111720e-19 3.050168008372111720e-19 3.203586785787464461e-19 3.204353239999999217e-19 3.204353239999999217e-19 3.204353239999999217e-19
-0.000000000000000000e+00 -0.000000000000000000e+00 -0.000000000000000000e+00 -0.000000000000000000e+00 -0.000000000000000000e+00 -0.000000000000000000e+00 -0.000000000000000000e+00 -0.000000000000000000e+00 -0.000000000000000000e+00 -0.000000000000000000e+00 -0.000000000000000000e+00 -0.000000000000000000e+00 -0.000000000000000000e+00 -0.000000000000000000e+00 -0.000000000000000000e+00 -0.000000000000000000e+00 -0.000000000000000000e+00 -0.000000000000000000e+00 -0.000000000000000000e+00 -0.000000000000000000e+00 -0.000000000000000000e+00 -0.000000000000000000e+00 -0.000000000000000000e+00 -0.000000000000000000e+00 -0.000000000000000000e+00 -0.000000000000000000e+00 -0.000000000000000000e+00 -0.000000000000000000e+00 -0.000000000000000000e+00 -0.000000000000000000e+00 -0.000000000000000000e+00 -0.000000000000000000e+00 -0.000000000000000000e+00 -0.000000000000000000e+00 -0.000000000000000000e+00 -0.000000000000000000e+00 -0.000000000000000000e+00 -0.000000000000000000e+00 -0.000000000000000000e+00 -0.000000000000000000e+00 -0.000000000000000000e+00 -0.000000000000000000e+00 -0.000000000000000000e+00 -0.000000000000000000e+00 -0.000000000000000000e+00 -0.000000000000000000e+00 -0.000000000000000000e+00 -0.000000000000000000e+00 -0.000000000000000000e+00 -0.000000000000000000e+00 -0.000000000000000000e+00 -0.000000000000000000e+00 -0.000000000000000000e+00 -0.000000000000000000e+00 -0.000000000000000000e+00 -0.000000000000000000e+00 -0.000000000000000000e+00 -0.000000000000000000e+00 -0.000000000000000000e+00 -0.000000000000000000e+00 -0.000000000000000000e+00 -0.000000000000000000e+00 -0.000000000000000000e+00 -0.000000000000000000e+00 -0.000000000000000000e+00 -0.000000000000000000e+00 -0.000000000000000000e+00 -0.000000000000000000e+00 -0.000000000000000000e+00 -0.000000000000000000e+00 -0.000000000000000000e+00 -0.000000000000000000e+00 -0.000000000000000000e+00 -0.000000000000000000e+00 -0.000000000000000000e+00 -0.000000000000000000e+00 -0.000000000000000000e+00 -0.000000000000000000e+00 -0.000000000000000000e+00 -0.000000000000000000e+00 1.067949726427881462e-19 1.067949726427881462e-19 1.067949726427881462e-19 1.067949726427881462e-19 1.067949726427881462e-19 1.067949726427881462e-19 1.067949726427881462e-19 1.067949726427881462e-19 1.067949726427881462e-19 1.067949917055571282e-19 1.296037953743788400e-19 1.296037953743788400e-19 1.296037953743788400e-19 1.456899792168870103e-19 1.456899792168870103e-19 1.456899792168870103e-19 1.456899792168870103e-19 1.456899792168870103e-19 1.456899792168870825e-19 1.816563258391879253e-19 1.816563521274608889e-19 1.816563521274608889e-19 1.825793737976524332e-19 2.136182624001802694e-19 2.136182624001802694e-19 2.136182624001802694e-19 2.136182624001802694e-19 2.174450647252377055e-19 2.174450647252378018e-19 2.174450647252378018e-19 2.174450647252378018e-19 2.174425487158077408e-19 2.174425487158077408e-19 2.174425487158077408e-19 2.174425487158077408e-19 2.174425487158077408e-19 2.214126699309901315e-19 2.254444770311844745e-19 2.254444770311844745e-19 2.254444770311844745e-19 2.231580976672293597e-19 2.232811059673829122e-19 2.589500045668017029e-19 2.589500045668017029e-19 2.589500045673163114e-19 2.756714907391369283e-19 2.765562994550559363e-19 2.765562994550559363e-19 2.765562994550559363e-19 2.765562994550559363e-19 2.765562994550559363e-19 2.765562994550559363e-19 2.765562994550559363e-19 2.765562994550559363e-19 3.034100808836473321e-19 3.035307603131486561e-19 3.035307603131486561e-19 3.050167764319963022e-19 3.050168008372111720e-19 3.050168008372111720e-19 3.050168008372111720e-19 3.050168008372111720e-19 3.050168008372111720e-19 3.050168008372111720e-19 3.050168008372111720e-19 3.050168008372111720e-19 3.050168008372111720e-19 3.204353239999999217e-19 3.204353239999999217e-19 3.204353239999999217e-19
-0.000000000000000000e+00 -0.000000000000000000e+00 -0.000000000000000000e+00 -0.000000000000000000e+00 -0.000000000000000000e+00 -0.000000000000000000e+00 -0.000000000000000000e+00 -0.000000000000000000e+00 -0.000000000000000000e+00 -0.000000000000000000e+00 -0.000000000000000000e+00 -0.000000000000000000e+00 -0.000000000000000000e+00 -0.000000000000000000e+00 -0.000000000000000000e+00 -0.000000000000000000e+00 -0.000000000000000000e+00 -0.000000000000000000e+00 -0.000000000000000000e+00 -0.000000000000000000e+00 -0.000000000000000000e+00 -0.000000000000000000e+00 -0.000000000000000000e+00 -0.000000000000000000e+00 -0.000000000000000000e+00 -0.000000000000000000e+00 -0.000000000000000000e+00 -0.000000000000000000e+00 -0.000000000000000000e+00 -0.000000000000000000e+00 -0.000000000000000000e+00 -0.000000000000000000e+00 -0.000000000000000000e+00 -0.000000000000000000e+00 -0.000000000000000000e+00 -0.000000000000000000e+00 -0.000000000000000000e+00 -0.000000000000000000e+00 -0.000000000000000000e+00 -0.000000000000000000e+00 -0.000000000000000000e+00 -0.000000000000000000e+00 -0.000000000000000000e+00 -0.000000000000000000e+00 -0.000000000000000000e+00 -0.000000000000000000e+00 -0.000000000000000000e+00 -0.000000000000000000e+00 -0.000000000000000000e+00 -0.000000000000000000e+00 -0.000000000000000000e+00 -0.000000000000000000e+00 -0.000000000000000000e+00 -0.000000000000000000e+00 -0.000000000000000000e+00 -0.000000000000000000e+00 -0.000000000000000000e+00 -0.000000000000000000e+00 -0.000000000000000000e+00 -0.000000000000000000e+00 -0.000000000000000000e+00 -0.000000000000000000e+00 -0.000000000000000000e+00 -0.000000000000000000e+00 -0.000000000000000000e+00 -0.000000000000000000e+00 -0.000000000000000000e+00 -0.000000000000000000e+00 -0.000000000000000000e+00 -0.000000000000000000e+00 -0.000000000000000000e+00 -0.000000000000000000e+00 -0.000000000000000000e+00 -0.000000000000000000e+00 -0.000000000000000000e+00 -0.000000000000000000e+00 -0.000000000000000000e+00 -0.000000000000000000e+00 -0.000000000000000000e+00 -0.000000000000000000e+00 1.719752611340148897e-25 1.067949726427881462e-19 1.067949726427881462e-19 1.067949726427881462e-19 1.067949726427881462e-19 1.067949726427881462e-19 1.067949726427881462e-19 1.067949726427881462e-19 1.067949726427881462e-19 1.067949726427881462e-19 1.296037946405930552e-19 1.296037953743788400e-19 1.296037953743788400e-19 1.302843494281484089e-19 1.456899792168870103e-19 1.456899792168870103e-19 1.456899792168870103e-19 1.456899792168870103e-19 1.456899792168870103e-19 1.456899792168870825e-19 1.816563521274608889e-19 1.816563521274608889e-19 1.816563521274608889e-19 2.136182624001778138e-19 2.136182624001802694e-19 2.136182624001802694e-19 2.136182624001802694e-19 2.136182624001802694e-19 2.174450647252378018e-19 2.174450647252378018e-19 2.174450647252378018e-19 2.174449994274321317e-19 2.174425487158077408e-19 2.174425487158077408e-19 2.174425487158077408e-19 2.174425487158077408e-19 2.174425487158077408e-19 2.214127164659361454e-19 2.254444770311844745e-19 2.254444770311844745e-19 2.254444770311844745e-19 2.231580976672293597e-19 2.589500045667749325e-19 2.589500045668017029e-19 2.589500045668017029e-19 2.756702422796669936e-19 2.756714907391369283e-19 2.765562994550559363e-19 2.765562994550559363e-19 2.765562994550559363e-19 2.765562994550559363e-19 2.765562994550559363e-19 2.765562994550559363e-19 2.765562994550559363e-19 2.765562994550559363e-19 3.035307603131486561e-19 3.035307603131486561e-19 3.035307603131486561e-19 3.050168008372111720e-19 3.050168008372111720e-19 3.050168008372111720e-19 3.050168008372111720e-19 3.050168008372111720e-19 3.050168008372111720e-19 3.050168008372111720e-19 3.050168008372111720e-19 3.050168008372111720e-19 3.050168008372111720e-19 3.204353239999999217e-19 3.204353239999999217e-19
-0.000000000000000000e+00 -0.000000000000000000e+00 -0.000000000000000000e+00 -0.000000000000000000e+00 -0.000000000000000000e+00 -0.000000000000000000e+00 -0.000000000000000000e+00 -0.000000000000000000e+00 -0.000000000000000000e+00 -0.000000000000000000e+00 -0.000000000000000000e+00 -0.000000000000000000e+00 -0.000000000000000000e+00 -0.000000000000000000e+00 -0.000000000000000000e+00 -0.000000000000000000e+00 -0.000000000000000000e+00 -0.000000000000000000e+00 -0.000000000000000000e+00 -0.000000000000000000e+00 -0.000000000000000000e+00 -0.000000000000000000e+00 -0.000000000000000000e+00 -0.000000000000000000e+00 -0.000000000000000000e+00 -0.000000000000000000e+00 -0.000000000000000000e+00 -0.000000000000000000e+00 -0.000000000000000000e+00 -0.000000000000000000e+00 -0.000000000000000000e+00 -0.000000000000000000e+00 -0.000000000000000000e+00 -0.000000000000000000e+00 -0.000000000000000000e+00 -0.000000000000000000e+00 -0.000000000000000000e+00 -0.000000000000000000e+00 -0.000000000000000000e+00 -0.000000000000000000e+00 -0.000000000000000000e+00 -0.000000000000000000e+00 -0.000000000000000000e+00 -0.000000000000000000e+00 -0.000000000000000000e+00 -0.000000000000000000e+00 -0.000000000000000000e+00 -0.000000000000000000e+00 -0.000000000000000000e+00 -0.000000000000000000e+00 -0.000000000000000000e+00 -0.000000000000000000e+00 -0.000000000000000000e+00 -0.000000000000000000e+00 -0.000000000000000000e+00 -0.000000000000000000e+00 -0.000000000000000000e+00 -0.000000000000000000e+00 -0.000000000000000000e+00 -0.000000000000000000e+00 -0.000000000000000000e+00 -0.000000000000000000e+00 -0.000000000000000000e+00 -0.000000000000000000e+00 -0.000000000000000000e+00 -0.000000000000000000e+00 -0.000000000000000000e+00 -0.000000000000000000e+00 -0.000000000000000000e+00 -0.000000000000000000e+00 -0.000000000000000000e+00 -0.000000000000000000e+00 -0.000000000000000000e+00 -0.000000000000000000e+00 -0.000000000000000000e+00 -0.000000000000000000e+00 -0.000000000000000000e+00 -0.000000000000000000e+00 -0.000000000000000000e+00 -0.000000000000000000e+00 -0.000000000000000000e+00 1.067949724899691320e-19 1.067949726427881462e-19 1.067949726427881462e-19 1.067949726427881462e-19 1.067949726427881462e-19 1.067949726427881462e-19 1.067949726427881462e-19 1.067949726427881462e-19 1.067949726427881462e-19 1.067949726427881462e-19 1.296037953743788400e-19 1.296037953743788400e-19 1.296037953743788400e-19 1.456899792168861917e-19 1.456899792168870103e-19 1.456899792168870103e-19 1.456899792168870103e-19 1.456899792168870103e-19 1.456899792168867695e-19 1.456899792168870825e-19 1.816563521274608889e-19 1.816563521274608889e-19 1.816563521274608889e-19 2.136182624001802694e-19 2.136182624001802694e-19 2.136182624001802694e-19 2.136182624001802694e-19 2.136183153789851451e-19 2.174450647252378018e-19 2.174450647252378018e-19 2.174450647252378018e-19 2.174425487158077889e-19 2.174425487158077408e-19 2.174425487158077408e-19 2.174425487158077408e-19 2.174425487158077408e-19 2.174425487158077408e-19 2.254444770303798691e-19 2.254444770311844745e-19 2.254444770311844745e-19 2.254444769860721174e-19 2.231580976672293597e-19 2.589500045668017029e-19 2.589500045668017029e-19 2.589500045668017029e-19 2.756714907391369283e-19 2.756714907391452098e-19 2.765562994550559363e-19 2.765562994550559363e-19 2.765562994550559363e-19 2.765562994550559363e-19 2.765562994550559363e-19 2.765562994550559363e-19 2.765562994550559363e-19 2.765562994550559363e-19 3.035307603131486561e-19 3.035307603131486561e-19 3.035307603131486561e-19 3.050168008372111720e-19 3.050168008372111720e-19 3.050168008372111720e-19 3.050168008372111720e-19 3.050168008372111720e-19 3.050168008372111720e-19 3.050168008372111720e-19 3.050168008372111720e-19 3.050168008372111720e-19 3.050168008372111720e-19 3.204353239999999217e-19
-0.000000000000000000e+00 -0.000000000000000000e+00 -0.000000000000000000e+00 -0.000000000000000000e+00 -0.000000000000000000e+00 -0.000000000000000000e+00 -0.000000000000000000e+00 -0.000000000000000000e+00 -0.000000000000000000e+00 -0.000000000000000000e+00 -0.000000000000000000e+00 -0.000000000000000000e+00 -0.000000000000000000e+00 -0.000000000000000000e+00 -0.000000000000000000e+00 -0.000000000000000000e+00 -0.000000000000000000e+00 -0.000000000000000000e+00 -0.000000000000000000e+00 -0.000000000000000000e+00 -0.000000000000000000e+00 -0.000000000000000000e+00 -0.000000000000000000e+00 -0.000000000000000000e+00 -0.000000000000000000e+00 -0.000000000000000000e+00 -0.000000000000000000e+00 -0.000000000000000000e+00 -0.000000000000000000e+00 -0.000000000000000000e+00 -0.000000000000000000e+00 -0.000000000000000000e+00 -0.000000000000000000e+00 -0.000000000000000000e+00 -0.000000000000000000e+00 -0.000000000000000000e+00 -0.000000000000000000e+00 -0.000000000000000000e+00 -0.000000000000000000e+00 -0.000000000000000000e+00 -0.000000000000000000e+00 -0.000000000000000000e+00 -0.000000000000000000e+00 -0.000000000000000000e+00 -0.000000000000000000e+00 -0.000000000000000000e+00 -0.000000000000000000e+00 -0.000000000000000000e+00 -0.000000000000000000e+00 -0.000000000000000000e+00 -0.000000000000000000e+00 -0.000000000000000000e+00 -0.000000000000000000e+00 -0.000000000000000000e+00 -0.000000000000000000e+00 -0.000000000000000000e+00 -0.000000000000000000e+00 -0.000000000000000000e+00 -0.000000000000000000e+00 -0.000000000000000000e+00 -0.000000000000000000e+00 -0.000000000000000000e+00 -0.000000000000000000e+00 -0.000000000000000000e+00 -0.000000000000000000e+00 -0.000000000000000000e+00 -0.000000000000000000e+00 -0.000000000000000000e+00 -0.000000000000000000e+00 -0.000000000000000000e+00 -0.000000000000000000e+00 -0.000000000000000000e+00 -0.000000000000000000e+00 -0.000000000000000000e+00 -0.000000000000000000e+00 -0.000000000000000000e+00 -0.000000000000000000e+00 -0.000000000000000000e+00 -0.000000000000000000e+00 -0.000000000000000000e+00 -0.000000000000000000e+00 -0.000000000000000000e+00 1.067949726427881462e-19 1.067949726427881462e-19 1.067949726427881462e-19 1.067949726427881462e-19 1.067949726427881462e-19 1.067949726427881462e-19 1.067949726427881462e-19 1.067949726427881462e-19 1.067949726427881462e-19 1.067949726427881462e-19 1.296037953743788400e-19 1.296037953743788400e-19 1.296037953743788400e-19 1.456899792168870103e-19 1.456899792168870103e-19 1.456899792168870103e-19 1.456899792168870103e-19 1.456899792168870103e-19 1.456899792168869380e-19 1.456899792168870825e-19 1.816563521274608889e-19 1.816563521274608889e-19 1.816563521274608889e-19 2.136182624001802694e-19 2.136182624001802694e-19 2.136182624001802694e-19 2.136182624001802694e-19 2.180637043749930960e-19 2.174450647252378018e-19 2.174450647252378018e-19 2.174450647252378018e-19 2.174425487158077408e-19 2.174425487158077408e-19 2.174425487158077408e-19 2.174425487158077408e-19 2.174425487158077408e-19 2.174425487158392297e-19 2.254444770311844745e-19 2.254444770311844745e-19 2.254444770311844745e-19 2.231580979342485205e-19 2.231580976672293597e-19 2.589500045668017029e-19 2.589500045668017029e-19 2.589500045668017029e-19 2.756714907391369283e-19 2.765560833350348120e-19 2.765562994550559363e-19 2.765562994550559363e-19 2.765562994550559363e-19 2.765562994550559363e-19 2.765562994550559363e-19 2.765562994550559363e-19 2.765562994550559363e-19 2.765562994552104440e-19 3.035307603131486561e-19 3.035307603131486561e-19 3.035307603131486561e-19 3.050168008372111720e-19 3.050168008372111720e-19 3.050168008372111720e-19 3.050168008372111720e-19 3.050168008372111720e-19 3.050168008372111720e-19 3.050168008372111720e-19 3.050168008372111720e-19 3.050168008372111720e-19 3.050168032989195158e-19
-0.000000000000000000e+00 -0.000000000000000000e+00 -0.000000000000000000e+00 -0.000000000000000000e+00 -0.000000000000000000e+00 -0.000000000000000000e+00 -0.000000000000000000e+00 -0.000000000000000000e+00 -0.000000000000000000e+00 -0.000000000000000000e+00 -0.000000000000000000e+00 -0.000000000000000000e+00 -0.000000000000000000e+00 -0.000000000000000000e+00 -0.000000000000000000e+00 -0.000000000000000000e+00 -0.000000000000000000e+00 -0.000000000000000000e+00 -0.000000000000000000e+00 -0.000000000000000000e+00 -0.000000000000000000e+00 -0.000000000000000000e+00 -0.000000000000000000e+00 -0.000000000000000000e+00 -0.000000000000000000e+00 -0.000000000000000000e+00 -0.000000000000000000e+00 -0.000000000000000000e+00 -0.000000000000000000e+00 -0.000000000000000000e+00 -0.000000000000000000e+00 -0.000000000000000000e+00 -0.000000000000000000e+00 -0.000000000000000000e+00 -0.000000000000000000e+00 -0.000000000000000000e+00 -0.000000000000000000e+00 -0.000000000000000000e+00 -0.000000000000000000e+00 -0.000000000000000000e+00 -0.000000000000000000e+00 -0.000000000000000000e+00 -0.000000000000000000e+00 -0.000000000000000000e+00 -0.000000000000000000e+00 -0.000000000000000000e+00 -0.000000000000000000e+00 -0.000000000000000000e+00 -0.000000000000000000e+00 -0.000000000000000000e+00 -0.000000000000000000e+00 -0.000000000000000000e+00 -0.000000000000000000e+00 -0.000000000000000000e+00 -0.000000000000000000e+00 -0.000000000000000000e+00 -0.000000000000000000e+00 -0.000000000000000000e+00 -0.000000000000000000e+00 -0.000000000000000000e+00 -0.000000000000000000e+00 -0.000000000000000000e+00 -0.000000000000000000e+00 -0.000000000000000000e+00 -0.000000000000000000e+00 -0.000000000000000000e+00 -0.000000000000000000e+00 -0.000000000000000000e+00 -0.000000000000000000e+00 -0.000000000000000000e+00 -0.000000000000000000e+00 -0.000000000000000000e+00 -0.000000000000000000e+00 -0.000000000000000000e+00 -0.000000000000000000e+00 -0.000000000000000000e+00 -0.000000000000000000e+00 -0.000000000000000000e+00 -0.000000000000000000e+00 -0.000000000000000000e+00 -0.000000000000000000e+00 -0.000000000000000000e+00 -0.000000000000000000e+00 1.067949726427881462e-19 1.067949726427881462e-19 1.067949726427881462e-19 1.067949726427881462e-19 1.067949726427881462e-19 1.067949726427881462e-19 1.067949726427881462e-19 1.067949726427881462e-19 1.067949726427881462e-19 1.067949726427881823e-19 1.296037953743788400e-19 1.296037953743788400e-19 1.296037953743788400e-19 1.456899792168870103e-19 1.456899792168870103e-19 1.456899792168870103e-19 1.456899792168870103e-19 1.456899792168870103e-19 1.456899792168870825e-19 1.457291857851221746e-19 1.816563521274608889e-19 1.816563521274608889e-19 1.816563521282189590e-19 2.136182624001802694e-19 2.136182624001802694e-19 2.136182624001802694e-19 2.136182624001802694e-19 2.174450651113393778e-19 2.174450647252378018e-19 2.174450647252378018e-19 2.174450647252378018e-19 2.174425487158077408e-19 2.174425487158077408e-19 2.174425487158077408e-19 2.174425487158077408e-19 2.174425487158077408e-19 2.214115219706307479e-19 2.254444770311844745e-19 2.254444770311844745e-19 2.254444770311844745e-19 2.231580976672293597e-19 2.231580976673277266e-19 2.589500045668017029e-19 2.589500045668017029e-19 2.589500045668017029e-19 2.756714907391369283e-19 2.765562994550559363e-19 2.765562994550559363e-19 2.765562994550559363e-19 2.765562994550559363e-19 2.765562994550559363e-19 2.765562994550559363e-19 2.765562994550559363e-19 2.765562994550559363e-19 2.978709581252527418e-19 3.035307603131486561e-19 3.035307603131486561e-19 3.035308324823856450e-19 3.050168008372111720e-19 3.050168008372111720e-19 3.050168008372111720e-19 3.050168008372111720e-19 3.050168008372111720e-19 3.050168008372111720e-19 3.050168008372111720e-19 3.050168008372111720e-19 3.050168008372111720e-19
-0.000000000000000000e+00 -0.000000000000000000e+00 -0.000000000000000000e+00 -0.000000000000000000e+00 -0.000000000000000000e+00 -0.000000000000000000e+00 -0.000000000000000000e+00 -0.000000000000000000e+00 -0.000000000000000000e+00 -0.000000000000000000e+00 -0.000000000000000000e+00 -0.000000000000000000e+00 -0.000000000000000000e+00 -0.000000000000000000e+00 -0.000000000000000000e+00 -0.000000000000000000e+00 -0.000000000000000000e+00 -0.000000000000000000e+00 -0.000000000000000000e+00 -0.000000000000000000e+00 -0.000000000000000000e+00 -0.000000000000000000e+00 -0.000000000000000000e+00 -0.000000000000000000e+00 -0.000000000000000000e+00 -0.000000000000000000e+00 -0.000000000000000000e+00 -0.000000000000000000e+00 -0.000000000000000000e+00 -0.000000000000000000e+00 -0.000000000000000000e+00 -0.000000000000000000e+00 -0.000000000000000000e+00 -0.000000000000000000e+00 -0.000000000000000000e+00 -0.000000000000000000e+00 -0.000000000000000000e+00 -0.000000000000000000e+00 -0.000000000000000000e+00 -0.000000000000000000e+00 -0.000000000000000000e+00 -0.000000000000000000e+00 -0.000000000000000000e+00 -0.000000000000000000e+00 -0.000000000000000000e+00 -0.000000000000000000e+00 -0.000000000000000000e+00 -0.000000000000000000e+00 -0.000000000000000000e+00 -0.000000000000000000e+00 -0.000000000000000000e+00 -0.000000000000000000e+00 -0.000000000000000000e+00 -0.000000000000000000e+00 -0.000000000000000000e+00 -0.000000000000000000e+00 -0.000000000000000000e+00 -0.000000000000000000e+00 -0.000000000000000000e+00 -0.000000000000000000e+00 -0.000000000000000000e+00 -0.000000000000000000e+00 -0.000000000000000000e+00 -0.000000000000000000e+00 -0.000000000000000000e+00 -0.000000000000000000e+00 -0.000000000000000000e+00 -0.000000000000000000e+00 -0.000000000000000000e+00 -0.000000000000000000e+00 -0.000000000000000000e+00 -0.000000000000000000e+00 -0.000000000000000000e+00 -0.000000000000000000e+00 -0.000000000000000000e+00 -0.000000000000000000e+00 -0.000000000000000000e+00 -0.000000000000000000e+00 -0.000000000000000000e+00 -0.000000000000000000e+00 -0.000000000000000000e+00 -0.000000000000000000e+00 -0.000000000000000000e+00 1.418301369548719543e-34 1.067949726427881462e-19 1.067949726427881462e-19 1.067949726427881462e-19 1.067949726427881462e-19 1.067949726427881462e-19 1.067949726427881462e-19 1.067949726427881462e-19 1.067949726427881462e-19 1.067949726427881462e-19 1.118380638587844853e-19 1.296037953743788400e-19 1.296037953743788400e-19 1.296037953749457374e-19 1.456899792168870103e-19 1.456899792168870103e-19 1.456899792168870103e-19 1.456899792168870103e-19 1.456899792168870103e-19 1.456899792168870825e-19 1.816563521273849350e-19 1.816563521274608889e-19 1.816563521274608889e-19 2.136151576574135877e-19 2.136182624001802694e-19 2.136182624001802694e-19 2.136182624001802694e-19 2.136182624001802694e-19 2.174450647252378018e-19 2.174450647252378018e-19 2.174450647252378018e-19 2.174450647252376092e-19 2.174425487158077408e-19 2.174425487158077408e-19 2.174425487158077408e-19 2.174425487158077408e-19 2.174425487158077408e-19 2.214126699309911427e-19 2.254444770311844745e-19 2.254444770311844745e-19 2.254444770311844745e-19 2.231580976672293597e-19 2.589165477625484076e-19 2.589500045668017029e-19 2.589500045668017029e-19 2.589501827230456934e-19 2.756714907391369283e-19 2.765562994550559363e-19 2.765562994550559363e-19 2.765562994550559363e-19 2.765562994550559363e-19 2.765562994550559363e-19 2.765562994550559363e-19 2.765562994550559363e-19 2.765562994550559363e-19 3.035307599569063128e-19 3.035307603131486561e-19 3.035307603131486561e-19 3.050168008371407311e-19 3.050168008372111720e-19 3.050168008372111720e-19 3.050168008372111720e-19 3.050168008372111720e-19 3.050168008372111720e-19 3.050168008372111720e-19 3.050168008372111720e-19 3.050168008372111720e-19
-0.000000000000000000e+00 -0.000000000000000000e+00 -0.000000000000000000e+00 -0.000000000000000000e+00 -0.000000000000000000e+00 -0.000000000000000000e+00 -0.000000000000000000e+00 -0.000000000000000000e+00 -0.000000000000000000e+00 -0.000000000000000000e+00 -0.000000000000000000e+00 -0.000000000000000000e+00 -0.000000000000000000e+00 -0.000000000000000000e+00 -0.000000000000000000e+00 -0.000000000000000000e+00 -0.000000000000000000e+00 -0.000000000000000000e+00 -0.000000000000000000e+00 -0.000000000000000000e+00 -0.000000000000000000e+00 -0.000000000000000000e+00 -0.000000000000000000e+00 -0.000000000000000000e+00 -0.000000000000000000e+00 -0.000000000000000000e+00 -0.000000000000000000e+00 -0.000000000000000000e+00 -0.000000000000000000e+00 -0.000000000000000000e+00 -0.000000000000000000e+00 -0.000000000000000000e+00 -0.000000000000000000e+00 -0.000000000000000000e+00 -0.000000000000000000e+00 -0.000000000000000000e+00 -0.000000000000000000e+00 -0.000000000000000000e+00 -0.000000000000000000e+00 -0.000000000000000000e+00 -0.000000000000000000e+00 -0.000000000000000000e+00 -0.000000000000000000e+00 -0.000000000000000000e+00 -0.000000000000000000e+00 -0.000000000000000000e+00 -0.000000000000000000e+00 -0.000000000000000000e+00 -0.000000000000000000e+00 -0.000000000000000000e+00 -0.000000000000000000e+00 -0.000000000000000000e+00 -0.000000000000000000e+00 -0.000000000000000000e+00 -0.000000000000000000e+00 -0.000000000000000000e+00 -0.000000000000000000e+00 -0.000000000000000000e+00 -0.000000000000000000e+00 -0.000000000000000000e+00 -0.000000000000000000e+00 -0.000000000000000000e+00 -0.000000000000000000e+00 -0.000000000000000000e+00 -0.000000000000000000e+00 -0.000000000000000000e+00 -0.000000000000000000e+00 -0.000000000000000000e+00 -0.000000000000000000e+00 -0.000000000000000000e+00 -0.000000000000000000e+00 -0.000000000000000000e+00 -0.000000000000000000e+00 -0.000000000000000000e+00 -0.000000000000000000e+00 -0.000000000000000000e+00 -0.000000000000000000e+00 -0.000000000000000000e+00 -0.000000000000000000e+00 -0.000000000000000000e+00 -0.000000000000000000e+00 -0.000000000000000000e+00 -0.000000000000000000e+00 -0.000000000000000000e+00 3.822282599971970133e-20 1.067949726427881462e-19 1.067949726427881462e-19 1.067949726427881462e-19 1.067949726427881462e-19 1.067949726427881462e-19 1.067949726427881462e-19 1.067949726427881462e-19 1.067949726427881462e-19 1.067949726427881462e-19 1.296037953743767696e-19 1.296037953743788400e-19 1.296037953743788400e-19 1.456889272979366767e-19 1.456899792168870103e-19 1.456899792168870103e-19 1.456899792168870103e-19 1.456899792168870103e-19 1.456899792168870825e-19 1.456899792168870825e-19 1.816563521274608889e-19 1.816563521274608889e-19 1.816563521274608889e-19 2.136182624001802694e-19 2.136182624001802694e-19 2.136182624001802694e-19 2.136182624001802694e-19 2.136182624001803657e-19 2.174450647252378018e-19 2.174450647252378018e-19 2.174450647252378018e-19 2.174425489885797507e-19 2.174425487158077408e-19 2.174425487158077408e-19 2.174425487158077408e-19 2.174425487158077408e-19 2.174425487158077408e-19 2.246374641023876485e-19 2.254444770311844745e-19 2.254444770311844745e-19 2.254444770311844745e-19 2.231580976672293597e-19 2.589500045668017029e-19 2.589500045668017029e-19 2.589500045668017029e-19 2.756714907355299022e-19 2.756714907391369283e-19 2.765562994550559363e-19 2.765562994550559363e-19 2.765562994550559363e-19 2.765562994550559363e-19 2.765562994550559363e-19 2.765562994550559363e-19 2.765562994550559363e-19 2.765562994550559363e-19 3.035307603131486561e-19 3.035307603131486561e-19 3.035307603131486561e-19 3.050168008372111720e-19 3.050168008372111720e-19 3.050168008372111720e-19 3.050168008372111720e-19 3.050168008372111720e-19 3.050168008372111720e-19 3.050168008372111720e-19 3.050168008372111720e-19
-0.000000000000000000e+00 -0.000000000000000000e+00 -0.000000000000000000e+00 -0.000000000000000000e+00 -0.000000000000000000e+00 -0.000000000000000000e+00 -0.000000000000000000e+00 -0.000000000000000000e+00 -0.000000000000000000e+00 -0.000000000000000000e+00 -0.000000000000000000e+00 -0.000000000000000000e+00 -0.000000000000000000e+00 -0.000000000000000000e+00 -0.000000000000000000e+00 -0.000000000000000000e+00 -0.000000000000000000e+00 -0.000000000000000000e+00 -0.000000000000000000e+00 -0.000000000000000000e+00 -0.000000000000000000e+00 -0.000000000000000000e+00 -0.000000000000000000e+00 -0.000000000000000000e+00 -0.000000000000000000e+00 -0.000000000000000000e+00 -0.000000000000000000e+00 -0.000000000000000000e+00 -0.000000000000000000e+00 -0.000000000000000000e+00 -0.000000000000000000e+00 -0.000000000000000000e+00 -0.000000000000000000e+00 -0.000000000000000000e+00 -0.000000000000000000e+00 -0.000000000000000000e+00 -0.000000000000000000e+00 -0.000000000000000000e+00 -0.000000000000000000e+00 -0.000000000000000000e+00 -0.000000000000000000e+00 -0.000000000000000000e+00 -0.000000000000000000e+00 -0.000000000000000000e+00 -0.000000000000000000e+00 -0.000000000000000000e+00 -0.000000000000000000e+00 -0.000000000000000000e+00 -0.000000000000000000e+00 -0.000000000000000000e+00 -0.000000000000000000e+00 -0.000000000000000000e+00 -0.000000000000000000e+00 -0.000000000000000000e+00 -0.000000000000000000e+00 -0.000000000000000000e+00 -0.000000000000000000e+00 -0.000000000000000000e+00 -0.000000000000000000e+00 -0.000000000000000000e+00 -0.000000000000000000e+00 -0.000000000000000000e+00 -0.000000000000000000e+00 -0.000000000000000000e+00 -0.000000000000000000e+00 -0.000000000000000000e+00 -0.000000000000000000e+00 -0.000000000000000000e+00 -0.000000000000000000e+00 -0.000000000000000000e+00 -0.000000000000000000e+00 -0.000000000000000000e+00 -0.000000000000000000e+00 -0.000000000000000000e+00 -0.000000000000000000e+00 -0.000000000000000000e+00 -0.000000000000000000e+00 -0.000000000000000000e+00 -0.000000000000000000e+00 -0.000000000000000000e+00 -0.000000000000000000e+00 -0.000000000000000000e+00 -0.000000000000000000e+00 -0.000000000000000000e+00 -0.000000000000000000e+00 1.067949726427877370e-19 1.067949726427881462e-19 1.067949726427881462e-19 1.067949726427881462e-19 1.067949726427881462e-19 1.067949726427881462e-19 1.067949726427881462e-19 1.067949726427881462e-19 1.067949726427881462e-19 1.067949726427881462e-19 1.296037953743788400e-19 1.296037953743788400e-19 1.296037953743788400e-19 1.456899792168870103e-19 1.456899792168870103e-19 1.456899792168870103e-19 1.456899792168870103e-19 1.456899792168870103e-19 1.456899792168868899e-19 1.456899792168870825e-19 1.816563521274608889e-19 1.816563521274608889e-19 1.816563521274608889e-19 2.136182624001802694e-19 2.136182624001802694e-19 2.136182624001802694e-19 2.136182624001802694e-19 2.171963454527686779e-19 2.174450647252378018e-19 2.174450647252378018e-19 2.174450647252378018e-19 2.174425487158077408e-19 2.174425487158077408e-19 2.174425487158077408e-19 2.174425487158077408e-19 2.174425487158077408e-19 2.174425487158077408e-19 2.254444770311845227e-19 2.254444770311844745e-19 2.254444770311844745e-19 2.254289674729556093e-19 2.231580976672293597e-19 2.589500045668017029e-19 2.589500045668017029e-19 2.589500045668017029e-19 2.756714907391369283e-19 2.756714936277975073e-19 2.765562994550559363e-19 2.765562994550559363e-19 2.765562994550559363e-19 2.765562994550559363e-19 2.765562994550559363e-19 2.765562994550559363e-19 2.765562994550559363e-19 2.765562994550559363e-19 3.035307603131486561e-19 3.035307603131486561e-19 3.035307603131486561e-19 3.050168008372111720e-19 3.050168008372111720e-19 3.050168008372111720e-19 3.050168008372111720e-19 3.050168008372111720e-19 3.050168008372111720e-19 3.050168008372111720e-19
-0.000000000000000000e+00 -0.000000000000000000e+00 -0.000000000000000000e+00 -0.000000000000000000e+00 -0.000000000000000000e+00 -0.000000000000000000e+00 -0.000000000000000000e+00 -0.000000000000000000e+00 -0.000000000000000000e+00 -0.000000000000000000e+00 -0.000000000000000000e+00 -0.000000000000000000e+00 -0.000000000000000000e+00 -0.000000000000000000e+00 -0.000000000000000000e+00 -0.000000000000000000e+00 -0.000000000000000000e+00 -0.000000000000000000e+00 -0.000000000000000000e+00 -0.000000000000000000e+00 -0.000000000000000000e+00 -0.000000000000000000e+00 -0.000000000000000000e+00 -0.000000000000000000e+00 -0.000000000000000000e+00 -0.000000000000000000e+00 -0.000000000000000000e+00 -0.000000000000000000e+00 -0.000000000000000000e+00 -0.000000000000000000e+00 -0.000000000000000000e+00 -0.000000000000000000e+00 -0.000000000000000000e+00 -0.000000000000000000e+00 -0.000000000000000000e+00 -0.000000000000000000e+00 -0.000000000000000000e+00 -0.000000000000000000e+00 -0.000000000000000000e+00 -0.000000000000000000e+00 -0.000000000000000000e+00 -0.000000000000000000e+00 -0.000000000000000000e+00 -0.000000000000000000e+00 -0.000000000000000000e+00 -0.000000000000000000e+00 -0.000000000000000000e+00 -0.000000000000000000e+00 -0.000000000000000000e+00 -0.000000000000000000e+00 -0.000000000000000000e+00 -0.000000000000000000e+00 -0.000000000000000000e+00 -0.000000000000000000e+00 -0.000000000000000000e+00 -0.000000000000000000e+00 -0.000000000000000000e+00 -0.000000000000000000e+00 -0.000000000000000000e+00 -0.000000000000000000e+00 -0.000000000000000000e+00 -0.000000000000000000e+00 -0.000000000000000000e+00 -0.000000000000000000e+00 -0.000000000000000000e+00 -0.000000000000000000e+00 -0.000000000000000000e+00 -0.000000000000000000e+00 -0.000000000000000000e+00 -0.000000000000000000e+00 -0.000000000000000000e+00 -0.000000000000000000e+00 -0.000000000000000000e+00 -0.000000000000000000e+00 -0.000000000000000000e+00 -0.000000000000000000e+00 -0.000000000000000000e+00 -0.000000000000000000e+00 -0.000000000000000000e+00 -0.000000000000000000e+00 -0.000000000000000000e+00 -0.000000000000000000e+00 -0.000000000000000000e+00 -0.000000000000000000e+00 -0.000000000000000000e+00 -0.000000000000000000e+00 1.067949726427881462e-19 1.067949726427881462e-19 1.067949726427881462e-19 1.067949726427881462e-19 1.067949726427881462e-19 1.067949726427881462e-19 1.067949726427881462e-19 1.067949726427881462e-19 1.067949726427881462e-19 1.067949726427881462e-19 1.296037953743788400e-19 1.296037953743788400e-19 1.296037953743788400e-19 1.456899792168870103e-19 1.456899792168870103e-19 1.456899792168870103e-19 1.456899792168870103e-19 1.456899792168870103e-19 1.456899792168870825e-19 1.456899792169183307e-19 1.816563521274608889e-19 1.816563521274608889e-19 1.816563521274608889e-19 2.136182624001802694e-19 2.136182624001802694e-19 2.136182624001802694e-19 2.136182624001802694e-19 2.180629147540451410e-19 2.174450647252378018e-19 2.174450647252378018e-19 2.174450647252378018e-19 2.174425487158077408e-19 2.174425487158077408e-19 2.174425487158077408e-19 2.174425487158077408e-19 2.174425487158077408e-19 2.174425595667406776e-19 2.254444770311844745e-19 2.254444770311844745e-19 2.254444770311844745e-19 2.231580976672300819e-19 2.231580976672293597e-19 2.589500045668017029e-19 2.589500045668017029e-19 2.589500045668017029e-19 2.756714907391369283e-19 2.765562994544314535e-19 2.765562994550559363e-19 2.765562994550559363e-19 2.765562994550559363e-19 2.765562994550559363e-19 2.765562994550559363e-19 2.765562994550559363e-19 2.765562994550559363e-19 2.765563529532008456e-19 3.035307603131486561e-19 3.035307603131486561e-19 3.035307603131486080e-19 3.050168008372111720e-19 3.050168008372111720e-19 3.050168008372111720e-19 3.050168008372111720e-19 3.050168008372111720e-19 3.050168008372111720e-19
-0.000000000000000000e+00 -0.000000000000000000e+00 -0.000000000000000000e+00 -0.000000000000000000e+00 -0.000000000000000000e+00 -0.000000000000000000e+00 -0.000000000000000000e+00 -0.000000000000000000e+00 -0.000000000000000000e+00 -0.000000000000000000e+00 -0.000000000000000000e+00 -0.000000000000000000e+00 -0.000000000000000000e+00 -0.000000000000000000e+00 -0.000000000000000000e+00 -0.000000000000000000e+00 -0.000000000000000000e+00 -0.000000000000000000e+00 -0.000000000000000000e+00 -0.000000000000000000e+00 -0.000000000000000000e+00 -0.000000000000000000e+00 -0.000000000000000000e+00 -0.000000000000000000e+00 -0.000000000000000000e+00 -0.000000000000000000e+00 -0.000000000000000000e+00 -0.000000000000000000e+00 -0.000000000000000000e+00 -0.000000000000000000e+00 -0.000000000000000000e+00 -0.000000000000000000e+00 -0.000000000000000000e+00 -0.000000000000000000e+00 -0.000000000000000000e+00 -0.000000000000000000e+00 -0.000000000000000000e+00 -0.000000000000000000e+00 -0.000000000000000000e+00 -0.000000000000000000e+00 -0.000000000000000000e+00 -0.000000000000000000e+00 -0.000000000000000000e+00 -0.000000000000000000e+00 -0.000000000000000000e+00 -0.000000000000000000e+00 -0.000000000000000000e+00 -0.000000000000000000e+00 -0.000000000000000000e+00 -0.000000000000000000e+00 -0.000000000000000000e+00 -0.000000000000000000e+00 -0.000000000000000000e+00 -0.000000000000000000e+00 -0.000000000000000000e+00 -0.000000000000000000e+00 -0.000000000000000000e+00 -0.000000000000000000e+00 -0.000000000000000000e+00 -0.000000000000000000e+00 -0.000000000000000000e+00 -0.000000000000000000e+00 -0.000000000000000000e+00 -0.000000000000000000e+00 -0.000000000000000000e+00 -0.000000000000000000e+00 -0.000000000000000000e+00 -0.000000000000000000e+00 -0.000000000000000000e+00 -0.000000000000000000e+00 -0.000000000000000000e+00 -0.000000000000000000e+00 -0.000000000000000000e+00 -0.000000000000000000e+00 -0.000000000000000000e+00 -0.000000000000000000e+00 -0.000000000000000000e+00 -0.000000000000000000e+00 -0.000000000000000000e+00 -0.000000000000000000e+00 -0.000000000000000000e+00 -0.000000000000000000e+00 -0.000000000000000000e+00 -0.000000000000000000e+00 -0.000000000000000000e+00 -0.000000000000000000e+00 -0.000000000000000000e+00 1.067949726427881462e-19 1.067949726427881462e-19 1.067949726427881462e-19 1.067949726427881462e-19 1.067949726427881462e-19 1.067949726427881462e-19 1.067949726427881462e-19 1.067949726427881462e-19 1.067949726427881462e-19 1.067949726480512794e-19 1.296037953743788400e-19 1.296037953743788400e-19 1.296037953743788400e-19 1.456899792168870103e-19 1.456899792168870103e-19 1.456899792168870103e-19 1.456899792168870103e-19 1.456899792168870103e-19 1.456899792168870825e-19 1.815613893509118634e-19 1.816563521274608889e-19 1.816563521274608889e-19 1.816566145467006778e-19 2.136182624001802694e-19 2.136182624001802694e-19 2.136182624001802694e-19 2.136182624001802694e-19 2.174450647252388129e-19 2.174450647252378018e-19 2.174450647252378018e-19 2.174450647252378018e-19 2.174425487158077408e-19 2.174425487158077408e-19 2.174425487158077408e-19 2.174425487158077408e-19 2.174425487158077408e-19 2.214126699276735839e-19 2.254444770311844745e-19 2.254444770311844745e-19 2.254444770311844745e-19 2.231580976672293597e-19 2.231581317555073554e-19 2.589500045668017029e-19 2.589500045668017029e-19 2.589500045668017029e-19 2.756714907391369283e-19 2.765562994550559363e-19 2.765562994550559363e-19 2.765562994550559363e-19 2.765562994550559363e-19 2.765562994550559363e-19 2.765562994550559363e-19 2.765562994550559363e-19 2.765562994550559363e-19 2.979485847403459679e-19 3.035307603131486561e-19 3.035307603131486561e-19 3.049333684464227545e-19 3.050168008372111720e-19 3.050168008372111720e-19 3.050168008372111720e-19 3.050168008372111720e-19 3.050168008372111720e-19
-0.000000000000000000e+00 -0.000000000000000000e+00 -0.000000000000000000e+00 -0.000000000000000000e+00 -0.000000000000000000e+00 -0.000000000000000000e+00 -0.000000000000000000e+00 -0.000000000000000000e+00 -0.000000000000000000e+00 -0.000000000000000000e+00 -0.000000000000000000e+00 -0.000000000000000000e+00 -0.000000000000000000e+00 -0.000000000000000000e+00 -0.000000000000000000e+00 -0.000000000000000000e+00 -0.000000000000000000e+00 -0.000000000000000000e+00 -0.000000000000000000e+00 -0.000000000000000000e+00 -0.000000000000000000e+00 -0.000000000000000000e+00 -0.000000000000000000e+00 -0.000000000000000000e+00 -0.000000000000000000e+00 -0.000000000000000000e+00 -0.000000000000000000e+00 -0.000000000000000000e+00 -0.000000000000000000e+00 -0.000000000000000000e+00 -0.000000000000000000e+00 -0.000000000000000000e+00 -0.000000000000000000e+00 -0.000000000000000000e+00 -0.000000000000000000e+00 -0.000000000000000000e+00 -0.000000000000000000e+00 -0.000000000000000000e+00 -0.000000000000000000e+00 -0.000000000000000000e+00 -0.000000000000000000e+00 -0.000000000000000000e+00 -0.000000000000000000e+00 -0.000000000000000000e+00 -0.000000000000000000e+00 -0.000000000000000000e+00 -0.000000000000000000e+00 -0.000000000000000000e+00 -0.000000000000000000e+00 -0.000000000000000000e+00 -0.000000000000000000e+00 -0.000000000000000000e+00 -0.000000000000000000e+00 -0.000000000000000000e+00 -0.000000000000000000e+00 -0.000000000000000000e+00 -0.000000000000000000e+00 -0.000000000000000000e+00 -0.000000000000000000e+00 -0.000000000000000000e+00 -0.000000000000000000e+00 -0.000000000000000000e+00 -0.000000000000000000e+00 -0.000000000000000000e+00 -0.000000000000000000e+00 -0.000000000000000000e+00 -0.000000000000000000e+00 -0.000000000000000000e+00 -0.000000000000000000e+00 -0.000000000000000000e+00 -0.000000000000000000e+00 -0.000000000000000000e+00 -0.000000000000000000e+00 -0.000000000000000000e+00 -0.000000000000000000e+00 -0.000000000000000000e+00 -0.000000000000000000e+00 -0.000000000000000000e+00 -0.000000000000000000e+00 -0.000000000000000000e+00 -0.000000000000000000e+00 -0.000000000000000000e+00 -0.000000000000000000e+00 -0.000000000000000000e+00 -0.000000000000000000e+00 -0.000000000000000000e+00 -0.000000000000000000e+00 4.748182987291885215e-29 1.067949726427881462e-19 1.067949726427881462e-19 1.067949726427881462e-19 1.067949726427881462e-19 1.067949726427881462e-19 1.067949726427881462e-19 1.067949726427881462e-19 1.067949726427881462e-19 1.067949726427881462e-19 1.296011418680658337e-19 1.296037953743788400e-19 1.296037953743788400e-19 1.296039915710682589e-19 1.456899792168870103e-19 1.456899792168870103e-19 1.456899792168870103e-19 1.456899792168870103e-19 1.456899792168870103e-19 1.456899792168870825e-19 1.816563521274608889e-19 1.816563521274608889e-19 1.816563521274608889e-19 2.136182623912100340e-19 2.136182624001802694e-19 2.136182624001802694e-19 2.136182624001802694e-19 2.136182624001802694e-19 2.174450647252378018e-19 2.174450647252378018e-19 2.174450647252378018e-19 2.174450647067290373e-19 2.174425487158077408e-19 2.174425487158077408e-19 2.174425487158077408e-19 2.174425487158077408e-19 2.174425487158077408e-19 2.214126699438391658e-19 2.254444770311844745e-19 2.254444770311844745e-19 2.254444770311844745e-19 2.231580976672293597e-19 2.589500044700427899e-19 2.589500045668017029e-19 2.589500045668017029e-19 2.721096723108028484e-19 2.756714907391369283e-19 2.765562994550559363e-19 2.765562994550559363e-19 2.765562994550559363e-19 2.765562994550559363e-19 2.765562994550559363e-19 2.765562994550559363e-19 2.765562994550559363e-19 2.765562994550559363e-19 3.035307603131477413e-19 3.035307603131486561e-19 3.035307603131486561e-19 3.050168008372112201e-19 3.050168008372111720e-19 3.050168008372111720e-19 3.050168008372111720e-19 3.050168008372111720e-19
-0.000000000000000000e+00 -0.000000000000000000e+00 -0.000000000000000000e+00 -0.000000000000000000e+00 -0.000000000000000000e+00 -0.000000000000000000e+00 -0.000000000000000000e+00 -0.000000000000000000e+00 -0.000000000000000000e+00 -0.000000000000000000e+00 -0.000000000000000000e+00 -0.000000000000000000e+00 -0.000000000000000000e+00 -0.000000000000000000e+00 -0.000000000000000000e+00 -0.000000000000000000e+00 -0.000000000000000000e+00 -0.000000000000000000e+00 -0.000000000000000000e+00 -0.000000000000000000e+00 -0.000000000000000000e+00 -0.000000000000000000e+00 -0.000000000000000000e+00 -0.000000000000000000e+00 -0.000000000000000000e+00 -0.000000000000000000e+00 -0.000000000000000000e+00 -0.000000000000000000e+00 -0.000000000000000000e+00 -0.000000000000000000e+00 -0.000000000000000000e+00 -0.000000000000000000e+00 -0.000000000000000000e+00 -0.000000000000000000e+00 -0.000000000000000000e+00 -0.000000000000000000e+00 -0.000000000000000000e+00 -0.000000000000000000e+00 -0.000000000000000000e+00 -0.000000000000000000e+00 -0.000000000000000000e+00 -0.000000000000000000e+00 -0.000000000000000000e+00 -0.000000000000000000e+00 -0.000000000000000000e+00 -0.000000000000000000e+00 -0.000000000000000000e+00 -0.000000000000000000e+00 -0.000000000000000000e+00 -0.000000000000000000e+00 -0.000000000000000000e+00 -0.000000000000000000e+00 -0.000000000000000000e+00 -0.000000000000000000e+00 -0.000000000000000000e+00 -0.000000000000000000e+00 -0.000000000000000000e+00 -0.000000000000000000e+00 -0.000000000000000000e+00 -0.000000000000000000e+00 -0.000000000000000000e+00 -0.000000000000000000e+00 -0.000000000000000000e+00 -0.000000000000000000e+00 -0.000000000000000000e+00 -0.000000000000000000e+00 -0.000000000000000000e+00 -0.000000000000000000e+00 -0.000000000000000000e+00 -0.000000000000000000e+00 -0.000000000000000000e+00 -0.000000000000000000e+00 -0.000000000000000000e+00 -0.000000000000000000e+00 -0.000000000000000000e+00 -0.000000000000000000e+00 -0.000000000000000000e+00 -0.000000000000000000e+00 -0.000000000000000000e+00 -0.000000000000000000e+00 -0.000000000000000000e+00 -0.000000000000000000e+00 -0.000000000000000000e+00 -0.000000000000000000e+00 -0.000000000000000000e+00 -0.000000000000000000e+00 -0.000000000000000000e+00 -0.000000000000000000e+00 1.067944191469881804e-19 1.067949726427881462e-19 1.067949726427881462e-19 1.067949726427881462e-19 1.067949726427881462e-19 1.067949726427881462e-19 1.067949726427881462e-19 1.067949726427881462e-19 1.067949726427881462e-19 1.067949726427881462e-19 1.296037953743788400e-19 1.296037953743788400e-19 1.296037953743788400e-19 1.456899792138478447e-19 1.456899792168870103e-19 1.456899792168870103e-19 1.456899792168870103e-19 1.456899792168870103e-19 1.456899792168870584e-19 1.456899792168870825e-19 1.816563521274608889e-19 1.816563521274608889e-19 1.816563521274608889e-19 2.136182624001802694e-19 2.136182624001802694e-19 2.136182624001802694e-19 2.136182624001802694e-19 2.136182624148079480e-19 2.174450647252378018e-19 2.174450647252378018e-19 2.174450647252378018e-19 2.174425487158086074e-19 2.174425487158077408e-19 2.174425487158077408e-19 2.174425487158077408e-19 2.174425487158077408e-19 2.174425487158077408e-19 2.254444741164126669e-19 2.254444770311844745e-19 2.254444770311844745e-19 2.254444770311720041e-19 2.231580976672293597e-19 2.589500045668017029e-19 2.589500045668017029e-19 2.589500045668017029e-19 2.756714907391368801e-19 2.756714907391368801e-19 2.765562994550559363e-19 2.765562994550559363e-19 2.765562994550559363e-19 2.765562994550559363e-19 2.765562994550559363e-19 2.765562994550559363e-19 2.765562994550559363e-19 2.765562994550559363e-19 3.035307603131486561e-19 3.035307603131486561e-19 3.035307603131486561e-19 3.050168008372111720e-19 3.050168008372111720e-19 3.050168008372111720e-19 3.050168008372111720e-19
-0.000000000000000000e+00 -0.000000000000000000e+00 -0.000000000000000000e+00 -0.000000000000000000e+00 -0.000000000000000000e+00 -0.000000000000000000e+00 -0.000000000000000000e+00 -0.000000000000000000e+00 -0.000000000000000000e+00 -0.000000000000000000e+00 -0.000000000000000000e+00 -0.000000000000000000e+00 -0.000000000000000000e+00 -0.000000000000000000e+00 -0.000000000000000000e+00 -0.000000000000000000e+00 -0.000000000000000000e+00 -0.000000000000000000e+00 -0.000000000000000000e+00 -0.000000000000000000e+00 -0.000000000000000000e+00 -0.000000000000000000e+00 -0.000000000000000000e+00 -0.000000000000000000e+00 -0.000000000000000000e+00 -0.000000000000000000e+00 -0.000000000000000000e+00 -0.000000000000000000e+00 -0.000000000000000000e+00 -0.000000000000000000e+00 -0.000000000000000000e+00 -0.000000000000000000e+00 -0.000000000000000000e+00 -0.000000000000000000e+00 -0.000000000000000000e+00 -0.000000000000000000e+00 -0.000000000000000000e+00 -0.000000000000000000e+00 -0.000000000000000000e+00 -0.000000000000000000e+00 -0.000000000000000000e+00 -0.000000000000000000e+00 -0.000000000000000000e+00 -0.000000000000000000e+00 -0.000000000000000000e+00 -0.000000000000000000e+00 -0.000000000000000000e+00 -0.000000000000000000e+00 -0.000000000000000000e+00 -0.000000000000000000e+00 -0.000000000000000000e+00 -0.000000000000000000e+00 -0.000000000000000000e+00 -0.000000000000000000e+00 -0.000000000000000000e+00 -0.000000000000000000e+00 -0.000000000000000000e+00 -0.000000000000000000e+00 -0.000000000000000000e+00 -0.000000000000000000e+00 -0.000000000000000000e+00 -0.000000000000000000e+00 -0.000000000000000000e+00 -0.000000000000000000e+00 -0.000000000000000000e+00 -0.000000000000000000e+00 -0.000000000000000000e+00 -0.000000000000000000e+00 -0.000000000000000000e+00 -0.000000000000000000e+00 -0.000000000000000000e+00 -0.000000000000000000e+00 -0.000000000000000000e+00 -0.000000000000000000e+00 -0.000000000000000000e+00 -0.000000000000000000e+00 -0.000000000000000000e+00 -0.000000000000000000e+00 -0.000000000000000000e+00 -0.000000000000000000e+00 -0.000000000000000000e+00 -0.000000000000000000e+00 -0.000000000000000000e+00 -0.000000000000000000e+00 -0.000000000000000000e+00 -0.000000000000000000e+00 -0.000000000000000000e+00 -0.000000000000000000e+00 -0.000000000000000000e+00 1.067949726427881462e-19 1.067949726427881462e-19 1.067949726427881462e-19 1.067949726427881462e-19 1.067949726427881462e-19 1.067949726427881462e-19 1.067949726427881462e-19 1.067949726427881462e-19 1.067949726427881462e-19 1.067949726427881462e-19 1.296037953743788400e-19 1.296037953743788400e-19 1.296037953743788400e-19 1.456899792168870103e-19 1.456899792168870103e-19 1.456899792168870103e-19 1.456899792168870103e-19 1.456899792168870103e-19 1.456899792168870103e-19 1.456899792168870825e-19 1.816563521274608889e-19 1.816563521274608889e-19 1.816563521274608889e-19 2.136182624001802694e-19 2.136182624001802694e-19 2.136182624001802694e-19 2.136182624001802694e-19 2.180637012649584254e-19 2.174450647252378018e-19 2.174450647252378018e-19 2.174450647252378018e-19 2.174425487158077408e-19 2.174425487158077408e-19 2.174425487158077408e-19 2.174425487158077408e-19 2.174425487158077408e-19 2.174425487158077889e-19 2.254444770311844745e-19 2.254444770311844745e-19 2.254444770311844745e-19 2.231590643817786250e-19 2.231580976672293597e-19 2.589500045668017029e-19 2.589500045668017029e-19 2.589500045668017029e-19 2.756714907391369283e-19 2.761409115312196892e-19 2.765562994550559363e-19 2.765562994550559363e-19 2.765562994550559363e-19 2.765562994550559363e-19 2.765562994550559363e-19 2.765562994550559363e-19 2.765562994550559363e-19 2.765562994550560326e-19 3.035307603131486561e-19 3.035307603131486561e-19 3.035307603131486561e-19 3.050168008372111720e-19 3.050168008372111720e-19 3.050168008372111720e-19
-0.000000000000000000e+00 -0.000000000000000000e+00 -0.000000000000000000e+00 -0.000000000000000000e+00 -0.000000000000000000e+00 -0.000000000000000000e+00 -0.000000000000000000e+00 -0.000000000000000000e+00 -0.000000000000000000e+00 -0.000000000000000000e+00 -0.000000000000000000e+00 -0.000000000000000000e+00 -0.000000000000000000e+00 -0.000000000000000000e+00 -0.000000000000000000e+00 -0.000000000000000000e+00 -0.000000000000000000e+00 -0.000000000000000000e+00 -0.000000000000000000e+00 -0.000000000000000000e+00 -0.000000000000000000e+00 -0.000000000000000000e+00 -0.000000000000000000e+00 -0.000000000000000000e+00 -0.000000000000000000e+00 -0.000000000000000000e+00 -0.000000000000000000e+00 -0.000000000000000000e+00 -0.000000000000000000e+00 -0.000000000000000000e+00 -0.000000000000000000e+00 -0.000000000000000000e+00 -0.000000000000000000e+00 -0.000000000000000000e+00 -0.000000000000000000e+00 -0.000000000000000000e+00 -0.000000000000000000e+00 -0.000000000000000000e+00 -0.000000000000000000e+00 -0.000000000000000000e+00 -0.000000000000000000e+00 -0.000000000000000000e+00 -0.000000000000000000e+00 -0.000000000000000000e+00 -0.000000000000000000e+00 -0.000000000000000000e+00 -0.000000000000000000e+00 -0.000000000000000000e+00 -0.000000000000000000e+00 -0.000000000000000000e+00 -0.000000000000000000e+00 -0.000000000000000000e+00 -0.000000000000000000e+00 -0.000000000000000000e+00 -0.000000000000000000e+00 -0.000000000000000000e+00 -0.000000000000000000e+00 -0.000000000000000000e+00 -0.000000000000000000e+00 -0.000000000000000000e+00 -0.000000000000000000e+00 -0.000000000000000000e+00 -0.000000000000000000e+00 -0.000000000000000000e+00 -0.000000000000000000e+00 -0.000000000000000000e+00 -0.000000000000000000e+00 -0.000000000000000000e+00 -0.000000000000000000e+00 -0.000000000000000000e+00 -0.000000000000000000e+00 -0.000000000000000000e+00 -0.000000000000000000e+00 -0.000000000000000000e+00 -0.000000000000000000e+00 -0.000000000000000000e+00 -0.000000000000000000e+00 -0.000000000000000000e+00 -0.000000000000000000e+00 -0.000000000000000000e+00 -0.000000000000000000e+00 -0.000000000000000000e+00 -0.000000000000000000e+00 -0.000000000000000000e+00 -0.000000000000000000e+00 -0.000000000000000000e+00 -0.000000000000000000e+00 -0.000000000000000000e+00 -0.000000000000000000e+00 -0.000000000000000000e+00 1.067949726427881462e-19 1.067949726427881462e-19 1.067949726427881462e-19 1.067949726427881462e-19 1.067949726427881462e-19 1.067949726427881462e-19 1.067949726427881462e-19 1.067949726427881462e-19 1.067949726427881462e-19 1.067949726427881462e-19 1.296037953743788400e-19 1.296037953743788400e-19 1.296037953743788400e-19 1.456899792168870103e-19 1.456899792168870103e-19 1.456899792168870103e-19 1.456899792168870103e-19 1.456899792168870103e-19 1.456899792168870825e-19 1.456899900534897283e-19 1.816563521274608889e-19 1.816563521274608889e-19 1.816563521274609852e-19 2.136182624001802694e-19 2.136182624001802694e-19 2.136182624001802694e-19 2.136182624001802694e-19 2.174464600029017881e-19 2.174450647252378018e-19 2.174450647252378018e-19 2.174450647252378018e-19 2.174425487158077408e-19 2.174425487158077408e-19 2.174425487158077408e-19 2.174425487158077408e-19 2.174425487158077408e-19 2.193780819354832602e-19 2.254444770311844745e-19 2.254444770311844745e-19 2.254444770311844745e-19 2.231580976672293597e-19 2.231580976672292634e-19 2.589500045668017029e-19 2.589500045668017029e-19 2.589500045668017029e-19 2.756714907391369283e-19 2.765562994550559363e-19 2.765562994550559363e-19 2.765562994550559363e-19 2.765562994550559363e-19 2.765562994550559363e-19 2.765562994550559363e-19 2.765562994550559363e-19 2.765562994550559363e-19 2.863857477367758274e-19 3.035307603131486561e-19 3.035307603131486561e-19 3.035307603330753384e-19 3.050168008372111720e-19 3.050168008372111720e-19
-0.000000000000000000e+00 -0.000000000000000000e+00 -0.000000000000000000e+00 -0.000000000000000000e+00 -0.000000000000000000e+00 -0.000000000000000000e+00 -0.000000000000000000e+00 -0.000000000000000000e+00 -0.000000000000000000e+00 -0.000000000000000000e+00 -0.000000000000000000e+00 -0.000000000000000000e+00 -0.000000000000000000e+00 -0.000000000000000000e+00 -0.000000000000000000e+00 -0.000000000000000000e+00 -0.000000000000000000e+00 -0.000000000000000000e+00 -0.000000000000000000e+00 -0.000000000000000000e+00 -0.000000000000000000e+00 -0.000000000000000000e+00 -0.000000000000000000e+00 -0.000000000000000000e+00 -0.000000000000000000e+00 -0.000000000000000000e+00 -0.000000000000000000e+00 -0.000000000000000000e+00 -0.000000000000000000e+00 -0.000000000000000000e+00 -0.000000000000000000e+00 -0.000000000000000000e+00 -0.000000000000000000e+00 -0.000000000000000000e+00 -0.000000000000000000e+00 -0.000000000000000000e+00 -0.000000000000000000e+00 -0.000000000000000000e+00 -0.000000000000000000e+00 -0.000000000000000000e+00 -0.000000000000000000e+00 -0.000000000000000000e+00 -0.000000000000000000e+00 -0.000000000000000000e+00 -0.000000000000000000e+00 -0.000000000000000000e+00 -0.000000000000000000e+00 -0.000000000000000000e+00 -0.000000000000000000e+00 -0.000000000000000000e+00 -0.000000000000000000e+00 -0.000000000000000000e+00 -0.000000000000000000e+00 -0.000000000000000000e+00 -0.000000000000000000e+00 -0.000000000000000000e+00 -0.000000000000000000e+00 -0.000000000000000000e+00 -0.000000000000000000e+00 -0.000000000000000000e+00 -0.000000000000000000e+00 -0.000000000000000000e+00 -0.000000000000000000e+00 -0.000000000000000000e+00 -0.000000000000000000e+00 -0.000000000000000000e+00 -0.000000000000000000e+00 -0.000000000000000000e+00 -0.000000000000000000e+00 -0.000000000000000000e+00 -0.000000000000000000e+00 -0.000000000000000000e+00 -0.000000000000000000e+00 -0.000000000000000000e+00 -0.000000000000000000e+00 -0.000000000000000000e+00 -0.000000000000000000e+00 -0.000000000000000000e+00 -0.000000000000000000e+00 -0.000000000000000000e+00 -0.000000000000000000e+00 -0.000000000000000000e+00 -0.000000000000000000e+00 -0.000000000000000000e+00 -0.000000000000000000e+00 -0.000000000000000000e+00 -0.000000000000000000e+00 -0.000000000000000000e+00 -0.000000000000000000e+00 -0.000000000000000000e+00 -0.000000000000000000e+00 1.067949726427881462e-19 1.067949726427881462e-19 1.067949726427881462e-19 1.067949726427881462e-19 1.067949726427881462e-19 1.067949726427881462e-19 1.067949726427881462e-19 1.067949726427881462e-19 1.067949726427881462e-19 1.067967943112534016e-19 1.296037953743788400e-19 1.296037953743788400e-19 1.296037953743790085e-19 1.456899792168870103e-19 1.456899792168870103e-19 1.456899792168870103e-19 1.456899792168870103e-19 1.456899792168870103e-19 1.456899792168870825e-19 1.816563518523913890e-19 1.816563521274608889e-19 1.816563521274608889e-19 2.052992040360903203e-19 2.136182624001802694e-19 2.136182624001802694e-19 2.136182624001802694e-19 2.136182624001802694e-19 2.174450647252378018e-19 2.174450647252378018e-19 2.174450647252378018e-19 2.174450647252376574e-19 2.174425487158077408e-19 2.174425487158077408e-19 2.174425487158077408e-19 2.174425487158077408e-19 2.174425487158077408e-19 2.214126699309910464e-19 2.254444770311844745e-19 2.254444770311844745e-19 2.254444770311844745e-19 2.231580976672293597e-19 2.318953421484020077e-19 2.589500045668017029e-19 2.589500045668017029e-19 2.589500046159903870e-19 2.756714907391369283e-19 2.765562994550559363e-19 2.765562994550559363e-19 2.765562994550559363e-19 2.765562994550559363e-19 2.765562994550559363e-19 2.765562994550559363e-19 2.765562994550559363e-19 2.765562994550559363e-19 3.035294703247535897e-19 3.035307603131486561e-19 3.035307603131486561e-19 3.050168005818411910e-19 3.050168008372111720e-19
-0.000000000000000000e+00 -0.000000000000000000e+00 -0.000000000000000000e+00 -0.000000000000000000e+00 -0.000000000000000000e+00 -0.000000000000000000e+00 -0.000000000000000000e+00 -0.000000000000000000e+00 -0.000000000000000000e+00 -0.000000000000000000e+00 -0.000000000000000000e+00 -0.000000000000000000e+00 -0.000000000000000000e+00 -0.000000000000000000e+00 -0.000000000000000000e+00 -0.000000000000000000e+00 -0.000000000000000000e+00 -0.000000000000000000e+00 -0.000000000000000000e+00 -0.000000000000000000e+00 -0.000000000000000000e+00 -0.000000000000000000e+00 -0.000000000000000000e+00 -0.000000000000000000e+00 -0.000000000000000000e+00 -0.000000000000000000e+00 -0.000000000000000000e+00 -0.000000000000000000e+00 -0.000000000000000000e+00 -0.000000000000000000e+00 -0.000000000000000000e+00 -0.000000000000000000e+00 -0.000000000000000000e+00 -0.000000000000000000e+00 -0.000000000000000000e+00 -0.000000000000000000e+00 -0.000000000000000000e+00 -0.000000000000000000e+00 -0.000000000000000000e+00 -0.000000000000000000e+00 -0.000000000000000000e+00 -0.000000000000000000e+00 -0.000000000000000000e+00 -0.000000000000000000e+00 -0.000000000000000000e+00 -0.000000000000000000e+00 -0.000000000000000000e+00 -0.000000000000000000e+00 -0.000000000000000000e+00 -0.000000000000000000e+00 -0.000000000000000000e+00 -0.000000000000000000e+00 -0.000000000000000000e+00 -0.000000000000000000e+00 -0.000000000000000000e+00 -0.000000000000000000e+00 -0.000000000000000000e+00 -0.000000000000000000e+00 -0.000000000000000000e+00 -0.000000000000000000e+00 -0.000000000000000000e+00 -0.000000000000000000e+00 -0.000000000000000000e+00 -0.000000000000000000e+00 -0.000000000000000000e+00 -0.000000000000000000e+00 -0.000000000000000000e+00 -0.000000000000000000e+00 -0.000000000000000000e+00 -0.000000000000000000e+00 -0.000000000000000000e+00 -0.000000000000000000e+00 -0.000000000000000000e+00 -0.000000000000000000e+00 -0.000000000000000000e+00 -0.000000000000000000e+00 -0.000000000000000000e+00 -0.000000000000000000e+00 -0.000000000000000000e+00 -0.000000000000000000e+00 -0.000000000000000000e+00 -0.000000000000000000e+00 -0.000000000000000000e+00 -0.000000000000000000e+00 -0.000000000000000000e+00 -0.000000000000000000e+00 -0.000000000000000000e+00 -0.000000000000000000e+00 -0.000000000000000000e+00 -0.000000000000000000e+00 -0.000000000000000000e+00 1.643311143849640037e-23 1.067949726427881462e-19 1.067949726427881462e-19 1.067949726427881462e-19 1.067949726427881462e-19 1.067949726427881462e-19 1.067949726427881462e-19 1.067949726427881462e-19 1.067949726427881462e-19 1.067949726427881462e-19 1.296037953667009036e-19 1.296037953743788400e-19 1.296037953743788400e-19 1.426094284321001620e-19 1.456899792168870103e-19 1.456899792168870103e-19 1.456899792168870103e-19 1.456899792168870103e-19 1.456899792168870825e-19 1.456899792168870825e-19 1.816563521274608889e-19 1.816563521274608889e-19 1.816563521274608889e-19 2.136182624001803657e-19 2.136182624001802694e-19 2.136182624001802694e-19 2.136182624001802694e-19 2.136182624001802694e-19 2.174450647252378018e-19 2.174450647252378018e-19 2.174450647252378018e-19 2.174432581706510140e-19 2.174425487158077408e-19 2.174425487158077408e-19 2.174425487158077408e-19 2.174425487158077408e-19 2.174425487158077408e-19 2.214171124113608531e-19 2.254444770311844745e-19 2.254444770311844745e-19 2.254444770311844745e-19 2.231580976672293597e-19 2.589500045668012696e-19 2.589500045668017029e-19 2.589500045668017029e-19 2.756714776748280881e-19 2.756714907391369283e-19 2.765562994550559363e-19 2.765562994550559363e-19 2.765562994550559363e-19 2.765562994550559363e-19 2.765562994550559363e-19 2.765562994550559363e-19 2.765562994550559363e-19 2.765562994550559363e-19 3.035307603131486561e-19 3.035307603131486561e-19 3.035307603131486561e-19 3.050168008372111720e-19
-0.000000000000000000e+00 -0.000000000000000000e+00 -0.000000000000000000e+00 -0.000000000000000000e+00 -0.000000000000000000e+00 -0.000000000000000000e+00 -0.000000000000000000e+00 -0.000000000000000000e+00 -0.000000000000000000e+00 -0.000000000000000000e+00 -0.000000000000000000e+00 -0.000000000000000000e+00 -0.000000000000000000e+00 -0.000000000000000000e+00 -0.000000000000000000e+00 -0.000000000000000000e+00 -0.000000000000000000e+00 -0.000000000000000000e+00 -0.000000000000000000e+00 -0.000000000000000000e+00 -0.000000000000000000e+00 -0.000000000000000000e+00 -0.000000000000000000e+00 -0.000000000000000000e+00 -0.000000000000000000e+00 -0.000000000000000000e+00 -0.000000000000000000e+00 -0.000000000000000000e+00 -0.000000000000000000e+00 -0.000000000000000000e+00 -0.000000000000000000e+00 -0.000000000000000000e+00 -0.000000000000000000e+00 -0.000000000000000000e+00 -0.000000000000000000e+00 -0.000000000000000000e+00 -0.000000000000000000e+00 -0.000000000000000000e+00 -0.000000000000000000e+00 -0.000000000000000000e+00 -0.000000000000000000e+00 -0.000000000000000000e+00 -0.000000000000000000e+00 -0.000000000000000000e+00 -0.000000000000000000e+00 -0.000000000000000000e+00 -0.000000000000000000e+00 -0.000000000000000000e+00 -0.000000000000000000e+00 -0.000000000000000000e+00 -0.000000000000000000e+00 -0.000000000000000000e+00 -0.000000000000000000e+00 -0.000000000000000000e+00 -0.000000000000000000e+00 -0.000000000000000000e+00 -0.000000000000000000e+00 -0.000000000000000000e+00 -0.000000000000000000e+00 -0.000000000000000000e+00 -0.000000000000000000e+00 -0.000000000000000000e+00 -0.000000000000000000e+00 -0.000000000000000000e+00 -0.000000000000000000e+00 -0.000000000000000000e+00 -0.000000000000000000e+00 -0.000000000000000000e+00 -0.000000000000000000e+00 -0.000000000000000000e+00 -0.000000000000000000e+00 -0.000000000000000000e+00 -0.000000000000000000e+00 -0.000000000000000000e+00 -0.000000000000000000e+00 -0.000000000000000000e+00 -0.000000000000000000e+00 -0.000000000000000000e+00 -0.000000000000000000e+00 -0.000000000000000000e+00 -0.000000000000000000e+00 -0.000000000000000000e+00 -0.000000000000000000e+00 -0.000000000000000000e+00 -0.000000000000000000e+00 -0.000000000000000000e+00 -0.000000000000000000e+00 -0.000000000000000000e+00 -0.000000000000000000e+00 -0.000000000000000000e+00 -0.000000000000000000e+00 -0.000000000000000000e+00 1.067949726411889864e-19 1.067949726427881462e-19 1.067949726427881462e-19 1.067949726427881462e-19 1.067949726427881462e-19 1.067949726427881462e-19 1.067949726427881462e-19 1.067949726427881462e-19 1.067949726427881462e-19 1.067949726427881462e-19 1.296037953743788400e-19 1.296037953743788400e-19 1.296037953743788400e-19 1.456899792168870343e-19 1.456899792168870103e-19 1.456899792168870103e-19 1.456899792168870103e-19 1.456899792168870103e-19 1.456899792168870103e-19 1.456899792168870825e-19 1.816563521274608889e-19 1.816563521274608889e-19 1.816563521274608889e-19 2.136182624001802694e-19 2.136182624001802694e-19 2.136182624001802694e-19 2.136182624001802694e-19 2.136233198655771988e-19 2.174450647252378018e-19 2.174450647252378018e-19 2.174450647252378018e-19 2.174425487158077889e-19 2.174425487158077408e-19 2.174425487158077408e-19 2.174425487158077408e-19 2.174425487158077408e-19 2.174425487158077408e-19 2.254444770311760967e-19 2.254444770311844745e-19 2.254444770311844745e-19 2.254444727198129158e-19 2.231580976672293597e-19 2.589500045668017029e-19 2.589500045668017029e-19 2.589500045668017029e-19 2.756714907391369283e-19 2.756714907399344559e-19 2.765562994550559363e-19 2.765562994550559363e-19 2.765562994550559363e-19 2.765562994550559363e-19 2.765562994550559363e-19 2.765562994550559363e-19 2.765562994550559363e-19 2.765562994550559363e-19 3.035307603131486561e-19 3.035307603131486561e-19 3.035307603131486561e-19
-0.000000000000000000e+00 -0.000000000000000000e+00 -0.000000000000000000e+00 -0.000000000000000000e+00 -0.000000000000000000e+00 -0.000000000000000000e+00 -0.000000000000000000e+00 -0.000000000000000000e+00 -0.000000000000000000e+00 -0.000000000000000000e+00 -0.000000000000000000e+00 -0.000000000000000000e+00 -0.000000000000000000e+00 -0.000000000000000000e+00 -0.000000000000000000e+00 -0.000000000000000000e+00 -0.000000000000000000e+00 -0.000000000000000000e+00 -0.000000000000000000e+00 -0.000000000000000000e+00 -0.000000000000000000e+00 -0.000000000000000000e+00 -0.000000000000000000e+00 -0.000000000000000000e+00 -0.000000000000000000e+00 -0.000000000000000000e+00 -0.000000000000000000e+00 -0.000000000000000000e+00 -0.000000000000000000e+00 -0.000000000000000000e+00 -0.000000000000000000e+00 -0.000000000000000000e+00 -0.000000000000000000e+00 -0.000000000000000000e+00 -0.000000000000000000e+00 -0.000000000000000000e+00 -0.000000000000000000e+00 -0.000000000000000000e+00 -0.000000000000000000e+00 -0.000000000000000000e+00 -0.000000000000000000e+00 -0.000000000000000000e+00 -0.000000000000000000e+00 -0.000000000000000000e+00 -0.000000000000000000e+00 -0.000000000000000000e+00 -0.000000000000000000e+00 -0.000000000000000000e+00 -0.000000000000000000e+00 -0.000000000000000000e+00 -0.000000000000000000e+00 -0.000000000000000000e+00 -0.000000000000000000e+00 -0.000000000000000000e+00 -0.000000000000000000e+00 -0.000000000000000000e+00 -0.000000000000000000e+00 -0.000000000000000000e+00 -0.000000000000000000e+00 -0.000000000000000000e+00 -0.000000000000000000e+00 -0.000000000000000000e+00 -0.000000000000000000e+00 -0.000000000000000000e+00 -0.000000000000000000e+00 -0.000000000000000000e+00 -0.000000000000000000e+00 -0.000000000000000000e+00 -0.000000000000000000e+00 -0.000000000000000000e+00 -0.000000000000000000e+00 -0.000000000000000000e+00 -0.000000000000000000e+00 -0.000000000000000000e+00 -0.000000000000000000e+00 -0.000000000000000000e+00 -0.000000000000000000e+00 -0.000000000000000000e+00 -0.000000000000000000e+00 -0.000000000000000000e+00 -0.000000000000000000e+00 -0.000000000000000000e+00 -0.000000000000000000e+00 -0.000000000000000000e+00 -0.000000000000000000e+00 -0.000000000000000000e+00 -0.000000000000000000e+00 -0.000000000000000000e+00 -0.000000000000000000e+00 -0.000000000000000000e+00 -0.000000000000000000e+00 -0.000000000000000000e+00 -0.000000000000000000e+00 1.067949726427881462e-19 1.067949726427881462e-19 1.067949726427881462e-19 1.067949726427881462e-19 1.067949726427881462e-19 1.067949726427881462e-19 1.067949726427881462e-19 1.067949726427881462e-19 1.067949726427881462e-19 1.067949726427881462e-19 1.296037953743788400e-19 1.296037953743788400e-19 1.296037953743788400e-19 1.456899792168870103e-19 1.456899792168870103e-19 1.456899792168870103e-19 1.456899792168870103e-19 1.456899792168870103e-19 1.456899792168868658e-19 1.456899792168869380e-19 1.816563521274608889e-19 1.816563521274608889e-19 1.816563521274608889e-19 2.136182624001802694e-19 2.136182624001802694e-19 2.136182624001802694e-19 2.136182624001802694e-19 2.180637041598367249e-19 2.174450647252378018e-19 2.174450647252378018e-19 2.174450647252378018e-19 2.174425487158077408e-19 2.174425487158077408e-19 2.174425487158077408e-19 2.174425487158077408e-19 2.174425487158077408e-19 2.174425487188036692e-19 2.254444770311844745e-19 2.254444770311844745e-19 2.254444770311844745e-19 2.231580976700232100e-19 2.231580976672293597e-19 2.589500045668017029e-19 2.589500045668017029e-19 2.589500045668017029e-19 2.756714907391369283e-19 2.765562971931214649e-19 2.765562994550559363e-19 2.765562994550559363e-19 2.765562994550559363e-19 2.765562994550559363e-19 2.765562994550559363e-19 2.765562994550559363e-19 2.765562994550559363e-19 2.765562994698266634e-19 3.035307603131486561e-19 3.035307603131486561e-19
-0.000000000000000000e+00 -0.000000000000000000e+00 -0.000000000000000000e+00 -0.000000000000000000e+00 -0.000000000000000000e+00 -0.000000000000000000e+00 -0.000000000000000000e+00 -0.000000000000000000e+00 -0.000000000000000000e+00 -0.000000000000000000e+00 -0.000000000000000000e+00 -0.000000000000000000e+00 -0.000000000000000000e+00 -0.000000000000000000e+00 -0.000000000000000000e+00 -0.000000000000000000e+00 -0.000000000000000000e+00 -0.000000000000000000e+00 -0.000000000000000000e+00 -0.000000000000000000e+00 -0.000000000000000000e+00 -0.000000000000000000e+00 -0.000000000000000000e+00 -0.000000000000000000e+00 -0.000000000000000000e+00 -0.000000000000000000e+00 -0.000000000000000000e+00 -0.000000000000000000e+00 -0.000000000000000000e+00 -0.000000000000000000e+00 -0.000000000000000000e+00 -0.000000000000000000e+00 -0.000000000000000000e+00 -0.000000000000000000e+00 -0.000000000000000000e+00 -0.000000000000000000e+00 -0.000000000000000000e+00 -0.000000000000000000e+00 -0.000000000000000000e+00 -0.000000000000000000e+00 -0.000000000000000000e+00 -0.000000000000000000e+00 -0.000000000000000000e+00 -0.000000000000000000e+00 -0.000000000000000000e+00 -0.000000000000000000e+00 -0.000000000000000000e+00 -0.000000000000000000e+00 -0.000000000000000000e+00 -0.000000000000000000e+00 -0.000000000000000000e+00 -0.000000000000000000e+00 -0.000000000000000000e+00 -0.000000000000000000e+00 -0.000000000000000000e+00 -0.000000000000000000e+00 -0.000000000000000000e+00 -0.000000000000000000e+00 -0.000000000000000000e+00 -0.000000000000000000e+00 -0.000000000000000000e+00 -0.000000000000000000e+00 -0.000000000000000000e+00 -0.000000000000000000e+00 -0.000000000000000000e+00 -0.000000000000000000e+00 -0.000000000000000000e+00 -0.000000000000000000e+00 -0.000000000000000000e+00 -0.000000000000000000e+00 -0.000000000000000000e+00 -0.000000000000000000e+00 -0.000000000000000000e+00 -0.000000000000000000e+00 -0.000000000000000000e+00 -0.000000000000000000e+00 -0.000000000000000000e+00 -0.000000000000000000e+00 -0.000000000000000000e+00 -0.000000000000000000e+00 -0.000000000000000000e+00 -0.000000000000000000e+00 -0.000000000000000000e+00 -0.000000000000000000e+00 -0.000000000000000000e+00 -0.000000000000000000e+00 -0.000000000000000000e+00 -0.000000000000000000e+00 -0.000000000000000000e+00 -0.000000000000000000e+00 -0.000000000000000000e+00 -0.000000000000000000e+00 -0.000000000000000000e+00 -0.000000000000000000e+00 1.067949726427881462e-19 1.067949726427881462e-19 1.067949726427881462e-19 1.067949726427881462e-19 1.067949726427881462e-19 1.067949726427881462e-19 1.067949726427881462e-19 1.067949726427881462e-19 1.067949726427881462e-19 1.067949726427896027e-19 1.296037953743788400e-19 1.296037953743788400e-19 1.296037953743788400e-19 1.456899792168870103e-19 1.456899792168870103e-19 1.456899792168870103e-19 1.456899792168870103e-19 1.456899792168870103e-19 1.456899792168870825e-19 1.490867643984632089e-19 1.816563521274608889e-19 1.816563521274608889e-19 1.816563521999144456e-19 2.136182624001802694e-19 2.136182624001802694e-19 2.136182624001802694e-19 2.136182624001802694e-19 2.174450647292775843e-19 2.174450647252378018e-19 2.174450647252378018e-19 2.174450647252378018e-19 2.174425487158077408e-19 2.174425487158077408e-19 2.174425487158077408e-19 2.174425487158077408e-19 2.174425487158077408e-19 2.214126579158033174e-19 2.254444770311844745e-19 2.254444770311844745e-19 2.254444770311844745e-19 2.231580976672293597e-19 2.231580976766409460e-19 2.589500045668017029e-19 2.589500045668017029e-19 2.589500045668017029e-19 2.756714907391369283e-19 2.765562994550559363e-19 2.765562994550559363e-19 2.765562994550559363e-19 2.765562994550559363e-19 2.765562994550559363e-19 2.765562994550559363e-19 2.765562994550559363e-19 2.765562994550559363e-19 2.978778827932117587e-19 3.035307603131486561e-19
-0.000000000000000000e+00 -0.000000000000000000e+00 -0.000000000000000000e+00 -0.000000000000000000e+00 -0.000000000000000000e+00 -0.000000000000000000e+00 -0.000000000000000000e+00 -0.000000000000000000e+00 -0.000000000000000000e+00 -0.000000000000000000e+00 -0.000000000000000000e+00 -0.000000000000000000e+00 -0.000000000000000000e+00 -0.000000000000000000e+00 -0.000000000000000000e+00 -0.000000000000000000e+00 -0.000000000000000000e+00 -0.000000000000000000e+00 -0.000000000000000000e+00 -0.000000000000000000e+00 -0.000000000000000000e+00 -0.000000000000000000e+00 -0.000000000000000000e+00 -0.000000000000000000e+00 -0.000000000000000000e+00 -0.000000000000000000e+00 -0.000000000000000000e+00 -0.000000000000000000e+00 -0.000000000000000000e+00 -0.000000000000000000e+00 -0.000000000000000000e+00 -0.000000000000000000e+00 -0.000000000000000000e+00 -0.000000000000000000e+00 -0.000000000000000000e+00 -0.000000000000000000e+00 -0.000000000000000000e+00 -0.000000000000000000e+00 -0.000000000000000000e+00 -0.000000000000000000e+00 -0.000000000000000000e+00 -0.000000000000000000e+00 -0.000000000000000000e+00 -0.000000000000000000e+00 -0.000000000000000000e+00 -0.000000000000000000e+00 -0.000000000000000000e+00 -0.000000000000000000e+00 -0.000000000000000000e+00 -0.000000000000000000e+00 -0.000000000000000000e+00 -0.000000000000000000e+00 -0.000000000000000000e+00 -0.000000000000000000e+00 -0.000000000000000000e+00 -0.000000000000000000e+00 -0.000000000000000000e+00 -0.000000000000000000e+00 -0.000000000000000000e+00 -0.000000000000000000e+00 -0.000000000000000000e+00 -0.000000000000000000e+00 -0.000000000000000000e+00 -0.000000000000000000e+00 -0.000000000000000000e+00 -0.000000000000000000e+00 -0.000000000000000000e+00 -0.000000000000000000e+00 -0.000000000000000000e+00 -0.000000000000000000e+00 -0.000000000000000000e+00 -0.000000000000000000e+00 -0.000000000000000000e+00 -0.000000000000000000e+00 -0.000000000000000000e+00 -0.000000000000000000e+00 -0.000000000000000000e+00 -0.000000000000000000e+00 -0.000000000000000000e+00 -0.000000000000000000e+00 -0.000000000000000000e+00 -0.000000000000000000e+00 -0.000000000000000000e+00 -0.000000000000000000e+00 -0.000000000000000000e+00 -0.000000000000000000e+00 -0.000000000000000000e+00 -0.000000000000000000e+00 -0.000000000000000000e+00 -0.000000000000000000e+00 -0.000000000000000000e+00 -0.000000000000000000e+00 -0.000000000000000000e+00 -0.000000000000000000e+00 1.312028958454750324e-32 1.067949726427881462e-19 1.067949726427881462e-19 1.067949726427881462e-19 1.067949726427881462e-19 1.067949726427881462e-19 1.067949726427881462e-19 1.067949726427881462e-19 1.067949726427881462e-19 1.067949726427881462e-19 1.276687232204167899e-19 1.296037953743788400e-19 1.296037953743788400e-19 1.296037954285488456e-19 1.456899792168870103e-19 1.456899792168870103e-19 1.456899792168870103e-19 1.456899792168870103e-19 1.456899792168870103e-19 1.456899792168870825e-19 1.816563521274600704e-19 1.816563521274608889e-19 1.816563521274608889e-19 2.136182299103520496e-19 2.136182624001802694e-19 2.136182624001802694e-19 2.136182624001802694e-19 2.136182624001802694e-19 2.174450647252378018e-19 2.174450647252378018e-19 2.174450647252378018e-19 2.174450647252326981e-19 2.174425487158077408e-19 2.174425487158077408e-19 2.174425487158077408e-19 2.174425487158077408e-19 2.174425487158077408e-19 2.214126699309946093e-19 2.254444770311844745e-19 2.254444770311844745e-19 2.254444770311844745e-19 2.231580976672293597e-19 2.589496541174384777e-19 2.589500045668017029e-19 2.589500045668017029e-19 2.589670137838641537e-19 2.756714907391369283e-19 2.765562994550559363e-19 2.765562994550559363e-19 2.765562994550559363e-19 2.765562994550559363e-19 2.765562994550559363e-19 2.765562994550559363e-19 2.765562994550559363e-19 2.765562994550559363e-19 3.035307603094210669e-19
-0.000000000000000000e+00 -0.000000000000000000e+00 -0.000000000000000000e+00 -0.000000000000000000e+00 -0.000000000000000000e+00 -0.000000000000000000e+00 -0.000000000000000000e+00 -0.000000000000000000e+00 -0.000000000000000000e+00 -0.000000000000000000e+00 -0.000000000000000000e+00 -0.000000000000000000e+00 -0.000000000000000000e+00 -0.000000000000000000e+00 -0.000000000000000000e+00 -0.000000000000000000e+00 -0.000000000000000000e+00 -0.000000000000000000e+00 -0.000000000000000000e+00 -0.000000000000000000e+00 -0.000000000000000000e+00 -0.000000000000000000e+00 -0.000000000000000000e+00 -0.000000000000000000e+00 -0.000000000000000000e+00 -0.000000000000000000e+00 -0.000000000000000000e+00 -0.000000000000000000e+00 -0.000000000000000000e+00 -0.000000000000000000e+00 -0.000000000000000000e+00 -0.000000000000000000e+00 -0.000000000000000000e+00 -0.000000000000000000e+00 -0.000000000000000000e+00 -0.000000000000000000e+00 -0.000000000000000000e+00 -0.000000000000000000e+00 -0.000000000000000000e+00 -0.000000000000000000e+00 -0.000000000000000000e+00 -0.000000000000000000e+00 -0.000000000000000000e+00 -0.000000000000000000e+00 -0.000000000000000000e+00 -0.000000000000000000e+00 -0.000000000000000000e+00 -0.000000000000000000e+00 -0.000000000000000000e+00 -0.000000000000000000e+00 -0.000000000000000000e+00 -0.000000000000000000e+00 -0.000000000000000000e+00 -0.000000000000000000e+00 -0.000000000000000000e+00 -0.000000000000000000e+00 -0.000000000000000000e+00 -0.000000000000000000e+00 -0.000000000000000000e+00 -0.000000000000000000e+00 -0.000000000000000000e+00 -0.000000000000000000e+00 -0.000000000000000000e+00 -0.000000000000000000e+00 -0.000000000000000000e+00 -0.000000000000000000e+00 -0.000000000000000000e+00 -0.000000000000000000e+00 -0.000000000000000000e+00 -0.000000000000000000e+00 -0.000000000000000000e+00 -0.000000000000000000e+00 -0.000000000000000000e+00 -0.000000000000000000e+00 -0.000000000000000000e+00 -0.000000000000000000e+00 -0.000000000000000000e+00 -0.000000000000000000e+00 -0.000000000000000000e+00 -0.000000000000000000e+00 -0.000000000000000000e+00 -0.000000000000000000e+00 -0.000000000000000000e+00 -0.000000000000000000e+00 -0.000000000000000000e+00 -0.000000000000000000e+00 -0.000000000000000000e+00 -0.000000000000000000e+00 -0.000000000000000000e+00 -0.000000000000000000e+00 -0.000000000000000000e+00 -0.000000000000000000e+00 -0.000000000000000000e+00 -0.000000000000000000e+00 -0.000000000000000000e+00 1.048271819285706641e-19 1.067949726427881462e-19 1.067949726427881462e-19 1.067949726427881462e-19 1.067949726427881462e-19 1.067949726427881462e-19 1.067949726427881462e-19 1.067949726427881462e-19 1.067949726427881462e-19 1.067949726427881462e-19 1.296037953743788640e-19 1.296037953743788400e-19 1.296037953743788400e-19 1.456899682093431559e-19 1.456899792168870103e-19 1.456899792168870103e-19 1.456899792168870103e-19 1.456899792168870103e-19 1.456899792168870343e-19 1.456899792168870825e-19 1.816563521274608889e-19 1.816563521274608889e-19 1.816563521274608889e-19 2.136182624001802694e-19 2.136182624001802694e-19 2.136182624001802694e-19 2.136182624001802694e-19 2.136182624001845305e-19 2.174450647252378018e-19 2.174450647252378018e-19 2.174450647252378018e-19 2.174425487186621615e-19 2.174425487158077408e-19 2.174425487158077408e-19 2.174425487158077408e-19 2.174425487158077408e-19 2.174425487158077408e-19 2.254339475111024549e-19 2.254444770311844745e-19 2.254444770311844745e-19 2.254444770311843782e-19 2.231580976672293597e-19 2.589500045668017029e-19 2.589500045668017029e-19 2.589500045668017029e-19 2.756714907390990838e-19 2.756714907391369283e-19 2.765562994550559363e-19 2.765562994550559363e-19 2.765562994550559363e-19 2.765562994550559363e-19 2.765562994550559363e-19 2.765562994550559363e-19 2.765562994550559363e-19 2.765562994550559363e-19
-0.000000000000000000e+00 -0.000000000000000000e+00 -0.000000000000000000e+00 -0.000000000000000000e+00 -0.000000000000000000e+00 -0.000000000000000000e+00 -0.000000000000000000e+00 -0.000000000000000000e+00 -0.000000000000000000e+00 -0.000000000000000000e+00 -0.000000000000000000e+00 -0.000000000000000000e+00 -0.000000000000000000e+00 -0.000000000000000000e+00 -0.000000000000000000e+00 -0.000000000000000000e+00 -0.000000000000000000e+00 -0.000000000000000000e+00 -0.000000000000000000e+00 -0.000000000000000000e+00 -0.000000000000000000e+00 -0.000000000000000000e+00 -0.000000000000000000e+00 -0.000000000000000000e+00 -0.000000000000000000e+00 -0.000000000000000000e+00 -0.000000000000000000e+00 -0.000000000000000000e+00 -0.000000000000000000e+00 -0.000000000000000000e+00 -0.000000000000000000e+00 -0.000000000000000000e+00 -0.000000000000000000e+00 -0.000000000000000000e+00 -0.000000000000000000e+00 -0.000000000000000000e+00 -0.000000000000000000e+00 -0.000000000000000000e+00 -0.000000000000000000e+00 -0.000000000000000000e+00 -0.000000000000000000e+00 -0.000000000000000000e+00 -0.000000000000000000e+00 -0.000000000000000000e+00 -0.000000000000000000e+00 -0.000000000000000000e+00 -0.000000000000000000e+00 -0.000000000000000000e+00 -0.000000000000000000e+00 -0.000000000000000000e+00 -0.000000000000000000e+00 -0.000000000000000000e+00 -0.000000000000000000e+00 -0.000000000000000000e+00 -0.000000000000000000e+00 -0.000000000000000000e+00 -0.000000000000000000e+00 -0.000000000000000000e+00 -0.000000000000000000e+00 -0.000000000000000000e+00 -0.000000000000000000e+00 -0.000000000000000000e+00 -0.000000000000000000e+00 -0.000000000000000000e+00 -0.000000000000000000e+00 -0.000000000000000000e+00 -0.000000000000000000e+00 -0.000000000000000000e+00 -0.000000000000000000e+00 -0.000000000000000000e+00 -0.000000000000000000e+00 -0.000000000000000000e+00 -0.000000000000000000e+00 -0.000000000000000000e+00 -0.000000000000000000e+00 -0.000000000000000000e+00 -0.000000000000000000e+00 -0.000000000000000000e+00 -0.000000000000000000e+00 -0.000000000000000000e+00 -0.000000000000000000e+00 -0.000000000000000000e+00 -0.000000000000000000e+00 -0.000000000000000000e+00 -0.000000000000000000e+00 -0.000000000000000000e+00 -0.000000000000000000e+00 -0.000000000000000000e+00 -0.000000000000000000e+00 -0.000000000000000000e+00 -0.000000000000000000e+00 -0.000000000000000000e+00 -0.000000000000000000e+00 -0.000000000000000000e+00 -0.000000000000000000e+00 -0.000000000000000000e+00 1.067949726427881462e-19 1.067949726427881462e-19 1.067949726427881462e-19 1.067949726427881462e-19 1.067949726427881462e-19 1.067949726427881462e-19 1.067949726427881462e-19 1.067949726427881462e-19 1.067949726427881462e-19 1.067949726427881462e-19 1.296037953743788400e-19 1.296037953743788400e-19 1.296037953743788400e-19 1.456899792168870103e-19 1.456899792168870103e-19 1.456899792168870103e-19 1.456899792168870103e-19 1.456899792168870103e-19 1.456899792168869862e-19 1.456899792168870825e-19 1.816563521274608889e-19 1.816563521274608889e-19 1.816563521274608889e-19 2.136182624001802694e-19 2.136182624001802694e-19 2.136182624001802694e-19 2.136182624001802694e-19 2.180524572084273964e-19 2.174450647252378018e-19 2.174450647252378018e-19 2.174450647252378018e-19 2.174425487158077408e-19 2.174425487158077408e-19 2.174425487158077408e-19 2.174425487158077408e-19 2.174425487158077408e-19 2.174425487158077408e-19 2.254444770311844745e-19 2.254444770311844745e-19 2.254444770311844745e-19 2.245415013236568400e-19 2.231580976672293597e-19 2.589500045668017029e-19 2.589500045668017029e-19 2.589500045668017029e-19 2.756714907391369283e-19 2.756717667221880311e-19 2.765562994550559363e-19 2.765562994550559363e-19 2.765562994550559363e-19 2.765562994550559363e-19 2.765562994550559363e-19 2.765562994550559363e-19 2.765562994550559363e-19
-0.000000000000000000e+00 -0.000000000000000000e+00 -0.000000000000000000e+00 -0.000000000000000000e+00 -0.000000000000000000e+00 -0.000000000000000000e+00 -0.000000000000000000e+00 -0.000000000000000000e+00 -0.000000000000000000e+00 -0.000000000000000000e+00 -0.000000000000000000e+00 -0.000000000000000000e+00 -0.000000000000000000e+00 -0.000000000000000000e+00 -0.000000000000000000e+00 -0.000000000000000000e+00 -0.000000000000000000e+00 -0.000000000000000000e+00 -0.000000000000000000e+00 -0.000000000000000000e+00 -0.000000000000000000e+00 -0.000000000000000000e+00 -0.000000000000000000e+00 -0.000000000000000000e+00 -0.000000000000000000e+00 -0.000000000000000000e+00 -0.000000000000000000e+00 -0.000000000000000000e+00 -0.000000000000000000e+00 -0.000000000000000000e+00 -0.000000000000000000e+00 -0.000000000000000000e+00 -0.000000000000000000e+00 -0.000000000000000000e+00 -0.000000000000000000e+00 -0.000000000000000000e+00 -0.000000000000000000e+00 -0.000000000000000000e+00 -0.000000000000000000e+00 -0.000000000000000000e+00 -0.000000000000000000e+00 -0.000000000000000000e+00 -0.000000000000000000e+00 -0.000000000000000000e+00 -0.000000000000000000e+00 -0.000000000000000000e+00 -0.000000000000000000e+00 -0.000000000000000000e+00 -0.000000000000000000e+00 -0.000000000000000000e+00 -0.000000000000000000e+00 -0.000000000000000000e+00 -0.000000000000000000e+00 -0.000000000000000000e+00 -0.000000000000000000e+00 -0.000000000000000000e+00 -0.000000000000000000e+00 -0.000000000000000000e+00 -0.000000000000000000e+00 -0.000000000000000000e+00 -0.000000000000000000e+00 -0.000000000000000000e+00 -0.000000000000000000e+00 -0.000000000000000000e+00 -0.000000000000000000e+00 -0.000000000000000000e+00 -0.000000000000000000e+00 -0.000000000000000000e+00 -0.000000000000000000e+00 -0.000000000000000000e+00 -0.000000000000000000e+00 -0.000000000000000000e+00 -0.000000000000000000e+00 -0.000000000000000000e+00 -0.000000000000000000e+00 -0.000000000000000000e+00 -0.000000000000000000e+00 -0.000000000000000000e+00 -0.000000000000000000e+00 -0.000000000000000000e+00 -0.000000000000000000e+00 -0.000000000000000000e+00 -0.000000000000000000e+00 -0.000000000000000000e+00 -0.000000000000000000e+00 -0.000000000000000000e+00 -0.000000000000000000e+00 -0.000000000000000000e+00 -0.000000000000000000e+00 -0.000000000000000000e+00 -0.000000000000000000e+00 -0.000000000000000000e+00 -0.000000000000000000e+00 -0.000000000000000000e+00 -0.000000000000000000e+00 -0.000000000000000000e+00 -0.000000000000000000e+00 1.067949726427881462e-19 1.067949726427881462e-19 1.067949726427881462e-19 1.067949726427881462e-19 1.067949726427881462e-19 1.067949726427881462e-19 1.067949726427881462e-19 1.067949726427881462e-19 1.067949726427881462e-19 1.067949726427881462e-19 1.296037953743788400e-19 1.296037953743788400e-19 1.296037953743788400e-19 1.456899792168870103e-19 1.456899792168870103e-19 1.456899792168870103e-19 1.456899792168870103e-19 1.456899792168870103e-19 1.456899792168870825e-19 1.456899792198788221e-19 1.816563521274608889e-19 1.816563521274608889e-19 1.816563521274608889e-19 2.136182624001802694e-19 2.136182624001802694e-19 2.136182624001802694e-19 2.136182624001802694e-19 2.179963682633722730e-19 2.174450647252378018e-19 2.174450647252378018e-19 2.174450647252378018e-19 2.174425487158077408e-19 2.174425487158077408e-19 2.174425487158077408e-19 2.174425487158077408e-19 2.174425487158077408e-19 2.174435854717025143e-19 2.254444770311844745e-19 2.254444770311844745e-19 2.254444770311844745e-19 2.231580976672292634e-19 2.231580976672293597e-19 2.589500045668017029e-19 2.589500045668017029e-19 2.589500045668017029e-19 2.756714907391369283e-19 2.765562994550493881e-19 2.765562994550559363e-19 2.765562994550559363e-19 2.765562994550559363e-19 2.765562994550559363e-19 2.765562994550559363e-19 2.765562994550559363e-19
-0.000000000000000000e+00 -0.000000000000000000e+00 -0.000000000000000000e+00 -0.000000000000000000e+00 -0.000000000000000000e+00 -0.000000000000000000e+00 -0.000000000000000000e+00 -0.000000000000000000e+00 -0.000000000000000000e+00 -0.000000000000000000e+00 -0.000000000000000000e+00 -0.000000000000000000e+00 -0.000000000000000000e+00 -0.000000000000000000e+00 -0.000000000000000000e+00 -0.000000000000000000e+00 -0.000000000000000000e+00 -0.000000000000000000e+00 -0.000000000000000000e+00 -0.000000000000000000e+00 -0.000000000000000000e+00 -0.000000000000000000e+00 -0.000000000000000000e+00 -0.000000000000000000e+00 -0.000000000000000000e+00 -0.000000000000000000e+00 -0.000000000000000000e+00 -0.000000000000000000e+00 -0.000000000000000000e+00 -0.000000000000000000e+00 -0.000000000000000000e+00 -0.000000000000000000e+00 -0.000000000000000000e+00 -0.000000000000000000e+00 -0.000000000000000000e+00 -0.000000000000000000e+00 -0.000000000000000000e+00 -0.000000000000000000e+00 -0.000000000000000000e+00 -0.000000000000000000e+00 -0.000000000000000000e+00 -0.000000000000000000e+00 -0.000000000000000000e+00 -0.000000000000000000e+00 -0.000000000000000000e+00 -0.000000000000000000e+00 -0.000000000000000000e+00 -0.000000000000000000e+00 -0.000000000000000000e+00 -0.000000000000000000e+00 -0.000000000000000000e+00 -0.000000000000000000e+00 -0.000000000000000000e+00 -0.000000000000000000e+00 -0.000000000000000000e+00 -0.000000000000000000e+00 -0.000000000000000000e+00 -0.000000000000000000e+00 -0.000000000000000000e+00 -0.000000000000000000e+00 -0.000000000000000000e+00 -0.000000000000000000e+00 -0.000000000000000000e+00 -0.000000000000000000e+00 -0.000000000000000000e+00 -0.000000000000000000e+00 -0.000000000000000000e+00 -0.000000000000000000e+00 -0.000000000000000000e+00 -0.000000000000000000e+00 -0.000000000000000000e+00 -0.000000000000000000e+00 -0.000000000000000000e+00 -0.000000000000000000e+00 -0.000000000000000000e+00 -0.000000000000000000e+00 -0.000000000000000000e+00 -0.000000000000000000e+00 -0.000000000000000000e+00 -0.000000000000000000e+00 -0.000000000000000000e+00 -0.000000000000000000e+00 -0.000000000000000000e+00 -0.000000000000000000e+00 -0.000000000000000000e+00 -0.000000000000000000e+00 -0.000000000000000000e+00 -0.000000000000000000e+00 -0.000000000000000000e+00 -0.000000000000000000e+00 -0.000000000000000000e+00 -0.000000000000000000e+00 -0.000000000000000000e+00 -0.000000000000000000e+00 -0.000000000000000000e+00 -0.000000000000000000e+00 -0.000000000000000000e+00 -0.000000000000000000e+00 1.067949726427881462e-19 1.067949726427881462e-19 1.067949726427881462e-19 1.067949726427881462e-19 1.067949726427881462e-19 1.067949726427881462e-19 1.067949726427881462e-19 1.067949726427881462e-19 1.067949726427881462e-19 1.067949731457871217e-19 1.296037953743788400e-19 1.296037953743788400e-19 1.296037953743788400e-19 1.456899792168870103e-19 1.456899792168870103e-19 1.456899792168870103e-19 1.456899792168870103e-19 1.456899792168870103e-19 1.456899792168870825e-19 1.816553558745304065e-19 1.816563521274608889e-19 1.816563521274608889e-19 1.816814119822795697e-19 2.136182624001802694e-19 2.136182624001802694e-19 2.136182624001802694e-19 2.136182624001802694e-19 2.174450647252377055e-19 2.174450647252378018e-19 2.174450647252378018e-19 2.174450647252378018e-19 2.174425487158077408e-19 2.174425487158077408e-19 2.174425487158077408e-19 2.174425487158077408e-19 2.174425487158077408e-19 2.214126699309564278e-19 2.254444770311844745e-19 2.254444770311844745e-19 2.254444770311844745e-19 2.231580976672293597e-19 2.231613551557300793e-19 2.589500045668017029e-19 2.589500045668017029e-19 2.589500045668152326e-19 2.756714907391369283e-19 2.765562994550559363e-19 2.765562994550559363e-19 2.765562994550559363e-19 2.765562994550559363e-19 2.765562994550559363e-19 2.765562994550559363e-19
-0.000000000000000000e+00 -0.000000000000000000e+00 -0.000000000000000000e+00 -0.000000000000000000e+00 -0.000000000000000000e+00 -0.000000000000000000e+00 -0.000000000000000000e+00 -0.000000000000000000e+00 -0.000000000000000000e+00 -0.000000000000000000e+00 -0.000000000000000000e+00 -0.000000000000000000e+00 -0.000000000000000000e+00 -0.000000000000000000e+00 -0.000000000000000000e+00 -0.000000000000000000e+00 -0.000000000000000000e+00 -0.000000000000000000e+00 -0.000000000000000000e+00 -0.000000000000000000e+00 -0.000000000000000000e+00 -0.000000000000000000e+00 -0.000000000000000000e+00 -0.000000000000000000e+00 -0.000000000000000000e+00 -0.000000000000000000e+00 -0.000000000000000000e+00 -0.000000000000000000e+00 -0.000000000000000000e+00 -0.000000000000000000e+00 -0.000000000000000000e+00 -0.000000000000000000e+00 -0.000000000000000000e+00 -0.000000000000000000e+00 -0.000000000000000000e+00 -0.000000000000000000e+00 -0.000000000000000000e+00 -0.000000000000000000e+00 -0.000000000000000000e+00 -0.000000000000000000e+00 -0.000000000000000000e+00 -0.000000000000000000e+00 -0.000000000000000000e+00 -0.000000000000000000e+00 -0.000000000000000000e+00 -0.000000000000000000e+00 -0.000000000000000000e+00 -0.000000000000000000e+00 -0.000000000000000000e+00 -0.000000000000000000e+00 -0.000000000000000000e+00 -0.000000000000000000e+00 -0.000000000000000000e+00 -0.000000000000000000e+00 -0.000000000000000000e+00 -0.000000000000000000e+00 -0.000000000000000000e+00 -0.000000000000000000e+00 -0.000000000000000000e+00 -0.000000000000000000e+00 -0.000000000000000000e+00 -0.000000000000000000e+00 -0.000000000000000000e+00 -0.000000000000000000e+00 -0.000000000000000000e+00 -0.000000000000000000e+00 -0.000000000000000000e+00 -0.000000000000000000e+00 -0.000000000000000000e+00 -0.000000000000000000e+00 -0.000000000000000000e+00 -0.000000000000000000e+00 -0.000000000000000000e+00 -0.000000000000000000e+00 -0.000000000000000000e+00 -0.000000000000000000e+00 -0.000000000000000000e+00 -0.000000000000000000e+00 -0.000000000000000000e+00 -0.000000000000000000e+00 -0.000000000000000000e+00 -0.000000000000000000e+00 -0.000000000000000000e+00 -0.000000000000000000e+00 -0.000000000000000000e+00 -0.000000000000000000e+00 -0.000000000000000000e+00 -0.000000000000000000e+00 -0.000000000000000000e+00 -0.000000000000000000e+00 -0.000000000000000000e+00 -0.000000000000000000e+00 -0.000000000000000000e+00 -0.000000000000000000e+00 -0.000000000000000000e+00 -0.000000000000000000e+00 -0.000000000000000000e+00 -0.000000000000000000e+00 4.537821300066092931e-27 1.067949726427881462e-19 1.067949726427881462e-19 1.067949726427881462e-19 1.067949726427881462e-19 1.067949726427881462e-19 1.067949726427881462e-19 1.067949726427881462e-19 1.067949726427881462e-19 1.067949726427881462e-19 1.296037675656232335e-19 1.296037953743788400e-19 1.296037953743788400e-19 1.296225242192167516e-19 1.456899792168870103e-19 1.456899792168870103e-19 1.456899792168870103e-19 1.456899792168870103e-19 1.456899792168870103e-19 1.456899792168870825e-19 1.816563521274608889e-19 1.816563521274608889e-19 1.816563521274608889e-19 2.136182624000865247e-19 2.136182624001802694e-19 2.136182624001802694e-19 2.136182624001802694e-19 2.136182624001802694e-19 2.174450647252378018e-19 2.174450647252378018e-19 2.174450647252378018e-19 2.174450629575963803e-19 2.174425487158077408e-19 2.174425487158077408e-19 2.174425487158077408e-19 2.174425487158077408e-19 2.174425487158077408e-19 2.214126711588961862e-19 2.254444770311844745e-19 2.254444770311844745e-19 2.254444770311844745e-19 2.231580976672293597e-19 2.589500045657892415e-19 2.589500045668017029e-19 2.589500045668017029e-19 2.756243057178669995e-19 2.756714907391369283e-19 2.765562994550559363e-19 2.765562994550559363e-19 2.765562994550559363e-19 2.765562994550559363e-19 2.765562994550559363e-19
-0.000000000000000000e+00 -0.000000000000000000e+00 -0.000000000000000000e+00 -0.000000000000000000e+00 -0.000000000000000000e+00 -0.000000000000000000e+00 -0.000000000000000000e+00 -0.000000000000000000e+00 -0.000000000000000000e+00 -0.000000000000000000e+00 -0.000000000000000000e+00 -0.000000000000000000e+00 -0.000000000000000000e+00 -0.000000000000000000e+00 -0.000000000000000000e+00 -0.000000000000000000e+00 -0.000000000000000000e+00 -0.000000000000000000e+00 -0.000000000000000000e+00 -0.000000000000000000e+00 -0.000000000000000000e+00 -0.000000000000000000e+00 -0.000000000000000000e+00 -0.000000000000000000e+00 -0.000000000000000000e+00 -0.000000000000000000e+00 -0.000000000000000000e+00 -0.000000000000000000e+00 -0.000000000000000000e+00 -0.000000000000000000e+00 -0.000000000000000000e+00 -0.000000000000000000e+00 -0.000000000000000000e+00 -0.000000000000000000e+00 -0.000000000000000000e+00 -0.000000000000000000e+00 -0.000000000000000000e+00 -0.000000000000000000e+00 -0.000000000000000000e+00 -0.000000000000000000e+00 -0.000000000000000000e+00 -0.000000000000000000e+00 -0.000000000000000000e+00 -0.000000000000000000e+00 -0.000000000000000000e+00 -0.000000000000000000e+00 -0.000000000000000000e+00 -0.000000000000000000e+00 -0.000000000000000000e+00 -0.000000000000000000e+00 -0.000000000000000000e+00 -0.000000000000000000e+00 -0.000000000000000000e+00 -0.000000000000000000e+00 -0.000000000000000000e+00 -0.000000000000000000e+00 -0.000000000000000000e+00 -0.000000000000000000e+00 -0.000000000000000000e+00 -0.000000000000000000e+00 -0.000000000000000000e+00 -0.000000000000000000e+00 -0.000000000000000000e+00 -0.000000000000000000e+00 -0.000000000000000000e+00 -0.000000000000000000e+00 -0.000000000000000000e+00 -0.000000000000000000e+00 -0.000000000000000000e+00 -0.000000000000000000e+00 -0.000000000000000000e+00 -0.000000000000000000e+00 -0.000000000000000000e+00 -0.000000000000000000e+00 -0.000000000000000000e+00 -0.000000000000000000e+00 -0.000000000000000000e+00 -0.000000000000000000e+00 -0.000000000000000000e+00 -0.000000000000000000e+00 -0.000000000000000000e+00 -0.000000000000000000e+00 -0.000000000000000000e+00 -0.000000000000000000e+00 -0.000000000000000000e+00 -0.000000000000000000e+00 -0.000000000000000000e+00 -0.000000000000000000e+00 -0.000000000000000000e+00 -0.000000000000000000e+00 -0.000000000000000000e+00 -0.000000000000000000e+00 -0.000000000000000000e+00 -0.000000000000000000e+00 -0.000000000000000000e+00 -0.000000000000000000e+00 -0.000000000000000000e+00 -0.000000000000000000e+00 -0.000000000000000000e+00 1.067949668512142158e-19 1.067949726427881462e-19 1.067949726427881462e-19 1.067949726427881462e-19 1.067949726427881462e-19 1.067949726427881462e-19 1.067949726427881462e-19 1.067949726427881462e-19 1.067949726427881462e-19 1.067949726427881462e-19 1.296037953743788400e-19 1.296037953743788400e-19 1.296037953743788400e-19 1.456899792168553046e-19 1.456899792168870103e-19 1.456899792168870103e-19 1.456899792168870103e-19 1.456899792168870103e-19 1.456899792168870584e-19 1.456899792168870825e-19 1.816563521274608889e-19 1.816563521274608889e-19 1.816563521274608889e-19 2.136182624001802694e-19 2.136182624001802694e-19 2.136182624001802694e-19 2.136182624001802694e-19 2.136182637981183732e-19 2.174450647252378018e-19 2.174450647252378018e-19 2.174450647252378018e-19 2.174425487158077408e-19 2.174425487158077408e-19 2.174425487158077408e-19 2.174425487158077408e-19 2.174425487158077408e-19 2.174425487158077408e-19 2.254444770006854479e-19 2.254444770311844745e-19 2.254444770311844745e-19 2.254444770299940572e-19 2.231580976672293597e-19 2.589500045668017029e-19 2.589500045668017029e-19 2.589500045668017029e-19 2.756714907391369283e-19 2.756714907391371209e-19 2.765562994550559363e-19 2.765562994550559363e-19 2.765562994550559363e-19 2.765562994550559363e-19
-0.000000000000000000e+00 -0.000000000000000000e+00 -0.000000000000000000e+00 -0.000000000000000000e+00 -0.000000000000000000e+00 -0.000000000000000000e+00 -0.000000000000000000e+00 -0.000000000000000000e+00 -0.000000000000000000e+00 -0.000000000000000000e+00 -0.000000000000000000e+00 -0.000000000000000000e+00 -0.000000000000000000e+00 -0.000000000000000000e+00 -0.000000000000000000e+00 -0.000000000000000000e+00 -0.000000000000000000e+00 -0.000000000000000000e+00 -0.000000000000000000e+00 -0.000000000000000000e+00 -0.000000000000000000e+00 -0.000000000000000000e+00 -0.000000000000000000e+00 -0.000000000000000000e+00 -0.000000000000000000e+00 -0.000000000000000000e+00 -0.000000000000000000e+00 -0.000000000000000000e+00 -0.000000000000000000e+00 -0.000000000000000000e+00 -0.000000000000000000e+00 -0.000000000000000000e+00 -0.000000000000000000e+00 -0.000000000000000000e+00 -0.000000000000000000e+00 -0.000000000000000000e+00 -0.000000000000000000e+00 -0.000000000000000000e+00 -0.000000000000000000e+00 -0.000000000000000000e+00 -0.000000000000000000e+00 -0.000000000000000000e+00 -0.000000000000000000e+00 -0.000000000000000000e+00 -0.000000000000000000e+00 -0.000000000000000000e+00 -0.000000000000000000e+00 -0.000000000000000000e+00 -0.000000000000000000e+00 -0.000000000000000000e+00 -0.000000000000000000e+00 -0.000000000000000000e+00 -0.000000000000000000e+00 -0.000000000000000000e+00 -0.000000000000000000e+00 -0.000000000000000000e+00 -0.000000000000000000e+00 -0.000000000000000000e+00 -0.000000000000000000e+00 -0.000000000000000000e+00 -0.000000000000000000e+00 -0.000000000000000000e+00 -0.000000000000000000e+00 -0.000000000000000000e+00 -0.000000000000000000e+00 -0.000000000000000000e+00 -0.000000000000000000e+00 -0.000000000000000000e+00 -0.000000000000000000e+00 -0.000000000000000000e+00 -0.000000000000000000e+00 -0.000000000000000000e+00 -0.000000000000000000e+00 -0.000000000000000000e+00 -0.000000000000000000e+00 -0.000000000000000000e+00 -0.000000000000000000e+00 -0.000000000000000000e+00 -0.000000000000000000e+00 -0.000000000000000000e+00 -0.000000000000000000e+00 -0.000000000000000000e+00 -0.000000000000000000e+00 -0.000000000000000000e+00 -0.000000000000000000e+00 -0.000000000000000000e+00 -0.000000000000000000e+00 -0.000000000000000000e+00 -0.000000000000000000e+00 -0.000000000000000000e+00 -0.000000000000000000e+00 -0.000000000000000000e+00 -0.000000000000000000e+00 -0.000000000000000000e+00 -0.000000000000000000e+00 -0.000000000000000000e+00 -0.000000000000000000e+00 -0.000000000000000000e+00 -0.000000000000000000e+00 -0.000000000000000000e+00 1.067949726427881462e-19 1.067949726427881462e-19 1.067949726427881462e-19 1.067949726427881462e-19 1.067949726427881462e-19 1.067949726427881462e-19 1.067949726427881462e-19 1.067949726427881462e-19 1.067949726427881462e-19 1.067949726427881462e-19 1.296037953743788400e-19 1.296037953743788400e-19 1.296037953743788400e-19 1.456899792168870103e-19 1.456899792168870103e-19 1.456899792168870103e-19 1.456899792168870103e-19 1.456899792168870103e-19 1.456899792168866732e-19 1.456899792168870825e-19 1.816563521274608889e-19 1.816563521274608889e-19 1.816563521274608889e-19 2.136182624001802694e-19 2.136182624001802694e-19 2.136182624001802694e-19 2.136182624001802694e-19 2.180637043455013308e-19 2.174450647252378018e-19 2.174450647252378018e-19 2.174450647252378018e-19 2.174425487158077408e-19 2.174425487158077408e-19 2.174425487158077408e-19 2.174425487158077408e-19 2.174425487158077408e-19 2.174425487158085111e-19 2.254444770311844745e-19 2.254444770311844745e-19 2.254444770311844745e-19 2.231581077867522667e-19 2.231580976672293597e-19 2.589500045668017029e-19 2.589500045668017029e-19 2.589500045668017029e-19 2.756714907391369283e-19 2.765481820413666613e-19 2.765562994550559363e-19 2.765562994550559363e-19 2.765562994550559363e-19
-0.000000000000000000e+00 -0.000000000000000000e+00 -0.000000000000000000e+00 -0.000000000000000000e+00 -0.000000000000000000e+00 -0.000000000000000000e+00 -0.000000000000000000e+00 -0.000000000000000000e+00 -0.000000000000000000e+00 -0.000000000000000000e+00 -0.000000000000000000e+00 -0.000000000000000000e+00 -0.000000000000000000e+00 -0.000000000000000000e+00 -0.000000000000000000e+00 -0.000000000000000000e+00 -0.000000000000000000e+00 -0.000000000000000000e+00 -0.000000000000000000e+00 -0.000000000000000000e+00 -0.000000000000000000e+00 -0.000000000000000000e+00 -0.000000000000000000e+00 -0.000000000000000000e+00 -0.000000000000000000e+00 -0.000000000000000000e+00 -0.000000000000000000e+00 -0.000000000000000000e+00 -0.000000000000000000e+00 -0.000000000000000000e+00 -0.000000000000000000e+00 -0.000000000000000000e+00 -0.000000000000000000e+00 -0.000000000000000000e+00 -0.000000000000000000e+00 -0.000000000000000000e+00 -0.000000000000000000e+00 -0.000000000000000000e+00 -0.000000000000000000e+00 -0.000000000000000000e+00 -0.000000000000000000e+00 -0.000000000000000000e+00 -0.000000000000000000e+00 -0.000000000000000000e+00 -0.000000000000000000e+00 -0.000000000000000000e+00 -0.000000000000000000e+00 -0.000000000000000000e+00 -0.000000000000000000e+00 -0.000000000000000000e+00 -0.000000000000000000e+00 -0.000000000000000000e+00 -0.000000000000000000e+00 -0.000000000000000000e+00 -0.000000000000000000e+00 -0.000000000000000000e+00 -0.000000000000000000e+00 -0.000000000000000000e+00 -0.000000000000000000e+00 -0.000000000000000000e+00 -0.000000000000000000e+00 -0.000000000000000000e+00 -0.000000000000000000e+00 -0.000000000000000000e+00 -0.000000000000000000e+00 -0.000000000000000000e+00 -0.000000000000000000e+00 -0.000000000000000000e+00 -0.000000000000000000e+00 -0.000000000000000000e+00 -0.000000000000000000e+00 -0.000000000000000000e+00 -0.000000000000000000e+00 -0.000000000000000000e+00 -0.000000000000000000e+00 -0.000000000000000000e+00 -0.000000000000000000e+00 -0.000000000000000000e+00 -0.000000000000000000e+00 -0.000000000000000000e+00 -0.000000000000000000e+00 -0.000000000000000000e+00 -0.000000000000000000e+00 -0.000000000000000000e+00 -0.000000000000000000e+00 -0.000000000000000000e+00 -0.000000000000000000e+00 -0.000000000000000000e+00 -0.000000000000000000e+00 -0.000000000000000000e+00 -0.000000000000000000e+00 -0.000000000000000000e+00 -0.000000000000000000e+00 -0.000000000000000000e+00 -0.000000000000000000e+00 -0.000000000000000000e+00 -0.000000000000000000e+00 -0.000000000000000000e+00 -0.000000000000000000e+00 -0.000000000000000000e+00 -0.000000000000000000e+00 1.067949726427881462e-19 1.067949726427881462e-19 1.067949726427881462e-19 1.067949726427881462e-19 1.067949726427881462e-19 1.067949726427881462e-19 1.067949726427881462e-19 1.067949726427881462e-19 1.067949726427881462e-19 1.067949726427881462e-19 1.296037953743788400e-19 1.296037953743788400e-19 1.296037953743788400e-19 1.456899792168870103e-19 1.456899792168870103e-19 1.456899792168870103e-19 1.456899792168870103e-19 1.456899792168870103e-19 1.456899792168870825e-19 1.456910148376150097e-19 1.816563521274608889e-19 1.816563521274608889e-19 1.816563521274808464e-19 2.136182624001802694e-19 2.136182624001802694e-19 2.136182624001802694e-19 2.136182624001802694e-19 2.174450793574847284e-19 2.174450647252378018e-19 2.174450647252378018e-19 2.174450647252378018e-19 2.174425487158077408e-19 2.174425487158077408e-19 2.174425487158077408e-19 2.174425487158077408e-19 2.174425487158077408e-19 2.213696211060771577e-19 2.254444770311844745e-19 2.254444770311844745e-19 2.254444770311844745e-19 2.231580976672293597e-19 2.231580976672319115e-19 2.589500045668017029e-19 2.589500045668017029e-19 2.589500045668017029e-19 2.756714907391369283e-19 2.765562994550559363e-19 2.765562994550559363e-19 2.765562994550559363e-19
-0.000000000000000000e+00 -0.000000000000000000e+00 -0.000000000000000000e+00 -0.000000000000000000e+00 -0.000000000000000000e+00 -0.000000000000000000e+00 -0.000000000000000000e+00 -0.000000000000000000e+00 -0.000000000000000000e+00 -0.000000000000000000e+00 -0.000000000000000000e+00 -0.000000000000000000e+00 -0.000000000000000000e+00 -0.000000000000000000e+00 -0.000000000000000000e+00 -0.000000000000000000e+00 -0.000000000000000000e+00 -0.000000000000000000e+00 -0.000000000000000000e+00 -0.000000000000000000e+00 -0.000000000000000000e+00 -0.000000000000000000e+00 -0.000000000000000000e+00 -0.000000000000000000e+00 -0.000000000000000000e+00 -0.000000000000000000e+00 -0.000000000000000000e+00 -0.000000000000000000e+00 -0.000000000000000000e+00 -0.000000000000000000e+00 -0.000000000000000000e+00 -0.000000000000000000e+00 -0.000000000000000000e+00 -0.000000000000000000e+00 -0.000000000000000000e+00 -0.000000000000000000e+00 -0.000000000000000000e+00 -0.000000000000000000e+00 -0.000000000000000000e+00 -0.000000000000000000e+00 -0.000000000000000000e+00 -0.000000000000000000e+00 -0.000000000000000000e+00 -0.000000000000000000e+00 -0.000000000000000000e+00 -0.000000000000000000e+00 -0.000000000000000000e+00 -0.000000000000000000e+00 -0.000000000000000000e+00 -0.000000000000000000e+00 -0.000000000000000000e+00 -0.000000000000000000e+00 -0.000000000000000000e+00 -0.000000000000000000e+00 -0.000000000000000000e+00 -0.000000000000000000e+00 -0.000000000000000000e+00 -0.000000000000000000e+00 -0.000000000000000000e+00 -0.000000000000000000e+00 -0.000000000000000000e+00 -0.000000000000000000e+00 -0.000000000000000000e+00 -0.000000000000000000e+00 -0.000000000000000000e+00 -0.000000000000000000e+00 -0.000000000000000000e+00 -0.000000000000000000e+00 -0.000000000000000000e+00 -0.000000000000000000e+00 -0.000000000000000000e+00 -0.000000000000000000e+00 -0.000000000000000000e+00 -0.000000000000000000e+00 -0.000000000000000000e+00 -0.000000000000000000e+00 -0.000000000000000000e+00 -0.000000000000000000e+00 -0.000000000000000000e+00 -0.000000000000000000e+00 -0.000000000000000000e+00 -0.000000000000000000e+00 -0.000000000000000000e+00 -0.000000000000000000e+00 -0.000000000000000000e+00 -0.000000000000000000e+00 -0.000000000000000000e+00 -0.000000000000000000e+00 -0.000000000000000000e+00 -0.000000000000000000e+00 -0.000000000000000000e+00 -0.000000000000000000e+00 -0.000000000000000000e+00 -0.000000000000000000e+00 -0.000000000000000000e+00 -0.000000000000000000e+00 -0.000000000000000000e+00 -0.000000000000000000e+00 -0.000000000000000000e+00 -0.000000000000000000e+00 -0.000000000000000000e+00 -0.000000000000000000e+00 1.067949726427881462e-19 1.067949726427881462e-19 1.067949726427881462e-19 1.067949726427881462e-19 1.067949726427881462e-19 1.067949726427881462e-19 1.067949726427881462e-19 1.067949726427881462e-19 1.067949726427881462e-19 1.069676780032708442e-19 1.296037953743788400e-19 1.296037953743788400e-19 1.296037953743938381e-19 1.456899792168870103e-19 1.456899792168870103e-19 1.456899792168870103e-19 1.456899792168870103e-19 1.456899792168870103e-19 1.456899792168870825e-19 1.816563521245826829e-19 1.816563521274608889e-19 1.816563521274608889e-19 2.135010182848952454e-19 2.136182624001802694e-19 2.136182624001802694e-19 2.136182624001802694e-19 2.136182624001802694e-19 2.174450647252378018e-19 2.174450647252378018e-19 2.174450647252378018e-19 2.174450647252376092e-19 2.174425487158077408e-19 2.174425487158077408e-19 2.174425487158077408e-19 2.174425487158077408e-19 2.174425487158077408e-19 2.214126699309909982e-19 2.254444770311844745e-19 2.254444770311844745e-19 2.254444770311844745e-19 2.231580976672293597e-19 2.577300211704319148e-19 2.589500045668017029e-19 2.589500045668017029e-19 2.589500092677585559e-19 2.756714907391369283e-19 2.765562994550559363e-19 2.765562994550559363e-19
